component	address	name	size
client-main-current	58731000	FUN_58731000	547
client-main-current	58731230	FUN_58731230	157
client-main-current	587312d0	FUN_587312d0	546
client-main-current	58731500	FUN_58731500	59
client-main-current	58731540	FUN_58731540	70
client-main-current	58731590	FUN_58731590	42
client-main-current	587315c0	FUN_587315c0	34
client-main-current	587315f0	FUN_587315f0	34
client-main-current	58731620	FUN_58731620	37
client-main-current	58731650	FUN_58731650	38
client-main-current	58731680	FUN_58731680	27
client-main-current	587316a0	FUN_587316a0	27
client-main-current	587316c0	FUN_587316c0	54
client-main-current	58731700	FUN_58731700	98
client-main-current	58731770	FUN_58731770	30
client-main-current	58731790	FUN_58731790	27
client-main-current	587317b0	FUN_587317b0	37
client-main-current	587317e0	FUN_587317e0	39
client-main-current	58731810	FUN_58731810	37
client-main-current	58731840	FUN_58731840	27
client-main-current	58731860	FUN_58731860	423
client-main-current	58731a10	FUN_58731a10	86
client-main-current	58731a70	FUN_58731a70	205
client-main-current	58731b60	FUN_58731b60	111
client-main-current	58731bd0	FUN_58731bd0	140
client-main-current	58731c60	FUN_58731c60	95
client-main-current	58731cc0	FUN_58731cc0	27
client-main-current	58731ce0	FUN_58731ce0	66
client-main-current	58731d30	FUN_58731d30	1350
client-main-current	58732290	FUN_58732290	526
client-main-current	587324a0	FUN_587324a0	624
client-main-current	58732710	FUN_58732710	617
client-main-current	58732980	FUN_58732980	611
client-main-current	58732bf0	FUN_58732bf0	611
client-main-current	58732e60	FUN_58732e60	603
client-main-current	587330c0	FUN_587330c0	79
client-main-current	58733120	FUN_58733120	118
client-main-current	587331a0	FUN_587331a0	209
client-main-current	58733280	FUN_58733280	168
client-main-current	58733330	FUN_58733330	30
client-main-current	58733360	FUN_58733360	2827
client-main-current	58733e70	FUN_58733e70	1566
client-main-current	587344a0	FUN_587344a0	705
client-main-current	58734770	FUN_58734770	224
client-main-current	58734850	FUN_58734850	83
client-main-current	587348b0	FUN_587348b0	108
client-main-current	58734920	FUN_58734920	54
client-main-current	58734960	FUN_58734960	27
client-main-current	58734980	FUN_58734980	168
client-main-current	58734a30	FUN_58734a30	102
client-main-current	58734aa0	FUN_58734aa0	27
client-main-current	58734ac0	FUN_58734ac0	153
client-main-current	58734b60	FUN_58734b60	223
client-main-current	58734c50	FUN_58734c50	33
client-main-current	58734c80	FUN_58734c80	83
client-main-current	58734d00	FUN_58734d00	70
client-main-current	58734d50	FUN_58734d50	131
client-main-current	58734de0	FUN_58734de0	125
client-main-current	58734e5d	Catch_All@58734e5d	34
client-main-current	58734e85	FUN_58734e85	102
client-main-current	58734eee	Catch_All@58734eee	45
client-main-current	58734f20	FUN_58734f20	218
client-main-current	58735000	FUN_58735000	214
client-main-current	587350e0	FUN_587350e0	43
client-main-current	58735110	FUN_58735110	37
client-main-current	58735140	FUN_58735140	34
client-main-current	58735170	FUN_58735170	122
client-main-current	587351f0	FUN_587351f0	192
client-main-current	587352b0	FUN_587352b0	165
client-main-current	58735360	FUN_58735360	107
client-main-current	587353d0	FUN_587353d0	25
client-main-current	587353f0	FUN_587353f0	47
client-main-current	58735430	FUN_58735430	57
client-main-current	58735470	FUN_58735470	256
client-main-current	58735590	FUN_58735590	113
client-main-current	58735630	FUN_58735630	27
client-main-current	58735650	FUN_58735650	442
client-main-current	58735820	FUN_58735820	21
client-main-current	58735840	FUN_58735840	124
client-main-current	587358c0	FUN_587358c0	99
client-main-current	58735930	FUN_58735930	28
client-main-current	58735950	FUN_58735950	791
client-main-current	58735c70	FUN_58735c70	72
client-main-current	58735cc0	FUN_58735cc0	258
client-main-current	58735dd0	FUN_58735dd0	135
client-main-current	58735e60	FUN_58735e60	200
client-main-current	58735f30	FUN_58735f30	107
client-main-current	58735fa0	FUN_58735fa0	110
client-main-current	58736010	FUN_58736010	99
client-main-current	58736080	FUN_58736080	26
client-main-current	587360a0	FUN_587360a0	28
client-main-current	587360c0	FUN_587360c0	67
client-main-current	58736110	FUN_58736110	1489
client-main-current	587366f0	FUN_587366f0	193
client-main-current	587367c0	FUN_587367c0	603
client-main-current	58736a20	FUN_58736a20	1013
client-main-current	58736e20	FUN_58736e20	63
client-main-current	58736e60	FUN_58736e60	209
client-main-current	58736f40	FUN_58736f40	33
client-main-current	58736f70	FUN_58736f70	121
client-main-current	58736ff0	FUN_58736ff0	130
client-main-current	58737080	FUN_58737080	111
client-main-current	587370f0	FUN_587370f0	124
client-main-current	58737170	FUN_58737170	649
client-main-current	58737400	FUN_58737400	174
client-main-current	587374b0	FUN_587374b0	1602
client-main-current	58737b00	FUN_58737b00	837
client-main-current	58737e60	FUN_58737e60	2748
client-main-current	58738940	FUN_58738940	793
client-main-current	58738c60	FUN_58738c60	152
client-main-current	58738d00	FUN_58738d00	1459
client-main-current	587392d0	FUN_587392d0	1126
client-main-current	58739740	FUN_58739740	1408
client-main-current	58739cd0	FUN_58739cd0	231
client-main-current	58739dc0	FUN_58739dc0	1075
client-main-current	5873a200	FUN_5873a200	70
client-main-current	5873a250	FUN_5873a250	7
client-main-current	5873a260	FUN_5873a260	4
client-main-current	5873a270	FUN_5873a270	97
client-main-current	5873a2e0	FUN_5873a2e0	19
client-main-current	5873a300	FUN_5873a300	102
client-main-current	5873a370	FUN_5873a370	31
client-main-current	5873a390	FUN_5873a390	383
client-main-current	5873a540	FUN_5873a540	40
client-main-current	5873a570	FUN_5873a570	92
client-main-current	5873a5d0	FUN_5873a5d0	155
client-main-current	5873a670	FUN_5873a670	39
client-main-current	5873a6a0	FUN_5873a6a0	39
client-main-current	5873a6d0	FUN_5873a6d0	28
client-main-current	5873a6f0	FUN_5873a6f0	28
client-main-current	5873a710	FUN_5873a710	28
client-main-current	5873a730	FUN_5873a730	48
client-main-current	5873a760	FUN_5873a760	84
client-main-current	5873a7c0	FUN_5873a7c0	2176
client-main-current	5873b040	FUN_5873b040	22
client-main-current	5873b060	FUN_5873b060	749
client-main-current	5873b360	FUN_5873b360	69
client-main-current	5873b3b0	FUN_5873b3b0	398
client-main-current	5873b540	FUN_5873b540	342
client-main-current	5873b6a0	FUN_5873b6a0	678
client-main-current	5873b950	FUN_5873b950	223
client-main-current	5873ba30	FUN_5873ba30	359
client-main-current	5873bba0	FUN_5873bba0	233
client-main-current	5873bc90	FUN_5873bc90	81
client-main-current	5873bcf0	FUN_5873bcf0	104
client-main-current	5873bd60	FUN_5873bd60	147
client-main-current	5873be00	FUN_5873be00	147
client-main-current	5873bea0	FUN_5873bea0	147
client-main-current	5873bf40	FUN_5873bf40	77
client-main-current	5873bf90	FUN_5873bf90	835
client-main-current	5873c2e0	FUN_5873c2e0	385
client-main-current	5873c470	FUN_5873c470	36
client-main-current	5873c4a0	FUN_5873c4a0	752
client-main-current	5873c790	FUN_5873c790	909
client-main-current	5873cb20	FUN_5873cb20	392
client-main-current	5873ccb0	FUN_5873ccb0	542
client-main-current	5873cee0	FUN_5873cee0	2983
client-main-current	5873dae0	FUN_5873dae0	2551
client-main-current	5873e4e0	FUN_5873e4e0	2816
client-main-current	5873efe0	FUN_5873efe0	54
client-main-current	5873f020	FUN_5873f020	3571
client-main-current	5873fe20	FUN_5873fe20	91
client-main-current	5873fe80	FUN_5873fe80	6761
client-main-current	587418f0	FUN_587418f0	151
client-main-current	58741990	FUN_58741990	590
client-main-current	58741c00	FUN_58741c00	27
client-main-current	58741c20	FUN_58741c20	2378
client-main-current	58742570	FUN_58742570	122
client-main-current	587425f0	FUN_587425f0	596
client-main-current	58742870	FUN_58742870	256
client-main-current	58742990	FUN_58742990	27
client-main-current	587429b0	FUN_587429b0	484
client-main-current	58742ba0	FUN_58742ba0	33
client-main-current	58742bd0	FUN_58742bd0	307
client-main-current	58742d10	FUN_58742d10	72
client-main-current	58742d60	FUN_58742d60	101
client-main-current	58742de0	FUN_58742de0	101
client-main-current	58742e50	FUN_58742e50	153
client-main-current	58742ef0	FUN_58742ef0	94
client-main-current	58742f50	FUN_58742f50	96
client-main-current	58742fb0	FUN_58742fb0	177
client-main-current	58743070	thunk_FUN_587474b0	5
client-main-current	58743080	FUN_58743080	3
client-main-current	58743090	FUN_58743090	8
client-main-current	587430a0	FUN_587430a0	18
client-main-current	587430c0	FUN_587430c0	27
client-main-current	587430e0	FUN_587430e0	82
client-main-current	58743140	FUN_58743140	28
client-main-current	58743160	FUN_58743160	67
client-main-current	587431b0	FUN_587431b0	426
client-main-current	58743360	FUN_58743360	146
client-main-current	58743400	FUN_58743400	215
client-main-current	587434e0	FUN_587434e0	228
client-main-current	587435d0	FUN_587435d0	162
client-main-current	58743680	FUN_58743680	41
client-main-current	587436b0	FUN_587436b0	99
client-main-current	58743720	FUN_58743720	82
client-main-current	58743780	FUN_58743780	78
client-main-current	587437d0	FUN_587437d0	137
client-main-current	58743860	FUN_58743860	152
client-main-current	58743900	FUN_58743900	87
client-main-current	58743960	FUN_58743960	104
client-main-current	587439d0	FUN_587439d0	42
client-main-current	58743a10	FUN_58743a10	55
client-main-current	58743a50	FUN_58743a50	55
client-main-current	58743a90	FUN_58743a90	87
client-main-current	58743af0	FUN_58743af0	138
client-main-current	58743b80	FUN_58743b80	25
client-main-current	58743ba0	FUN_58743ba0	65
client-main-current	58743bf0	FUN_58743bf0	129
client-main-current	58743c80	FUN_58743c80	511
client-main-current	58743e80	FUN_58743e80	655
client-main-current	58744170	FUN_58744170	238
client-main-current	58744260	FUN_58744260	215
client-main-current	58744340	FUN_58744340	219
client-main-current	58744420	FUN_58744420	462
client-main-current	587445f0	FUN_587445f0	188
client-main-current	587446b0	FUN_587446b0	82
client-main-current	58744730	FUN_58744730	5
client-main-current	58744740	FUN_58744740	304
client-main-current	58744870	FUN_58744870	761
client-main-current	58744bb0	FUN_58744bb0	361
client-main-current	58744d20	FUN_58744d20	624
client-main-current	58744fb0	FUN_58744fb0	181
client-main-current	58745070	FUN_58745070	802
client-main-current	587453a0	FUN_587453a0	4
client-main-current	587453b0	FUN_587453b0	46
client-main-current	587453e0	FUN_587453e0	150
client-main-current	58745480	FUN_58745480	86
client-main-current	587454e0	FUN_587454e0	194
client-main-current	587455b0	FUN_587455b0	563
client-main-current	587457f0	FUN_587457f0	76
client-main-current	58745840	FUN_58745840	262
client-main-current	58745970	FUN_58745970	1333
client-main-current	58745eb0	FUN_58745eb0	141
client-main-current	58745f40	FUN_58745f40	63
client-main-current	58745f80	FUN_58745f80	822
client-main-current	587462d0	FUN_587462d0	750
client-main-current	587465c0	FUN_587465c0	232
client-main-current	587466b0	FUN_587466b0	105
client-main-current	58746720	FUN_58746720	744
client-main-current	58746a10	FUN_58746a10	288
client-main-current	58746b70	FUN_58746b70	1016
client-main-current	58746f70	FUN_58746f70	575
client-main-current	587471b0	FUN_587471b0	188
client-main-current	58747270	FUN_58747270	71
client-main-current	587472c0	FUN_587472c0	93
client-main-current	58747320	FUN_58747320	186
client-main-current	587473e0	FUN_587473e0	41
client-main-current	58747410	FUN_58747410	41
client-main-current	58747440	FUN_58747440	108
client-main-current	587474b0	FUN_587474b0	55
client-main-current	587474f0	FUN_587474f0	126
client-main-current	58747570	FUN_58747570	109
client-main-current	587475e0	FUN_587475e0	112
client-main-current	58747650	FUN_58747650	147
client-main-current	587476f0	FUN_587476f0	87
client-main-current	58747750	FUN_58747750	68
client-main-current	587477a0	FUN_587477a0	66
client-main-current	587477f0	FUN_587477f0	394
client-main-current	58747980	FUN_58747980	78
client-main-current	587479d0	FUN_587479d0	462
client-main-current	58747ba0	FUN_58747ba0	162
client-main-current	58747c50	FUN_58747c50	273
client-main-current	58747d70	FUN_58747d70	567
client-main-current	58747fe0	FUN_58747fe0	28
client-main-current	58748000	FUN_58748000	27
client-main-current	58748020	FUN_58748020	116
client-main-current	587480a0	FUN_587480a0	99
client-main-current	58748110	FUN_58748110	110
client-main-current	58748180	FUN_58748180	38
client-main-current	587481b0	FUN_587481b0	50
client-main-current	587481f0	FUN_587481f0	122
client-main-current	58748270	FUN_58748270	143
client-main-current	58748300	FUN_58748300	684
client-main-current	587485f0	FUN_587485f0	87
client-main-current	58748650	FUN_58748650	73
client-main-current	587486b0	FUN_587486b0	215
client-main-current	58748790	FUN_58748790	43
client-main-current	587487c0	FUN_587487c0	751
client-main-current	58748ad0	FUN_58748ad0	82
client-main-current	58748b50	FUN_58748b50	5
client-main-current	58748b60	FUN_58748b60	94
client-main-current	58748bc0	FUN_58748bc0	19
client-main-current	58748be0	_AfxAygshellState	103
client-main-current	58748c50	FUN_58748c50	33
client-main-current	58748c80	FUN_58748c80	41
client-main-current	58748cb0	FUN_58748cb0	47
client-main-current	58748ce0	FUN_58748ce0	211
client-main-current	58748dc0	FUN_58748dc0	118
client-main-current	58748e40	FUN_58748e40	230
client-main-current	58748f30	FUN_58748f30	27
client-main-current	58748f50	FUN_58748f50	1398
client-main-current	587494d0	FUN_587494d0	780
client-main-current	58749800	FUN_58749800	255
client-main-current	58749900	FUN_58749900	48
client-main-current	58749930	FUN_58749930	41
client-main-current	58749960	FUN_58749960	204
client-main-current	58749a30	FUN_58749a30	52
client-main-current	58749a70	FUN_58749a70	73
client-main-current	58749ac0	FUN_58749ac0	41
client-main-current	58749af0	FUN_58749af0	33
client-main-current	58749b20	FUN_58749b20	324
client-main-current	58749c70	FUN_58749c70	731
client-main-current	58749f50	FUN_58749f50	40
client-main-current	58749f80	FUN_58749f80	29
client-main-current	58749fa0	FUN_58749fa0	112
client-main-current	5874a010	FUN_5874a010	1466
client-main-current	5874a5d0	FUN_5874a5d0	374
client-main-current	5874a750	FUN_5874a750	128
client-main-current	5874a7d0	FUN_5874a7d0	17
client-main-current	5874a7f0	FUN_5874a7f0	27
client-main-current	5874a810	FUN_5874a810	3
client-main-current	5874a820	FUN_5874a820	27
client-main-current	5874a840	FUN_5874a840	368
client-main-current	5874a9b0	FUN_5874a9b0	190
client-main-current	5874aa70	FUN_5874aa70	98
client-main-current	5874aae0	FUN_5874aae0	157
client-main-current	5874ab80	FUN_5874ab80	146
client-main-current	5874ac20	FUN_5874ac20	422
client-main-current	5874add0	FUN_5874add0	80
client-main-current	5874ae20	FUN_5874ae20	615
client-main-current	5874b090	FUN_5874b090	70
client-main-current	5874b0e0	FUN_5874b0e0	62
client-main-current	5874b120	FUN_5874b120	118
client-main-current	5874b1a0	FUN_5874b1a0	1016
client-main-current	5874b5a0	FUN_5874b5a0	365
client-main-current	5874b710	FUN_5874b710	159
client-main-current	5874b7b0	FUN_5874b7b0	86
client-main-current	5874b810	FUN_5874b810	264
client-main-current	5874b920	FUN_5874b920	120
client-main-current	5874b9a0	FUN_5874b9a0	150
client-main-current	5874ba60	FUN_5874ba60	92
client-main-current	5874bac0	FUN_5874bac0	203
client-main-current	5874bba0	FUN_5874bba0	333
client-main-current	5874bcf0	FUN_5874bcf0	2505
client-main-current	5874c6c0	FUN_5874c6c0	57
client-main-current	5874c700	FUN_5874c700	33
client-main-current	5874c730	FUN_5874c730	270
client-main-current	5874c840	FUN_5874c840	109
client-main-current	5874c8b0	FUN_5874c8b0	57
client-main-current	5874c8f0	FUN_5874c8f0	17
client-main-current	5874c910	FUN_5874c910	33
client-main-current	5874c940	FUN_5874c940	287
client-main-current	5874ca60	FUN_5874ca60	235
client-main-current	5874cb50	FUN_5874cb50	33
client-main-current	5874cb80	FUN_5874cb80	407
client-main-current	5874cd20	FUN_5874cd20	280
client-main-current	5874ce40	FUN_5874ce40	57
client-main-current	5874ce80	FUN_5874ce80	33
client-main-current	5874ceb0	FUN_5874ceb0	270
client-main-current	5874cfc0	FUN_5874cfc0	945
client-main-current	5874d380	FUN_5874d380	57
client-main-current	5874d3c0	FUN_5874d3c0	33
client-main-current	5874d3f0	FUN_5874d3f0	270
client-main-current	5874d500	FUN_5874d500	93
client-main-current	5874d560	FUN_5874d560	57
client-main-current	5874d5a0	FUN_5874d5a0	47
client-main-current	5874d5d0	FUN_5874d5d0	33
client-main-current	5874d600	FUN_5874d600	276
client-main-current	5874d720	FUN_5874d720	57
client-main-current	5874d760	FUN_5874d760	33
client-main-current	5874d790	FUN_5874d790	284
client-main-current	5874d8b0	FUN_5874d8b0	57
client-main-current	5874d8f0	FUN_5874d8f0	33
client-main-current	5874d920	FUN_5874d920	142
client-main-current	5874d9b0	FUN_5874d9b0	27
client-main-current	5874d9d0	FUN_5874d9d0	523
client-main-current	5874dbe0	FUN_5874dbe0	55
client-main-current	5874dc20	FUN_5874dc20	84
client-main-current	5874dc80	FUN_5874dc80	269
client-main-current	5874dd90	FUN_5874dd90	57
client-main-current	5874ddd0	FUN_5874ddd0	1
client-main-current	5874dde0	FUN_5874dde0	33
client-main-current	5874de10	FUN_5874de10	57
client-main-current	5874de50	FUN_5874de50	33
client-main-current	5874de80	FUN_5874de80	287
client-main-current	5874dfa0	FUN_5874dfa0	231
client-main-current	5874e0a0	FUN_5874e0a0	57
client-main-current	5874e0e0	FUN_5874e0e0	33
client-main-current	5874e110	FUN_5874e110	270
client-main-current	5874e220	FUN_5874e220	108
client-main-current	5874e290	FUN_5874e290	114
client-main-current	5874e310	FUN_5874e310	77
client-main-current	5874e360	FUN_5874e360	27
client-main-current	5874e380	FUN_5874e380	410
client-main-current	5874e520	FUN_5874e520	208
client-main-current	5874e5f0	FUN_5874e5f0	142
client-main-current	5874e680	FUN_5874e680	27
client-main-current	5874e6a0	FUN_5874e6a0	547
client-main-current	5874e8e0	FUN_5874e8e0	574
client-main-current	5874eb40	FUN_5874eb40	248
client-main-current	5874ec40	FUN_5874ec40	57
client-main-current	5874ec80	FUN_5874ec80	3
client-main-current	5874ec90	FUN_5874ec90	33
client-main-current	5874ecc0	FUN_5874ecc0	270
client-main-current	5874edd0	FUN_5874edd0	114
client-main-current	5874ee50	FUN_5874ee50	57
client-main-current	5874ee90	FUN_5874ee90	33
client-main-current	5874eec0	FUN_5874eec0	287
client-main-current	5874efe0	FUN_5874efe0	57
client-main-current	5874f020	FUN_5874f020	33
client-main-current	5874f050	FUN_5874f050	270
client-main-current	5874f160	FUN_5874f160	78
client-main-current	5874f1b0	FUN_5874f1b0	62
client-main-current	5874f1f0	FUN_5874f1f0	1669
client-main-current	5874f8c0	FUN_5874f8c0	163
client-main-current	5874f970	FUN_5874f970	28
client-main-current	5874f990	FUN_5874f990	130
client-main-current	5874fa20	FUN_5874fa20	28
client-main-current	5874fa40	FUN_5874fa40	30
client-main-current	5874fa60	FUN_5874fa60	364
client-main-current	5874fbd0	FUN_5874fbd0	235
client-main-current	5874fcc0	FUN_5874fcc0	15
client-main-current	5874fcd0	FUN_5874fcd0	253
client-main-current	5874fdd0	FUN_5874fdd0	281
client-main-current	5874fef0	FUN_5874fef0	281
client-main-current	58750010	FUN_58750010	398
client-main-current	587501a0	FUN_587501a0	60
client-main-current	587501e0	FUN_587501e0	281
client-main-current	58750300	FUN_58750300	130
client-main-current	58750390	FUN_58750390	17
client-main-current	587503b0	FUN_587503b0	27
client-main-current	587503d0	FUN_587503d0	2818
client-main-current	58750ee0	FUN_58750ee0	76
client-main-current	58750f30	FUN_58750f30	133
client-main-current	58750fc0	FUN_58750fc0	335
client-main-current	58751110	FUN_58751110	154
client-main-current	587511c0	FUN_587511c0	27
client-main-current	587511e0	FUN_587511e0	2093
client-main-current	58751a10	FUN_58751a10	68
client-main-current	58751a60	FUN_58751a60	387
client-main-current	58751bf0	FUN_58751bf0	655
client-main-current	58751e80	FUN_58751e80	372
client-main-current	58752000	FUN_58752000	416
client-main-current	587521a0	FUN_587521a0	232
client-main-current	58752290	FUN_58752290	87
client-main-current	587522f0	FUN_587522f0	69
client-main-current	58752340	FUN_58752340	206
client-main-current	58752410	FUN_58752410	161
client-main-current	587524c0	FUN_587524c0	93
client-main-current	58752520	FUN_58752520	40
client-main-current	58752550	FUN_58752550	149
client-main-current	587525f0	FUN_587525f0	55
client-main-current	58752660	FUN_58752660	27
client-main-current	58752680	FUN_58752680	199
client-main-current	58752760	FUN_58752760	205
client-main-current	58752830	FUN_58752830	160
client-main-current	587528e0	FUN_587528e0	220
client-main-current	587529c0	FUN_587529c0	125
client-main-current	58752a40	FUN_58752a40	521
client-main-current	58752c50	FUN_58752c50	871
client-main-current	58752fc0	FUN_58752fc0	495
client-main-current	587531b0	FUN_587531b0	355
client-main-current	58753320	FUN_58753320	51
client-main-current	58753360	FUN_58753360	92
client-main-current	587533c0	FUN_587533c0	91
client-main-current	58753420	FUN_58753420	76
client-main-current	58753470	FUN_58753470	88
client-main-current	587534d0	FUN_587534d0	92
client-main-current	58753530	FUN_58753530	41
client-main-current	58753560	FUN_58753560	43
client-main-current	58753590	FUN_58753590	48
client-main-current	587535c0	FUN_587535c0	53
client-main-current	58753600	FUN_58753600	43
client-main-current	58753630	FUN_58753630	43
client-main-current	58753660	FUN_58753660	46
client-main-current	58753690	FUN_58753690	48
client-main-current	587536c0	FUN_587536c0	45
client-main-current	58753700	FUN_58753700	57
client-main-current	58753740	FUN_58753740	61
client-main-current	58753780	FUN_58753780	43
client-main-current	587537e0	FUN_587537e0	198
client-main-current	587538b0	FUN_587538b0	198
client-main-current	58753980	FUN_58753980	198
client-main-current	58753a50	FUN_58753a50	198
client-main-current	58753b20	FUN_58753b20	201
client-main-current	58753bf0	FUN_58753bf0	197
client-main-current	58753cc0	FUN_58753cc0	176
client-main-current	58753d70	FUN_58753d70	100
client-main-current	58753de0	FUN_58753de0	44
client-main-current	58753e10	FUN_58753e10	44
client-main-current	58753e40	FUN_58753e40	27
client-main-current	58753e60	FUN_58753e60	19
client-main-current	58753e80	FUN_58753e80	19
client-main-current	58753ea0	FUN_58753ea0	19
client-main-current	58753ec0	FUN_58753ec0	19
client-main-current	58753ee0	FUN_58753ee0	416
client-main-current	58754080	FUN_58754080	19
client-main-current	587540a0	FUN_587540a0	19
client-main-current	587540c0	FUN_587540c0	637
client-main-current	5875424f	Catch_All@5875424f	9
client-main-current	58754360	FUN_58754360	693
client-main-current	58754519	Catch_All@58754519	12
client-main-current	58754630	FUN_58754630	19
client-main-current	58754650	FUN_58754650	257
client-main-current	58754754	Catch_All@58754754	9
client-main-current	58754770	FUN_58754770	261
client-main-current	58754878	Catch_All@58754878	9
client-main-current	58754890	FUN_58754890	203
client-main-current	58754960	FUN_58754960	205
client-main-current	58754a30	FUN_58754a30	158
client-main-current	58754ad0	FUN_58754ad0	161
client-main-current	58754b80	FUN_58754b80	128
client-main-current	58754c00	FUN_58754c00	206
client-main-current	58754cd0	FUN_58754cd0	62
client-main-current	58754d10	FUN_58754d10	65
client-main-current	58754d60	FUN_58754d60	275
client-main-current	58754e80	FUN_58754e80	462
client-main-current	58755050	FUN_58755050	17
client-main-current	58755070	FUN_58755070	253
client-main-current	58755170	FUN_58755170	932
client-main-current	58755520	FUN_58755520	143
client-main-current	587555c0	FUN_587555c0	1735
client-main-current	58755ca0	FUN_58755ca0	28
client-main-current	58755cc0	FUN_58755cc0	39
client-main-current	58755cf0	FUN_58755cf0	738
client-main-current	58755ff0	FUN_58755ff0	46
client-main-current	58756020	FUN_58756020	215
client-main-current	58756100	FUN_58756100	129
client-main-current	58756190	FUN_58756190	18
client-main-current	587561b0	FUN_587561b0	28
client-main-current	587561d0	FUN_587561d0	27
client-main-current	587561f0	FUN_587561f0	185
client-main-current	587562b0	FUN_587562b0	246
client-main-current	587563b0	FUN_587563b0	425
client-main-current	58756560	FUN_58756560	133
client-main-current	587565f0	FUN_587565f0	113
client-main-current	58756670	FUN_58756670	216
client-main-current	58756750	FUN_58756750	579
client-main-current	587569a0	FUN_587569a0	175
client-main-current	58756a50	FUN_58756a50	114
client-main-current	58756ad0	FUN_58756ad0	67
client-main-current	58756b20	FUN_58756b20	27
client-main-current	58756b40	FUN_58756b40	114
client-main-current	58756bc0	FUN_58756bc0	230
client-main-current	58756cb0	FUN_58756cb0	57
client-main-current	58756cf0	FUN_58756cf0	25
client-main-current	58756d10	FUN_58756d10	416
client-main-current	58756eb0	FUN_58756eb0	206
client-main-current	58756f80	FUN_58756f80	4528
client-main-current	58758130	FUN_58758130	27
client-main-current	58758150	FUN_58758150	239
client-main-current	58758240	FUN_58758240	212
client-main-current	58758320	FUN_58758320	59
client-main-current	58758360	FUN_58758360	123
client-main-current	587583e0	FUN_587583e0	889
client-main-current	58758760	FUN_58758760	255
client-main-current	58758870	FUN_58758870	1632
client-main-current	58758ee0	FUN_58758ee0	439
client-main-current	587590a0	FUN_587590a0	536
client-main-current	587592c0	FUN_587592c0	3019
client-main-current	58759e90	FUN_58759e90	18
client-main-current	58759eb0	FUN_58759eb0	17
client-main-current	58759ed0	FUN_58759ed0	77
client-main-current	58759f20	FUN_58759f20	55
client-main-current	58759f60	FUN_58759f60	74
client-main-current	58759fb0	FUN_58759fb0	55
client-main-current	5875a000	FUN_5875a000	254
client-main-current	5875a100	FUN_5875a100	18
client-main-current	5875a120	FUN_5875a120	19
client-main-current	5875a140	FUN_5875a140	72
client-main-current	5875a190	FUN_5875a190	27
client-main-current	5875a1b0	FUN_5875a1b0	27
client-main-current	5875a1d0	FUN_5875a1d0	113
client-main-current	5875a250	FUN_5875a250	234
client-main-current	5875a340	FUN_5875a340	252
client-main-current	5875a440	FUN_5875a440	107
client-main-current	5875a4b0	FUN_5875a4b0	806
client-main-current	5875a7e0	FUN_5875a7e0	1077
client-main-current	5875ac20	FUN_5875ac20	33
client-main-current	5875ac50	FUN_5875ac50	113
client-main-current	5875acd0	FUN_5875acd0	92
client-main-current	5875ad30	FUN_5875ad30	114
client-main-current	5875adb0	FUN_5875adb0	366
client-main-current	5875af20	FUN_5875af20	27
client-main-current	5875af40	FUN_5875af40	192
client-main-current	5875b000	FUN_5875b000	140
client-main-current	5875b090	FUN_5875b090	820
client-main-current	5875b3d0	FUN_5875b3d0	28
client-main-current	5875b3f0	FUN_5875b3f0	436
client-main-current	5875b5c0	FUN_5875b5c0	398
client-main-current	5875b770	FUN_5875b770	757
client-main-current	5875ba80	FUN_5875ba80	89
client-main-current	5875bae0	FUN_5875bae0	35
client-main-current	5875bb10	FUN_5875bb10	92
client-main-current	5875bb70	FUN_5875bb70	27
client-main-current	5875bb90	FUN_5875bb90	47
client-main-current	5875bbc0	FUN_5875bbc0	181
client-main-current	5875bc80	FUN_5875bc80	214
client-main-current	5875bd60	FUN_5875bd60	250
client-main-current	5875be60	FUN_5875be60	915
client-main-current	5875c200	FUN_5875c200	98
client-main-current	5875c280	FUN_5875c280	223
client-main-current	5875c360	FUN_5875c360	1680
client-main-current	5875ca00	FUN_5875ca00	27
client-main-current	5875ca20	FUN_5875ca20	187
client-main-current	5875cae0	FUN_5875cae0	161
client-main-current	5875cb90	FUN_5875cb90	27
client-main-current	5875cbb0	FUN_5875cbb0	27
client-main-current	5875cbd0	FUN_5875cbd0	215
client-main-current	5875ccb0	FUN_5875ccb0	92
client-main-current	5875cd10	FUN_5875cd10	30
client-main-current	5875cd30	FUN_5875cd30	100
client-main-current	5875cda0	FUN_5875cda0	84
client-main-current	5875ce00	FUN_5875ce00	251
client-main-current	5875cf00	FUN_5875cf00	1184
client-main-current	5875d3a0	FUN_5875d3a0	138
client-main-current	5875d430	FUN_5875d430	131
client-main-current	5875d4c0	FUN_5875d4c0	256
client-main-current	5875d5c0	FUN_5875d5c0	226
client-main-current	5875d6b0	FUN_5875d6b0	260
client-main-current	5875d7c0	FUN_5875d7c0	66
client-main-current	5875d810	FUN_5875d810	114
client-main-current	5875d890	FUN_5875d890	35
client-main-current	5875d8c0	FUN_5875d8c0	19
client-main-current	5875d8e0	FUN_5875d8e0	27
client-main-current	5875d900	FUN_5875d900	490
client-main-current	5875daf0	FUN_5875daf0	560
client-main-current	5875dd20	FUN_5875dd20	114
client-main-current	5875dda0	FUN_5875dda0	313
client-main-current	5875dee0	FUN_5875dee0	57
client-main-current	5875df20	FUN_5875df20	33
client-main-current	5875df50	FUN_5875df50	91
client-main-current	5875dfb0	FUN_5875dfb0	133
client-main-current	5875e040	FUN_5875e040	588
client-main-current	5875e290	FUN_5875e290	87
client-main-current	5875e2f0	FUN_5875e2f0	49
client-main-current	5875e330	FUN_5875e330	33
client-main-current	5875e360	FUN_5875e360	204
client-main-current	5875e430	FUN_5875e430	545
client-main-current	5875e660	FUN_5875e660	108
client-main-current	5875e6d0	FUN_5875e6d0	27
client-main-current	5875e6f0	FUN_5875e6f0	553
client-main-current	5875e920	FUN_5875e920	283
client-main-current	5875ea40	FUN_5875ea40	33
client-main-current	5875ea70	FUN_5875ea70	491
client-main-current	5875ec60	FUN_5875ec60	38
client-main-current	5875ec90	FUN_5875ec90	382
client-main-current	5875ee10	FUN_5875ee10	9
client-main-current	5875ee20	FUN_5875ee20	4
client-main-current	5875ee30	FUN_5875ee30	19
client-main-current	5875ee50	FUN_5875ee50	84
client-main-current	5875eeb0	FUN_5875eeb0	140
client-main-current	5875ef40	FUN_5875ef40	33
client-main-current	5875ef70	FUN_5875ef70	125
client-main-current	5875eff0	FUN_5875eff0	220
client-main-current	5875f0d0	FUN_5875f0d0	13
client-main-current	5875f0e0	FUN_5875f0e0	103
client-main-current	5875f150	FUN_5875f150	133
client-main-current	5875f1e0	FUN_5875f1e0	291
client-main-current	5875f310	FUN_5875f310	6
client-main-current	5875f320	FUN_5875f320	23
client-main-current	5875f340	FUN_5875f340	27
client-main-current	5875f360	FUN_5875f360	179
client-main-current	5875f420	FUN_5875f420	129
client-main-current	5875f4b0	FUN_5875f4b0	66
client-main-current	5875f500	FUN_5875f500	34
client-main-current	5875f530	FUN_5875f530	33
client-main-current	5875f650	FUN_5875f650	54
client-main-current	5875f690	FUN_5875f690	28
client-main-current	5875f6b0	FUN_5875f6b0	253
client-main-current	5875f7c0	FUN_5875f7c0	65
client-main-current	5875f810	FUN_5875f810	211
client-main-current	5875f8f0	FUN_5875f8f0	65
client-main-current	5875f940	FUN_5875f940	41
client-main-current	5875f970	FUN_5875f970	57
client-main-current	5875f9b0	FUN_5875f9b0	27
client-main-current	5875f9d0	FUN_5875f9d0	1599
client-main-current	587600f0	FUN_587600f0	705
client-main-current	587603c0	FUN_587603c0	2909
client-main-current	58760f90	FUN_58760f90	250
client-main-current	58761090	FUN_58761090	780
client-main-current	587613c0	FUN_587613c0	1718
client-main-current	58761a90	FUN_58761a90	108
client-main-current	58761b00	FUN_58761b00	27
client-main-current	58761b20	FUN_58761b20	2788
client-main-current	58762610	FUN_58762610	28
client-main-current	58762630	FUN_58762630	97
client-main-current	587626a0	FUN_587626a0	17
client-main-current	587626c0	FUN_587626c0	267
client-main-current	587627d0	FUN_587627d0	239
client-main-current	587628c0	FUN_587628c0	284
client-main-current	587629e0	FUN_587629e0	24
client-main-current	58762a00	FUN_58762a00	27
client-main-current	58762a20	FUN_58762a20	60
client-main-current	58762a60	FUN_58762a60	245
client-main-current	58762b60	FUN_58762b60	186
client-main-current	58762c20	FUN_58762c20	172
client-main-current	58762cd0	FUN_58762cd0	93
client-main-current	58762d30	FUN_58762d30	2094
client-main-current	587635a0	FUN_587635a0	720
client-main-current	58763890	FUN_58763890	1757
client-main-current	58763f70	FUN_58763f70	1044
client-main-current	587644e0	FUN_587644e0	263
client-main-current	587645f0	FUN_587645f0	172
client-main-current	587646a0	FUN_587646a0	590
client-main-current	587648f0	FUN_587648f0	835
client-main-current	58764c50	FUN_58764c50	216
client-main-current	58764d30	FUN_58764d30	18901
client-main-current	5876a570	FUN_5876a570	4160
client-main-current	5876b7f0	FUN_5876b7f0	510
client-main-current	5876b9f0	FUN_5876b9f0	246
client-main-current	5876baf0	FUN_5876baf0	233
client-main-current	5876bbe0	FUN_5876bbe0	33
client-main-current	5876bc10	FUN_5876bc10	496
client-main-current	5876be10	FUN_5876be10	196
client-main-current	5876bee0	FUN_5876bee0	87
client-main-current	5876bf40	FUN_5876bf40	51
client-main-current	5876bf80	FUN_5876bf80	21
client-main-current	5876bfa0	FUN_5876bfa0	101
client-main-current	5876c010	FUN_5876c010	835
client-main-current	5876c360	FUN_5876c360	837
client-main-current	5876c6b0	FUN_5876c6b0	254
client-main-current	5876c7e0	FUN_5876c7e0	202
client-main-current	5876c8b0	FUN_5876c8b0	24
client-main-current	5876c8d0	FUN_5876c8d0	133
client-main-current	5876c960	FUN_5876c960	268
client-main-current	5876ca70	FUN_5876ca70	507
client-main-current	5876ccc0	FUN_5876ccc0	149
client-main-current	5876cd60	FUN_5876cd60	130
client-main-current	5876cdf0	FUN_5876cdf0	304
client-main-current	5876cf20	FUN_5876cf20	65
client-main-current	5876cf70	FUN_5876cf70	27
client-main-current	5876cf90	FUN_5876cf90	60
client-main-current	5876cfd0	FUN_5876cfd0	108
client-main-current	5876d040	FUN_5876d040	83
client-main-current	5876d0a0	FUN_5876d0a0	198
client-main-current	5876d170	FUN_5876d170	98
client-main-current	5876d1e0	FUN_5876d1e0	333
client-main-current	5876d330	FUN_5876d330	27
client-main-current	5876d350	FUN_5876d350	98
client-main-current	5876d3c0	FUN_5876d3c0	158
client-main-current	5876d460	FUN_5876d460	916
client-main-current	5876d800	FUN_5876d800	118
client-main-current	5876d880	FUN_5876d880	45
client-main-current	5876d8b0	FUN_5876d8b0	151
client-main-current	5876d950	FUN_5876d950	36
client-main-current	5876d980	FUN_5876d980	64
client-main-current	5876d9c0	FUN_5876d9c0	116
client-main-current	5876da40	FUN_5876da40	33
client-main-current	5876da70	FUN_5876da70	879
client-main-current	5876ddf0	FUN_5876ddf0	149
client-main-current	5876de90	FUN_5876de90	33
client-main-current	5876dec0	FUN_5876dec0	62
client-main-current	5876df00	FUN_5876df00	116
client-main-current	5876df80	FUN_5876df80	1140
client-main-current	5876e400	FUN_5876e400	33
client-main-current	5876e430	FUN_5876e430	134
client-main-current	5876e4c0	FUN_5876e4c0	61
client-main-current	5876e500	FUN_5876e500	11
client-main-current	5876e510	FUN_5876e510	164
client-main-current	5876e5c0	FUN_5876e5c0	33
client-main-current	5876e5f0	FUN_5876e5f0	644
client-main-current	5876e880	FUN_5876e880	11
client-main-current	5876e890	FUN_5876e890	152
client-main-current	5876e930	FUN_5876e930	33
client-main-current	5876e960	FUN_5876e960	629
client-main-current	5876ebe0	FUN_5876ebe0	225
client-main-current	5876ecd0	FUN_5876ecd0	136
client-main-current	5876ed60	FUN_5876ed60	27
client-main-current	5876ed80	FUN_5876ed80	137
client-main-current	5876ee10	FUN_5876ee10	126
client-main-current	5876ee90	FUN_5876ee90	213
client-main-current	5876ef70	FUN_5876ef70	659
client-main-current	5876f210	FUN_5876f210	583
client-main-current	5876f490	FUN_5876f490	194
client-main-current	5876f560	FUN_5876f560	177
client-main-current	5876f620	FUN_5876f620	1737
client-main-current	5876fd20	FUN_5876fd20	956
client-main-current	58770130	FUN_58770130	1015
client-main-current	58770530	FUN_58770530	322
client-main-current	58770680	FUN_58770680	98
client-main-current	587706f0	FUN_587706f0	267
client-main-current	58770800	FUN_58770800	220
client-main-current	587708e0	FUN_587708e0	66
client-main-current	58770930	FUN_58770930	212
client-main-current	58770a10	FUN_58770a10	112
client-main-current	58770a80	FUN_58770a80	57
client-main-current	58770ac0	FUN_58770ac0	27
client-main-current	58770ae0	FUN_58770ae0	174
client-main-current	58770b90	FUN_58770b90	133
client-main-current	58770c20	FUN_58770c20	290
client-main-current	58770d50	FUN_58770d50	1200
client-main-current	58771200	FUN_58771200	302
client-main-current	58771330	FUN_58771330	56
client-main-current	58771370	FUN_58771370	73
client-main-current	587713c0	FUN_587713c0	27
client-main-current	587713e0	FUN_587713e0	79
client-main-current	58771430	FUN_58771430	139
client-main-current	587714c0	FUN_587714c0	888
client-main-current	58771840	FUN_58771840	1646
client-main-current	58771eb0	FUN_58771eb0	9
client-main-current	58771ec0	FUN_58771ec0	23
client-main-current	58771ee0	FUN_58771ee0	13
client-main-current	58771ef0	FUN_58771ef0	89
client-main-current	58771f50	FUN_58771f50	12
client-main-current	58771f60	FUN_58771f60	12
client-main-current	58771f70	FUN_58771f70	275
client-main-current	58772090	FUN_58772090	79
client-main-current	587720e0	FUN_587720e0	51
client-main-current	58772120	FUN_58772120	51
client-main-current	58772160	FUN_58772160	164
client-main-current	58772210	FUN_58772210	153
client-main-current	587722b0	FUN_587722b0	192
client-main-current	58772370	thunk_FUN_58772160	5
client-main-current	58772380	FUN_58772380	229
client-main-current	58772470	FUN_58772470	91
client-main-current	587724d0	FUN_587724d0	91
client-main-current	58772530	FUN_58772530	80
client-main-current	58772580	FUN_58772580	84
client-main-current	587725e0	FUN_587725e0	92
client-main-current	58772640	FUN_58772640	94
client-main-current	587726a0	FUN_587726a0	119
client-main-current	58772720	FUN_58772720	130
client-main-current	587727b0	FUN_587727b0	239
client-main-current	587728a0	FUN_587728a0	43
client-main-current	587728d0	FUN_587728d0	43
client-main-current	58772900	FUN_58772900	53
client-main-current	58772940	FUN_58772940	53
client-main-current	58772980	FUN_58772980	312
client-main-current	58772ac0	FUN_58772ac0	69
client-main-current	58772b10	FUN_58772b10	43
client-main-current	58772b40	FUN_58772b40	43
client-main-current	58772b70	FUN_58772b70	48
client-main-current	58772ba0	FUN_58772ba0	48
client-main-current	58772bd0	FUN_58772bd0	214
client-main-current	58772cb0	FUN_58772cb0	61
client-main-current	58772cf0	FUN_58772cf0	61
client-main-current	58772d30	FUN_58772d30	141
client-main-current	58772dc0	FUN_58772dc0	141
client-main-current	58772e50	FUN_58772e50	44
client-main-current	58772e80	FUN_58772e80	44
client-main-current	58772eb0	FUN_58772eb0	335
client-main-current	58773090	FUN_58773090	695
client-main-current	5877323c	Catch_All@5877323c	9
client-main-current	58773360	FUN_58773360	711
client-main-current	58773515	Catch_All@58773515	9
client-main-current	58773640	FUN_58773640	27
client-main-current	58773660	FUN_58773660	205
client-main-current	58773730	FUN_58773730	209
client-main-current	58773810	FUN_58773810	187
client-main-current	587738d0	FUN_587738d0	119
client-main-current	58773950	FUN_58773950	161
client-main-current	58773a00	FUN_58773a00	168
client-main-current	58773ab0	FUN_58773ab0	1773
client-main-current	587741b0	FUN_587741b0	559
client-main-current	587743e0	FUN_587743e0	448
client-main-current	587745a0	FUN_587745a0	1246
client-main-current	58774a90	FUN_58774a90	300
client-main-current	58774bc0	FUN_58774bc0	113
client-main-current	58774c40	FUN_58774c40	74
client-main-current	58774c90	FUN_58774c90	189
client-main-current	58774d50	FUN_58774d50	90
client-main-current	58774db0	FUN_58774db0	253
client-main-current	58774eb0	FUN_58774eb0	41
client-main-current	58774ef0	FUN_58774ef0	441
client-main-current	587750b0	FUN_587750b0	515
client-main-current	587752d0	FUN_587752d0	526
client-main-current	587754e0	FUN_587754e0	520
client-main-current	587756f0	FUN_587756f0	647
client-main-current	58775980	FUN_58775980	656
client-main-current	58775c10	FUN_58775c10	555
client-main-current	58775e40	FUN_58775e40	528
client-main-current	58776050	FUN_58776050	1429
client-main-current	587765f0	FUN_587765f0	165
client-main-current	587766a0	FUN_587766a0	1122
client-main-current	58776b10	FUN_58776b10	1035
client-main-current	58776f20	FUN_58776f20	690
client-main-current	587771e0	FUN_587771e0	576
client-main-current	58777420	FUN_58777420	117
client-main-current	587774a0	FUN_587774a0	430
client-main-current	58777650	FUN_58777650	178
client-main-current	58777710	FUN_58777710	225
client-main-current	587777f4	Catch_All@587777f4	9
client-main-current	58777810	FUN_58777810	133
client-main-current	587778a0	FUN_587778a0	187
client-main-current	587779b0	FUN_587779b0	1035
client-main-current	58777dd0	FUN_58777dd0	27
client-main-current	58777df0	FUN_58777df0	312
client-main-current	58777f30	FUN_58777f30	405
client-main-current	587780d0	FUN_587780d0	91
client-main-current	58778130	FUN_58778130	159
client-main-current	587781d0	FUN_587781d0	464
client-main-current	587783b0	FUN_587783b0	1817
client-main-current	58778ad0	FUN_58778ad0	70
client-main-current	58778b20	FUN_58778b20	81
client-main-current	58778b80	FUN_58778b80	84
client-main-current	58778be0	FUN_58778be0	81
client-main-current	58778c40	FUN_58778c40	81
client-main-current	58778ca0	FUN_58778ca0	81
client-main-current	58778d00	FUN_58778d00	81
client-main-current	58778d60	FUN_58778d60	87
client-main-current	58778dc0	FUN_58778dc0	87
client-main-current	58778e20	FUN_58778e20	87
client-main-current	58778e80	FUN_58778e80	173
client-main-current	58778f30	FUN_58778f30	130
client-main-current	58778fc0	FUN_58778fc0	147
client-main-current	587793c0	FUN_587793c0	319
client-main-current	58779500	FUN_58779500	626
client-main-current	58779780	FUN_58779780	62
client-main-current	587797c0	FUN_587797c0	114
client-main-current	58779840	FUN_58779840	68
client-main-current	58779890	FUN_58779890	78
client-main-current	587798e0	FUN_587798e0	82
client-main-current	58779940	FUN_58779940	68
client-main-current	58779990	FUN_58779990	28
client-main-current	587799b0	FUN_587799b0	50
client-main-current	587799f0	FUN_587799f0	70
client-main-current	58779a40	FUN_58779a40	286
client-main-current	58779b80	FUN_58779b80	172
client-main-current	58779c30	FUN_58779c30	83
client-main-current	58779cb0	FUN_58779cb0	7
client-main-current	58779cc0	FUN_58779cc0	28
client-main-current	58779ce0	FUN_58779ce0	18
client-main-current	58779d10	FUN_58779d10	840
client-main-current	5877a060	FUN_5877a060	547
client-main-current	5877a290	FUN_5877a290	148
client-main-current	5877a330	FUN_5877a330	665
client-main-current	5877a5d0	FUN_5877a5d0	126
client-main-current	5877a650	FUN_5877a650	850
client-main-current	5877a9b0	FUN_5877a9b0	284
client-main-current	5877aad0	FUN_5877aad0	206
client-main-current	5877aba0	FUN_5877aba0	151
client-main-current	5877ac40	FUN_5877ac40	239
client-main-current	5877ad50	FUN_5877ad50	105
client-main-current	5877adc0	FUN_5877adc0	700
client-main-current	5877b080	FUN_5877b080	111
client-main-current	5877b0f0	FUN_5877b0f0	56
client-main-current	5877b130	FUN_5877b130	147
client-main-current	5877b1d0	FUN_5877b1d0	27
client-main-current	5877b1f0	FUN_5877b1f0	3104
client-main-current	5877be60	FUN_5877be60	1934
client-main-current	5877c620	FUN_5877c620	59
client-main-current	5877c660	FUN_5877c660	649
client-main-current	5877c8f0	FUN_5877c8f0	578
client-main-current	5877cb40	FUN_5877cb40	154
client-main-current	5877cbe0	FUN_5877cbe0	75
client-main-current	5877cc30	FUN_5877cc30	4348
client-main-current	5877dd30	FUN_5877dd30	136
client-main-current	5877ddc0	FUN_5877ddc0	33
client-main-current	5877ddf0	FUN_5877ddf0	128
client-main-current	5877de70	FUN_5877de70	101
client-main-current	5877dee0	FUN_5877dee0	37
client-main-current	5877df10	FUN_5877df10	147
client-main-current	5877dfb0	FUN_5877dfb0	108
client-main-current	5877e020	FUN_5877e020	27
client-main-current	5877e040	FUN_5877e040	316
client-main-current	5877e180	FUN_5877e180	343
client-main-current	5877e2e0	FUN_5877e2e0	50
client-main-current	5877e320	FUN_5877e320	33
client-main-current	5877e350	FUN_5877e350	108
client-main-current	5877e3c0	FUN_5877e3c0	123
client-main-current	5877e440	FUN_5877e440	140
client-main-current	5877e4d0	FUN_5877e4d0	108
client-main-current	5877e540	FUN_5877e540	8
client-main-current	5877e550	FUN_5877e550	27
client-main-current	5877e570	FUN_5877e570	77
client-main-current	5877e5c0	FUN_5877e5c0	372
client-main-current	5877e740	FUN_5877e740	39
client-main-current	5877e770	FUN_5877e770	38
client-main-current	5877e7a0	FUN_5877e7a0	82
client-main-current	5877e800	FUN_5877e800	243
client-main-current	5877e900	FUN_5877e900	16
client-main-current	5877e910	FUN_5877e910	50
client-main-current	5877e950	FUN_5877e950	33
client-main-current	5877e980	FUN_5877e980	273
client-main-current	5877eaa0	FUN_5877eaa0	54
client-main-current	5877eae0	FUN_5877eae0	173
client-main-current	5877eb90	FUN_5877eb90	27
client-main-current	5877ebb0	FUN_5877ebb0	29
client-main-current	5877ebd0	FUN_5877ebd0	35
client-main-current	5877ec00	FUN_5877ec00	47
client-main-current	5877ec30	FUN_5877ec30	47
client-main-current	5877ec60	FUN_5877ec60	27
client-main-current	5877ec80	FUN_5877ec80	3468
client-main-current	5877faa0	FUN_5877faa0	435
client-main-current	5877fc60	FUN_5877fc60	441
client-main-current	5877fe20	FUN_5877fe20	248
client-main-current	5877ff20	FUN_5877ff20	27
client-main-current	5877ff40	FUN_5877ff40	92
client-main-current	5877ffa0	FUN_5877ffa0	890
client-main-current	58780330	FUN_58780330	771
client-main-current	58780640	FUN_58780640	605
client-main-current	587808a0	FUN_587808a0	7107
client-main-current	58782520	FUN_58782520	306
client-main-current	58782660	FUN_58782660	20
client-main-current	58782680	FUN_58782680	35
client-main-current	587826b0	FUN_587826b0	27
client-main-current	587826d0	FUN_587826d0	181
client-main-current	58782790	FUN_58782790	123
client-main-current	58782810	FUN_58782810	1234
client-main-current	58782cf0	FUN_58782cf0	3796
client-main-current	58783bd0	FUN_58783bd0	130
client-main-current	58783c60	FUN_58783c60	27
client-main-current	58783c80	FUN_58783c80	156
client-main-current	58783d20	FUN_58783d20	568
client-main-current	58783f60	FUN_58783f60	460
client-main-current	58784130	FUN_58784130	467
client-main-current	58784310	FUN_58784310	1019
client-main-current	58784710	FUN_58784710	177
client-main-current	587847d0	FUN_587847d0	783
client-main-current	58784af0	FUN_58784af0	27
client-main-current	58784b10	FUN_58784b10	1091
client-main-current	58784f60	FUN_58784f60	436
client-main-current	58785120	FUN_58785120	218
client-main-current	58785200	FUN_58785200	172
client-main-current	587852b0	FUN_587852b0	74
client-main-current	58785300	FUN_58785300	1422
client-main-current	587858a0	FUN_587858a0	1285
client-main-current	58785db0	FUN_58785db0	204
client-main-current	58785e80	FUN_58785e80	17
client-main-current	58785ea0	FUN_58785ea0	14
client-main-current	58785eb0	FUN_58785eb0	17
client-main-current	58785ed0	FUN_58785ed0	14
client-main-current	58785ee0	FUN_58785ee0	17
client-main-current	58785f00	FUN_58785f00	14
client-main-current	58785f10	FUN_58785f10	17
client-main-current	58785f30	FUN_58785f30	14
client-main-current	58785f40	FUN_58785f40	17
client-main-current	58785f60	FUN_58785f60	14
client-main-current	58785f70	FUN_58785f70	17
client-main-current	58785f90	FUN_58785f90	14
client-main-current	58785fa0	FUN_58785fa0	17
client-main-current	58785fc0	FUN_58785fc0	14
client-main-current	58785fd0	FUN_58785fd0	90
client-main-current	58786030	FUN_58786030	96
client-main-current	58786090	FUN_58786090	90
client-main-current	587860f0	FUN_587860f0	90
client-main-current	58786150	FUN_58786150	138
client-main-current	58786200	FUN_58786200	5
client-main-current	58786210	FUN_58786210	5
client-main-current	58786220	FUN_58786220	5
client-main-current	58786230	FUN_58786230	5
client-main-current	58786240	FUN_58786240	5
client-main-current	58786250	FUN_58786250	5
client-main-current	58786260	FUN_58786260	81
client-main-current	587862c0	FUN_587862c0	81
client-main-current	58786320	FUN_58786320	14
client-main-current	58786330	FUN_58786330	14
client-main-current	58786340	FUN_58786340	112
client-main-current	587863b0	FUN_587863b0	5
client-main-current	587863c0	FUN_587863c0	112
client-main-current	58786430	FUN_58786430	5
client-main-current	58786440	FUN_58786440	22
client-main-current	58786460	FUN_58786460	18
client-main-current	58786480	FUN_58786480	14
client-main-current	58786490	FUN_58786490	14
client-main-current	587864a0	FUN_587864a0	14
client-main-current	587864b0	FUN_587864b0	27
client-main-current	587864d0	FUN_587864d0	24
client-main-current	587864f0	FUN_587864f0	27
client-main-current	58786510	FUN_58786510	27
client-main-current	58786530	FUN_58786530	27
client-main-current	58786550	FUN_58786550	25
client-main-current	58786570	FUN_58786570	25
client-main-current	58786590	FUN_58786590	80
client-main-current	587865e0	FUN_587865e0	80
client-main-current	58786630	FUN_58786630	14
client-main-current	58786640	FUN_58786640	41
client-main-current	58786680	FUN_58786680	53
client-main-current	587866c0	FUN_587866c0	130
client-main-current	58786750	FUN_58786750	138
client-main-current	587867e0	FUN_587867e0	99
client-main-current	58786850	FUN_58786850	511
client-main-current	58786a50	FUN_58786a50	238
client-main-current	58786b40	FUN_58786b40	187
client-main-current	58786c00	FUN_58786c00	202
client-main-current	58786cd0	FUN_58786cd0	872
client-main-current	58787050	FUN_58787050	94
client-main-current	587870b0	FUN_587870b0	264
client-main-current	587871c0	FUN_587871c0	419
client-main-current	58787370	FUN_58787370	133
client-main-current	58787400	FUN_58787400	1893
client-main-current	58787b70	FUN_58787b70	1198
client-main-current	58788020	FUN_58788020	58
client-main-current	587880a0	FUN_587880a0	27
client-main-current	587880c0	FUN_587880c0	1353
client-main-current	58788620	FUN_58788620	340
client-main-current	58788780	FUN_58788780	255
client-main-current	58788880	FUN_58788880	1721
client-main-current	58788f40	FUN_58788f40	17
client-main-current	58788f60	FUN_58788f60	33
client-main-current	58788f90	FUN_58788f90	172
client-main-current	58789040	FUN_58789040	180
client-main-current	58789100	FUN_58789100	126
client-main-current	58789180	FUN_58789180	27
client-main-current	587891a0	FUN_587891a0	234
client-main-current	58789290	FUN_58789290	285
client-main-current	587893c0	FUN_587893c0	35
client-main-current	587893f0	FUN_587893f0	382
client-main-current	58789570	FUN_58789570	28
client-main-current	58789590	FUN_58789590	141
client-main-current	58789620	FUN_58789620	94
client-main-current	58789680	FUN_58789680	83
client-main-current	587896e0	FUN_587896e0	40
client-main-current	58789710	FUN_58789710	60
client-main-current	58789750	FUN_58789750	32
client-main-current	58789770	FUN_58789770	19
client-main-current	58789790	FUN_58789790	31
client-main-current	587897b0	FUN_587897b0	115
client-main-current	58789830	FUN_58789830	28
client-main-current	58789850	FUN_58789850	47
client-main-current	58789890	FUN_58789890	52
client-main-current	587898d0	FUN_587898d0	100
client-main-current	58789940	FUN_58789940	47
client-main-current	587899d0	FUN_587899d0	326
client-main-current	58789b40	FUN_58789b40	184
client-main-current	58789c30	FUN_58789c30	23
client-main-current	58789c50	FUN_58789c50	93
client-main-current	58789cb0	FUN_58789cb0	28
client-main-current	58789cd0	FUN_58789cd0	213
client-main-current	58789db0	FUN_58789db0	42
client-main-current	58789df0	FUN_58789df0	389
client-main-current	58789f80	FUN_58789f80	32
client-main-current	58789fb0	FUN_58789fb0	4
client-main-current	58789fc0	FUN_58789fc0	28
client-main-current	58789fe0	FUN_58789fe0	250
client-main-current	5878a0e0	FUN_5878a0e0	60
client-main-current	5878a120	FUN_5878a120	55
client-main-current	5878a160	FUN_5878a160	39
client-main-current	5878a190	FUN_5878a190	69
client-main-current	5878a1e0	thunk_FUN_5878a120	5
client-main-current	5878a1f0	FUN_5878a1f0	91
client-main-current	5878a280	FUN_5878a280	67
client-main-current	5878a2d0	FUN_5878a2d0	33
client-main-current	5878a300	FUN_5878a300	97
client-main-current	5878a370	FUN_5878a370	39
client-main-current	5878a3a0	FUN_5878a3a0	539
client-main-current	5878a5d0	FUN_5878a5d0	97
client-main-current	5878a640	FUN_5878a640	224
client-main-current	5878a730	FUN_5878a730	897
client-main-current	5878aac0	FUN_5878aac0	61
client-main-current	5878ab00	FUN_5878ab00	102
client-main-current	5878ab70	FUN_5878ab70	121
client-main-current	5878abf0	FUN_5878abf0	158
client-main-current	5878ac90	FUN_5878ac90	181
client-main-current	5878ad50	FUN_5878ad50	252
client-main-current	5878ae50	FUN_5878ae50	77
client-main-current	5878aea0	FUN_5878aea0	27
client-main-current	5878aec0	FUN_5878aec0	126
client-main-current	5878af40	FUN_5878af40	7492
client-main-current	5878cc90	FUN_5878cc90	208
client-main-current	5878cd60	FUN_5878cd60	302
client-main-current	5878ce90	FUN_5878ce90	513
client-main-current	5878d0a0	FUN_5878d0a0	59
client-main-current	5878d0e0	FUN_5878d0e0	462
client-main-current	5878d2c0	FUN_5878d2c0	365
client-main-current	5878d430	FUN_5878d430	85
client-main-current	5878d490	FUN_5878d490	53
client-main-current	5878d4d0	FUN_5878d4d0	191
client-main-current	5878d590	FUN_5878d590	84
client-main-current	5878d5f0	FUN_5878d5f0	96
client-main-current	5878d660	FUN_5878d660	103
client-main-current	5878d6d0	FUN_5878d6d0	3060
client-main-current	5878e2d0	FUN_5878e2d0	5707
client-main-current	5878f920	FUN_5878f920	111
client-main-current	5878f990	FUN_5878f990	2986
client-main-current	58790560	FUN_58790560	536
client-main-current	58790780	FUN_58790780	516
client-main-current	58790990	FUN_58790990	2321
client-main-current	587912b0	FUN_587912b0	39
client-main-current	587912e0	FUN_587912e0	631
client-main-current	58791590	FUN_58791590	2120
client-main-current	58791de0	FUN_58791de0	50
client-main-current	58791e20	FUN_58791e20	42
client-main-current	58791e50	FUN_58791e50	115
client-main-current	58791ed0	FUN_58791ed0	81
client-main-current	58791f30	FUN_58791f30	176
client-main-current	58791fa9	Catch_All@58791fa9	37
client-main-current	58791fe0	FUN_58791fe0	194
client-main-current	58792075	Catch_All@58792075	37
client-main-current	587920d0	FUN_587920d0	63
client-main-current	58792120	FUN_58792120	63
client-main-current	58792160	FUN_58792160	87
client-main-current	587921c0	FUN_587921c0	44
client-main-current	587921f0	FUN_587921f0	43
client-main-current	58792220	FUN_58792220	779
client-main-current	58792408	Catch_All@58792408	86
client-main-current	58792512	Catch_All@58792512	45
client-main-current	587925c0	FUN_587925c0	179
client-main-current	58792680	FUN_58792680	165
client-main-current	58792730	FUN_58792730	617
client-main-current	587929d0	FUN_587929d0	845
client-main-current	58792d20	FUN_58792d20	1037
client-main-current	58793180	FUN_58793180	1051
client-main-current	587936d0	FUN_587936d0	1591
client-main-current	58793d10	FUN_58793d10	130
client-main-current	58793da0	FUN_58793da0	84
client-main-current	58793e00	FUN_58793e00	16
client-main-current	58793e10	FUN_58793e10	10
client-main-current	58793e20	FUN_58793e20	100
client-main-current	58793e90	FUN_58793e90	100
client-main-current	58793f00	FUN_58793f00	27
client-main-current	58793f20	FUN_58793f20	208
client-main-current	58793ff0	FUN_58793ff0	87
client-main-current	58794050	FUN_58794050	114
client-main-current	587940d0	FUN_587940d0	50
client-main-current	58794110	FUN_58794110	57
client-main-current	58794150	FUN_58794150	69
client-main-current	587941a0	FUN_587941a0	17
client-main-current	587941c0	FUN_587941c0	30
client-main-current	587941e0	FUN_587941e0	84
client-main-current	58794240	FUN_58794240	116
client-main-current	587942c0	FUN_587942c0	125
client-main-current	58794340	FUN_58794340	81
client-main-current	587943a0	FUN_587943a0	267
client-main-current	587944b0	FUN_587944b0	259
client-main-current	587945c0	FUN_587945c0	56
client-main-current	58794600	FUN_58794600	356
client-main-current	58794770	FUN_58794770	412
client-main-current	58794910	FUN_58794910	207
client-main-current	587949e0	FUN_587949e0	182
client-main-current	58794aa0	FUN_58794aa0	33
client-main-current	58794ad0	FUN_58794ad0	436
client-main-current	58794c90	FUN_58794c90	202
client-main-current	58794d60	FUN_58794d60	712
client-main-current	58795030	FUN_58795030	158
client-main-current	587950d0	FUN_587950d0	441
client-main-current	58795290	FUN_58795290	1038
client-main-current	587956a0	FUN_587956a0	8
client-main-current	587956b0	InitCGCDLL	16
client-main-current	587956c0	CloseCGCDLL	3059
client-main-current	587962c0	AllocScreen	66
client-main-current	58796310	GetUserId	6
client-main-current	587969d0	FUN_587969d0	140
client-main-current	58796a60	FUN_58796a60	33
client-main-current	58796a90	FUN_58796a90	94
client-main-current	58796af0	FUN_58796af0	390
client-main-current	58796c80	FUN_58796c80	183
client-main-current	58796d40	FUN_58796d40	37
client-main-current	58796d70	FUN_58796d70	28
client-main-current	58796d90	FUN_58796d90	359
client-main-current	58796f00	FUN_58796f00	97
client-main-current	58796f70	FUN_58796f70	11
client-main-current	58796f80	FUN_58796f80	79
client-main-current	58796fd0	FUN_58796fd0	33
client-main-current	58797000	FUN_58797000	179
client-main-current	587970c0	FUN_587970c0	52
client-main-current	58797100	FUN_58797100	858
client-main-current	58797460	FUN_58797460	7
client-main-current	58797470	FUN_58797470	319
client-main-current	58797600	FUN_58797600	13
client-main-current	58797610	FUN_58797610	100
client-main-current	58797680	FUN_58797680	27
client-main-current	587976a0	FUN_587976a0	262
client-main-current	587977b0	FUN_587977b0	427
client-main-current	58797960	FUN_58797960	326
client-main-current	58797ab0	FUN_58797ab0	652
client-main-current	58797d40	FUN_58797d40	462
client-main-current	58797f10	FUN_58797f10	1234
client-main-current	587983f0	FUN_587983f0	270
client-main-current	58798500	FUN_58798500	233
client-main-current	587985f0	FUN_587985f0	58
client-main-current	58798630	FUN_58798630	166
client-main-current	587986e0	FUN_587986e0	194
client-main-current	587987b0	FUN_587987b0	40
client-main-current	587987e0	FUN_587987e0	111
client-main-current	58798850	FUN_58798850	1223
client-main-current	58798d60	FUN_58798d60	4336
client-main-current	58799eb0	FUN_58799eb0	5371
client-main-current	5879b3b0	FUN_5879b3b0	8189
client-main-current	5879d3f0	FUN_5879d3f0	91
client-main-current	5879d450	FUN_5879d450	39
client-main-current	5879d480	FUN_5879d480	105
client-main-current	5879d4f0	FUN_5879d4f0	46
client-main-current	5879d520	FUN_5879d520	39
client-main-current	5879d550	FUN_5879d550	211
client-main-current	5879d630	FUN_5879d630	1722
client-main-current	5879dcf0	FUN_5879dcf0	131
client-main-current	5879dd90	FUN_5879dd90	6702
client-main-current	5879f810	FUN_5879f810	585
client-main-current	5879fa60	FUN_5879fa60	1512
client-main-current	587a0090	FUN_587a0090	342
client-main-current	587a01f0	FUN_587a01f0	83
client-main-current	587a0250	FUN_587a0250	87
client-main-current	587a02b0	FUN_587a02b0	27
client-main-current	587a02d0	FUN_587a02d0	115
client-main-current	587a0350	FUN_587a0350	65
client-main-current	587a03a0	FUN_587a03a0	179
client-main-current	587a0460	FUN_587a0460	732
client-main-current	587a0740	FUN_587a0740	458
client-main-current	587a0910	FUN_587a0910	28
client-main-current	587a0930	FUN_587a0930	27
client-main-current	587a0950	FUN_587a0950	137
client-main-current	587a09e0	FUN_587a09e0	99
client-main-current	587a0a50	FUN_587a0a50	63
client-main-current	587a0a90	FUN_587a0a90	414
client-main-current	587a0c30	FUN_587a0c30	129
client-main-current	587a0cc0	FUN_587a0cc0	655
client-main-current	587a0f90	FUN_587a0f90	238
client-main-current	587a1080	FUN_587a1080	215
client-main-current	587a1160	FUN_587a1160	462
client-main-current	587a1330	FUN_587a1330	165
client-main-current	587a13e0	FUN_587a13e0	82
client-main-current	587a1460	FUN_587a1460	5
client-main-current	587a1470	FUN_587a1470	214
client-main-current	587a1550	FUN_587a1550	23
client-main-current	587a1567	FUN_587a1567	120
client-main-current	587a15e0	FUN_587a15e0	87
client-main-current	587a1640	FUN_587a1640	38
client-main-current	587a1670	FUN_587a1670	308
client-main-current	587a17b0	FUN_587a17b0	27
client-main-current	587a17d0	FUN_587a17d0	212
client-main-current	587a18b0	FUN_587a18b0	106
client-main-current	587a1920	FUN_587a1920	27
client-main-current	587a1940	FUN_587a1940	164
client-main-current	587a19f0	FUN_587a19f0	25
client-main-current	587a1a10	FUN_587a1a10	966
client-main-current	587a1de0	FUN_587a1de0	3931
client-main-current	587a2d40	FUN_587a2d40	31
client-main-current	587a2d60	FUN_587a2d60	28
client-main-current	587a2d80	FUN_587a2d80	170
client-main-current	587a2e30	FUN_587a2e30	35
client-main-current	587a2e60	FUN_587a2e60	188
client-main-current	587a2f20	FUN_587a2f20	16
client-main-current	587a2f30	FUN_587a2f30	448
client-main-current	587a30f0	FUN_587a30f0	118
client-main-current	587a3170	FUN_587a3170	498
client-main-current	587a3370	FUN_587a3370	319
client-main-current	587a34b0	FUN_587a34b0	459
client-main-current	587a3680	FUN_587a3680	585
client-main-current	587a38d0	FUN_587a38d0	91
client-main-current	587a3930	FUN_587a3930	527
client-main-current	587a3b40	FUN_587a3b40	1002
client-main-current	587a3f30	FUN_587a3f30	1074
client-main-current	587a4370	FUN_587a4370	203
client-main-current	587a4440	FUN_587a4440	3103
client-main-current	587a5060	FUN_587a5060	27
client-main-current	587a5080	FUN_587a5080	48
client-main-current	587a50b0	FUN_587a50b0	47
client-main-current	587a50e0	FUN_587a50e0	64
client-main-current	587a5120	FUN_587a5120	598
client-main-current	587a5380	FUN_587a5380	187
client-main-current	587a5440	FUN_587a5440	94
client-main-current	587a54b0	FUN_587a54b0	27
client-main-current	587a54d0	FUN_587a54d0	100
client-main-current	587a5540	FUN_587a5540	94
client-main-current	587a55a0	FUN_587a55a0	23
client-main-current	587a55c0	FUN_587a55c0	165
client-main-current	587a5670	FUN_587a5670	25
client-main-current	587a5690	FUN_587a5690	16
client-main-current	587a56a0	FUN_587a56a0	117
client-main-current	587a5720	FUN_587a5720	103
client-main-current	587a5790	FUN_587a5790	75
client-main-current	587a57e0	FUN_587a57e0	58
client-main-current	587a5820	FUN_587a5820	28
client-main-current	587a5840	FUN_587a5840	311
client-main-current	587a5980	FUN_587a5980	227
client-main-current	587a5a70	FUN_587a5a70	1799
client-main-current	587a6190	FUN_587a6190	132
client-main-current	587a6220	FUN_587a6220	2951
client-main-current	587a6dc0	FUN_587a6dc0	200
client-main-current	587a6e90	FUN_587a6e90	194
client-main-current	587a6f60	FUN_587a6f60	68
client-main-current	587a6fb0	FUN_587a6fb0	339
client-main-current	587a7110	FUN_587a7110	132
client-main-current	587a71a0	FUN_587a71a0	54
client-main-current	587a71e0	FUN_587a71e0	295
client-main-current	587a7310	FUN_587a7310	230
client-main-current	587a7400	FUN_587a7400	177
client-main-current	587a74c0	FUN_587a74c0	167
client-main-current	587a7570	FUN_587a7570	97
client-main-current	587a75e0	FUN_587a75e0	1654
client-main-current	587a7cd0	FUN_587a7cd0	123
client-main-current	587a7d50	FUN_587a7d50	39
client-main-current	587a7d80	FUN_587a7d80	109
client-main-current	587a7df0	FUN_587a7df0	24
client-main-current	587a7e10	FUN_587a7e10	49
client-main-current	587a7e50	FUN_587a7e50	91
client-main-current	587a7eb0	FUN_587a7eb0	48
client-main-current	587a7ee0	FUN_587a7ee0	48
client-main-current	587a7f10	FUN_587a7f10	553
client-main-current	587a8170	FUN_587a8170	832
client-main-current	587a84f0	FUN_587a84f0	41
client-main-current	587a8520	FUN_587a8520	63
client-main-current	587a8560	FUN_587a8560	43
client-main-current	587a85c0	FUN_587a85c0	27
client-main-current	587a85e0	FUN_587a85e0	164
client-main-current	587a8690	FUN_587a8690	515
client-main-current	587a88a0	FUN_587a88a0	709
client-main-current	587a8b70	FUN_587a8b70	209
client-main-current	587a8c50	FUN_587a8c50	151
client-main-current	587a8d10	FUN_587a8d10	229
client-main-current	587a8e00	FUN_587a8e00	100
client-main-current	587a8e70	FUN_587a8e70	34
client-main-current	587a8ea0	FUN_587a8ea0	96
client-main-current	587a8f00	FUN_587a8f00	359
client-main-current	587a9070	FUN_587a9070	83
client-main-current	587a90d0	FUN_587a90d0	5041
client-main-current	587aa540	FUN_587aa540	136
client-main-current	587aa5d0	FUN_587aa5d0	1069
client-main-current	587aaa50	FUN_587aaa50	1012
client-main-current	587aae60	FUN_587aae60	102
client-main-current	587aaed0	FUN_587aaed0	356
client-main-current	587ab060	FUN_587ab060	589
client-main-current	587ab2f0	FUN_587ab2f0	89
client-main-current	587ab370	FUN_587ab370	27
client-main-current	587ab390	FUN_587ab390	89
client-main-current	587ab3f0	FUN_587ab3f0	61
client-main-current	587ab430	FUN_587ab430	90
client-main-current	587ab490	FUN_587ab490	52
client-main-current	587ab4d0	FUN_587ab4d0	601
client-main-current	587ab740	FUN_587ab740	656
client-main-current	587ab9d0	FUN_587ab9d0	587
client-main-current	587abc20	FUN_587abc20	63
client-main-current	587abc60	FUN_587abc60	252
client-main-current	587abd70	FUN_587abd70	1018
client-main-current	587ac1a0	FUN_587ac1a0	1794
client-main-current	587ac980	FUN_587ac980	27
client-main-current	587ac9a0	FUN_587ac9a0	498
client-main-current	587acba0	FUN_587acba0	1273
client-main-current	587ad0a0	FUN_587ad0a0	1035
client-main-current	587ad4b0	FUN_587ad4b0	6185
client-main-current	587aedb0	FUN_587aedb0	143
client-main-current	587aee40	FUN_587aee40	162
client-main-current	587aeef0	FUN_587aeef0	757
client-main-current	587af1f0	FUN_587af1f0	308
client-main-current	587af330	FUN_587af330	25
client-main-current	587af350	FUN_587af350	30
client-main-current	587af370	FUN_587af370	25
client-main-current	587af390	FUN_587af390	30
client-main-current	587af3b0	FUN_587af3b0	261
client-main-current	587af500	FUN_587af500	395
client-main-current	587af690	FUN_587af690	27
client-main-current	587af6b0	FUN_587af6b0	27
client-main-current	587af6d0	FUN_587af6d0	534
client-main-current	587af8f0	FUN_587af8f0	173
client-main-current	587af9a0	FUN_587af9a0	155
client-main-current	587afa40	FUN_587afa40	255
client-main-current	587afb40	FUN_587afb40	28
client-main-current	587afb60	FUN_587afb60	7
client-main-current	587afb70	FUN_587afb70	28
client-main-current	587afb90	FUN_587afb90	147
client-main-current	587afc30	FUN_587afc30	161
client-main-current	587afce0	FUN_587afce0	96
client-main-current	587afd50	FUN_587afd50	89
client-main-current	587afdb0	FUN_587afdb0	107
client-main-current	587afe20	FUN_587afe20	27
client-main-current	587afe40	FUN_587afe40	8
client-main-current	587afe50	FUN_587afe50	8
client-main-current	587afe60	FUN_587afe60	8
client-main-current	587afe70	FUN_587afe70	50
client-main-current	587afeb0	FUN_587afeb0	31
client-main-current	587afed0	FUN_587afed0	28
client-main-current	587afef0	FUN_587afef0	174
client-main-current	587affa0	FUN_587affa0	63
client-main-current	587affe0	FUN_587affe0	450
client-main-current	587b01d0	FUN_587b01d0	460
client-main-current	587b03a0	FUN_587b03a0	263
client-main-current	587b04b0	FUN_587b04b0	222
client-main-current	587b0590	FUN_587b0590	146
client-main-current	587b0630	FUN_587b0630	70
client-main-current	587b0680	FUN_587b0680	84
client-main-current	587b06e0	FUN_587b06e0	196
client-main-current	587b07b0	FUN_587b07b0	54
client-main-current	587b07f0	FUN_587b07f0	49
client-main-current	587b0830	FUN_587b0830	33
client-main-current	587b0860	FUN_587b0860	85
client-main-current	587b08c0	FUN_587b08c0	61
client-main-current	587b0900	FUN_587b0900	10
client-main-current	587b0910	FUN_587b0910	13
client-main-current	587b0920	FUN_587b0920	13
client-main-current	587b0930	FUN_587b0930	601
client-main-current	587b0ba0	FUN_587b0ba0	5
client-main-current	587b0bb0	FUN_587b0bb0	13
client-main-current	587b0bc0	FUN_587b0bc0	18
client-main-current	587b0be0	FUN_587b0be0	8
client-main-current	587b0bf0	FUN_587b0bf0	18
client-main-current	587b0c10	FUN_587b0c10	136
client-main-current	587b0ca0	FUN_587b0ca0	27
client-main-current	587b0cc0	FUN_587b0cc0	529
client-main-current	587b0ef0	FUN_587b0ef0	311
client-main-current	587b1030	FUN_587b1030	85
client-main-current	587b1090	FUN_587b1090	518
client-main-current	587b12b0	FUN_587b12b0	83
client-main-current	587b1310	FUN_587b1310	35
client-main-current	587b1340	FUN_587b1340	204
client-main-current	587b1410	FUN_587b1410	532
client-main-current	587b1640	FUN_587b1640	416
client-main-current	587b17e0	FUN_587b17e0	109
client-main-current	587b1850	FUN_587b1850	144
client-main-current	587b18e0	FUN_587b18e0	349
client-main-current	587b1a40	FUN_587b1a40	18
client-main-current	587b1a60	FUN_587b1a60	114
client-main-current	587b1ae0	FUN_587b1ae0	143
client-main-current	587b1b70	FUN_587b1b70	1031
client-main-current	587b1f90	FUN_587b1f90	151
client-main-current	587b2030	FUN_587b2030	74
client-main-current	587b2080	FUN_587b2080	161
client-main-current	587b2130	FUN_587b2130	13
client-main-current	587b2140	FUN_587b2140	23
client-main-current	587b2160	FUN_587b2160	89
client-main-current	587b21c0	FUN_587b21c0	6
client-main-current	587b21d0	FUN_587b21d0	27
client-main-current	587b21f0	FUN_587b21f0	161
client-main-current	587b22a0	FUN_587b22a0	192
client-main-current	587b2360	FUN_587b2360	254
client-main-current	587b2460	FUN_587b2460	180
client-main-current	587b2520	FUN_587b2520	636
client-main-current	587b27a0	FUN_587b27a0	657
client-main-current	587b2a40	FUN_587b2a40	592
client-main-current	587b2c90	FUN_587b2c90	1015
client-main-current	587b3090	FUN_587b3090	355
client-main-current	587b3200	FUN_587b3200	2132
client-main-current	587b3a60	FUN_587b3a60	114
client-main-current	587b3ae0	FUN_587b3ae0	363
client-main-current	587b3c50	FUN_587b3c50	27
client-main-current	587b3c70	FUN_587b3c70	1005
client-main-current	587b4060	FUN_587b4060	130
client-main-current	587b40f0	FUN_587b40f0	11
client-main-current	587b4100	FUN_587b4100	845
client-main-current	587b4460	FUN_587b4460	12
client-main-current	587b4470	FUN_587b4470	7
client-main-current	587b4480	FUN_587b4480	31
client-main-current	587b44a0	FUN_587b44a0	9
client-main-current	587b44b0	FUN_587b44b0	6
client-main-current	587b44c0	FUN_587b44c0	28
client-main-current	587b44e0	FUN_587b44e0	33
client-main-current	587b4510	FUN_587b4510	301
client-main-current	587b4640	FUN_587b4640	175
client-main-current	587b46f0	FUN_587b46f0	543
client-main-current	587b4910	FUN_587b4910	123
client-main-current	587b4990	FUN_587b4990	147
client-main-current	587b4a30	FUN_587b4a30	315
client-main-current	587b4b70	FUN_587b4b70	3400
client-main-current	587b58c0	FUN_587b58c0	40
client-main-current	587b58f0	FUN_587b58f0	356
client-main-current	587b5a60	FUN_587b5a60	48
client-main-current	587b5aa0	FUN_587b5aa0	1197
client-main-current	587b5f50	FUN_587b5f50	114
client-main-current	587b5fd0	FUN_587b5fd0	50
client-main-current	587b6010	FUN_587b6010	10
client-main-current	587b6020	FUN_587b6020	65
client-main-current	587b6070	FUN_587b6070	17
client-main-current	587b6090	FUN_587b6090	13
client-main-current	587b60a0	FUN_587b60a0	527
client-main-current	587b62b0	FUN_587b62b0	132
client-main-current	587b6340	FUN_587b6340	27
client-main-current	587b6360	FUN_587b6360	52
client-main-current	587b63a0	FUN_587b63a0	11
client-main-current	587b63b0	FUN_587b63b0	24
client-main-current	587b63d0	FUN_587b63d0	67
client-main-current	587b6420	FUN_587b6420	76
client-main-current	587b6470	FUN_587b6470	55
client-main-current	587b64b0	FUN_587b64b0	13
client-main-current	587b64c0	FUN_587b64c0	33
client-main-current	587b64f0	FUN_587b64f0	491
client-main-current	587b66e0	FUN_587b66e0	165
client-main-current	587b6790	FUN_587b6790	11
client-main-current	587b67a0	FUN_587b67a0	24
client-main-current	587b67c0	FUN_587b67c0	36
client-main-current	587b67f0	FUN_587b67f0	484
client-main-current	587b69e0	FUN_587b69e0	112
client-main-current	587b6a50	FUN_587b6a50	11
client-main-current	587b6a60	FUN_587b6a60	11
client-main-current	587b6a70	FUN_587b6a70	11
client-main-current	587b6a80	FUN_587b6a80	341
client-main-current	587b6be0	FUN_587b6be0	116
client-main-current	587b6c60	FUN_587b6c60	174
client-main-current	587b6d10	FUN_587b6d10	108
client-main-current	587b6d80	FUN_587b6d80	69
client-main-current	587b6dd0	FUN_587b6dd0	201
client-main-current	587b6ea0	FUN_587b6ea0	33
client-main-current	587b6ed0	FUN_587b6ed0	63
client-main-current	587b6f10	FUN_587b6f10	97
client-main-current	587b6f80	FUN_587b6f80	108
client-main-current	587b6ff0	FUN_587b6ff0	27
client-main-current	587b7010	FUN_587b7010	140
client-main-current	587b70a0	FUN_587b70a0	136
client-main-current	587b7130	FUN_587b7130	303
client-main-current	587b7260	FUN_587b7260	234
client-main-current	587b7350	FUN_587b7350	114
client-main-current	587b73d0	FUN_587b73d0	33
client-main-current	587b7400	FUN_587b7400	245
client-main-current	587b7500	FUN_587b7500	124
client-main-current	587b7580	FUN_587b7580	134
client-main-current	587b7610	FID_conflict:~CProgressCtrl	91
client-main-current	587b7670	FUN_587b7670	35
client-main-current	587b76a0	FUN_587b76a0	35
client-main-current	587b76d0	FUN_587b76d0	35
client-main-current	587b7700	FUN_587b7700	261
client-main-current	587b7820	FUN_587b7820	46
client-main-current	587b7850	FUN_587b7850	24
client-main-current	587b7870	FUN_587b7870	89
client-main-current	587b78d0	FUN_587b78d0	93
client-main-current	587b7930	FUN_587b7930	83
client-main-current	587b7990	FUN_587b7990	541
client-main-current	587b7bb0	FUN_587b7bb0	27
client-main-current	587b7bd0	FUN_587b7bd0	311
client-main-current	587b7d10	FUN_587b7d10	60
client-main-current	587b7d50	FUN_587b7d50	60
client-main-current	587b7d90	FUN_587b7d90	220
client-main-current	587b7e70	FUN_587b7e70	331
client-main-current	587b7fd0	FUN_587b7fd0	315
client-main-current	587b8110	FUN_587b8110	142
client-main-current	587b81a0	FUN_587b81a0	226
client-main-current	587b8290	FUN_587b8290	108
client-main-current	587b8300	FUN_587b8300	108
client-main-current	587b8370	FUN_587b8370	108
client-main-current	587b83e0	FUN_587b83e0	2859
client-main-current	587b8f40	FUN_587b8f40	153
client-main-current	587b8fe0	FUN_587b8fe0	55
client-main-current	587b9020	FUN_587b9020	55
client-main-current	587b9060	FUN_587b9060	111
client-main-current	587b90d0	FUN_587b90d0	62
client-main-current	587b9110	FUN_587b9110	21
client-main-current	587b9130	FUN_587b9130	21
client-main-current	587b9150	FUN_587b9150	21
client-main-current	587b9170	FUN_587b9170	21
client-main-current	587b9190	FUN_587b9190	21
client-main-current	587b91b0	FUN_587b91b0	40
client-main-current	587b91e0	FUN_587b91e0	44
client-main-current	587b9210	FUN_587b9210	41
client-main-current	587b9240	FUN_587b9240	41
client-main-current	587b9270	FUN_587b9270	30
client-main-current	587b9290	FUN_587b9290	29
client-main-current	587b92b0	FUN_587b92b0	38
client-main-current	587b92e0	FUN_587b92e0	30
client-main-current	587b9300	FUN_587b9300	29
client-main-current	587b9320	FUN_587b9320	30
client-main-current	587b9340	FUN_587b9340	58
client-main-current	587b9380	FUN_587b9380	119
client-main-current	587b9400	FUN_587b9400	32
client-main-current	587b9420	FUN_587b9420	32
client-main-current	587b9440	FUN_587b9440	96
client-main-current	587b94a0	FUN_587b94a0	50
client-main-current	587b94e0	FUN_587b94e0	33
client-main-current	587b9510	FUN_587b9510	26
client-main-current	587b9530	FUN_587b9530	29
client-main-current	587b9550	FUN_587b9550	37
client-main-current	587b9580	FUN_587b9580	26
client-main-current	587b95a0	FUN_587b95a0	26
client-main-current	587b95c0	FUN_587b95c0	26
client-main-current	587b95e0	FUN_587b95e0	26
client-main-current	587b9600	FUN_587b9600	29
client-main-current	587b9620	FUN_587b9620	29
client-main-current	587b9640	FUN_587b9640	76
client-main-current	587b9690	FUN_587b9690	54
client-main-current	587b96d0	FUN_587b96d0	68
client-main-current	587b9720	FUN_587b9720	54
client-main-current	587b9760	FUN_587b9760	88
client-main-current	587b97c0	FUN_587b97c0	89
client-main-current	587b9820	FUN_587b9820	69
client-main-current	587b9870	FUN_587b9870	50
client-main-current	587b98b0	FUN_587b98b0	180
client-main-current	587b9970	FUN_587b9970	55
client-main-current	587b99b0	FUN_587b99b0	26
client-main-current	587b99d0	FUN_587b99d0	26
client-main-current	587b99f0	FUN_587b99f0	30
client-main-current	587b9a10	FUN_587b9a10	52
client-main-current	587b9a50	FUN_587b9a50	54
client-main-current	587b9a90	FUN_587b9a90	27
client-main-current	587b9ab0	FUN_587b9ab0	21
client-main-current	587b9ad0	FUN_587b9ad0	60
client-main-current	587b9b10	FUN_587b9b10	26
client-main-current	587b9b30	FUN_587b9b30	40
client-main-current	587b9b60	FUN_587b9b60	40
client-main-current	587b9b90	FUN_587b9b90	54
client-main-current	587b9bd0	FUN_587b9bd0	30
client-main-current	587b9bf0	FUN_587b9bf0	27
client-main-current	587b9c10	FUN_587b9c10	26
client-main-current	587b9c30	FUN_587b9c30	27
client-main-current	587b9c50	FUN_587b9c50	26
client-main-current	587b9c70	FUN_587b9c70	21
client-main-current	587b9c90	FUN_587b9c90	21
client-main-current	587b9cb0	FUN_587b9cb0	57
client-main-current	587b9cf0	FUN_587b9cf0	44
client-main-current	587b9d20	FUN_587b9d20	46
client-main-current	587b9d50	FUN_587b9d50	46
client-main-current	587b9d80	FUN_587b9d80	46
client-main-current	587b9db0	FUN_587b9db0	25
client-main-current	587b9dd0	FUN_587b9dd0	25
client-main-current	587b9df0	FUN_587b9df0	25
client-main-current	587b9e10	FUN_587b9e10	26
client-main-current	587b9e30	FUN_587b9e30	46
client-main-current	587b9e60	FUN_587b9e60	46
client-main-current	587b9e90	FUN_587b9e90	32
client-main-current	587b9eb0	FUN_587b9eb0	89
client-main-current	587b9f10	FUN_587b9f10	81
client-main-current	587b9f70	FUN_587b9f70	72
client-main-current	587b9fc0	FUN_587b9fc0	29
client-main-current	587b9fe0	FUN_587b9fe0	26
client-main-current	587ba000	FUN_587ba000	29
client-main-current	587ba020	FUN_587ba020	43
client-main-current	587ba050	FUN_587ba050	29
client-main-current	587ba070	FUN_587ba070	46
client-main-current	587ba0a0	FUN_587ba0a0	21
client-main-current	587ba0c0	FUN_587ba0c0	124
client-main-current	587ba140	FUN_587ba140	44
client-main-current	587ba170	FUN_587ba170	44
client-main-current	587ba1a0	FUN_587ba1a0	44
client-main-current	587ba1d0	FUN_587ba1d0	44
client-main-current	587ba200	FUN_587ba200	44
client-main-current	587ba230	FUN_587ba230	26
client-main-current	587ba250	FUN_587ba250	59
client-main-current	587ba290	FUN_587ba290	52
client-main-current	587ba2d0	FUN_587ba2d0	46
client-main-current	587ba310	FUN_587ba310	183
client-main-current	587ba3f0	FUN_587ba3f0	58
client-main-current	587ba430	FUN_587ba430	26
client-main-current	587ba450	FUN_587ba450	26
client-main-current	587ba470	FUN_587ba470	168
client-main-current	587ba530	FUN_587ba530	21
client-main-current	587ba550	FUN_587ba550	21
client-main-current	587ba570	FUN_587ba570	89
client-main-current	587ba5d0	FUN_587ba5d0	146
client-main-current	587ba670	FUN_587ba670	21
client-main-current	587ba690	FUN_587ba690	21
client-main-current	587ba6b0	FUN_587ba6b0	18
client-main-current	587ba6d0	FUN_587ba6d0	25
client-main-current	587ba6f0	FUN_587ba6f0	23
client-main-current	587ba710	FUN_587ba710	19
client-main-current	587ba730	FUN_587ba730	37
client-main-current	587ba760	FUN_587ba760	33
client-main-current	587ba790	FUN_587ba790	33
client-main-current	587ba7c0	FUN_587ba7c0	102
client-main-current	587ba830	FUN_587ba830	101
client-main-current	587ba8a0	FUN_587ba8a0	77
client-main-current	587ba8f0	FUN_587ba8f0	56
client-main-current	587ba930	FUN_587ba930	42
client-main-current	587ba960	FUN_587ba960	117
client-main-current	587ba9e0	FUN_587ba9e0	117
client-main-current	587baa60	FUN_587baa60	117
client-main-current	587baae0	FUN_587baae0	120
client-main-current	587bab60	FUN_587bab60	85
client-main-current	587babc0	FUN_587babc0	91
client-main-current	587bac20	FUN_587bac20	146
client-main-current	587bacc0	FUN_587bacc0	636
client-main-current	587baf40	FUN_587baf40	44
client-main-current	587baf70	FUN_587baf70	469
client-main-current	587bb160	FUN_587bb160	178
client-main-current	587bb230	FUN_587bb230	44
client-main-current	587bb260	FUN_587bb260	44
client-main-current	587bb290	FUN_587bb290	44
client-main-current	587bb2c0	FUN_587bb2c0	44
client-main-current	587bb2f0	FUN_587bb2f0	86
client-main-current	587bb350	FUN_587bb350	32
client-main-current	587bb370	FUN_587bb370	42
client-main-current	587bb3a0	FUN_587bb3a0	43
client-main-current	587bb3d0	FUN_587bb3d0	46
client-main-current	587bb400	FUN_587bb400	434
client-main-current	587bb5c0	FUN_587bb5c0	174
client-main-current	587bb670	FUN_587bb670	100
client-main-current	587bb700	FUN_587bb700	25950
client-main-current	587c20e0	FUN_587c20e0	2957
client-main-current	587c2c70	FUN_587c2c70	8
client-main-current	587c2c80	FUN_587c2c80	13
client-main-current	587c2c90	FUN_587c2c90	25
client-main-current	587c2cb0	FUN_587c2cb0	27
client-main-current	587c33d0	FUN_587c33d0	275
client-main-current	587c35a0	FUN_587c35a0	1704
client-main-current	587c3c50	FUN_587c3c50	11
client-main-current	587c3c60	FUN_587c3c60	57
client-main-current	587c3ca0	FUN_587c3ca0	33
client-main-current	587c3cd0	FUN_587c3cd0	120
client-main-current	587c3d60	FUN_587c3d60	97
client-main-current	587c3dd0	FUN_587c3dd0	27
client-main-current	587c3df0	FUN_587c3df0	352
client-main-current	587c3f50	FUN_587c3f50	59
client-main-current	587c3f90	FUN_587c3f90	456
client-main-current	587c4160	FUN_587c4160	234
client-main-current	587c4250	FUN_587c4250	69
client-main-current	587c42a0	FUN_587c42a0	28
client-main-current	587c42c0	FUN_587c42c0	228
client-main-current	587c43b0	FUN_587c43b0	119
client-main-current	587c4450	FUN_587c4450	364
client-main-current	587c45c0	FUN_587c45c0	273
client-main-current	587c46e0	FUN_587c46e0	15
client-main-current	587c46f0	FUN_587c46f0	39
client-main-current	587c4720	FUN_587c4720	58
client-main-current	587c4760	FUN_587c4760	7
client-main-current	587c4770	FUN_587c4770	74
client-main-current	587c47c0	FUN_587c47c0	62
client-main-current	587c4800	FUN_587c4800	14
client-main-current	587c4810	FUN_587c4810	15
client-main-current	587c4820	FUN_587c4820	95
client-main-current	587c4890	FUN_587c4890	26
client-main-current	587c48b0	FUN_587c48b0	41
client-main-current	587c48f0	FUN_587c48f0	83
client-main-current	587c4950	FUN_587c4950	37
client-main-current	587c4980	FUN_587c4980	88
client-main-current	587c49e0	FUN_587c49e0	62
client-main-current	587c4a20	FUN_587c4a20	88
client-main-current	587c4a80	FUN_587c4a80	28
client-main-current	587c4aa0	FUN_587c4aa0	18
client-main-current	587c4ac0	FUN_587c4ac0	21
client-main-current	587c4ae0	FUN_587c4ae0	28
client-main-current	587c4b00	FUN_587c4b00	64
client-main-current	587c4b40	FUN_587c4b40	21
client-main-current	587c4b60	FUN_587c4b60	46
client-main-current	587c4b90	FUN_587c4b90	21
client-main-current	587c4bb0	FUN_587c4bb0	46
client-main-current	587c4be0	FUN_587c4be0	7
client-main-current	587c4bf0	FUN_587c4bf0	34
client-main-current	587c4c20	FUN_587c4c20	54
client-main-current	587c4c60	FUN_587c4c60	7
client-main-current	587c4c70	FUN_587c4c70	39
client-main-current	587c4ca0	FUN_587c4ca0	54
client-main-current	587c4ce0	FUN_587c4ce0	66
client-main-current	587c4d30	FUN_587c4d30	108
client-main-current	587c4da0	FUN_587c4da0	6
client-main-current	587c4db0	FUN_587c4db0	3
client-main-current	587c4dc0	FUN_587c4dc0	4
client-main-current	587c4dd0	FUN_587c4dd0	22
client-main-current	587c4df0	FUN_587c4df0	5
client-main-current	587c4e00	FUN_587c4e00	17
client-main-current	587c4e20	FUN_587c4e20	17
client-main-current	587c4e40	FUN_587c4e40	39
client-main-current	587c4e70	FUN_587c4e70	26
client-main-current	587c4e90	FUN_587c4e90	26
client-main-current	587c4eb0	FUN_587c4eb0	54
client-main-current	587c4ef0	FUN_587c4ef0	27
client-main-current	587c4f10	operator*	55
client-main-current	587c4f50	FUN_587c4f50	163
client-main-current	587c5000	FUN_587c5000	82
client-main-current	587c5060	FUN_587c5060	142
client-main-current	587c50f0	FUN_587c50f0	140
client-main-current	587c5180	FUN_587c5180	30
client-main-current	587c51a0	FUN_587c51a0	106
client-main-current	587c5210	FUN_587c5210	69
client-main-current	587c5260	FUN_587c5260	48
client-main-current	587c5290	FUN_587c5290	127
client-main-current	587c5310	FUN_587c5310	166
client-main-current	587c53c0	FUN_587c53c0	52
client-main-current	587c5400	FUN_587c5400	14
client-main-current	587c5410	FUN_587c5410	135
client-main-current	587c54a0	FUN_587c54a0	199
client-main-current	587c5580	FUN_587c5580	859
client-main-current	587c58e0	FUN_587c58e0	794
client-main-current	587c5c00	FUN_587c5c00	965
client-main-current	587c5fd0	FUN_587c5fd0	217
client-main-current	587c60b0	FUN_587c60b0	238
client-main-current	587c61a0	FUN_587c61a0	77
client-main-current	587c61f0	FUN_587c61f0	107
client-main-current	587c6260	FUN_587c6260	48
client-main-current	587c6290	FUN_587c6290	248
client-main-current	587c6390	FUN_587c6390	47
client-main-current	587c63d0	FUN_587c63d0	65
client-main-current	587c6420	FUN_587c6420	327
client-main-current	587c6570	FUN_587c6570	97
client-main-current	587c65e0	FUN_587c65e0	27
client-main-current	587c6600	FUN_587c6600	179
client-main-current	587c66c0	FUN_587c66c0	253
client-main-current	587c67c0	FUN_587c67c0	304
client-main-current	587c68f0	FUN_587c68f0	113
client-main-current	587c6990	FUN_587c6990	126
client-main-current	587c6a10	FUN_587c6a10	101
client-main-current	587c6a80	FUN_587c6a80	327
client-main-current	587c6bd0	FUN_587c6bd0	28
client-main-current	587c6bf0	FUN_587c6bf0	59
client-main-current	587c6c30	FUN_587c6c30	50
client-main-current	587c6c70	FUN_587c6c70	273
client-main-current	587c6d90	FUN_587c6d90	311
client-main-current	587c6ed0	FUN_587c6ed0	327
client-main-current	587c7020	FUN_587c7020	105
client-main-current	587c7090	FUN_587c7090	29
client-main-current	587c70b0	FUN_587c70b0	145
client-main-current	587c7150	FUN_587c7150	33
client-main-current	587c7180	FUN_587c7180	27
client-main-current	587c71a0	FUN_587c71a0	346
client-main-current	587c7300	FUN_587c7300	205
client-main-current	587c73d0	FUN_587c73d0	506
client-main-current	587c75d0	FUN_587c75d0	14
client-main-current	587c75e0	FUN_587c75e0	419
client-main-current	587c7790	FUN_587c7790	129
client-main-current	587c7820	FUN_587c7820	122
client-main-current	587c78a0	FUN_587c78a0	27
client-main-current	587c78c0	FUN_587c78c0	291
client-main-current	587c79f0	FUN_587c79f0	235
client-main-current	587c7ae0	FUN_587c7ae0	188
client-main-current	587c7ba0	FUN_587c7ba0	217
client-main-current	587c7c80	FUN_587c7c80	81
client-main-current	587c7ce0	FUN_587c7ce0	76
client-main-current	587c7d30	FUN_587c7d30	118
client-main-current	587c7db0	FUN_587c7db0	274
client-main-current	587c7ed0	FUN_587c7ed0	164
client-main-current	587c7f80	FUN_587c7f80	518
client-main-current	587c8190	FUN_587c8190	13
client-main-current	587c81a0	FUN_587c81a0	27
client-main-current	587c81c0	FUN_587c81c0	75
client-main-current	587c8210	FUN_587c8210	252
client-main-current	587c8310	FUN_587c8310	577
client-main-current	587c8560	FUN_587c8560	586
client-main-current	587c8850	FUN_587c8850	7
client-main-current	587c8860	FUN_587c8860	166
client-main-current	587c8910	FUN_587c8910	68
client-main-current	587c8960	FUN_587c8960	2319
client-main-current	587c9270	FUN_587c9270	182
client-main-current	587c9330	FUN_587c9330	16
client-main-current	587c9340	FUN_587c9340	710
client-main-current	587c9610	FUN_587c9610	27
client-main-current	587c9630	FUN_587c9630	67
client-main-current	587c9680	FUN_587c9680	25
client-main-current	587c96a0	FUN_587c96a0	214
client-main-current	587c9780	FUN_587c9780	96
client-main-current	587c97e0	FUN_587c97e0	179
client-main-current	587c98a0	FUN_587c98a0	173
client-main-current	587c9950	FUN_587c9950	193
client-main-current	587c9a20	FUN_587c9a20	57
client-main-current	587c9a60	FUN_587c9a60	33
client-main-current	587c9a90	FUN_587c9a90	667
client-main-current	587c9d40	FUN_587c9d40	57
client-main-current	587c9d80	FUN_587c9d80	205
client-main-current	587c9e50	FUN_587c9e50	33
client-main-current	587c9e80	FUN_587c9e80	18
client-main-current	587c9ea0	FUN_587c9ea0	108
client-main-current	587c9f10	FUN_587c9f10	27
client-main-current	587c9f30	FUN_587c9f30	635
client-main-current	587ca1c0	FUN_587ca1c0	235
client-main-current	587ca2b0	FUN_587ca2b0	114
client-main-current	587ca330	FUN_587ca330	27
client-main-current	587ca350	FUN_587ca350	157
client-main-current	587ca3f0	FUN_587ca3f0	455
client-main-current	587ca5c0	FUN_587ca5c0	587
client-main-current	587ca820	FUN_587ca820	438
client-main-current	587ca9e0	FUN_587ca9e0	584
client-main-current	587cac30	FUN_587cac30	91
client-main-current	587cac90	FUN_587cac90	155
client-main-current	587cad30	FUN_587cad30	87
client-main-current	587cad90	FUN_587cad90	13
client-main-current	587cada0	FUN_587cada0	37
client-main-current	587cadd0	FUN_587cadd0	27
client-main-current	587cadf0	FUN_587cadf0	309
client-main-current	587caf30	FUN_587caf30	672
client-main-current	587cb1d0	FUN_587cb1d0	171
client-main-current	587cb280	FUN_587cb280	102
client-main-current	587cb2f0	FUN_587cb2f0	79
client-main-current	587cb340	FUN_587cb340	59
client-main-current	587cb380	FUN_587cb380	7
client-main-current	587cb390	FUN_587cb390	30
client-main-current	587cb3b0	FUN_587cb3b0	383
client-main-current	587cb560	FUN_587cb560	27
client-main-current	587cb580	FUN_587cb580	81
client-main-current	587cb5e0	FUN_587cb5e0	206
client-main-current	587cb6b0	FUN_587cb6b0	768
client-main-current	587cb9b0	FUN_587cb9b0	1104
client-main-current	587cbe00	FUN_587cbe00	860
client-main-current	587cc160	FUN_587cc160	177
client-main-current	587cc220	FUN_587cc220	901
client-main-current	587cc5b0	FUN_587cc5b0	127
client-main-current	587cc640	FUN_587cc640	7
client-main-current	587cc650	FUN_587cc650	7
client-main-current	587cc660	FUN_587cc660	7
client-main-current	587cc670	FUN_587cc670	7
client-main-current	587cc680	FUN_587cc680	28
client-main-current	587cc6a0	FUN_587cc6a0	28
client-main-current	587cc6c0	FUN_587cc6c0	28
client-main-current	587cc6e0	FUN_587cc6e0	28
client-main-current	587cc700	FUN_587cc700	66
client-main-current	587cc750	FUN_587cc750	41
client-main-current	587cc780	FUN_587cc780	524
client-main-current	587cc990	FUN_587cc990	90
client-main-current	587cc9f0	FUN_587cc9f0	163
client-main-current	587ccaa0	FUN_587ccaa0	57
client-main-current	587ccae0	FUN_587ccae0	465
client-main-current	587cccc0	FUN_587cccc0	505
client-main-current	587ccec0	FUN_587ccec0	296
client-main-current	587cd000	FUN_587cd000	533
client-main-current	587cd230	FUN_587cd230	656
client-main-current	587cd4c0	FUN_587cd4c0	394
client-main-current	587cd650	FUN_587cd650	876
client-main-current	587cd9d0	FUN_587cd9d0	27
client-main-current	587cd9f0	FUN_587cd9f0	111
client-main-current	587cda60	FUN_587cda60	745
client-main-current	587cdd60	FUN_587cdd60	1389
client-main-current	587ce2f0	FUN_587ce2f0	30
client-main-current	587ce310	FUN_587ce310	10
client-main-current	587ce320	FUN_587ce320	57
client-main-current	587ce360	FUN_587ce360	108
client-main-current	587ce3d0	FUN_587ce3d0	963
client-main-current	587ce7a0	FUN_587ce7a0	195
client-main-current	587ce870	FUN_587ce870	33
client-main-current	587ce8a0	FUN_587ce8a0	32
client-main-current	587ce8c0	FUN_587ce8c0	33
client-main-current	587ce8f0	FUN_587ce8f0	169
client-main-current	587ce9a0	FUN_587ce9a0	344
client-main-current	587ceb00	FUN_587ceb00	76
client-main-current	587ceb50	FUN_587ceb50	10
client-main-current	587ceb60	FUN_587ceb60	182
client-main-current	587cec20	FUN_587cec20	13
client-main-current	587cec30	FUN_587cec30	144
client-main-current	587cecc0	FUN_587cecc0	370
client-main-current	587cee40	FUN_587cee40	199
client-main-current	587cef10	FUN_587cef10	93
client-main-current	587cef70	FUN_587cef70	64
client-main-current	587cefb0	FUN_587cefb0	79
client-main-current	587cf000	FUN_587cf000	149
client-main-current	587cf0a0	FUN_587cf0a0	237
client-main-current	587cf190	FUN_587cf190	233
client-main-current	587cf280	FUN_587cf280	232
client-main-current	587cf370	FUN_587cf370	221
client-main-current	587cf450	FUN_587cf450	218
client-main-current	587cf530	FUN_587cf530	69
client-main-current	587cf580	FUN_587cf580	28
client-main-current	587cf5a0	FUN_587cf5a0	112
client-main-current	587cf610	FUN_587cf610	119
client-main-current	587cf690	FUN_587cf690	59
client-main-current	587cf6d0	FUN_587cf6d0	192
client-main-current	587cf790	FUN_587cf790	138
client-main-current	587cf820	FUN_587cf820	295
client-main-current	587cf950	FUN_587cf950	82
client-main-current	587cf9b0	FUN_587cf9b0	173
client-main-current	587cfa60	FUN_587cfa60	109
client-main-current	587cfad0	FUN_587cfad0	516
client-main-current	587cfce0	FUN_587cfce0	364
client-main-current	587cfe50	FUN_587cfe50	146
client-main-current	587cfef0	FUN_587cfef0	129
client-main-current	587cff80	FUN_587cff80	126
client-main-current	587d0000	FUN_587d0000	78
client-main-current	587d0050	FUN_587d0050	163
client-main-current	587d0100	FUN_587d0100	123
client-main-current	587d0180	FUN_587d0180	96
client-main-current	587d01e0	FUN_587d01e0	106
client-main-current	587d0250	FUN_587d0250	96
client-main-current	587d02b0	FUN_587d02b0	176
client-main-current	587d0360	FUN_587d0360	80
client-main-current	587d03b0	FUN_587d03b0	28
client-main-current	587d03d0	FUN_587d03d0	1256
client-main-current	587d0940	FUN_587d0940	348
client-main-current	587d0aa0	FUN_587d0aa0	910
client-main-current	587d0e40	FUN_587d0e40	334
client-main-current	587d0f90	FUN_587d0f90	1217
client-main-current	587d1460	FUN_587d1460	588
client-main-current	587d16b0	FUN_587d16b0	338
client-main-current	587d1810	FUN_587d1810	31
client-main-current	587d1830	FUN_587d1830	1715
client-main-current	587d1f10	FUN_587d1f10	1810
client-main-current	587d2630	FUN_587d2630	130
client-main-current	587d26c0	FUN_587d26c0	4467
client-main-current	587d3840	FUN_587d3840	27
client-main-current	587d3860	FUN_587d3860	6493
client-main-current	587d51d0	FUN_587d51d0	2244
client-main-current	587d5b20	FUN_587d5b20	2296
client-main-current	587d6450	FUN_587d6450	191
client-main-current	587d6520	FUN_587d6520	268
client-main-current	587d6630	FUN_587d6630	270
client-main-current	587d6740	FUN_587d6740	238
client-main-current	587d6830	FUN_587d6830	89
client-main-current	587d6890	FUN_587d6890	256
client-main-current	587d6990	FUN_587d6990	199
client-main-current	587d6a60	FUN_587d6a60	60
client-main-current	587d6aa0	FUN_587d6aa0	172
client-main-current	587d6b70	FUN_587d6b70	86
client-main-current	587d6bd0	FUN_587d6bd0	48
client-main-current	587d6c00	FUN_587d6c00	7
client-main-current	587d6c10	FUN_587d6c10	155
client-main-current	587d6cb0	FUN_587d6cb0	251
client-main-current	587d6db0	FUN_587d6db0	160
client-main-current	587d6e50	FUN_587d6e50	365
client-main-current	587d7000	FUN_587d7000	1230
client-main-current	587d74d0	FUN_587d74d0	843
client-main-current	587d7820	FUN_587d7820	677
client-main-current	587d7ad0	FUN_587d7ad0	183
client-main-current	587d7b90	FUN_587d7b90	486
client-main-current	587d7d80	FUN_587d7d80	57
client-main-current	587d7dc0	FUN_587d7dc0	234
client-main-current	587d7ec0	FUN_587d7ec0	583
client-main-current	587d8110	FUN_587d8110	862
client-main-current	587d8470	FUN_587d8470	151
client-main-current	587d8510	FUN_587d8510	242
client-main-current	587d8610	FUN_587d8610	549
client-main-current	587d8840	FUN_587d8840	423
client-main-current	587d89f0	FUN_587d89f0	1143
client-main-current	587d8e70	FUN_587d8e70	120
client-main-current	587d8ef0	FUN_587d8ef0	74
client-main-current	587d8f40	FUN_587d8f40	74
client-main-current	587d8f90	FUN_587d8f90	90
client-main-current	587d8ff0	FUN_587d8ff0	120
client-main-current	587d9070	FUN_587d9070	126
client-main-current	587d90f0	FUN_587d90f0	578
client-main-current	587d9340	FUN_587d9340	253
client-main-current	587d9440	FUN_587d9440	29
client-main-current	587d9460	FUN_587d9460	558
client-main-current	587d96a0	FUN_587d96a0	612
client-main-current	587d9910	FUN_587d9910	218
client-main-current	587d99f0	FUN_587d99f0	941
client-main-current	587d9db0	FUN_587d9db0	650
client-main-current	587da040	FUN_587da040	217
client-main-current	587da120	FUN_587da120	1314
client-main-current	587da650	FUN_587da650	189
client-main-current	587da710	FUN_587da710	183
client-main-current	587da7d0	FUN_587da7d0	30
client-main-current	587da7f0	FUN_587da7f0	417
client-main-current	587da9a0	FUN_587da9a0	137
client-main-current	587daa30	FUN_587daa30	139
client-main-current	587daac0	FUN_587daac0	268
client-main-current	587dac20	FUN_587dac20	348
client-main-current	587dad80	FUN_587dad80	290
client-main-current	587daeb0	FUN_587daeb0	202
client-main-current	587daf90	FUN_587daf90	1113
client-main-current	587db3f0	FUN_587db3f0	573
client-main-current	587db630	FUN_587db630	493
client-main-current	587db820	FUN_587db820	474
client-main-current	587dba00	FUN_587dba00	12589
client-main-current	587deb30	FUN_587deb30	1112
client-main-current	587df010	FUN_587df010	1379
client-main-current	587df580	FUN_587df580	2815
client-main-current	587e0090	FUN_587e0090	2297
client-main-current	587e09c0	FUN_587e09c0	125
client-main-current	587e0a50	FUN_587e0a50	258
client-main-current	587e0b60	FUN_587e0b60	518
client-main-current	587e0d80	FUN_587e0d80	183
client-main-current	587e0e40	FUN_587e0e40	8252
client-main-current	587e2e80	FUN_587e2e80	502
client-main-current	587e3080	FUN_587e3080	4296
client-main-current	587e4180	FUN_587e4180	161
client-main-current	587e4230	FUN_587e4230	647
client-main-current	587e44c0	FUN_587e44c0	5224
client-main-current	587e5950	FUN_587e5950	267
client-main-current	587e5a60	FUN_587e5a60	13
client-main-current	587e5a70	FUN_587e5a70	53
client-main-current	587e5ab0	FUN_587e5ab0	13
client-main-current	587e5ac0	FUN_587e5ac0	132
client-main-current	587e5b50	FUN_587e5b50	73
client-main-current	587e5ba0	FUN_587e5ba0	25
client-main-current	587e5bc0	FUN_587e5bc0	23
client-main-current	587e5be0	FUN_587e5be0	33
client-main-current	587e5c10	FUN_587e5c10	22
client-main-current	587e5c30	FUN_587e5c30	69
client-main-current	587e5c80	FUN_587e5c80	44
client-main-current	587e5cb0	FUN_587e5cb0	338
client-main-current	587e5e10	FUN_587e5e10	174
client-main-current	587e5ec0	FUN_587e5ec0	177
client-main-current	587e5f80	FUN_587e5f80	48
client-main-current	587e5fb0	FUN_587e5fb0	11
client-main-current	587e5fc0	FUN_587e5fc0	32
client-main-current	587e5fe0	FUN_587e5fe0	33
client-main-current	587e6010	FUN_587e6010	444
client-main-current	587e61d0	FUN_587e61d0	226
client-main-current	587e62c0	FUN_587e62c0	266
client-main-current	587e63d0	FUN_587e63d0	29
client-main-current	587e63f0	FUN_587e63f0	93
client-main-current	587e6450	FUN_587e6450	46
client-main-current	587e6480	FUN_587e6480	37
client-main-current	587e64b0	FUN_587e64b0	31
client-main-current	587e64d0	FUN_587e64d0	373
client-main-current	587e6670	FUN_587e6670	2046
client-main-current	587e6e80	FUN_587e6e80	727
client-main-current	587e7160	FUN_587e7160	902
client-main-current	587e74f0	FUN_587e74f0	245
client-main-current	587e75f0	FUN_587e75f0	280
client-main-current	587e7710	FUN_587e7710	194
client-main-current	587e77f0	FUN_587e77f0	130
client-main-current	587e7890	FUN_587e7890	111
client-main-current	587e7920	FUN_587e7920	29
client-main-current	587e7940	FUN_587e7940	483
client-main-current	587e7b30	FUN_587e7b30	86
client-main-current	587e7b90	FUN_587e7b90	126
client-main-current	587e7c10	FUN_587e7c10	65
client-main-current	587e7c60	FUN_587e7c60	13
client-main-current	587e7c70	FUN_587e7c70	91
client-main-current	587e7d40	FUN_587e7d40	183
client-main-current	587e7e00	FUN_587e7e00	273
client-main-current	587e7f20	FUN_587e7f20	34
client-main-current	587e7f50	FUN_587e7f50	28
client-main-current	587e7f70	FUN_587e7f70	19
client-main-current	587e7f90	FUN_587e7f90	82
client-main-current	587e7ff0	FUN_587e7ff0	19
client-main-current	587e8010	FUN_587e8010	36
client-main-current	587e8040	FUN_587e8040	15
client-main-current	587e8060	FUN_587e8060	18
client-main-current	587e8090	FUN_587e8090	28
client-main-current	587e80b0	FUN_587e80b0	419
client-main-current	587e8260	FUN_587e8260	815
client-main-current	587e8590	FUN_587e8590	245
client-main-current	587e8690	FUN_587e8690	63
client-main-current	587e86d0	FUN_587e86d0	113
client-main-current	587e8750	FUN_587e8750	722
client-main-current	587e8a40	FUN_587e8a40	443
client-main-current	587e8c00	FUN_587e8c00	1699
client-main-current	587e92c0	FUN_587e92c0	77
client-main-current	587e9310	FUN_587e9310	141
client-main-current	587e93a0	FUN_587e93a0	544
client-main-current	587e95c0	FUN_587e95c0	225
client-main-current	587e96b0	FUN_587e96b0	169
client-main-current	587e9760	FUN_587e9760	89
client-main-current	587e97c0	FUN_587e97c0	211
client-main-current	587e98a0	FUN_587e98a0	216
client-main-current	587e99a0	FUN_587e99a0	101
client-main-current	587e9a10	FUN_587e9a10	2908
client-main-current	587ea570	FUN_587ea570	181
client-main-current	587ea630	FUN_587ea630	126
client-main-current	587ea6c0	FUN_587ea6c0	857
client-main-current	587eaa20	FUN_587eaa20	401
client-main-current	587eabc0	FUN_587eabc0	124
client-main-current	587eac40	FUN_587eac40	391
client-main-current	587eadd0	FUN_587eadd0	54
client-main-current	587eae10	FUN_587eae10	1079
client-main-current	587eb250	FUN_587eb250	226
client-main-current	587eb340	FUN_587eb340	39
client-main-current	587eb370	FUN_587eb370	1808
client-main-current	587eba90	FUN_587eba90	541
client-main-current	587ebcb0	FUN_587ebcb0	237
client-main-current	587ebda0	FUN_587ebda0	681
client-main-current	587ec050	FUN_587ec050	529
client-main-current	587ec270	FUN_587ec270	27
client-main-current	587ec290	FUN_587ec290	2069
client-main-current	587ecab0	FUN_587ecab0	492
client-main-current	587ecca0	FUN_587ecca0	484
client-main-current	587ece90	FUN_587ece90	37
client-main-current	587ecec0	FUN_587ecec0	75
client-main-current	587ecf10	FUN_587ecf10	855
client-main-current	587ed280	FUN_587ed280	431
client-main-current	587ed430	FUN_587ed430	372
client-main-current	587ed5b0	FUN_587ed5b0	74
client-main-current	587ed610	FUN_587ed610	273
client-main-current	587ed730	FUN_587ed730	1069
client-main-current	587edb80	FUN_587edb80	960
client-main-current	587edf60	FUN_587edf60	727
client-main-current	587ee240	FUN_587ee240	120
client-main-current	587ee2c0	FUN_587ee2c0	1701
client-main-current	587ee9c0	FUN_587ee9c0	62
client-main-current	587ef0c0	FUN_587ef0c0	147
client-main-current	587ef160	FUN_587ef160	28
client-main-current	587ef180	FUN_587ef180	28
client-main-current	587ef1a0	FUN_587ef1a0	78
client-main-current	587ef1f0	FUN_587ef1f0	137
client-main-current	587ef280	FUN_587ef280	168
client-main-current	587ef330	FUN_587ef330	1495
client-main-current	587ef910	FUN_587ef910	1068
client-main-current	587efd60	FUN_587efd60	9247
client-main-current	587f21e0	FUN_587f21e0	1670
client-main-current	587f2870	FUN_587f2870	201
client-main-current	587f2940	FUN_587f2940	292
client-main-current	587f2a70	FUN_587f2a70	95
client-main-current	587f2ad0	FUN_587f2ad0	757
client-main-current	587f2dd0	FUN_587f2dd0	9811
client-main-current	587f5470	FUN_587f5470	745
client-main-current	587f5760	FUN_587f5760	340
client-main-current	587f58c0	FUN_587f58c0	295
client-main-current	587f59f0	FUN_587f59f0	1225
client-main-current	587f5ee0	FUN_587f5ee0	437
client-main-current	587f60a0	FUN_587f60a0	482
client-main-current	587f62a0	FUN_587f62a0	534
client-main-current	587f64d0	FUN_587f64d0	608
client-main-current	587f6740	FUN_587f6740	608
client-main-current	587f69b0	FUN_587f69b0	639
client-main-current	587f6c40	FUN_587f6c40	947
client-main-current	587f7000	FUN_587f7000	935
client-main-current	587f73b0	FUN_587f73b0	378
client-main-current	587f7530	FUN_587f7530	2076
client-main-current	587f7e10	FUN_587f7e10	2276
client-main-current	587f8720	FUN_587f8720	55
client-main-current	587f8760	FUN_587f8760	10038
client-main-current	587faec0	FUN_587faec0	2378
client-main-current	587fb810	FUN_587fb810	1198
client-main-current	587fbcc0	FUN_587fbcc0	3303
client-main-current	587fc9c0	FUN_587fc9c0	3573
client-main-current	587fd810	FUN_587fd810	1897
client-main-current	587fd890	FUN_587fd890	6314
client-main-current	587ff150	FUN_587ff150	344
client-main-current	587ff2b0	FUN_587ff2b0	140
client-main-current	587ff340	FUN_587ff340	160
client-main-current	587ff3e0	FUN_587ff3e0	129
client-main-current	587ff470	FUN_587ff470	125
client-main-current	587ff4ed	Catch_All@587ff4ed	9
client-main-current	587ff510	FUN_587ff510	511
client-main-current	587ff710	FUN_587ff710	343
client-main-current	587ff870	FUN_587ff870	559
client-main-current	587ffaa0	FUN_587ffaa0	284
client-main-current	587ffbc0	FUN_587ffbc0	1889
client-main-current	58800360	FUN_58800360	3057
client-main-current	58800fd0	FUN_58800fd0	476
client-main-current	588011c0	FUN_588011c0	12934
client-main-current	58804460	FUN_58804460	27
client-main-current	58804480	FUN_58804480	31
client-main-current	588044a0	FUN_588044a0	46
client-main-current	588044d0	FUN_588044d0	223
client-main-current	588045b0	FUN_588045b0	33
client-main-current	588045e0	FUN_588045e0	113
client-main-current	58804680	FUN_58804680	157
client-main-current	58804720	FUN_58804720	15
client-main-current	58804740	FUN_58804740	18
client-main-current	58804770	FUN_58804770	525
client-main-current	588049c0	FUN_588049c0	115
client-main-current	58804a40	FUN_58804a40	1434
client-main-current	58804ff0	FUN_58804ff0	257
client-main-current	58805100	FUN_58805100	68
client-main-current	58805150	FUN_58805150	98
client-main-current	588051c0	FUN_588051c0	75
client-main-current	58805210	FUN_58805210	72
client-main-current	58805260	FUN_58805260	803
client-main-current	58805590	FUN_58805590	255
client-main-current	58805690	FUN_58805690	249
client-main-current	58805790	FUN_58805790	239
client-main-current	58805880	FUN_58805880	72
client-main-current	588058d0	FUN_588058d0	102
client-main-current	58805940	FUN_58805940	102
client-main-current	588059b0	FUN_588059b0	156
client-main-current	58805a60	FUN_58805a60	200
client-main-current	58805b30	FUN_58805b30	100
client-main-current	58805ba0	FUN_58805ba0	488
client-main-current	58805d90	FUN_58805d90	47
client-main-current	58805dc0	FUN_58805dc0	165
client-main-current	58805e70	FUN_58805e70	304
client-main-current	58805fc0	FUN_58805fc0	295
client-main-current	588060f0	FUN_588060f0	88
client-main-current	58806150	FUN_58806150	2532
client-main-current	58806b40	FUN_58806b40	27
client-main-current	58806b60	FUN_58806b60	720
client-main-current	58806e30	FUN_58806e30	290
client-main-current	58806f60	FUN_58806f60	1032
client-main-current	58807370	FUN_58807370	615
client-main-current	588075e0	FUN_588075e0	708
client-main-current	58807910	FUN_58807910	1070
client-main-current	58807d50	FUN_58807d50	294
client-main-current	58807e80	FUN_58807e80	440
client-main-current	58808080	FUN_58808080	2531
client-main-current	58808ad0	FUN_58808ad0	1901
client-main-current	588092f0	FUN_588092f0	1107
client-main-current	58809750	FUN_58809750	40
client-main-current	58809780	FUN_58809780	11
client-main-current	58809790	FUN_58809790	148
client-main-current	58809830	FUN_58809830	28
client-main-current	58809850	FUN_58809850	7
client-main-current	58809860	FUN_58809860	13
client-main-current	58809870	FUN_58809870	13
client-main-current	58809880	FUN_58809880	13
client-main-current	58809890	FUN_58809890	27
client-main-current	588098b0	FUN_588098b0	566
client-main-current	58809af0	FUN_58809af0	1893
client-main-current	5880a260	FUN_5880a260	1740
client-main-current	5880a940	FUN_5880a940	122
client-main-current	5880a9c0	FUN_5880a9c0	1364
client-main-current	5880af30	FUN_5880af30	91
client-main-current	5880af90	FUN_5880af90	310
client-main-current	5880b0d0	FUN_5880b0d0	876
client-main-current	5880b450	FUN_5880b450	649
client-main-current	5880b6e0	FUN_5880b6e0	301
client-main-current	5880b810	FUN_5880b810	1738
client-main-current	5880bf00	FUN_5880bf00	139
client-main-current	5880bf90	FUN_5880bf90	279
client-main-current	5880c0b0	FUN_5880c0b0	243
client-main-current	5880c1b0	FUN_5880c1b0	815
client-main-current	5880c4e0	FUN_5880c4e0	551
client-main-current	5880c710	FUN_5880c710	1388
client-main-current	5880cca0	FUN_5880cca0	1323
client-main-current	5880d1e0	FUN_5880d1e0	134
client-main-current	5880d270	FUN_5880d270	2724
client-main-current	5880dd80	FUN_5880dd80	7101
client-main-current	5880f950	FUN_5880f950	713
client-main-current	5880fc20	FUN_5880fc20	34
client-main-current	5880fc50	FUN_5880fc50	1084
client-main-current	58810090	FUN_58810090	1055
client-main-current	588104b0	FUN_588104b0	48
client-main-current	588104e0	FUN_588104e0	59
client-main-current	58810520	FUN_58810520	27
client-main-current	58810540	FUN_58810540	401
client-main-current	588106e0	FUN_588106e0	364
client-main-current	58810850	FUN_58810850	613
client-main-current	58810ac0	FUN_58810ac0	484
client-main-current	58810cb0	FUN_58810cb0	3243
client-main-current	58811960	FUN_58811960	360
client-main-current	58811ad0	FUN_58811ad0	850
client-main-current	58811e30	FUN_58811e30	822
client-main-current	58812170	FUN_58812170	7574
client-main-current	58813f10	FUN_58813f10	1383
client-main-current	58814480	FUN_58814480	306
client-main-current	588145c0	FUN_588145c0	206
client-main-current	58814690	FUN_58814690	27
client-main-current	588146b0	FUN_588146b0	60
client-main-current	588146f0	FUN_588146f0	83
client-main-current	58814750	FUN_58814750	695
client-main-current	58814a10	FUN_58814a10	830
client-main-current	58814d50	FUN_58814d50	83
client-main-current	58814db0	FUN_58814db0	130
client-main-current	58814e40	FUN_58814e40	27
client-main-current	58814e60	FUN_58814e60	78
client-main-current	58814eb0	FUN_58814eb0	86
client-main-current	58814f10	FUN_58814f10	188
client-main-current	58814fd0	FUN_58814fd0	390
client-main-current	58815160	FUN_58815160	180
client-main-current	58815220	FUN_58815220	475
client-main-current	58815400	FUN_58815400	26
client-main-current	58815420	FUN_58815420	120
client-main-current	588154a0	FUN_588154a0	905
client-main-current	58815830	FUN_58815830	27
client-main-current	58815850	FUN_58815850	127
client-main-current	588158e0	FUN_588158e0	652
client-main-current	58815b70	FUN_58815b70	269
client-main-current	58815c80	FUN_58815c80	117
client-main-current	58815d00	FUN_58815d00	262
client-main-current	58815e10	FUN_58815e10	3988
client-main-current	58816db0	FUN_58816db0	293
client-main-current	58816ee0	FUN_58816ee0	1003
client-main-current	588172d0	FUN_588172d0	1327
client-main-current	58817800	FUN_58817800	234
client-main-current	58817900	FUN_58817900	6580
client-main-current	588192d0	FUN_588192d0	223
client-main-current	588193b0	FUN_588193b0	365
client-main-current	58819530	FUN_58819530	284
client-main-current	58819650	FUN_58819650	790
client-main-current	58819980	FUN_58819980	34
client-main-current	588199b0	FUN_588199b0	34
client-main-current	588199e0	FUN_588199e0	27
client-main-current	58819a00	FUN_58819a00	112
client-main-current	58819a70	FUN_58819a70	325
client-main-current	58819bc0	FUN_58819bc0	86
client-main-current	58819c20	FUN_58819c20	77
client-main-current	58819c70	FUN_58819c70	1641
client-main-current	5881a2e0	FUN_5881a2e0	827
client-main-current	5881a650	FUN_5881a650	49
client-main-current	5881a690	FUN_5881a690	195
client-main-current	5881a760	FUN_5881a760	155
client-main-current	5881a800	FUN_5881a800	143
client-main-current	5881a890	FUN_5881a890	27
client-main-current	5881a8b0	FUN_5881a8b0	634
client-main-current	5881ab30	FUN_5881ab30	880
client-main-current	5881aec0	FUN_5881aec0	519
client-main-current	5881b0d0	FUN_5881b0d0	130
client-main-current	5881b160	FUN_5881b160	27
client-main-current	5881b180	FUN_5881b180	876
client-main-current	5881b4f0	FUN_5881b4f0	15
client-main-current	5881b500	FUN_5881b500	287
client-main-current	5881b620	FUN_5881b620	130
client-main-current	5881b6b0	FUN_5881b6b0	27
client-main-current	5881b6d0	FUN_5881b6d0	656
client-main-current	5881b960	FUN_5881b960	253
client-main-current	5881ba60	FUN_5881ba60	317
client-main-current	5881bba0	FUN_5881bba0	315
client-main-current	5881bd00	FUN_5881bd00	27
client-main-current	5881bd20	FUN_5881bd20	155
client-main-current	5881bdc0	FUN_5881bdc0	40
client-main-current	5881bdf0	FUN_5881bdf0	193
client-main-current	5881bec0	FUN_5881bec0	257
client-main-current	5881bfd0	FUN_5881bfd0	198
client-main-current	5881c0a0	FUN_5881c0a0	819
client-main-current	5881c3e0	FUN_5881c3e0	844
client-main-current	5881c730	FUN_5881c730	2549
client-main-current	5881d130	FUN_5881d130	127
client-main-current	5881d1b0	FUN_5881d1b0	88
client-main-current	5881d210	FUN_5881d210	533
client-main-current	5881d430	FUN_5881d430	208
client-main-current	5881d500	FUN_5881d500	27
client-main-current	5881d520	FUN_5881d520	67
client-main-current	5881d570	FUN_5881d570	915
client-main-current	5881d910	FUN_5881d910	232
client-main-current	5881da00	FUN_5881da00	33
client-main-current	5881da30	FUN_5881da30	64
client-main-current	5881da70	FUN_5881da70	200
client-main-current	5881db40	FUN_5881db40	84
client-main-current	5881dba0	FUN_5881dba0	63
client-main-current	5881dbe0	FUN_5881dbe0	37
client-main-current	5881dc10	FUN_5881dc10	26
client-main-current	5881dc30	FUN_5881dc30	166
client-main-current	5881dce0	FUN_5881dce0	138
client-main-current	5881dd70	FUN_5881dd70	85
client-main-current	5881ddd0	FUN_5881ddd0	27
client-main-current	5881ddf0	FUN_5881ddf0	27
client-main-current	5881de10	FUN_5881de10	306
client-main-current	5881df50	FUN_5881df50	452
client-main-current	5881e120	FUN_5881e120	442
client-main-current	5881e2e0	FUN_5881e2e0	322
client-main-current	5881e430	FUN_5881e430	102
client-main-current	5881e4a0	FUN_5881e4a0	461
client-main-current	5881e670	FUN_5881e670	161
client-main-current	5881e720	FUN_5881e720	56
client-main-current	5881e760	FUN_5881e760	56
client-main-current	5881e7a0	FUN_5881e7a0	44
client-main-current	5881e7d0	FUN_5881e7d0	1408
client-main-current	5881ed70	FUN_5881ed70	550
client-main-current	5881efa0	FUN_5881efa0	674
client-main-current	5881f250	FUN_5881f250	156
client-main-current	5881f2f0	FUN_5881f2f0	222
client-main-current	5881f3d0	FUN_5881f3d0	1752
client-main-current	5881fab0	FUN_5881fab0	504
client-main-current	5881fcc0	FUN_5881fcc0	278
client-main-current	5881fde0	FUN_5881fde0	91
client-main-current	5881fe40	FUN_5881fe40	27
client-main-current	5881fe60	FUN_5881fe60	78
client-main-current	5881feb0	FUN_5881feb0	820
client-main-current	588201f0	FUN_588201f0	591
client-main-current	58820440	FUN_58820440	285
client-main-current	58820560	FUN_58820560	117
client-main-current	588205f0	FUN_588205f0	173
client-main-current	588206a0	FUN_588206a0	76
client-main-current	588206f0	FUN_588206f0	1968
client-main-current	58820ea0	FUN_58820ea0	91
client-main-current	58820f00	FUN_58820f00	99
client-main-current	58820f70	FUN_58820f70	59
client-main-current	58820fb0	FUN_58820fb0	827
client-main-current	588212f0	FUN_588212f0	58
client-main-current	58821330	FUN_58821330	35
client-main-current	58821360	FUN_58821360	278
client-main-current	58821480	FUN_58821480	292
client-main-current	588215b0	FUN_588215b0	27
client-main-current	588215d0	FUN_588215d0	794
client-main-current	58821900	FUN_58821900	579
client-main-current	58821b50	FUN_58821b50	274
client-main-current	58821c70	FUN_58821c70	89
client-main-current	58821ce0	FUN_58821ce0	199
client-main-current	58821db0	FUN_58821db0	79
client-main-current	58821e00	FUN_58821e00	1952
client-main-current	588225a0	FUN_588225a0	89
client-main-current	58822600	FUN_58822600	99
client-main-current	58822670	FUN_58822670	190
client-main-current	58822730	FUN_58822730	855
client-main-current	58822a90	FUN_58822a90	58
client-main-current	58822ad0	FUN_58822ad0	35
client-main-current	58822b00	FUN_58822b00	326
client-main-current	58822c50	FUN_58822c50	178
client-main-current	58822d20	FUN_58822d20	27
client-main-current	58822d40	FUN_58822d40	367
client-main-current	58822ec0	FUN_58822ec0	73
client-main-current	58822f10	FUN_58822f10	500
client-main-current	58823110	FUN_58823110	142
client-main-current	588231a0	FUN_588231a0	44
client-main-current	588231d0	FUN_588231d0	55
client-main-current	58823210	FUN_58823210	93
client-main-current	58823270	FUN_58823270	1756
client-main-current	58823950	FUN_58823950	926
client-main-current	58823d10	FUN_58823d10	415
client-main-current	58823eb0	FUN_58823eb0	129
client-main-current	58823f40	FUN_58823f40	1728
client-main-current	58824610	FUN_58824610	23
client-main-current	58824630	FUN_58824630	55
client-main-current	58824680	FUN_58824680	27
client-main-current	588246a0	FUN_588246a0	62
client-main-current	588246e0	FUN_588246e0	195
client-main-current	588247b0	FUN_588247b0	142
client-main-current	58824850	FUN_58824850	263
client-main-current	58824970	FUN_58824970	9635
client-main-current	58826f20	FUN_58826f20	51
client-main-current	58826f60	FUN_58826f60	221
client-main-current	58827040	FUN_58827040	38
client-main-current	58827070	FUN_58827070	401
client-main-current	58827210	FUN_58827210	177
client-main-current	588272d0	FUN_588272d0	821
client-main-current	58827610	FUN_58827610	1398
client-main-current	58827b90	FUN_58827b90	58
client-main-current	58827bd0	FUN_58827bd0	68
client-main-current	58827c20	FUN_58827c20	24
client-main-current	58827c40	FUN_58827c40	37
client-main-current	58827c70	FUN_58827c70	71
client-main-current	58827cc0	FUN_58827cc0	24
client-main-current	58827ce0	FUN_58827ce0	37
client-main-current	58827d10	FUN_58827d10	461
client-main-current	58827ef0	FUN_58827ef0	569
client-main-current	58828130	FUN_58828130	98
client-main-current	588281a0	FUN_588281a0	161
client-main-current	58828250	FUN_58828250	32
client-main-current	58828270	FUN_58828270	645
client-main-current	58828500	FUN_58828500	176
client-main-current	588285b0	FUN_588285b0	1321
client-main-current	58828b00	FUN_58828b00	92
client-main-current	58828b60	FUN_58828b60	115
client-main-current	58828be0	FUN_58828be0	206
client-main-current	58828cb0	FUN_58828cb0	232
client-main-current	58828da0	FUN_58828da0	23
client-main-current	58828dc0	FUN_58828dc0	38
client-main-current	58828df0	FUN_58828df0	537
client-main-current	58829010	FUN_58829010	211
client-main-current	588290f0	FUN_588290f0	877
client-main-current	58829460	FUN_58829460	509
client-main-current	58829670	FUN_58829670	21
client-main-current	58829690	FUN_58829690	27
client-main-current	588296b0	FUN_588296b0	1154
client-main-current	58829b40	FUN_58829b40	148
client-main-current	58829be0	FUN_58829be0	1490
client-main-current	5882a1c0	FUN_5882a1c0	593
client-main-current	5882a420	FUN_5882a420	603
client-main-current	5882a680	FUN_5882a680	169
client-main-current	5882a730	FUN_5882a730	2305
client-main-current	5882b040	FUN_5882b040	753
client-main-current	5882b340	FUN_5882b340	443
client-main-current	5882b500	FUN_5882b500	1122
client-main-current	5882b970	FUN_5882b970	114
client-main-current	5882b9f0	FUN_5882b9f0	13
client-main-current	5882ba00	FUN_5882ba00	408
client-main-current	5882bba0	FUN_5882bba0	328
client-main-current	5882bcf0	FUN_5882bcf0	275
client-main-current	5882be10	FUN_5882be10	222
client-main-current	5882bef0	FUN_5882bef0	65
client-main-current	5882bf40	FUN_5882bf40	27
client-main-current	5882bf60	FUN_5882bf60	209
client-main-current	5882c040	FUN_5882c040	718
client-main-current	5882c310	FUN_5882c310	176
client-main-current	5882c3d0	FUN_5882c3d0	178
client-main-current	5882c490	FUN_5882c490	185
client-main-current	5882c550	FUN_5882c550	267
client-main-current	5882c660	FUN_5882c660	188
client-main-current	5882c720	FUN_5882c720	192
client-main-current	5882c7e0	FUN_5882c7e0	341
client-main-current	5882c940	FUN_5882c940	307
client-main-current	5882ca80	FUN_5882ca80	301
client-main-current	5882cbc0	FUN_5882cbc0	557
client-main-current	5882cdf0	FUN_5882cdf0	427
client-main-current	5882cfa0	FUN_5882cfa0	433
client-main-current	5882d160	FUN_5882d160	136
client-main-current	5882d1f0	FUN_5882d1f0	5235
client-main-current	5882e670	FUN_5882e670	1070
client-main-current	5882eaa0	FUN_5882eaa0	471
client-main-current	5882ec80	FUN_5882ec80	776
client-main-current	5882ef90	FUN_5882ef90	111
client-main-current	5882f000	FUN_5882f000	78
client-main-current	5882f050	FUN_5882f050	42
client-main-current	5882f080	FUN_5882f080	43
client-main-current	5882f0b0	FUN_5882f0b0	4
client-main-current	5882f0c0	FUN_5882f0c0	13
client-main-current	5882f0d0	FUN_5882f0d0	120
client-main-current	5882f150	FUN_5882f150	246
client-main-current	5882f250	FUN_5882f250	27
client-main-current	5882f270	FUN_5882f270	222
client-main-current	5882f350	FUN_5882f350	222
client-main-current	5882f430	FUN_5882f430	256
client-main-current	5882f530	FUN_5882f530	172
client-main-current	5882f5e0	FUN_5882f5e0	1653
client-main-current	5882fc60	FUN_5882fc60	931
client-main-current	58830010	FUN_58830010	617
client-main-current	58830280	FUN_58830280	617
client-main-current	588304f0	FUN_588304f0	4587
client-main-current	588316e0	FUN_588316e0	517
client-main-current	588318f0	FUN_588318f0	27
client-main-current	58831910	FUN_58831910	140
client-main-current	58831ae0	FUN_58831ae0	163
client-main-current	58831b90	FUN_58831b90	154
client-main-current	58831c30	FUN_58831c30	589
client-main-current	58831d50	FUN_58831d50	203
client-main-current	58831e20	FUN_58831e20	168
client-main-current	58831ed0	FUN_58831ed0	2805
client-main-current	588329d0	FUN_588329d0	796
client-main-current	58832cf0	FUN_58832cf0	2126
client-main-current	58833550	FUN_58833550	237
client-main-current	58833640	FUN_58833640	56
client-main-current	58833680	FUN_58833680	65
client-main-current	588336d0	FUN_588336d0	27
client-main-current	588336f0	FUN_588336f0	172
client-main-current	588337a0	FUN_588337a0	316
client-main-current	588338e0	FUN_588338e0	69
client-main-current	58833930	FUN_58833930	69
client-main-current	58833980	FUN_58833980	998
client-main-current	58833d70	FUN_58833d70	169
client-main-current	58833e20	FUN_58833e20	28
client-main-current	58833e40	FUN_58833e40	43
client-main-current	58833e70	FUN_58833e70	329
client-main-current	58833fc0	FUN_58833fc0	39
client-main-current	58833ff0	FUN_58833ff0	13
client-main-current	58834000	FUN_58834000	25
client-main-current	58834020	FUN_58834020	7
client-main-current	58834030	FUN_58834030	230
client-main-current	58834120	FUN_58834120	101
client-main-current	58834190	FUN_58834190	188
client-main-current	58834250	FUN_58834250	68
client-main-current	588342a0	FUN_588342a0	86
client-main-current	58834300	FUN_58834300	74
client-main-current	58834350	FUN_58834350	80
client-main-current	588343b0	FUN_588343b0	350
client-main-current	58834520	FUN_58834520	246
client-main-current	58834620	FUN_58834620	41
client-main-current	58834650	FUN_58834650	48
client-main-current	58834680	FUN_58834680	1017
client-main-current	58834aa0	FUN_58834aa0	43
client-main-current	58834ad0	FUN_58834ad0	46
client-main-current	58834b00	FUN_58834b00	43
client-main-current	58834b30	FUN_58834b30	141
client-main-current	58834bc0	FUN_58834bc0	58
client-main-current	58834c00	FUN_58834c00	1793
client-main-current	58835370	FUN_58835370	1314
client-main-current	588358d0	FUN_588358d0	44
client-main-current	58835900	FUN_58835900	27
client-main-current	58835920	FUN_58835920	236
client-main-current	58835a10	FUN_58835a10	270
client-main-current	58835b30	FUN_58835b30	270
client-main-current	58835c50	FUN_58835c50	158
client-main-current	58835cf0	FUN_58835cf0	612
client-main-current	58835e73	Catch_All@58835e73	9
client-main-current	58835f70	FUN_58835f70	2430
client-main-current	58836900	FUN_58836900	255
client-main-current	58836a02	Catch_All@58836a02	9
client-main-current	58836a20	FUN_58836a20	202
client-main-current	58836af0	FUN_58836af0	158
client-main-current	58836b90	FUN_58836b90	8448
client-main-current	58838cb0	FUN_58838cb0	1279
client-main-current	588391b0	FUN_588391b0	677
client-main-current	58839460	FUN_58839460	649
client-main-current	588396f0	FUN_588396f0	28
client-main-current	58839710	FUN_58839710	25
client-main-current	58839730	FUN_58839730	339
client-main-current	58839890	FUN_58839890	188
client-main-current	58839950	FUN_58839950	68
client-main-current	588399a0	FUN_588399a0	471
client-main-current	58839b80	FUN_58839b80	356
client-main-current	58839cf0	FUN_58839cf0	573
client-main-current	58839f30	FUN_58839f30	101
client-main-current	58839fa0	FUN_58839fa0	246
client-main-current	5883a0a0	FUN_5883a0a0	1034
client-main-current	5883a4d0	FUN_5883a4d0	1961
client-main-current	5883acb0	FUN_5883acb0	27
client-main-current	5883acd0	FUN_5883acd0	1714
client-main-current	5883b3b0	FUN_5883b3b0	236
client-main-current	5883b4a0	FUN_5883b4a0	90
client-main-current	5883b500	FUN_5883b500	1758
client-main-current	5883bbe0	FUN_5883bbe0	8711
client-main-current	5883ddf0	FUN_5883ddf0	384
client-main-current	5883df70	FUN_5883df70	209
client-main-current	5883e050	FUN_5883e050	27
client-main-current	5883e070	FUN_5883e070	91
client-main-current	5883e0d0	FUN_5883e0d0	180
client-main-current	5883e190	FUN_5883e190	117
client-main-current	5883e210	FUN_5883e210	273
client-main-current	5883e330	FUN_5883e330	190
client-main-current	5883e3f0	FUN_5883e3f0	949
client-main-current	5883e7b0	FUN_5883e7b0	657
client-main-current	5883ea50	FUN_5883ea50	90
client-main-current	5883eab0	FUN_5883eab0	137
client-main-current	5883eb40	FUN_5883eb40	79
client-main-current	5883eb90	FUN_5883eb90	321
client-main-current	5883ece0	FUN_5883ece0	27
client-main-current	5883ed00	FUN_5883ed00	670
client-main-current	5883efa0	FUN_5883efa0	148
client-main-current	5883f040	FUN_5883f040	148
client-main-current	5883f0e0	FUN_5883f0e0	580
client-main-current	5883f330	FUN_5883f330	35
client-main-current	5883f360	FUN_5883f360	166
client-main-current	5883f410	FUN_5883f410	171
client-main-current	5883f4c0	FUN_5883f4c0	4619
client-main-current	588406d0	FUN_588406d0	447
client-main-current	58840890	FUN_58840890	3723
client-main-current	58841720	FUN_58841720	926
client-main-current	58841af0	FUN_58841af0	1025
client-main-current	58841f00	FUN_58841f00	602
client-main-current	58842160	FUN_58842160	38
client-main-current	58842190	FUN_58842190	38
client-main-current	588421c0	FUN_588421c0	26
client-main-current	588421e0	FUN_588421e0	27
client-main-current	58842200	FUN_58842200	717
client-main-current	588424d0	FUN_588424d0	649
client-main-current	58842780	FUN_58842780	343
client-main-current	588428e0	FUN_588428e0	148
client-main-current	58842980	FUN_58842980	111
client-main-current	588429f0	FUN_588429f0	279
client-main-current	58842b10	FUN_58842b10	649
client-main-current	58842dc0	FUN_58842dc0	293
client-main-current	58842ef0	FUN_58842ef0	101
client-main-current	58842f60	FUN_58842f60	69
client-main-current	58842fb0	FUN_58842fb0	69
client-main-current	58843000	FUN_58843000	92
client-main-current	58843060	FUN_58843060	295
client-main-current	58843190	FUN_58843190	106
client-main-current	58843200	FUN_58843200	213
client-main-current	588432e0	FUN_588432e0	148
client-main-current	58843380	FUN_58843380	6408
client-main-current	58844ca0	FUN_58844ca0	566
client-main-current	58844ef0	FUN_58844ef0	444
client-main-current	588450b0	FUN_588450b0	5567
client-main-current	58846680	FUN_58846680	1103
client-main-current	58846b00	FUN_58846b00	205
client-main-current	58846bd0	FUN_58846bd0	242
client-main-current	58846cd0	FUN_58846cd0	395
client-main-current	58846e60	FUN_58846e60	31
client-main-current	58846e80	FUN_58846e80	27
client-main-current	58846ea0	FUN_58846ea0	60
client-main-current	58846ee0	FUN_58846ee0	137
client-main-current	58846f70	FUN_58846f70	548
client-main-current	588471a0	FUN_588471a0	52
client-main-current	588471e0	FUN_588471e0	1310
client-main-current	58847770	FUN_58847770	718
client-main-current	58847a50	FUN_58847a50	88
client-main-current	58847ab0	FUN_58847ab0	1850
client-main-current	588481f0	FUN_588481f0	75
client-main-current	58848240	FUN_58848240	310
client-main-current	58848380	FUN_58848380	69
client-main-current	588483d0	FUN_588483d0	69
client-main-current	58848420	FUN_58848420	37
client-main-current	58848450	FUN_58848450	215
client-main-current	58848530	FUN_58848530	215
client-main-current	58848610	FUN_58848610	97
client-main-current	58848680	FUN_58848680	90
client-main-current	588486e0	FUN_588486e0	383
client-main-current	58848870	FUN_58848870	347
client-main-current	588489e0	FUN_588489e0	28
client-main-current	58848a00	FUN_58848a00	92
client-main-current	58848a60	FUN_58848a60	42
client-main-current	58848a90	FUN_58848a90	42
client-main-current	58848ac0	FUN_58848ac0	121
client-main-current	58848b40	FUN_58848b40	77
client-main-current	58848b90	FUN_58848b90	44
client-main-current	58848bc0	FUN_58848bc0	663
client-main-current	58848e60	FUN_58848e60	652
client-main-current	588490f0	FUN_588490f0	283
client-main-current	58849210	FUN_58849210	294
client-main-current	58849340	FUN_58849340	30
client-main-current	58849360	FUN_58849360	213
client-main-current	58849440	FUN_58849440	242
client-main-current	58849540	FUN_58849540	569
client-main-current	588497e0	FUN_588497e0	27
client-main-current	58849800	FUN_58849800	205
client-main-current	588498e0	FUN_588498e0	150
client-main-current	58849980	FUN_58849980	92
client-main-current	588499e0	FUN_588499e0	208
client-main-current	58849ab0	FUN_58849ab0	184
client-main-current	58849b70	FUN_58849b70	2573
client-main-current	5884a580	FUN_5884a580	128
client-main-current	5884a600	FUN_5884a600	532
client-main-current	5884a820	FUN_5884a820	871
client-main-current	5884ab90	FUN_5884ab90	1736
client-main-current	5884b280	FUN_5884b280	339
client-main-current	5884b3e0	FUN_5884b3e0	230
client-main-current	5884b4d0	FUN_5884b4d0	27
client-main-current	5884b4f0	FUN_5884b4f0	139
client-main-current	5884b580	FUN_5884b580	157
client-main-current	5884b620	FUN_5884b620	629
client-main-current	5884b8a0	FUN_5884b8a0	1081
client-main-current	5884bce0	FUN_5884bce0	529
client-main-current	5884bf00	FUN_5884bf00	1013
client-main-current	5884c300	FUN_5884c300	43
client-main-current	5884c330	FUN_5884c330	439
client-main-current	5884c4f0	FUN_5884c4f0	248
client-main-current	5884c5f0	FUN_5884c5f0	35
client-main-current	5884c620	FUN_5884c620	27
client-main-current	5884c640	FUN_5884c640	670
client-main-current	5884c8e0	FUN_5884c8e0	384
client-main-current	5884ca60	FUN_5884ca60	1298
client-main-current	5884cf80	FUN_5884cf80	117
client-main-current	5884d000	FUN_5884d000	809
client-main-current	5884d340	FUN_5884d340	182
client-main-current	5884d400	FUN_5884d400	27
client-main-current	5884d420	FUN_5884d420	441
client-main-current	5884d5e0	FUN_5884d5e0	76
client-main-current	5884d630	FUN_5884d630	567
client-main-current	5884d870	FUN_5884d870	118
client-main-current	5884d8f0	FUN_5884d8f0	479
client-main-current	5884dad0	FUN_5884dad0	484
client-main-current	5884dcc0	FUN_5884dcc0	52
client-main-current	5884dd00	FUN_5884dd00	30
client-main-current	5884dd20	FUN_5884dd20	579
client-main-current	5884df70	FUN_5884df70	590
client-main-current	5884e1c0	FUN_5884e1c0	74
client-main-current	5884e210	FUN_5884e210	512
client-main-current	5884e410	FUN_5884e410	195
client-main-current	5884e4e0	FUN_5884e4e0	31
client-main-current	5884e500	FUN_5884e500	316
client-main-current	5884e640	FUN_5884e640	71
client-main-current	5884e690	FUN_5884e690	2583
client-main-current	5884f0b0	FUN_5884f0b0	344
client-main-current	5884f210	FUN_5884f210	239
client-main-current	5884f300	FUN_5884f300	27
client-main-current	5884f320	FUN_5884f320	89
client-main-current	5884f380	FUN_5884f380	58
client-main-current	5884f3c0	FUN_5884f3c0	93
client-main-current	5884f420	FUN_5884f420	189
client-main-current	5884f4e0	FUN_5884f4e0	2068
client-main-current	5884fd00	FUN_5884fd00	38
client-main-current	5884fd30	FUN_5884fd30	1406
client-main-current	588502c0	FUN_588502c0	471
client-main-current	588504a0	FUN_588504a0	30
client-main-current	588504c0	FUN_588504c0	1360
client-main-current	58850a70	FUN_58850a70	5933
client-main-current	588522b0	FUN_588522b0	2583
client-main-current	58852cd0	FUN_58852cd0	58
client-main-current	58852d10	FUN_58852d10	80
client-main-current	58852d60	FUN_58852d60	673
client-main-current	58853010	FUN_58853010	540
client-main-current	58853230	FUN_58853230	817
client-main-current	58853570	FUN_58853570	140
client-main-current	58853600	FUN_58853600	13
client-main-current	58853610	FUN_58853610	133
client-main-current	588536a0	FUN_588536a0	30
client-main-current	588536c0	FUN_588536c0	414
client-main-current	58853870	FUN_58853870	262
client-main-current	58853980	FUN_58853980	117
client-main-current	58853a00	FUN_58853a00	36
client-main-current	58853a30	FUN_58853a30	300
client-main-current	58853b60	FUN_58853b60	43
client-main-current	58853b90	FUN_58853b90	130
client-main-current	58853c20	FUN_58853c20	763
client-main-current	58853f20	FUN_58853f20	102
client-main-current	58853f90	FUN_58853f90	461
client-main-current	58854160	FUN_58854160	112
client-main-current	588541d0	FUN_588541d0	93
client-main-current	58854230	FUN_58854230	111
client-main-current	588542a0	FUN_588542a0	81
client-main-current	58854300	FUN_58854300	131
client-main-current	58854390	FUN_58854390	174
client-main-current	58854440	FUN_58854440	378
client-main-current	588545c0	FUN_588545c0	1073
client-main-current	58854a00	FUN_58854a00	6126
client-main-current	588561f0	FUN_588561f0	880
client-main-current	58856560	FUN_58856560	2344
client-main-current	58857020	FUN_58857020	2070
client-main-current	58857850	FUN_58857850	1519
client-main-current	58857e40	FUN_58857e40	114
client-main-current	58857ec0	FUN_58857ec0	54
client-main-current	58857f00	FUN_58857f00	3
client-main-current	58857f10	FUN_58857f10	27
client-main-current	58857f30	FUN_58857f30	256
client-main-current	58858030	FUN_58858030	814
client-main-current	58858360	FUN_58858360	61
client-main-current	588583a0	FUN_588583a0	36
client-main-current	588583d0	FUN_588583d0	51
client-main-current	58858410	FUN_58858410	51
client-main-current	58858450	FUN_58858450	18
client-main-current	58858470	FUN_58858470	42
client-main-current	588584a0	FUN_588584a0	71
client-main-current	588584f0	FUN_588584f0	91
client-main-current	58858550	FUN_58858550	59
client-main-current	58858590	FUN_58858590	59
client-main-current	588585d0	FUN_588585d0	126
client-main-current	58858650	FUN_58858650	19
client-main-current	58858670	FUN_58858670	27
client-main-current	58858690	FUN_58858690	292
client-main-current	588587c0	FUN_588587c0	741
client-main-current	58858ab0	FUN_58858ab0	287
client-main-current	58858bd0	FUN_58858bd0	533
client-main-current	58858ed0	FUN_58858ed0	75
client-main-current	58858f20	FUN_58858f20	335
client-main-current	58859070	FUN_58859070	584
client-main-current	588592c0	FUN_588592c0	1307
client-main-current	588597f0	FUN_588597f0	677
client-main-current	58859aa0	FUN_58859aa0	269
client-main-current	58859bb0	FUN_58859bb0	261
client-main-current	58859cc0	FUN_58859cc0	265
client-main-current	58859dd0	FUN_58859dd0	1099
client-main-current	5885a220	FUN_5885a220	283
client-main-current	5885a340	FUN_5885a340	288
client-main-current	5885a460	FUN_5885a460	1494
client-main-current	5885aaa0	FUN_5885aaa0	4161
client-main-current	5885baf0	FUN_5885baf0	1347
client-main-current	5885c060	FUN_5885c060	228
client-main-current	5885c150	FUN_5885c150	158
client-main-current	5885c1f0	FUN_5885c1f0	44
client-main-current	5885c220	FUN_5885c220	27
client-main-current	5885c240	FUN_5885c240	70
client-main-current	5885c290	FUN_5885c290	79
client-main-current	5885c2e0	FUN_5885c2e0	529
client-main-current	5885c500	FUN_5885c500	84
client-main-current	5885c560	FUN_5885c560	641
client-main-current	5885c7f0	FUN_5885c7f0	197
client-main-current	5885c8c0	FUN_5885c8c0	589
client-main-current	5885cb10	FUN_5885cb10	46
client-main-current	5885cb40	FUN_5885cb40	27
client-main-current	5885cb60	FUN_5885cb60	761
client-main-current	5885ce60	FUN_5885ce60	296
client-main-current	5885cf90	FUN_5885cf90	162
client-main-current	5885d040	FUN_5885d040	306
client-main-current	5885d180	FUN_5885d180	506
client-main-current	5885d380	FUN_5885d380	4086
client-main-current	5885e380	FUN_5885e380	642
client-main-current	5885e610	FUN_5885e610	1000
client-main-current	5885ea00	FUN_5885ea00	31
client-main-current	5885ea20	FUN_5885ea20	46
client-main-current	5885ea50	FUN_5885ea50	58
client-main-current	5885ea90	FUN_5885ea90	48
client-main-current	5885eac0	FUN_5885eac0	13
client-main-current	5885ead0	FUN_5885ead0	18
client-main-current	5885eaf0	FUN_5885eaf0	61
client-main-current	5885eb30	FUN_5885eb30	36
client-main-current	5885eb60	FUN_5885eb60	51
client-main-current	5885eba0	FUN_5885eba0	51
client-main-current	5885ebe0	FUN_5885ebe0	42
client-main-current	5885ec10	FUN_5885ec10	71
client-main-current	5885ec60	FUN_5885ec60	91
client-main-current	5885ecc0	FUN_5885ecc0	79
client-main-current	5885ed10	FUN_5885ed10	59
client-main-current	5885ed50	FUN_5885ed50	59
client-main-current	5885ed90	FUN_5885ed90	19
client-main-current	5885edb0	FUN_5885edb0	27
client-main-current	5885edd0	FUN_5885edd0	188
client-main-current	5885ee90	FUN_5885ee90	1277
client-main-current	5885f3a0	FUN_5885f3a0	100
client-main-current	5885f410	FUN_5885f410	1190
client-main-current	5885f8c0	FUN_5885f8c0	77
client-main-current	5885f910	FUN_5885f910	336
client-main-current	5885fa60	FUN_5885fa60	287
client-main-current	5885fb80	FUN_5885fb80	182
client-main-current	5885fc40	FUN_5885fc40	365
client-main-current	5885fdc0	FUN_5885fdc0	198
client-main-current	5885fe90	FUN_5885fe90	162
client-main-current	5885ff40	FUN_5885ff40	38
client-main-current	5885ff70	FUN_5885ff70	181
client-main-current	58860030	FUN_58860030	64
client-main-current	58860070	FUN_58860070	571
client-main-current	58860370	FUN_58860370	75
client-main-current	588603c0	FUN_588603c0	370
client-main-current	58860540	FUN_58860540	257
client-main-current	58860650	FUN_58860650	335
client-main-current	588607a0	FUN_588607a0	577
client-main-current	588609f0	FUN_588609f0	4843
client-main-current	58861ce0	FUN_58861ce0	569
client-main-current	58861f40	FUN_58861f40	1298
client-main-current	58862460	FUN_58862460	577
client-main-current	588626b0	FUN_588626b0	259
client-main-current	588627c0	FUN_588627c0	261
client-main-current	588628d0	FUN_588628d0	1137
client-main-current	58862d50	FUN_58862d50	319
client-main-current	58862e90	FUN_58862e90	265
client-main-current	58862fa0	FUN_58862fa0	838
client-main-current	58863310	FUN_58863310	158
client-main-current	588633b0	FUN_588633b0	20
client-main-current	588633d0	FUN_588633d0	105
client-main-current	58863440	FUN_58863440	27
client-main-current	58863460	FUN_58863460	65
client-main-current	588634b0	FUN_588634b0	19
client-main-current	588634d0	FUN_588634d0	78
client-main-current	58863520	FUN_58863520	19
client-main-current	58863540	FUN_58863540	667
client-main-current	588637e0	FUN_588637e0	237
client-main-current	588638d0	FUN_588638d0	682
client-main-current	58863be0	FUN_58863be0	27
client-main-current	58863c00	FUN_58863c00	337
client-main-current	58863d00	FUN_58863d00	276
client-main-current	58863e20	FUN_58863e20	55
client-main-current	58863e60	FUN_58863e60	332
client-main-current	58863fd0	FUN_58863fd0	4087
client-main-current	58864fd0	FUN_58864fd0	6071
client-main-current	588667a0	FUN_588667a0	72
client-main-current	588667f0	FUN_588667f0	144
client-main-current	58866880	FUN_58866880	4864
client-main-current	58867b90	FUN_58867b90	687
client-main-current	58867e40	FUN_58867e40	61
client-main-current	58867e80	FUN_58867e80	30
client-main-current	58867ea0	FUN_58867ea0	27
client-main-current	58867ec0	FUN_58867ec0	370
client-main-current	58868040	FUN_58868040	198
client-main-current	58868110	FUN_58868110	2276
client-main-current	58868a00	FUN_58868a00	278
client-main-current	58868b20	FUN_58868b20	19
client-main-current	58868b40	FUN_58868b40	4527
client-main-current	58869cf0	FUN_58869cf0	264
client-main-current	58869e00	FUN_58869e00	300
client-main-current	58869f50	FUN_58869f50	152
client-main-current	58869ff0	FUN_58869ff0	325
client-main-current	5886a140	FUN_5886a140	27
client-main-current	5886a160	FUN_5886a160	401
client-main-current	5886a300	FUN_5886a300	156
client-main-current	5886a3a0	FUN_5886a3a0	291
client-main-current	5886a4d0	FUN_5886a4d0	439
client-main-current	5886a690	FUN_5886a690	1693
client-main-current	5886ad30	FUN_5886ad30	759
client-main-current	5886b030	FUN_5886b030	179
client-main-current	5886b0f0	FUN_5886b0f0	273
client-main-current	5886b210	FUN_5886b210	248
client-main-current	5886b310	FUN_5886b310	41
client-main-current	5886b340	FUN_5886b340	120
client-main-current	5886b3c0	FUN_5886b3c0	33
client-main-current	5886b3f0	FUN_5886b3f0	115
client-main-current	5886b470	FUN_5886b470	1072
client-main-current	5886b8a0	FUN_5886b8a0	48
client-main-current	5886b8d0	FUN_5886b8d0	27
client-main-current	5886b8f0	FUN_5886b8f0	181
client-main-current	5886b9b0	FUN_5886b9b0	169
client-main-current	5886ba60	FUN_5886ba60	8814
client-main-current	5886dcf0	FUN_5886dcf0	162
client-main-current	5886dda0	FUN_5886dda0	8699
client-main-current	5886ffa0	FUN_5886ffa0	23
client-main-current	5886ffc0	FUN_5886ffc0	368
client-main-current	58870130	FUN_58870130	60
client-main-current	58870170	FUN_58870170	27
client-main-current	58870190	FUN_58870190	281
client-main-current	588702b0	FUN_588702b0	1524
client-main-current	588708b0	FUN_588708b0	2521
client-main-current	58871290	FUN_58871290	1485
client-main-current	58871870	FUN_58871870	273
client-main-current	58871990	FUN_58871990	26
client-main-current	588719b0	FUN_588719b0	710
client-main-current	58871c80	FUN_58871c80	86
client-main-current	58871ce0	FUN_58871ce0	27
client-main-current	58871d00	FUN_58871d00	95
client-main-current	58871d60	FUN_58871d60	114
client-main-current	58871de0	FUN_58871de0	385
client-main-current	58871f70	FUN_58871f70	33
client-main-current	58871fa0	FUN_58871fa0	130
client-main-current	58872030	FUN_58872030	4094
client-main-current	58873030	FUN_58873030	187
client-main-current	588730f0	FUN_588730f0	519
client-main-current	58873300	FUN_58873300	850
client-main-current	58873660	FUN_58873660	218
client-main-current	58873740	FUN_58873740	284
client-main-current	58873860	FUN_58873860	202
client-main-current	58873930	FUN_58873930	331
client-main-current	58873a80	FUN_58873a80	173
client-main-current	58873b40	FUN_58873b40	76
client-main-current	58873b90	FUN_58873b90	184
client-main-current	58873c50	FUN_58873c50	46
client-main-current	58873c80	FUN_58873c80	298
client-main-current	58873dc0	FUN_58873dc0	540
client-main-current	58873fe0	FUN_58873fe0	176
client-main-current	58874090	FUN_58874090	27
client-main-current	588740b0	FUN_588740b0	141
client-main-current	58874140	FUN_58874140	135
client-main-current	588741d0	FUN_588741d0	133
client-main-current	58874260	FUN_58874260	172
client-main-current	58874310	FUN_58874310	266
client-main-current	58874420	FUN_58874420	921
client-main-current	588747c0	FUN_588747c0	402
client-main-current	58874960	FUN_58874960	235
client-main-current	58874a50	FUN_58874a50	149
client-main-current	58874af0	FUN_58874af0	34
client-main-current	58874b20	FUN_58874b20	27
client-main-current	58874b40	FUN_58874b40	896
client-main-current	58874ef0	FUN_58874ef0	472
client-main-current	588750d0	FUN_588750d0	185
client-main-current	58875190	FUN_58875190	317
client-main-current	588752d0	FUN_588752d0	695
client-main-current	58875590	FUN_58875590	632
client-main-current	58875810	FUN_58875810	27
client-main-current	58875830	FUN_58875830	639
client-main-current	58875ac0	FUN_58875ac0	3152
client-main-current	58876710	FUN_58876710	122
client-main-current	58876790	FUN_58876790	130
client-main-current	58876820	FUN_58876820	495
client-main-current	58876ab0	FUN_58876ab0	647
client-main-current	58876d40	FUN_58876d40	269
client-main-current	58876e50	FUN_58876e50	300
client-main-current	58876f80	FUN_58876f80	27
client-main-current	58876fa0	FUN_58876fa0	785
client-main-current	588772c0	FUN_588772c0	72
client-main-current	58877310	FUN_58877310	83
client-main-current	58877370	FUN_58877370	1289
client-main-current	58877880	FUN_58877880	67
client-main-current	588778d0	FUN_588778d0	167
client-main-current	58877980	FUN_58877980	304
client-main-current	58877ab0	FUN_58877ab0	28
client-main-current	58877ad0	FUN_58877ad0	66
client-main-current	58877b40	FUN_58877b40	27
client-main-current	58877b60	FUN_58877b60	44
client-main-current	58877b90	FUN_58877b90	44
client-main-current	58877bc0	FUN_58877bc0	1418
client-main-current	58878180	FUN_58878180	169
client-main-current	58878230	FUN_58878230	1252
client-main-current	58878720	FUN_58878720	328
client-main-current	58878870	FUN_58878870	27
client-main-current	58878890	FUN_58878890	607
client-main-current	58878af0	FUN_58878af0	2372
client-main-current	58879460	FUN_58879460	278
client-main-current	58879580	FUN_58879580	1658
client-main-current	58879c00	FUN_58879c00	187
client-main-current	58879cc0	FUN_58879cc0	156
client-main-current	58879d60	FUN_58879d60	546
client-main-current	58879f90	FUN_58879f90	27
client-main-current	58879fb0	FUN_58879fb0	982
client-main-current	5887a3e0	FUN_5887a3e0	13
client-main-current	5887a3f0	FUN_5887a3f0	32
client-main-current	5887a410	FUN_5887a410	92
client-main-current	5887a470	FUN_5887a470	136
client-main-current	5887a500	FUN_5887a500	620
client-main-current	5887a770	FUN_5887a770	151
client-main-current	5887a810	FUN_5887a810	152
client-main-current	5887a8b0	FUN_5887a8b0	199
client-main-current	5887a980	FUN_5887a980	131
client-main-current	5887aa10	FUN_5887aa10	772
client-main-current	5887ad20	FUN_5887ad20	160
client-main-current	5887adc0	FUN_5887adc0	165
client-main-current	5887ae70	FUN_5887ae70	404
client-main-current	5887b040	FUN_5887b040	507
client-main-current	5887b240	FUN_5887b240	112
client-main-current	5887b2b0	FUN_5887b2b0	237
client-main-current	5887b3a0	FUN_5887b3a0	66
client-main-current	5887b3f0	FUN_5887b3f0	84
client-main-current	5887b450	FUN_5887b450	90
client-main-current	5887b4b0	FUN_5887b4b0	823
client-main-current	5887b810	FUN_5887b810	387
client-main-current	5887b9a0	FUN_5887b9a0	459
client-main-current	5887bb70	FUN_5887bb70	436
client-main-current	5887bd30	FUN_5887bd30	210
client-main-current	5887be10	FUN_5887be10	194
client-main-current	5887bee0	FUN_5887bee0	336
client-main-current	5887c030	FUN_5887c030	430
client-main-current	5887c1f0	FUN_5887c1f0	405
client-main-current	5887c390	FUN_5887c390	174
client-main-current	5887c440	FUN_5887c440	1203
client-main-current	5887c900	FUN_5887c900	504
client-main-current	5887cb00	FUN_5887cb00	43
client-main-current	5887cb30	FUN_5887cb30	48
client-main-current	5887cb60	FUN_5887cb60	50
client-main-current	5887cba0	FUN_5887cba0	1021
client-main-current	5887cfb0	FUN_5887cfb0	519
client-main-current	5887d1c0	FUN_5887d1c0	110
client-main-current	5887d230	FUN_5887d230	2066
client-main-current	5887da60	FUN_5887da60	43
client-main-current	5887da90	FUN_5887da90	277
client-main-current	5887dbb0	FUN_5887dbb0	61
client-main-current	5887dbf0	FUN_5887dbf0	1706
client-main-current	5887e2b0	FUN_5887e2b0	1671
client-main-current	5887e990	FUN_5887e990	814
client-main-current	5887ecc0	FUN_5887ecc0	851
client-main-current	588804f0	FUN_588804f0	315
client-main-current	58880630	FUN_58880630	280
client-main-current	58880750	FUN_58880750	312
client-main-current	58880890	FUN_58880890	664
client-main-current	58880b30	FUN_58880b30	349
client-main-current	58880c90	FUN_58880c90	100
client-main-current	58880d00	FUN_58880d00	141
client-main-current	58880d90	FUN_58880d90	44
client-main-current	58880dc0	FUN_58880dc0	39
client-main-current	58880df0	FUN_58880df0	245
client-main-current	58880f00	FUN_58880f00	106
client-main-current	58880f70	FUN_58880f70	459
client-main-current	58881150	FUN_58881150	1219
client-main-current	58881680	FUN_58881680	1433
client-main-current	58881c30	FUN_58881c30	96
client-main-current	58881c90	FUN_58881c90	390
client-main-current	58881e30	FUN_58881e30	377
client-main-current	58881fb0	FUN_58881fb0	368
client-main-current	58882120	FUN_58882120	261
client-main-current	58882230	FUN_58882230	407
client-main-current	588823d0	FUN_588823d0	655
client-main-current	5888256f	Catch_All@5888256f	9
client-main-current	58882680	FUN_58882680	79
client-main-current	588826d0	FUN_588826d0	27
client-main-current	588826f0	FUN_588826f0	1665
client-main-current	58882d80	FUN_58882d80	4167
client-main-current	58883e10	FUN_58883e10	134
client-main-current	58883e96	Catch_All@58883e96	17
client-main-current	58883eb0	FUN_58883eb0	207
client-main-current	58883f80	FUN_58883f80	10242
client-main-current	588867d0	FUN_588867d0	149
client-main-current	58886870	FUN_58886870	158
client-main-current	58886910	FUN_58886910	140
client-main-current	588869a0	FUN_588869a0	309
client-main-current	58886ae0	FUN_58886ae0	357
client-main-current	58886c50	FUN_58886c50	103
client-main-current	58886cd0	FUN_58886cd0	443
client-main-current	58886e90	FUN_58886e90	52
client-main-current	58886ed0	FUN_58886ed0	30
client-main-current	58886ef0	FUN_58886ef0	379
client-main-current	58887070	FUN_58887070	205
client-main-current	58887140	FUN_58887140	624
client-main-current	588873b0	FUN_588873b0	338
client-main-current	58887510	FUN_58887510	407
client-main-current	588876b0	FUN_588876b0	134
client-main-current	58887760	FUN_58887760	2772
client-main-current	58888270	FUN_58888270	519
client-main-current	58888480	FUN_58888480	662
client-main-current	58888720	FUN_58888720	56
client-main-current	58888760	FUN_58888760	406
client-main-current	58888940	FUN_58888940	26
client-main-current	58888960	FUN_58888960	11
client-main-current	58888970	FUN_58888970	81
client-main-current	588889d0	FUN_588889d0	30
client-main-current	588889f0	FUN_588889f0	904
client-main-current	58888d80	FUN_58888d80	167
client-main-current	58888e30	FUN_58888e30	156
client-main-current	58888ed0	FUN_58888ed0	63
client-main-current	58888f10	FUN_58888f10	58
client-main-current	58888f50	FUN_58888f50	56
client-main-current	58888f90	FUN_58888f90	62
client-main-current	58888fd0	FUN_58888fd0	29
client-main-current	58888ff0	FUN_58888ff0	36
client-main-current	58889020	FUN_58889020	30
client-main-current	58889040	FUN_58889040	161
client-main-current	588890f0	FUN_588890f0	40
client-main-current	58889120	FUN_58889120	208
client-main-current	58889200	FUN_58889200	194
client-main-current	588892d0	FUN_588892d0	804
client-main-current	58889600	FUN_58889600	62
client-main-current	58889640	FUN_58889640	4605
client-main-current	5888a840	FUN_5888a840	347
client-main-current	5888a9a0	FUN_5888a9a0	30
client-main-current	5888a9c0	FUN_5888a9c0	167
client-main-current	5888aa70	FUN_5888aa70	69
client-main-current	5888aac0	FUN_5888aac0	1268
client-main-current	5888afc0	FUN_5888afc0	66
client-main-current	5888b010	FUN_5888b010	1581
client-main-current	5888b640	FUN_5888b640	93
client-main-current	5888b6a0	FUN_5888b6a0	224
client-main-current	5888b790	FUN_5888b790	497
client-main-current	5888b990	FUN_5888b990	149
client-main-current	5888ba30	FUN_5888ba30	1025
client-main-current	5888be40	FUN_5888be40	27
client-main-current	5888be60	FUN_5888be60	88
client-main-current	5888bec0	FUN_5888bec0	244
client-main-current	5888bfc0	FUN_5888bfc0	204
client-main-current	5888c090	FUN_5888c090	94
client-main-current	5888c0ee	FUN_5888c0ee	631
client-main-current	5888c380	FUN_5888c380	315
client-main-current	5888c4c0	FUN_5888c4c0	718
client-main-current	5888c7b0	FUN_5888c7b0	1027
client-main-current	5888cbc0	FUN_5888cbc0	130
client-main-current	5888cc50	FUN_5888cc50	26
client-main-current	5888cc70	FUN_5888cc70	26
client-main-current	5888cc90	FUN_5888cc90	63
client-main-current	5888ccd0	FUN_5888ccd0	60
client-main-current	5888cd20	FUN_5888cd20	51
client-main-current	5888cd60	FUN_5888cd60	60
client-main-current	5888cdb0	FUN_5888cdb0	51
client-main-current	5888cdf0	FUN_5888cdf0	13
client-main-current	5888ce00	FUN_5888ce00	32
client-main-current	5888ce20	FUN_5888ce20	28
client-main-current	5888ce40	FUN_5888ce40	27
client-main-current	5888ce60	FUN_5888ce60	127
client-main-current	5888cee0	FUN_5888cee0	347
client-main-current	5888d040	FUN_5888d040	193
client-main-current	5888d110	FUN_5888d110	314
client-main-current	5888d250	FUN_5888d250	119
client-main-current	5888d2d0	FUN_5888d2d0	180
client-main-current	5888d390	FUN_5888d390	521
client-main-current	5888d5c0	FUN_5888d5c0	145
client-main-current	5888d660	FUN_5888d660	836
client-main-current	5888d9b0	FUN_5888d9b0	282
client-main-current	5888dad0	FUN_5888dad0	282
client-main-current	5888dbf0	FUN_5888dbf0	214
client-main-current	5888dce0	FUN_5888dce0	147
client-main-current	5888dd80	FUN_5888dd80	214
client-main-current	5888de70	FUN_5888de70	147
client-main-current	5888df10	FUN_5888df10	921
client-main-current	5888e2b0	FUN_5888e2b0	135
client-main-current	5888e340	FUN_5888e340	272
client-main-current	5888e450	FUN_5888e450	330
client-main-current	5888e5a0	FUN_5888e5a0	62
client-main-current	5888e5e0	FUN_5888e5e0	6596
client-main-current	5888ffb0	FUN_5888ffb0	350
client-main-current	58890110	FUN_58890110	12987
client-main-current	58893430	FUN_58893430	1072
client-main-current	58893860	FUN_58893860	1517
client-main-current	58893e50	FUN_58893e50	38
client-main-current	58893e80	FUN_58893e80	2025
client-main-current	588946b0	FUN_588946b0	363
client-main-current	58894820	FUN_58894820	331
client-main-current	58894970	FUN_58894970	228
client-main-current	58894a60	FUN_58894a60	210
client-main-current	58894b40	FUN_58894b40	1093
client-main-current	58894f90	FUN_58894f90	200
client-main-current	58895060	FUN_58895060	11
client-main-current	58895070	FUN_58895070	27
client-main-current	58895090	FUN_58895090	140
client-main-current	58895120	FUN_58895120	711
client-main-current	588953f0	FUN_588953f0	278
client-main-current	58895510	FUN_58895510	13
client-main-current	58895520	FUN_58895520	22
client-main-current	58895540	FUN_58895540	18
client-main-current	58895560	FUN_58895560	22
client-main-current	58895580	FUN_58895580	27
client-main-current	588955a0	FUN_588955a0	257
client-main-current	588956b0	FUN_588956b0	419
client-main-current	58895860	FUN_58895860	94
client-main-current	588958c0	FUN_588958c0	432
client-main-current	58895a70	FUN_58895a70	1416
client-main-current	58896000	FUN_58896000	205
client-main-current	588960d0	FUN_588960d0	295
client-main-current	58896200	FUN_58896200	45
client-main-current	58896230	FUN_58896230	108
client-main-current	588962a0	FUN_588962a0	86
client-main-current	58896300	FUN_58896300	59
client-main-current	58896340	FUN_58896340	27
client-main-current	58896360	FUN_58896360	601
client-main-current	588965c0	FUN_588965c0	142
client-main-current	58896650	FUN_58896650	1531
client-main-current	58896c50	FUN_58896c50	252
client-main-current	58896d50	FUN_58896d50	882
client-main-current	588970d0	FUN_588970d0	580
client-main-current	58897330	FUN_58897330	239
client-main-current	58897420	FUN_58897420	85
client-main-current	58897480	FUN_58897480	27
client-main-current	588974a0	FUN_588974a0	740
client-main-current	588977a0	FUN_588977a0	81
client-main-current	58897800	FUN_58897800	66
client-main-current	58897850	FUN_58897850	214
client-main-current	58897930	FUN_58897930	1528
client-main-current	58897f30	FUN_58897f30	240
client-main-current	58898020	FUN_58898020	532
client-main-current	58898260	FUN_58898260	341
client-main-current	588983c0	FUN_588983c0	423
client-main-current	58898570	FUN_58898570	91
client-main-current	588985d0	FUN_588985d0	59
client-main-current	58898610	FUN_58898610	92
client-main-current	58898670	FUN_58898670	443
client-main-current	58898830	FUN_58898830	1100
client-main-current	58898c80	FUN_58898c80	144
client-main-current	58898d10	FUN_58898d10	148
client-main-current	58898db0	FUN_58898db0	480
client-main-current	58898f90	FUN_58898f90	1471
client-main-current	58899580	FUN_58899580	94
client-main-current	588995e0	FUN_588995e0	178
client-main-current	58899659	Catch_All@58899659	37
client-main-current	588996a0	FUN_588996a0	43
client-main-current	588996d0	FUN_588996d0	44
client-main-current	58899700	FUN_58899700	208
client-main-current	588997d0	Catch_All@588997d0	17
client-main-current	588997f0	thunk_FUN_58902360	5
client-main-current	58899800	FUN_58899800	63
client-main-current	58899840	FUN_58899840	390
client-main-current	588999d0	FUN_588999d0	294
client-main-current	58899af9	Catch_All@58899af9	9
client-main-current	58899b10	FUN_58899b10	72
client-main-current	58899b60	FUN_58899b60	79
client-main-current	58899bb0	FUN_58899bb0	125
client-main-current	58899c19	Catch_All@58899c19	33
client-main-current	58899c50	FUN_58899c50	38
client-main-current	58899c80	FUN_58899c80	73
client-main-current	58899ce0	FUN_58899ce0	123
client-main-current	58899d49	Catch_All@58899d49	33
client-main-current	58899d80	FUN_58899d80	702
client-main-current	5889a050	FUN_5889a050	43
client-main-current	5889a080	FUN_5889a080	45
client-main-current	5889a0b0	FUN_5889a0b0	30
client-main-current	5889a0d0	FUN_5889a0d0	57
client-main-current	5889a110	FUN_5889a110	68
client-main-current	5889a160	FUN_5889a160	162
client-main-current	5889a210	FUN_5889a210	44
client-main-current	5889a240	FUN_5889a240	278
client-main-current	5889a359	Catch_All@5889a359	9
client-main-current	5889a370	FUN_5889a370	821
client-main-current	5889a53e	Catch_All@5889a53e	68
client-main-current	5889a65d	Catch_All@5889a65d	41
client-main-current	5889a730	FUN_5889a730	557
client-main-current	5889a990	FUN_5889a990	203
client-main-current	5889aa60	FUN_5889aa60	27
client-main-current	5889aa80	FUN_5889aa80	158
client-main-current	5889ab20	FUN_5889ab20	2218
client-main-current	5889b410	FUN_5889b410	379
client-main-current	5889b5a0	FUN_5889b5a0	27
client-main-current	5889b5c0	FUN_5889b5c0	110
client-main-current	5889b630	FUN_5889b630	747
client-main-current	5889b930	FUN_5889b930	747
client-main-current	5889bc40	FUN_5889bc40	603
client-main-current	5889bea0	FUN_5889bea0	462
client-main-current	5889c070	FUN_5889c070	1472
client-main-current	5889c6a0	FUN_5889c6a0	478
client-main-current	5889c880	FUN_5889c880	60
client-main-current	5889c8d0	FUN_5889c8d0	1952
client-main-current	5889d070	FUN_5889d070	43
client-main-current	5889d0a0	FUN_5889d0a0	872
client-main-current	5889d420	FUN_5889d420	458
client-main-current	5889d5f0	FUN_5889d5f0	1254
client-main-current	5889db10	FUN_5889db10	260
client-main-current	5889dc20	FUN_5889dc20	122
client-main-current	5889dca0	FUN_5889dca0	27
client-main-current	5889dcc0	FUN_5889dcc0	36
client-main-current	5889dcf0	FUN_5889dcf0	24
client-main-current	5889dd10	FUN_5889dd10	22
client-main-current	5889dd30	FUN_5889dd30	1357
client-main-current	5889e280	FUN_5889e280	245
client-main-current	5889e380	FUN_5889e380	163
client-main-current	5889e430	FUN_5889e430	1134
client-main-current	5889e8a0	FUN_5889e8a0	111
client-main-current	5889e910	FUN_5889e910	95
client-main-current	5889e970	FUN_5889e970	332
client-main-current	5889eac0	FUN_5889eac0	355
client-main-current	5889ecd0	FUN_5889ecd0	74
client-main-current	5889ed20	FUN_5889ed20	84
client-main-current	5889ed80	FUN_5889ed80	280
client-main-current	5889ef90	FUN_5889ef90	152
client-main-current	5889f030	FUN_5889f030	27
client-main-current	5889f050	FUN_5889f050	106
client-main-current	5889f0c0	FUN_5889f0c0	2207
client-main-current	5889f960	FUN_5889f960	825
client-main-current	5889fca0	FUN_5889fca0	825
client-main-current	5889ffe0	FUN_5889ffe0	1136
client-main-current	588a0450	FUN_588a0450	3049
client-main-current	588a1040	FUN_588a1040	195
client-main-current	588a1110	FUN_588a1110	195
client-main-current	588a11e0	FUN_588a11e0	195
client-main-current	588a12b0	FUN_588a12b0	134
client-main-current	588a1340	FUN_588a1340	118
client-main-current	588a13c0	FUN_588a13c0	7395
client-main-current	588a30b0	FUN_588a30b0	332
client-main-current	588a3200	FUN_588a3200	706
client-main-current	588a34d0	FUN_588a34d0	1114
client-main-current	588a3930	FUN_588a3930	208
client-main-current	588a3a00	FUN_588a3a00	52
client-main-current	588a3a40	FUN_588a3a40	32
client-main-current	588a3a60	FUN_588a3a60	27
client-main-current	588a3a80	FUN_588a3a80	902
client-main-current	588a3e10	FUN_588a3e10	429
client-main-current	588a3fc0	FUN_588a3fc0	51
client-main-current	588a4000	FUN_588a4000	27
client-main-current	588a4020	FUN_588a4020	1074
client-main-current	588a4460	FUN_588a4460	60
client-main-current	588a44a0	FUN_588a44a0	114
client-main-current	588a4520	FUN_588a4520	830
client-main-current	588a4860	FUN_588a4860	2053
client-main-current	588a5070	FUN_588a5070	747
client-main-current	588a5360	FUN_588a5360	27
client-main-current	588a5380	FUN_588a5380	3
client-main-current	588a5390	FUN_588a5390	88
client-main-current	588a53f0	FUN_588a53f0	15
client-main-current	588a5400	FUN_588a5400	94
client-main-current	588a5470	FUN_588a5470	232
client-main-current	588a5560	FUN_588a5560	27
client-main-current	588a5580	FUN_588a5580	101
client-main-current	588a55f0	FUN_588a55f0	530
client-main-current	588a5810	FUN_588a5810	1557
client-main-current	588a5e30	FUN_588a5e30	1504
client-main-current	588a6410	FUN_588a6410	365
client-main-current	588a6580	FUN_588a6580	156
client-main-current	588a6630	FUN_588a6630	79
client-main-current	588a6680	FUN_588a6680	154
client-main-current	588a6720	FUN_588a6720	709
client-main-current	588a69f0	FUN_588a69f0	41
client-main-current	588a6a20	FUN_588a6a20	16
client-main-current	588a6a30	FUN_588a6a30	567
client-main-current	588a6c70	FUN_588a6c70	86
client-main-current	588a6cd0	FUN_588a6cd0	136
client-main-current	588a6d60	FUN_588a6d60	141
client-main-current	588a6df0	FUN_588a6df0	49
client-main-current	588a6e30	FUN_588a6e30	312
client-main-current	588a6f70	FUN_588a6f70	191
client-main-current	588a7050	FUN_588a7050	148
client-main-current	588a70f0	FUN_588a70f0	216
client-main-current	588a71d0	FUN_588a71d0	291
client-main-current	588a7310	FUN_588a7310	5977
client-main-current	588a8a70	FUN_588a8a70	1604
client-main-current	588a90d0	FUN_588a90d0	352
client-main-current	588a9240	FUN_588a9240	188
client-main-current	588a9300	FUN_588a9300	218
client-main-current	588a93e0	thunk_FUN_58903420	5
client-main-current	588a93f0	FUN_588a93f0	27
client-main-current	588a9410	FUN_588a9410	439
client-main-current	588a95d0	FUN_588a95d0	126
client-main-current	588a9650	FUN_588a9650	1286
client-main-current	588a9b60	FUN_588a9b60	54
client-main-current	588a9ba0	FUN_588a9ba0	290
client-main-current	588a9cd0	FUN_588a9cd0	195
client-main-current	588a9da0	FUN_588a9da0	245
client-main-current	588a9ea0	FUN_588a9ea0	39
client-main-current	588a9ed0	FUN_588a9ed0	39
client-main-current	588a9f00	FUN_588a9f00	30
client-main-current	588a9f20	FUN_588a9f20	430
client-main-current	588aa0d0	FUN_588aa0d0	72
client-main-current	588aa120	FUN_588aa120	83
client-main-current	588aa180	FUN_588aa180	1165
client-main-current	588aa610	FUN_588aa610	47
client-main-current	588aa640	FUN_588aa640	173
client-main-current	588aa6f0	FUN_588aa6f0	578
client-main-current	588aa940	FUN_588aa940	27
client-main-current	588aa960	FUN_588aa960	1179
client-main-current	588aae00	FUN_588aae00	34
client-main-current	588aae30	FUN_588aae30	138
client-main-current	588aaec0	FUN_588aaec0	385
client-main-current	588ab050	FUN_588ab050	730
client-main-current	588ab330	FUN_588ab330	527
client-main-current	588ab550	FUN_588ab550	2999
client-main-current	588ac110	FUN_588ac110	140
client-main-current	588ac1a0	FUN_588ac1a0	10
client-main-current	588ac1b0	FUN_588ac1b0	30
client-main-current	588ac1d0	FUN_588ac1d0	150
client-main-current	588ac270	FUN_588ac270	118
client-main-current	588ac2f0	FUN_588ac2f0	672
client-main-current	588ac590	FUN_588ac590	438
client-main-current	588ac750	FUN_588ac750	751
client-main-current	588aca40	FUN_588aca40	226
client-main-current	588acb60	FUN_588acb60	142
client-main-current	588acbf0	FUN_588acbf0	227
client-main-current	588acce0	FUN_588acce0	47
client-main-current	588acd10	FUN_588acd10	27
client-main-current	588acd30	FUN_588acd30	81
client-main-current	588acd90	FUN_588acd90	332
client-main-current	588acee0	FUN_588acee0	305
client-main-current	588ad020	FUN_588ad020	1055
client-main-current	588ad440	FUN_588ad440	43
client-main-current	588ad470	FUN_588ad470	115
client-main-current	588ad4f0	FUN_588ad4f0	148
client-main-current	588ad590	FUN_588ad590	21
client-main-current	588ad5b0	FUN_588ad5b0	33
client-main-current	588ad5e0	FUN_588ad5e0	32
client-main-current	588ad600	FUN_588ad600	27
client-main-current	588ad620	FUN_588ad620	203
client-main-current	588ad6f0	FUN_588ad6f0	60
client-main-current	588ad730	FUN_588ad730	406
client-main-current	588ad8d0	FUN_588ad8d0	512
client-main-current	588adad0	FUN_588adad0	328
client-main-current	588adc20	FUN_588adc20	64
client-main-current	588adc60	FUN_588adc60	408
client-main-current	588ade00	FUN_588ade00	4331
client-main-current	588aeef0	FUN_588aeef0	145
client-main-current	588aef90	FUN_588aef90	27
client-main-current	588aefb0	FUN_588aefb0	2807
client-main-current	588afb00	FUN_588afb00	221
client-main-current	588afbf0	FUN_588afbf0	3159
client-main-current	588b0870	FUN_588b0870	84
client-main-current	588b08d0	FUN_588b08d0	98
client-main-current	588b0940	FUN_588b0940	2592
client-main-current	588b1360	FUN_588b1360	288
client-main-current	588b1480	FUN_588b1480	241
client-main-current	588b1580	FUN_588b1580	1166
client-main-current	588b1a70	FUN_588b1a70	130
client-main-current	588b1b00	FUN_588b1b00	28
client-main-current	588b1b20	FUN_588b1b20	27
client-main-current	588b1b40	FUN_588b1b40	1160
client-main-current	588b1fe0	FUN_588b1fe0	1533
client-main-current	588b25e0	FUN_588b25e0	278
client-main-current	588b2700	FUN_588b2700	45
client-main-current	588b2730	FUN_588b2730	27
client-main-current	588b2750	FUN_588b2750	570
client-main-current	588b2990	FUN_588b2990	288
client-main-current	588b2ab0	FUN_588b2ab0	159
client-main-current	588b2b50	FUN_588b2b50	1225
client-main-current	588b3020	FUN_588b3020	306
client-main-current	588b3160	FUN_588b3160	27
client-main-current	588b3180	FUN_588b3180	73
client-main-current	588b31d0	FUN_588b31d0	87
client-main-current	588b3230	FUN_588b3230	27
client-main-current	588b3250	FUN_588b3250	259
client-main-current	588b3360	FUN_588b3360	243
client-main-current	588b3460	FUN_588b3460	670
client-main-current	588b3720	FUN_588b3720	377
client-main-current	588b38a0	FUN_588b38a0	432
client-main-current	588b3a60	FUN_588b3a60	194
client-main-current	588b3b30	FUN_588b3b30	34
client-main-current	588b3b60	FUN_588b3b60	1198
client-main-current	588b4010	FUN_588b4010	1056
client-main-current	588b4430	FUN_588b4430	200
client-main-current	588b4500	FUN_588b4500	1103
client-main-current	588b4950	FUN_588b4950	35
client-main-current	588b4980	FUN_588b4980	997
client-main-current	588b4d90	FUN_588b4d90	103
client-main-current	588b4e00	FUN_588b4e00	27
client-main-current	588b4e20	FUN_588b4e20	512
client-main-current	588b5020	FUN_588b5020	102
client-main-current	588b5090	FUN_588b5090	52
client-main-current	588b50d0	FUN_588b50d0	81
client-main-current	588b5130	FUN_588b5130	223
client-main-current	588b52d0	FUN_588b52d0	1391
client-main-current	588b5840	FUN_588b5840	841
client-main-current	588b5b90	FUN_588b5b90	557
client-main-current	588b5dc0	FUN_588b5dc0	97
client-main-current	588b5e30	FUN_588b5e30	97
client-main-current	588b5ea0	FUN_588b5ea0	419
client-main-current	588b6050	FUN_588b6050	347
client-main-current	588b61b0	FUN_588b61b0	38
client-main-current	588b61e0	FUN_588b61e0	7555
client-main-current	588b7f70	FUN_588b7f70	631
client-main-current	588b81f0	FUN_588b81f0	682
client-main-current	588b84b0	FUN_588b84b0	229
client-main-current	588b85a0	FUN_588b85a0	239
client-main-current	588b8690	FUN_588b8690	367
client-main-current	588b8800	FUN_588b8800	373
client-main-current	588b8980	FUN_588b8980	787
client-main-current	588b8cb0	FUN_588b8cb0	2140
client-main-current	588b9530	FUN_588b9530	185
client-main-current	588b95f0	FUN_588b95f0	185
client-main-current	588b96b0	FUN_588b96b0	2812
client-main-current	588ba200	FUN_588ba200	260
client-main-current	588ba310	FUN_588ba310	27
client-main-current	588ba330	FUN_588ba330	742
client-main-current	588ba640	FUN_588ba640	338
client-main-current	588ba7a0	FUN_588ba7a0	203
client-main-current	588ba870	FUN_588ba870	106
client-main-current	588ba8e0	FUN_588ba8e0	318
client-main-current	588baa20	FUN_588baa20	1737
client-main-current	588bb0f0	FUN_588bb0f0	302
client-main-current	588bb220	FUN_588bb220	83
client-main-current	588bb280	FUN_588bb280	186
client-main-current	588bb350	FUN_588bb350	27
client-main-current	588bb370	FUN_588bb370	92
client-main-current	588bb3d0	FUN_588bb3d0	99
client-main-current	588bb440	FUN_588bb440	86
client-main-current	588bb4a0	FUN_588bb4a0	119
client-main-current	588bb520	FUN_588bb520	181
client-main-current	588bb5e0	FUN_588bb5e0	266
client-main-current	588bb6f0	FUN_588bb6f0	1331
client-main-current	588bbc30	FUN_588bbc30	614
client-main-current	588bbea0	FUN_588bbea0	665
client-main-current	588bc140	FUN_588bc140	165
client-main-current	588bc1f0	FUN_588bc1f0	1026
client-main-current	588bc600	FUN_588bc600	408
client-main-current	588bc7a0	FUN_588bc7a0	58
client-main-current	588bc7f0	FUN_588bc7f0	395
client-main-current	588bc980	FUN_588bc980	88
client-main-current	588bc9e0	FUN_588bc9e0	88
client-main-current	588bca40	FUN_588bca40	88
client-main-current	588bcaa0	FUN_588bcaa0	88
client-main-current	588bcb00	FUN_588bcb00	36
client-main-current	588bcb30	FUN_588bcb30	27
client-main-current	588bcb50	FUN_588bcb50	306
client-main-current	588bcc90	FUN_588bcc90	135
client-main-current	588bcd20	FUN_588bcd20	115
client-main-current	588bcda0	FUN_588bcda0	106
client-main-current	588bce10	FUN_588bce10	429
client-main-current	588bcfd0	FUN_588bcfd0	483
client-main-current	588bd1c0	FUN_588bd1c0	1804
client-main-current	588bd8d0	FUN_588bd8d0	78
client-main-current	588bd920	FUN_588bd920	91
client-main-current	588bd980	FUN_588bd980	159
client-main-current	588bda20	FUN_588bda20	507
client-main-current	588bdc30	FUN_588bdc30	159
client-main-current	588bdcd0	FUN_588bdcd0	210
client-main-current	588bddb0	FUN_588bddb0	1498
client-main-current	588be3a0	FUN_588be3a0	1099
client-main-current	588be7f0	FUN_588be7f0	27
client-main-current	588be810	FUN_588be810	499
client-main-current	588bea10	FUN_588bea10	231
client-main-current	588beb00	FUN_588beb00	145
client-main-current	588beba0	FUN_588beba0	285
client-main-current	588becc0	FUN_588becc0	256
client-main-current	588bedc0	FUN_588bedc0	1681
client-main-current	588bf460	FUN_588bf460	41
client-main-current	588bf490	FUN_588bf490	46
client-main-current	588bf4c0	FUN_588bf4c0	4536
client-main-current	588c0680	FUN_588c0680	176
client-main-current	588c0730	FUN_588c0730	27
client-main-current	588c0750	FUN_588c0750	114
client-main-current	588c07d0	FUN_588c07d0	76
client-main-current	588c0820	FUN_588c0820	115
client-main-current	588c08a0	FUN_588c08a0	10
client-main-current	588c08b0	FUN_588c08b0	33
client-main-current	588c08e0	FUN_588c08e0	632
client-main-current	588c0b60	FUN_588c0b60	52
client-main-current	588c0ba0	FUN_588c0ba0	33
client-main-current	588c0bd0	FUN_588c0bd0	459
client-main-current	588c0da0	FUN_588c0da0	2188
client-main-current	588c1650	FUN_588c1650	10780
client-main-current	588c4210	FUN_588c4210	6352
client-main-current	588c5bc0	FUN_588c5bc0	109
client-main-current	588c5c30	FUN_588c5c30	138
client-main-current	588c5cc0	FUN_588c5cc0	239
client-main-current	588c5dc0	FUN_588c5dc0	282
client-main-current	588c5f10	FUN_588c5f10	27
client-main-current	588c5f30	FUN_588c5f30	148
client-main-current	588c5fd0	FUN_588c5fd0	150
client-main-current	588c6090	FUN_588c6090	75
client-main-current	588c60e0	FUN_588c60e0	143
client-main-current	588c6170	FUN_588c6170	41
client-main-current	588c61a0	FUN_588c61a0	55
client-main-current	588c61e0	FUN_588c61e0	230
client-main-current	588c62f0	FUN_588c62f0	5
client-main-current	588c6300	FUN_588c6300	326
client-main-current	588c6450	FUN_588c6450	27
client-main-current	588c6470	FUN_588c6470	151
client-main-current	588c6510	FUN_588c6510	405
client-main-current	588c66c0	FUN_588c66c0	361
client-main-current	588c6830	FUN_588c6830	323
client-main-current	588c6980	FUN_588c6980	281
client-main-current	588c6aa0	FUN_588c6aa0	1183
client-main-current	588c6f40	FUN_588c6f40	52
client-main-current	588c6f80	FUN_588c6f80	356
client-main-current	588c70f0	FUN_588c70f0	27
client-main-current	588c7110	FUN_588c7110	732
client-main-current	588c73f0	FUN_588c73f0	1276
client-main-current	588c78f0	FUN_588c78f0	340
client-main-current	588c7a50	FUN_588c7a50	1936
client-main-current	588c81e0	FUN_588c81e0	785
client-main-current	588c8500	FUN_588c8500	27
client-main-current	588c8520	FUN_588c8520	169
client-main-current	588c85f0	FUN_588c85f0	81
client-main-current	588c8650	FUN_588c8650	118
client-main-current	588c86d0	FUN_588c86d0	119
client-main-current	588c8750	FUN_588c8750	31
client-main-current	588c8770	FUN_588c8770	601
client-main-current	588c89d0	FUN_588c89d0	125
client-main-current	588c8a50	FUN_588c8a50	1839
client-main-current	588c9190	FUN_588c9190	178
client-main-current	588c9250	FUN_588c9250	38
client-main-current	588c9280	FUN_588c9280	7746
client-main-current	588cb0e0	FUN_588cb0e0	838
client-main-current	588cb450	FUN_588cb450	650
client-main-current	588cb710	FUN_588cb710	786
client-main-current	588cba30	FUN_588cba30	176
client-main-current	588cbae0	thunk_FUN_588cfc40	5
client-main-current	588cbaf0	FUN_588cbaf0	275
client-main-current	588cbc10	FUN_588cbc10	33
client-main-current	588cbc40	FUN_588cbc40	80
client-main-current	588cbc90	FUN_588cbc90	360
client-main-current	588cbe00	FUN_588cbe00	176
client-main-current	588cbeb0	FUN_588cbeb0	275
client-main-current	588cbfd0	FUN_588cbfd0	27
client-main-current	588cc000	FUN_588cc000	760
client-main-current	588cc300	FUN_588cc300	52
client-main-current	588cc340	FUN_588cc340	440
client-main-current	588cc500	FUN_588cc500	264
client-main-current	588cc610	FUN_588cc610	688
client-main-current	588cc8c0	FUN_588cc8c0	27
client-main-current	588cc8e0	FUN_588cc8e0	82
client-main-current	588cc940	FUN_588cc940	236
client-main-current	588cca40	FUN_588cca40	146
client-main-current	588ccae0	FUN_588ccae0	29
client-main-current	588ccb00	FUN_588ccb00	431
client-main-current	588cccb0	FUN_588cccb0	543
client-main-current	588cced0	FUN_588cced0	176
client-main-current	588ccf80	FUN_588ccf80	291
client-main-current	588cd0b0	FUN_588cd0b0	27
client-main-current	588cd0d0	FUN_588cd0d0	74
client-main-current	588cd120	FUN_588cd120	447
client-main-current	588cd2e0	FUN_588cd2e0	42
client-main-current	588cd310	FUN_588cd310	176
client-main-current	588cd3c0	FUN_588cd3c0	347
client-main-current	588cd520	FUN_588cd520	27
client-main-current	588cd540	FUN_588cd540	349
client-main-current	588cd6a0	FUN_588cd6a0	148
client-main-current	588cd740	FUN_588cd740	861
client-main-current	588cdaa0	FUN_588cdaa0	27
client-main-current	588cdac0	FUN_588cdac0	107
client-main-current	588cdb30	FUN_588cdb30	331
client-main-current	588cdc80	FUN_588cdc80	225
client-main-current	588cdd70	FUN_588cdd70	509
client-main-current	588cdf70	FUN_588cdf70	47
client-main-current	588cdfa0	FUN_588cdfa0	194
client-main-current	588ce070	FUN_588ce070	27
client-main-current	588ce090	FUN_588ce090	350
client-main-current	588ce1f0	FUN_588ce1f0	302
client-main-current	588ce320	FUN_588ce320	55
client-main-current	588ce360	FUN_588ce360	27
client-main-current	588ce380	FUN_588ce380	151
client-main-current	588ce420	FUN_588ce420	134
client-main-current	588ce4b0	FUN_588ce4b0	177
client-main-current	588ce570	FUN_588ce570	650
client-main-current	588ce820	FUN_588ce820	42
client-main-current	588ce850	FUN_588ce850	729
client-main-current	588ceb30	FUN_588ceb30	214
client-main-current	588cec10	FUN_588cec10	825
client-main-current	588cef50	FUN_588cef50	1389
client-main-current	588cf4c0	FUN_588cf4c0	176
client-main-current	588cf570	FUN_588cf570	275
client-main-current	588cf690	FUN_588cf690	27
client-main-current	588cf6b0	FUN_588cf6b0	83
client-main-current	588cf710	FUN_588cf710	353
client-main-current	588cf880	FUN_588cf880	171
client-main-current	588cf930	FUN_588cf930	176
client-main-current	588cf9e0	FUN_588cf9e0	27
client-main-current	588cfa00	FUN_588cfa00	15
client-main-current	588cfa10	FUN_588cfa10	10
client-main-current	588cfa20	FUN_588cfa20	330
client-main-current	588cfb70	FUN_588cfb70	194
client-main-current	588cfc40	FUN_588cfc40	51
client-main-current	588cfc80	FUN_588cfc80	27
client-main-current	588cfca0	FUN_588cfca0	140
client-main-current	588cfd30	FUN_588cfd30	122
client-main-current	588cfdb0	FUN_588cfdb0	259
client-main-current	588cfec0	FUN_588cfec0	82
client-main-current	588cff20	FUN_588cff20	435
client-main-current	588d00e0	FUN_588d00e0	140
client-main-current	588d0180	FUN_588d0180	123
client-main-current	588d0200	FUN_588d0200	213
client-main-current	588d02e0	FUN_588d02e0	663
client-main-current	588d0580	FUN_588d0580	64
client-main-current	588d05c0	FUN_588d05c0	290
client-main-current	588d06f0	FUN_588d06f0	29
client-main-current	588d0710	FUN_588d0710	960
client-main-current	588d0ad0	FUN_588d0ad0	27
client-main-current	588d0af0	FUN_588d0af0	337
client-main-current	588d0c50	FUN_588d0c50	617
client-main-current	588d0ec0	FUN_588d0ec0	138
client-main-current	588d0f50	FUN_588d0f50	219
client-main-current	588d1030	FUN_588d1030	638
client-main-current	588d12b0	FUN_588d12b0	27
client-main-current	588d12d0	FUN_588d12d0	705
client-main-current	588d15b0	FUN_588d15b0	101
client-main-current	588d1620	FUN_588d1620	50
client-main-current	588d1660	FUN_588d1660	163
client-main-current	588d1710	FUN_588d1710	1142
client-main-current	588d1ba0	FUN_588d1ba0	176
client-main-current	588d1c50	FUN_588d1c50	275
client-main-current	588d1d70	FUN_588d1d70	27
client-main-current	588d1d90	FUN_588d1d90	94
client-main-current	588d1df0	FUN_588d1df0	356
client-main-current	588d1f60	FUN_588d1f60	47
client-main-current	588d1f90	FUN_588d1f90	194
client-main-current	588d2060	FUN_588d2060	27
client-main-current	588d2080	FUN_588d2080	285
client-main-current	588d21b0	FUN_588d21b0	275
client-main-current	588d22d0	FUN_588d22d0	33
client-main-current	588d2300	FUN_588d2300	369
client-main-current	588d2480	FUN_588d2480	87
client-main-current	588d24e0	thunk_FUN_5873fe80	5
client-main-current	588d24f0	FUN_588d24f0	33
client-main-current	588d2520	FUN_588d2520	431
client-main-current	588d26d0	FUN_588d26d0	134
client-main-current	588d2760	FUN_588d2760	139
client-main-current	588d27f0	FUN_588d27f0	43
client-main-current	588d2820	FUN_588d2820	23
client-main-current	588d2840	FUN_588d2840	70
client-main-current	588d28a0	FUN_588d28a0	110
client-main-current	588d2910	FUN_588d2910	216
client-main-current	588d29f0	FUN_588d29f0	187
client-main-current	588d2ab0	FUN_588d2ab0	145
client-main-current	588d2b50	FUN_588d2b50	33
client-main-current	588d2b80	FUN_588d2b80	285
client-main-current	588d2cb0	FUN_588d2cb0	252
client-main-current	588d2db0	FUN_588d2db0	293
client-main-current	588d2ee0	FUN_588d2ee0	705
client-main-current	588d31b0	FUN_588d31b0	480
client-main-current	588d3390	FUN_588d3390	1180
client-main-current	588d3830	FUN_588d3830	549
client-main-current	588d3a60	FUN_588d3a60	975
client-main-current	588d3e30	FUN_588d3e30	27
client-main-current	588d3e50	FUN_588d3e50	1190
client-main-current	588d4300	FUN_588d4300	8646
client-main-current	588d64f0	FUN_588d64f0	15
client-main-current	588d6500	FUN_588d6500	7
client-main-current	588d6510	FUN_588d6510	21
client-main-current	588d6530	FUN_588d6530	28
client-main-current	588d6550	FUN_588d6550	32
client-main-current	588d6570	FUN_588d6570	80
client-main-current	588d65c0	FUN_588d65c0	62
client-main-current	588d6600	FUN_588d6600	101
client-main-current	588d6670	FUN_588d6670	83
client-main-current	588d66d0	FUN_588d66d0	7
client-main-current	588d66e0	FUN_588d66e0	7
client-main-current	588d66f0	FUN_588d66f0	345
client-main-current	588d6850	FUN_588d6850	105
client-main-current	588d68c0	FUN_588d68c0	153
client-main-current	588d6960	FUN_588d6960	193
client-main-current	588d6a30	FUN_588d6a30	194
client-main-current	588d6b00	FUN_588d6b00	308
client-main-current	588d6c40	FUN_588d6c40	68
client-main-current	588d6c90	FUN_588d6c90	37
client-main-current	588d6cc0	FUN_588d6cc0	66
client-main-current	588d6d10	FUN_588d6d10	59
client-main-current	588d6d50	FUN_588d6d50	53
client-main-current	588d6d90	FUN_588d6d90	11
client-main-current	588d6da0	FUN_588d6da0	100
client-main-current	588d6e10	FUN_588d6e10	29
client-main-current	588d6e30	FUN_588d6e30	29
client-main-current	588d6e50	FUN_588d6e50	75
client-main-current	588d6ea0	FUN_588d6ea0	1202
client-main-current	588d7360	FUN_588d7360	28
client-main-current	588d7380	FUN_588d7380	20
client-main-current	588d73a0	FUN_588d73a0	40
client-main-current	588d73d0	FUN_588d73d0	44
client-main-current	588d7400	FUN_588d7400	36
client-main-current	588d7440	FUN_588d7440	28
client-main-current	588d7460	FUN_588d7460	387
client-main-current	588d75f0	FUN_588d75f0	1477
client-main-current	588d7bd0	FUN_588d7bd0	108
client-main-current	588d7c40	FUN_588d7c40	365
client-main-current	588d7dc0	FUN_588d7dc0	252
client-main-current	588d7ec0	FUN_588d7ec0	436
client-main-current	588d8080	FUN_588d8080	115
client-main-current	588d8100	FUN_588d8100	73
client-main-current	588d8150	FUN_588d8150	73
client-main-current	588d81a0	FUN_588d81a0	41
client-main-current	588d81d0	FUN_588d81d0	93
client-main-current	588d8230	FUN_588d8230	667
client-main-current	588d84d0	FUN_588d84d0	2178
client-main-current	588d8d60	FUN_588d8d60	3789
client-main-current	588d9c40	FUN_588d9c40	210
client-main-current	588d9d20	FUN_588d9d20	62
client-main-current	588d9d60	FUN_588d9d60	171
client-main-current	588d9e10	FUN_588d9e10	367
client-main-current	588d9f80	FUN_588d9f80	447
client-main-current	588da150	FUN_588da150	144
client-main-current	588da1e0	FUN_588da1e0	349
client-main-current	588da340	FUN_588da340	13
client-main-current	588da350	FUN_588da350	241
client-main-current	588da450	FUN_588da450	78
client-main-current	588da4a0	FUN_588da4a0	36
client-main-current	588da4d0	FUN_588da4d0	285
client-main-current	588da5f0	FUN_588da5f0	758
client-main-current	588da8f0	FUN_588da8f0	238
client-main-current	588da9e0	FUN_588da9e0	54
client-main-current	588daa20	FUN_588daa20	309
client-main-current	588dab80	FUN_588dab80	148
client-main-current	588dac20	FUN_588dac20	257
client-main-current	588dad30	FUN_588dad30	720
client-main-current	588db010	FUN_588db010	42
client-main-current	588db040	FUN_588db040	10
client-main-current	588db050	FUN_588db050	187
client-main-current	588db110	FUN_588db110	266
client-main-current	588db230	FUN_588db230	353
client-main-current	588db3a0	FUN_588db3a0	151
client-main-current	588db440	FUN_588db440	444
client-main-current	588db610	FUN_588db610	2291
client-main-current	588dbf10	FUN_588dbf10	444
client-main-current	588dc0d0	FUN_588dc0d0	210
client-main-current	588dc1b0	FUN_588dc1b0	340
client-main-current	588dc310	FUN_588dc310	109
client-main-current	588dc380	FUN_588dc380	615
client-main-current	588dc5f0	FUN_588dc5f0	574
client-main-current	588dc830	FUN_588dc830	244
client-main-current	588dc930	FUN_588dc930	86
client-main-current	588dc990	FUN_588dc990	595
client-main-current	588dcbf0	FUN_588dcbf0	22
client-main-current	588dcc10	FUN_588dcc10	225
client-main-current	588dcd00	FUN_588dcd00	115
client-main-current	588dcd80	FUN_588dcd80	67
client-main-current	588dcdd0	FUN_588dcdd0	101
client-main-current	588dce50	FUN_588dce50	59
client-main-current	588dce90	FUN_588dce90	186
client-main-current	588dcf50	FUN_588dcf50	150
client-main-current	588dcff0	FUN_588dcff0	165
client-main-current	588dd0a0	FUN_588dd0a0	264
client-main-current	588dd1b0	FUN_588dd1b0	237
client-main-current	588dd2a0	FUN_588dd2a0	108
client-main-current	588dd310	FUN_588dd310	95
client-main-current	588dd370	FUN_588dd370	66
client-main-current	588dd3c0	FUN_588dd3c0	349
client-main-current	588dd520	FUN_588dd520	1321
client-main-current	588dda60	FUN_588dda60	389
client-main-current	588ddbf0	FUN_588ddbf0	214
client-main-current	588ddce0	FUN_588ddce0	808
client-main-current	588de030	FUN_588de030	147
client-main-current	588de0d0	FUN_588de0d0	767
client-main-current	588de3d0	FUN_588de3d0	482
client-main-current	588de5c0	FUN_588de5c0	86
client-main-current	588de620	FUN_588de620	1281
client-main-current	588deb30	FUN_588deb30	1858
client-main-current	588df280	FUN_588df280	447
client-main-current	588df450	FUN_588df450	589
client-main-current	588df6b0	FUN_588df6b0	745
client-main-current	588df9b0	FUN_588df9b0	1431
client-main-current	588dffb0	FUN_588dffb0	377
client-main-current	588e0130	FUN_588e0130	268
client-main-current	588e0240	FUN_588e0240	27
client-main-current	588e0260	FUN_588e0260	420
client-main-current	588e0410	FUN_588e0410	216
client-main-current	588e04f0	FUN_588e04f0	200
client-main-current	588e05c0	FUN_588e05c0	13492
client-main-current	588e3ae0	FUN_588e3ae0	1894
client-main-current	588e4260	FUN_588e4260	3641
client-main-current	588e5150	FUN_588e5150	5014
client-main-current	588e64f0	FUN_588e64f0	49
client-main-current	588e6530	FUN_588e6530	15
client-main-current	588e6540	FUN_588e6540	39
client-main-current	588e6570	FUN_588e6570	82
client-main-current	588e65d0	FUN_588e65d0	114
client-main-current	588e6650	FUN_588e6650	45
client-main-current	588e6680	FUN_588e6680	193
client-main-current	588e6770	FUN_588e6770	81
client-main-current	588e67e0	FUN_588e67e0	403
client-main-current	588e6980	FUN_588e6980	225
client-main-current	588e6a70	FUN_588e6a70	74
client-main-current	588e6ac0	FUN_588e6ac0	150
client-main-current	588e6b60	FUN_588e6b60	1992
client-main-current	588e73a0	FUN_588e73a0	217
client-main-current	588e7480	FUN_588e7480	350
client-main-current	588e75e0	FUN_588e75e0	96
client-main-current	588e7660	FUN_588e7660	81
client-main-current	588e76c0	FUN_588e76c0	37
client-main-current	588e7700	FUN_588e7700	1289
client-main-current	588e7c10	FUN_588e7c10	2385
client-main-current	588e8570	FUN_588e8570	3294
client-main-current	588e9260	FUN_588e9260	77
client-main-current	588e92b0	FUN_588e92b0	650
client-main-current	588e9540	FUN_588e9540	55
client-main-current	588e9590	FUN_588e9590	39
client-main-current	588e95c0	FUN_588e95c0	311
client-main-current	588e9700	FUN_588e9700	156
client-main-current	588e97a0	FUN_588e97a0	124
client-main-current	588e9820	FUN_588e9820	43
client-main-current	588e9850	FUN_588e9850	43
client-main-current	588e9880	FUN_588e9880	82
client-main-current	588e98e0	FUN_588e98e0	81
client-main-current	588e9940	FUN_588e9940	786
client-main-current	588e9c70	FUN_588e9c70	405
client-main-current	588e9e10	FUN_588e9e10	326
client-main-current	588e9f60	FUN_588e9f60	322
client-main-current	588ea0b0	FUN_588ea0b0	77
client-main-current	588ea100	FUN_588ea100	33
client-main-current	588ea130	FUN_588ea130	588
client-main-current	588ea390	FUN_588ea390	138
client-main-current	588ea420	FUN_588ea420	240
client-main-current	588ea530	FUN_588ea530	27
client-main-current	588ea550	FUN_588ea550	44
client-main-current	588ea580	FUN_588ea580	479
client-main-current	588ea770	FUN_588ea770	220
client-main-current	588ea850	FUN_588ea850	133
client-main-current	588ea8e0	FUN_588ea8e0	577
client-main-current	588eab30	FUN_588eab30	677
client-main-current	588eade0	FUN_588eade0	316
client-main-current	588eaf30	FUN_588eaf30	510
client-main-current	588eb130	FUN_588eb130	332
client-main-current	588eb280	FUN_588eb280	72
client-main-current	588eb2d0	FUN_588eb2d0	15
client-main-current	588eb2e0	FUN_588eb2e0	33
client-main-current	588eb310	FUN_588eb310	348
client-main-current	588eb470	FUN_588eb470	33
client-main-current	588eb4a0	FUN_588eb4a0	172
client-main-current	588eb550	FUN_588eb550	57
client-main-current	588eb590	FUN_588eb590	46
client-main-current	588eb5c0	FUN_588eb5c0	186
client-main-current	588eb680	FUN_588eb680	558
client-main-current	588eb8c0	FUN_588eb8c0	1031
client-main-current	588ebcd0	FUN_588ebcd0	104
client-main-current	588ebd40	FUN_588ebd40	103
client-main-current	588ebdb0	FUN_588ebdb0	27
client-main-current	588ebdd0	FUN_588ebdd0	152
client-main-current	588ebe70	FUN_588ebe70	50
client-main-current	588ebeb0	FUN_588ebeb0	238
client-main-current	588ebfa0	FUN_588ebfa0	221
client-main-current	588ec080	FUN_588ec080	126
client-main-current	588ec100	FUN_588ec100	253
client-main-current	588ec200	FUN_588ec200	935
client-main-current	588ec5b0	FUN_588ec5b0	30
client-main-current	588ec5d0	FUN_588ec5d0	1708
client-main-current	588ecc80	FUN_588ecc80	53
client-main-current	588eccc0	FUN_588eccc0	52
client-main-current	588ecd00	FUN_588ecd00	412
client-main-current	588ecea0	FUN_588ecea0	2217
client-main-current	588ed750	FUN_588ed750	1274
client-main-current	588edc50	FUN_588edc50	5643
client-main-current	588ef260	FUN_588ef260	898
client-main-current	588ef5f0	FUN_588ef5f0	11
client-main-current	588ef600	FUN_588ef600	30
client-main-current	588ef620	FUN_588ef620	343
client-main-current	588ef790	FUN_588ef790	194
client-main-current	588ef860	FUN_588ef860	444
client-main-current	588efa20	FUN_588efa20	544
client-main-current	588efc40	FUN_588efc40	179
client-main-current	588efd00	FUN_588efd00	171
client-main-current	588efdb0	FUN_588efdb0	376
client-main-current	588eff30	FUN_588eff30	536
client-main-current	588f0150	FUN_588f0150	726
client-main-current	588f0430	FUN_588f0430	39
client-main-current	588f0460	FUN_588f0460	863
client-main-current	588f07c0	FUN_588f07c0	996
client-main-current	588f0bb0	FUN_588f0bb0	808
client-main-current	588f0ee0	FUN_588f0ee0	631
client-main-current	588f1160	FUN_588f1160	559
client-main-current	588f13b0	FUN_588f13b0	548
client-main-current	588f15f0	FUN_588f15f0	5868
client-main-current	588f2cf0	FUN_588f2cf0	2050
client-main-current	588f3500	FUN_588f3500	140
client-main-current	588f3590	FUN_588f3590	8
client-main-current	588f35a0	FUN_588f35a0	27
client-main-current	588f35c0	FUN_588f35c0	762
client-main-current	588f38c0	FUN_588f38c0	104
client-main-current	588f3930	FUN_588f3930	1073
client-main-current	588f3d70	FUN_588f3d70	201
client-main-current	588f3e40	FUN_588f3e40	33
client-main-current	588f3e70	FUN_588f3e70	163
client-main-current	588f3f20	FUN_588f3f20	70
client-main-current	588f3f70	FUN_588f3f70	34
client-main-current	588f3fa0	FUN_588f3fa0	35
client-main-current	588f3fd0	FUN_588f3fd0	7
client-main-current	588f3fe0	FUN_588f3fe0	28
client-main-current	588f4000	FUN_588f4000	79
client-main-current	588f4060	FUN_588f4060	41
client-main-current	588f4090	FUN_588f4090	41
client-main-current	588f40c0	FUN_588f40c0	288
client-main-current	588f41e0	FUN_588f41e0	163
client-main-current	588f4290	FUN_588f4290	93
client-main-current	588f42f0	FUN_588f42f0	59
client-main-current	588f4330	FUN_588f4330	131
client-main-current	588f43c0	FUN_588f43c0	39
client-main-current	588f43f0	FUN_588f43f0	210
client-main-current	588f44d0	FUN_588f44d0	33
client-main-current	588f4500	FUN_588f4500	39
client-main-current	588f4527	FUN_588f4527	236
client-main-current	588f4620	FUN_588f4620	145
client-main-current	588f46c0	FUN_588f46c0	67
client-main-current	588f4710	FUN_588f4710	80
client-main-current	588f4770	FUN_588f4770	157
client-main-current	588f4810	FUN_588f4810	94
client-main-current	588f4870	FUN_588f4870	48
client-main-current	588f48b0	FUN_588f48b0	209
client-main-current	588f4990	FUN_588f4990	35
client-main-current	588f49c0	FUN_588f49c0	179
client-main-current	588f4a80	FUN_588f4a80	56
client-main-current	588f4ac0	FUN_588f4ac0	71
client-main-current	588f4b10	FUN_588f4b10	662
client-main-current	588f4db0	FUN_588f4db0	319
client-main-current	588f4ef0	FUN_588f4ef0	326
client-main-current	588f5040	FUN_588f5040	224
client-main-current	588f5120	FUN_588f5120	85
client-main-current	588f5180	FUN_588f5180	892
client-main-current	588f5500	FUN_588f5500	181
client-main-current	588f55c0	FUN_588f55c0	2863
client-main-current	588f60f0	FUN_588f60f0	27
client-main-current	588f6110	FUN_588f6110	17
client-main-current	588f6130	FUN_588f6130	17
client-main-current	588f6150	FUN_588f6150	145
client-main-current	588f61f0	FUN_588f61f0	28
client-main-current	588f6210	FUN_588f6210	26
client-main-current	588f6230	FUN_588f6230	73
client-main-current	588f6290	FUN_588f6290	105
client-main-current	588f6300	FUN_588f6300	137
client-main-current	588f6390	FUN_588f6390	27
client-main-current	588f63b0	FUN_588f63b0	181
client-main-current	588f6470	FUN_588f6470	16
client-main-current	588f6480	FUN_588f6480	197
client-main-current	588f6550	FUN_588f6550	39
client-main-current	588f6580	FUN_588f6580	219
client-main-current	588f6660	FUN_588f6660	117
client-main-current	588f66e0	FUN_588f66e0	424
client-main-current	588f6890	FUN_588f6890	175
client-main-current	588f6940	FUN_588f6940	564
client-main-current	588f6b80	FUN_588f6b80	183
client-main-current	588f6c40	FUN_588f6c40	20
client-main-current	588f6c60	FUN_588f6c60	178
client-main-current	588f6d20	FUN_588f6d20	178
client-main-current	588f6de0	FUN_588f6de0	51
client-main-current	588f6e20	FUN_588f6e20	69
client-main-current	588f6e70	FUN_588f6e70	127
client-main-current	588f6ef0	FUN_588f6ef0	68
client-main-current	588f6f40	FUN_588f6f40	116
client-main-current	588f6fc0	FUN_588f6fc0	51
client-main-current	588f7000	FUN_588f7000	24
client-main-current	588f7020	FUN_588f7020	60
client-main-current	588f7060	FUN_588f7060	127
client-main-current	588f70e0	FUN_588f70e0	98
client-main-current	588f7150	FUN_588f7150	115
client-main-current	588f71d0	FUN_588f71d0	82
client-main-current	588f7230	FUN_588f7230	69
client-main-current	588f7280	FUN_588f7280	79
client-main-current	588f72d0	FUN_588f72d0	97
client-main-current	588f7340	FUN_588f7340	189
client-main-current	588f7430	FUN_588f7430	120
client-main-current	588f74c0	FUN_588f74c0	151
client-main-current	588f7560	FUN_588f7560	28
client-main-current	588f7580	FUN_588f7580	949
client-main-current	588f79a0	FUN_588f79a0	241
client-main-current	588f7aa0	FUN_588f7aa0	23
client-main-current	588f7ac0	FUN_588f7ac0	21
client-main-current	588f7ae0	FUN_588f7ae0	24
client-main-current	588f7b00	FUN_588f7b00	24
client-main-current	588f7b20	FUN_588f7b20	33
client-main-current	588f7b50	FUN_588f7b50	31
client-main-current	588f7b70	FUN_588f7b70	133
client-main-current	588f7c00	FUN_588f7c00	254
client-main-current	588f7d00	FUN_588f7d00	7
client-main-current	588f7d10	FUN_588f7d10	30
client-main-current	588f7d30	FUN_588f7d30	5
client-main-current	588f7d40	FUN_588f7d40	27
client-main-current	588f7d60	FUN_588f7d60	131
client-main-current	588f7df0	FUN_588f7df0	12
client-main-current	588f7e00	FUN_588f7e00	16
client-main-current	588f7e10	FUN_588f7e10	19
client-main-current	588f7e30	FUN_588f7e30	93
client-main-current	588f7e90	FUN_588f7e90	88
client-main-current	588f7ef0	FUN_588f7ef0	228
client-main-current	588f7fe0	FUN_588f7fe0	140
client-main-current	588f8070	FUN_588f8070	137
client-main-current	588f8100	FUN_588f8100	985
client-main-current	588f84e0	FUN_588f84e0	55
client-main-current	588f8520	FUN_588f8520	248
client-main-current	588f8620	FUN_588f8620	28
client-main-current	588f8640	FUN_588f8640	470
client-main-current	588f8820	FUN_588f8820	27
client-main-current	588f8840	FUN_588f8840	47
client-main-current	588f8870	FUN_588f8870	1575
client-main-current	588f8ea0	FUN_588f8ea0	2553
client-main-current	588f9900	FUN_588f9900	312
client-main-current	588f9a40	FUN_588f9a40	128
client-main-current	588f9ad0	FUN_588f9ad0	41
client-main-current	588f9b00	FUN_588f9b00	27
client-main-current	588f9b20	FUN_588f9b20	86
client-main-current	588f9b80	FUN_588f9b80	120
client-main-current	588f9c00	FUN_588f9c00	135
client-main-current	588f9c90	FUN_588f9c90	24
client-main-current	588f9cb0	FUN_588f9cb0	442
client-main-current	588f9ea0	FUN_588f9ea0	291
client-main-current	588f9fd0	FUN_588f9fd0	181
client-main-current	588fa090	FUN_588fa090	283
client-main-current	588fa1c0	FUN_588fa1c0	1581
client-main-current	588fa7f0	FUN_588fa7f0	313
client-main-current	588fa930	FUN_588fa930	373
client-main-current	588faab0	FUN_588faab0	112
client-main-current	588fab20	FUN_588fab20	92
client-main-current	588fab90	FUN_588fab90	41
client-main-current	588fabc0	FUN_588fabc0	28
client-main-current	588fac00	FUN_588fac00	71
client-main-current	588fac50	FUN_588fac50	117
client-main-current	588facd0	FUN_588facd0	144
client-main-current	588fad60	FUN_588fad60	345
client-main-current	588faec0	FUN_588faec0	104
client-main-current	588faf30	FUN_588faf30	52
client-main-current	588faf70	FUN_588faf70	52
client-main-current	588fafb0	FUN_588fafb0	114
client-main-current	588fb030	FUN_588fb030	49
client-main-current	588fb070	FUN_588fb070	67
client-main-current	588fb0c0	FUN_588fb0c0	27
client-main-current	588fb0e0	FUN_588fb0e0	260
client-main-current	588fb1f0	FUN_588fb1f0	633
client-main-current	588fb470	FUN_588fb470	126
client-main-current	588fb4f0	FUN_588fb4f0	27
client-main-current	588fb510	FUN_588fb510	87
client-main-current	588fb570	FUN_588fb570	366
client-main-current	588fb6e0	FUN_588fb6e0	308
client-main-current	588fb820	FUN_588fb820	41
client-main-current	588fb850	FUN_588fb850	79
client-main-current	588fb8a0	FUN_588fb8a0	31
client-main-current	588fb8c0	FUN_588fb8c0	31
client-main-current	588fb8e0	FUN_588fb8e0	78
client-main-current	588fb930	FUN_588fb930	31
client-main-current	588fb950	FUN_588fb950	81
client-main-current	588fb9b0	FUN_588fb9b0	1300
client-main-current	588fbed0	FUN_588fbed0	27
client-main-current	588fbef0	FUN_588fbef0	346
client-main-current	588fc050	FUN_588fc050	123
client-main-current	588fc0d0	FUN_588fc0d0	60
client-main-current	588fc110	FUN_588fc110	235
client-main-current	588fc210	FUN_588fc210	686
client-main-current	588fc560	FUN_588fc560	57
client-main-current	588fc5a0	FUN_588fc5a0	153
client-main-current	588fc640	FUN_588fc640	293
client-main-current	588fc770	FUN_588fc770	187
client-main-current	588fc830	FUN_588fc830	161
client-main-current	588fc8e0	FUN_588fc8e0	72
client-main-current	588fc930	FUN_588fc930	86
client-main-current	588fc990	FUN_588fc990	145
client-main-current	588fca30	FUN_588fca30	132
client-main-current	588fcac0	FUN_588fcac0	185
client-main-current	588fcb80	FUN_588fcb80	179
client-main-current	588fcc40	FUN_588fcc40	230
client-main-current	588fcd30	FUN_588fcd30	447
client-main-current	588fcef0	FUN_588fcef0	184
client-main-current	588fcfb0	FUN_588fcfb0	289
client-main-current	588fd0e0	FUN_588fd0e0	145
client-main-current	588fd180	FUN_588fd180	924
client-main-current	588fd520	FUN_588fd520	620
client-main-current	588fd790	FUN_588fd790	153
client-main-current	588fd830	FUN_588fd830	181
client-main-current	588fd8f0	FUN_588fd8f0	114
client-main-current	588fd970	FUN_588fd970	265
client-main-current	588fda80	FUN_588fda80	27
client-main-current	588fdaa0	FUN_588fdaa0	87
client-main-current	588fdb00	FUN_588fdb00	20
client-main-current	588fdb20	FUN_588fdb20	43
client-main-current	588fdb50	FUN_588fdb50	33
client-main-current	588fdb80	FUN_588fdb80	31
client-main-current	588fdba0	FUN_588fdba0	84
client-main-current	588fdc00	FUN_588fdc00	237
client-main-current	588fdcf0	FUN_588fdcf0	22
client-main-current	588fdd10	FUN_588fdd10	22
client-main-current	588fdd30	FUN_588fdd30	152
client-main-current	588fddd0	FUN_588fddd0	27
client-main-current	588fddf0	FUN_588fddf0	531
client-main-current	588fe010	FUN_588fe010	194
client-main-current	588fe0e0	FUN_588fe0e0	873
client-main-current	588fe460	FUN_588fe460	177
client-main-current	588fe520	FUN_588fe520	1171
client-main-current	588fe9c0	FUN_588fe9c0	16
client-main-current	588fe9d0	FUN_588fe9d0	51
client-main-current	588fea10	FUN_588fea10	27
client-main-current	588fea30	FUN_588fea30	119
client-main-current	588feab0	FUN_588feab0	52
client-main-current	588feaf0	FUN_588feaf0	28
client-main-current	588feb10	FUN_588feb10	36
client-main-current	588feb40	FUN_588feb40	42
client-main-current	588feb70	FUN_588feb70	41
client-main-current	588feba0	FUN_588feba0	158
client-main-current	588fec40	FUN_588fec40	27
client-main-current	588fec60	FUN_588fec60	573
client-main-current	588feea0	FUN_588feea0	21
client-main-current	588feec0	FUN_588feec0	24
client-main-current	588feee0	FUN_588feee0	24
client-main-current	588fef00	FUN_588fef00	33
client-main-current	588fef30	FUN_588fef30	31
client-main-current	588fef50	FUN_588fef50	133
client-main-current	588fefe0	FUN_588fefe0	134
client-main-current	588ff070	FUN_588ff070	11
client-main-current	588ff080	FUN_588ff080	97
client-main-current	588ff0f0	FUN_588ff0f0	142
client-main-current	588ff180	FUN_588ff180	123
client-main-current	588ff200	FUN_588ff200	228
client-main-current	588ff2f0	FUN_588ff2f0	303
client-main-current	588ff420	FUN_588ff420	270
client-main-current	588ff530	FUN_588ff530	250
client-main-current	588ff630	FUN_588ff630	50
client-main-current	588ff670	FUN_588ff670	50
client-main-current	588ff6b0	FUN_588ff6b0	473
client-main-current	588ff890	FUN_588ff890	173
client-main-current	588ff940	FUN_588ff940	96
client-main-current	588ff9a0	FUN_588ff9a0	385
client-main-current	588ffb50	FUN_588ffb50	317
client-main-current	588ffc90	FUN_588ffc90	246
client-main-current	588ffd90	FUN_588ffd90	27
client-main-current	588ffdb0	FUN_588ffdb0	88
client-main-current	588ffe10	FUN_588ffe10	449
client-main-current	588fffe0	FUN_588fffe0	83
client-main-current	58900040	FUN_58900040	428
client-main-current	589001f0	FUN_589001f0	92
client-main-current	58900250	FUN_58900250	27
client-main-current	58900270	FUN_58900270	61
client-main-current	589002b0	FUN_589002b0	133
client-main-current	58900340	FUN_58900340	188
client-main-current	58900400	FUN_58900400	2583
client-main-current	58900e20	FUN_58900e20	47
client-main-current	58900e50	FUN_58900e50	33
client-main-current	58900e80	FUN_58900e80	1888
client-main-current	58901680	FUN_58901680	17
client-main-current	589016a0	FUN_589016a0	28
client-main-current	589016c0	FUN_589016c0	7
client-main-current	589016d0	FUN_589016d0	122
client-main-current	58901750	FUN_58901750	24
client-main-current	58901770	FUN_58901770	28
client-main-current	58901790	FUN_58901790	90
client-main-current	589017f0	FUN_589017f0	117
client-main-current	58901870	FUN_58901870	412
client-main-current	58901a10	FUN_58901a10	43
client-main-current	58901a40	FUN_58901a40	62
client-main-current	58901a80	FUN_58901a80	41
client-main-current	58901ab0	FUN_58901ab0	44
client-main-current	58901ae0	FUN_58901ae0	589
client-main-current	58901c37	Catch_All@58901c37	9
client-main-current	58901d30	FUN_58901d30	175
client-main-current	58901de0	FUN_58901de0	127
client-main-current	58901e60	FUN_58901e60	357
client-main-current	58901fd0	FUN_58901fd0	32
client-main-current	58901ff0	FUN_58901ff0	62
client-main-current	58902030	FUN_58902030	88
client-main-current	58902090	FUN_58902090	106
client-main-current	58902100	FUN_58902100	54
client-main-current	58902140	FUN_58902140	54
client-main-current	58902180	FUN_58902180	59
client-main-current	589021c0	FUN_589021c0	99
client-main-current	58902230	FUN_58902230	42
client-main-current	58902260	FUN_58902260	30
client-main-current	58902280	FUN_58902280	43
client-main-current	589022b0	FUN_589022b0	162
client-main-current	58902360	FUN_58902360	77
client-main-current	589023b0	FUN_589023b0	133
client-main-current	58902440	FUN_58902440	782
client-main-current	58902628	Catch_All@58902628	98
client-main-current	58902732	Catch_All@58902732	45
client-main-current	589027e0	FUN_589027e0	30
client-main-current	58902800	FUN_58902800	179
client-main-current	589028c0	FUN_589028c0	165
client-main-current	58902970	FUN_58902970	490
client-main-current	58902b60	FUN_58902b60	165
client-main-current	58902c10	FUN_58902c10	11
client-main-current	58902c20	FUN_58902c20	78
client-main-current	58902c70	FUN_58902c70	99
client-main-current	58902ce0	FUN_58902ce0	59
client-main-current	58902d20	FUN_58902d20	59
client-main-current	58902d60	FUN_58902d60	167
client-main-current	58902e10	FUN_58902e10	71
client-main-current	58902e60	FUN_58902e60	59
client-main-current	58902ea0	FUN_58902ea0	59
client-main-current	58902ee0	FUN_58902ee0	99
client-main-current	58902f50	FUN_58902f50	129
client-main-current	58902fe0	FUN_58902fe0	94
client-main-current	58903040	FUN_58903040	47
client-main-current	58903070	FUN_58903070	232
client-main-current	58903160	FUN_58903160	63
client-main-current	589031a0	FUN_589031a0	198
client-main-current	58903270	FUN_58903270	30
client-main-current	58903290	FUN_58903290	77
client-main-current	589032e0	FUN_589032e0	104
client-main-current	58903360	FUN_58903360	104
client-main-current	589033e0	FUN_589033e0	11
client-main-current	589033f0	FUN_589033f0	5
client-main-current	58903400	FUN_58903400	30
client-main-current	58903420	FUN_58903420	39
client-main-current	58903450	FUN_58903450	11
client-main-current	58903460	FUN_58903460	3
client-main-current	58903470	FUN_58903470	32
client-main-current	58903490	FUN_58903490	3
client-main-current	589034a0	FUN_589034a0	402
client-main-current	58903640	FUN_58903640	31
client-main-current	58903660	FUN_58903660	51
client-main-current	589036a0	FUN_589036a0	366
client-main-current	58903810	FUN_58903810	138
client-main-current	589038a0	FUN_589038a0	11
client-main-current	589038b0	FUN_589038b0	11
client-main-current	589038c0	FUN_589038c0	189
client-main-current	58903980	FUN_58903980	186
client-main-current	58903a40	FUN_58903a40	50
client-main-current	58903a80	FUN_58903a80	37
client-main-current	58903ac0	FUN_58903ac0	21
client-main-current	58903ae0	FUN_58903ae0	361
client-main-current	58903c60	FUN_58903c60	124
client-main-current	58903ce0	FUN_58903ce0	44
client-main-current	58903d30	FUN_58903d30	35
client-main-current	58903d60	FUN_58903d60	178
client-main-current	58903e20	FUN_58903e20	27
client-main-current	58903e40	FUN_58903e40	12100
client-main-current	58906de0	FUN_58906de0	192
client-main-current	58906ea0	FUN_58906ea0	142
client-main-current	58906f30	FUN_58906f30	265
client-main-current	58907040	FUN_58907040	191
client-main-current	58907100	FUN_58907100	116
client-main-current	58907180	FUN_58907180	30
client-main-current	589071a0	FUN_589071a0	243
client-main-current	589072a0	FUN_589072a0	87
client-main-current	58907300	FUN_58907300	88
client-main-current	58907360	FUN_58907360	18
client-main-current	58907380	FUN_58907380	13
client-main-current	58907390	FUN_58907390	13
client-main-current	589073a0	FUN_589073a0	15
client-main-current	589073b0	FUN_589073b0	510
client-main-current	589075b0	FUN_589075b0	12
client-main-current	589075c0	FUN_589075c0	141
client-main-current	58907650	FUN_58907650	67
client-main-current	589076a0	FUN_589076a0	124
client-main-current	58907720	FUN_58907720	62
client-main-current	58907760	FUN_58907760	56
client-main-current	589077a0	FUN_589077a0	62
client-main-current	589077e0	FUN_589077e0	49
client-main-current	58907820	FUN_58907820	302
client-main-current	58907950	FUN_58907950	55
client-main-current	58907990	FUN_58907990	250
client-main-current	58907a90	FUN_58907a90	45
client-main-current	58907ac0	FUN_58907ac0	116
client-main-current	58907b40	FUN_58907b40	148
client-main-current	58907be0	FUN_58907be0	27
client-main-current	58907c00	FUN_58907c00	113
client-main-current	58907c80	FUN_58907c80	47
client-main-current	58907cb0	FUN_58907cb0	33
client-main-current	58907ce0	FUN_58907ce0	586
client-main-current	58907f30	FUN_58907f30	4
client-main-current	58907f40	FUN_58907f40	4
client-main-current	58907f50	FUN_58907f50	27
client-main-current	58907f70	FUN_58907f70	6
client-main-current	58907f80	FUN_58907f80	40
client-main-current	58907fb0	FUN_58907fb0	28
client-main-current	58907fd0	FUN_58907fd0	116
client-main-current	58908050	FUN_58908050	112
client-main-current	589080e0	FUN_589080e0	40
client-main-current	58908110	FUN_58908110	39
client-main-current	58908140	FUN_58908140	41
client-main-current	58908170	FUN_58908170	32
client-main-current	58908190	FUN_58908190	38
client-main-current	589081c0	FUN_589081c0	32
client-main-current	589081e0	FUN_589081e0	201
client-main-current	589082b0	FUN_589082b0	39
client-main-current	589082e0	FUN_589082e0	41
client-main-current	58908310	FUN_58908310	41
client-main-current	58908340	FUN_58908340	454
client-main-current	58908520	FUN_58908520	209
client-main-current	58908600	FUN_58908600	68
client-main-current	58908650	FUN_58908650	34
client-main-current	58908680	FUN_58908680	106
client-main-current	589086f0	FUN_589086f0	89
client-main-current	58908750	FUN_58908750	156
client-main-current	589087f0	FUN_589087f0	61
client-main-current	58908830	FUN_58908830	54
client-main-current	58908870	FUN_58908870	54
client-main-current	589088b0	FUN_589088b0	27
client-main-current	589088d0	FUN_589088d0	268
client-main-current	589089e0	FUN_589089e0	182
client-main-current	58908aa0	FUN_58908aa0	79
client-main-current	58908af0	FUN_58908af0	93
client-main-current	58908b90	FUN_58908b90	57
client-main-current	58908bd0	FUN_58908bd0	11
client-main-current	58908be0	FUN_58908be0	59
client-main-current	58908c20	FUN_58908c20	24
client-main-current	58908c40	FUN_58908c40	33
client-main-current	58908c70	FUN_58908c70	290
client-main-current	58908db0	FUN_58908db0	72
client-main-current	58908e00	FUN_58908e00	77
client-main-current	58908e70	FUN_58908e70	133
client-main-current	58908f00	FUN_58908f00	139
client-main-current	58908f90	FUN_58908f90	113
client-main-current	58909010	FUN_58909010	82
client-main-current	58909070	FUN_58909070	106
client-main-current	589090e0	FUN_589090e0	102
client-main-current	58909160	FUN_58909160	87
client-main-current	589091f0	FUN_589091f0	2092
client-main-current	58909a90	FUN_58909a90	35
client-main-current	58909ac0	FUN_58909ac0	60
client-main-current	58909b00	FUN_58909b00	4
client-main-current	58909b10	FUN_58909b10	26
client-main-current	58909b30	FUN_58909b30	65
client-main-current	58909b80	FUN_58909b80	27
client-main-current	58909ba0	FUN_58909ba0	924
client-main-current	58909f50	FUN_58909f50	51
client-main-current	58909f90	FUN_58909f90	27
client-main-current	58909fb0	FUN_58909fb0	116
client-main-current	5890a030	FUN_5890a030	60
client-main-current	5890a070	FUN_5890a070	220
client-main-current	5890a150	FUN_5890a150	25
client-main-current	5890a170	FUN_5890a170	25
client-main-current	5890a190	FUN_5890a190	148
client-main-current	5890a230	FUN_5890a230	205
client-main-current	5890a300	FUN_5890a300	225
client-main-current	5890a3f0	FUN_5890a3f0	126
client-main-current	5890a470	FUN_5890a470	27
client-main-current	5890a490	FUN_5890a490	161
client-main-current	5890a540	FUN_5890a540	100
client-main-current	5890a5b0	FUN_5890a5b0	69
client-main-current	5890a600	FUN_5890a600	33
client-main-current	5890a630	FUN_5890a630	532
client-main-current	5890a850	FUN_5890a850	130
client-main-current	5890a8e0	FUN_5890a8e0	35
client-main-current	5890a910	FUN_5890a910	27
client-main-current	5890a930	FUN_5890a930	1004
client-main-current	5890ad30	FUN_5890ad30	449
client-main-current	5890af00	FUN_5890af00	418
client-main-current	5890b0d0	FUN_5890b0d0	662
client-main-current	5890b370	FUN_5890b370	323
client-main-current	5890b4c0	FUN_5890b4c0	283
client-main-current	5890b5e0	FUN_5890b5e0	36
client-main-current	5890b610	FUN_5890b610	28
client-main-current	5890b630	FUN_5890b630	40
client-main-current	5890b660	FUN_5890b660	147
client-main-current	5890b700	FUN_5890b700	77
client-main-current	5890b750	FUN_5890b750	421
client-main-current	5890b900	FUN_5890b900	307
client-main-current	5890ba40	FUN_5890ba40	75
client-main-current	5890ba90	FUN_5890ba90	76
client-main-current	5890bae0	FUN_5890bae0	27
client-main-current	5890bb00	FUN_5890bb00	320
client-main-current	5890bc40	FUN_5890bc40	91
client-main-current	5890bca0	FUN_5890bca0	142
client-main-current	5890bd30	FUN_5890bd30	87
client-main-current	5890bd90	FUN_5890bd90	121
client-main-current	5890be10	FUN_5890be10	140
client-main-current	5890bea0	FUN_5890bea0	33
client-main-current	5890bed0	FUN_5890bed0	27
client-main-current	5890bef0	FUN_5890bef0	33
client-main-current	5890bf20	FUN_5890bf20	27
client-main-current	5890bf40	FUN_5890bf40	43
client-main-current	5890bf70	FUN_5890bf70	43
client-main-current	5890bfa0	FUN_5890bfa0	27
client-main-current	5890bfc0	FUN_5890bfc0	43
client-main-current	5890bff0	FUN_5890bff0	43
client-main-current	5890c020	FUN_5890c020	405
client-main-current	5890c1c0	FUN_5890c1c0	4
client-main-current	5890c1d0	FUN_5890c1d0	62
client-main-current	5890c210	FUN_5890c210	11
client-main-current	5890c220	FUN_5890c220	165
client-main-current	5890c2e0	FUN_5890c2e0	745
client-main-current	5890c5d0	FUN_5890c5d0	33
client-main-current	5890c600	FUN_5890c600	148
client-main-current	5890c6a0	FID_conflict:~CProgressCtrl	91
client-main-current	5890c700	FUN_5890c700	27
client-main-current	5890c720	FUN_5890c720	94
client-main-current	5890c780	FUN_5890c780	27
client-main-current	5890c7a0	FUN_5890c7a0	114
client-main-current	5890c820	FUN_5890c820	1734
client-main-current	5890cf00	FUN_5890cf00	154
client-main-current	5890cfa0	FUN_5890cfa0	70
client-main-current	5890cff0	FUN_5890cff0	200
client-main-current	5890d0c0	FUN_5890d0c0	317
client-main-current	5890d200	FUN_5890d200	27
client-main-current	5890d220	FUN_5890d220	118
client-main-current	5890d2b0	FUN_5890d2b0	1684
client-main-current	5890d950	FUN_5890d950	278
client-main-current	5890da70	FUN_5890da70	372
client-main-current	5890dbf0	FUN_5890dbf0	345
client-main-current	5890dd60	FUN_5890dd60	288
client-main-current	5890de80	FUN_5890de80	135
client-main-current	5890df10	FUN_5890df10	27
client-main-current	5890df30	FUN_5890df30	126
client-main-current	5890dfb0	FUN_5890dfb0	108
client-main-current	5890e020	FUN_5890e020	58
client-main-current	5890e060	FUN_5890e060	33
client-main-current	5890e090	FUN_5890e090	27
client-main-current	5890e0b0	FUN_5890e0b0	176
client-main-current	5890e160	FUN_5890e160	3
client-main-current	5890e170	FUN_5890e170	129
client-main-current	5890e200	FUN_5890e200	145
client-main-current	5890e2a0	FUN_5890e2a0	183
client-main-current	5890e360	FUN_5890e360	143
client-main-current	5890e3f0	FUN_5890e3f0	3
client-main-current	5890e400	FUN_5890e400	212
client-main-current	5890e4e0	FUN_5890e4e0	185
client-main-current	5890e5a0	FUN_5890e5a0	47
client-main-current	5890e5d0	FUN_5890e5d0	33
client-main-current	5890e600	FUN_5890e600	20
client-main-current	5890e620	FUN_5890e620	33
client-main-current	5890e650	FUN_5890e650	5067
client-main-current	5890fa20	FUN_5890fa20	4595
client-main-current	58910c20	FUN_58910c20	20
client-main-current	58910c40	FUN_58910c40	33
client-main-current	58910c70	FUN_58910c70	12482
client-main-current	58913d40	FUN_58913d40	11807
client-main-current	58916b60	FUN_58916b60	20
client-main-current	58916b80	FUN_58916b80	33
client-main-current	58916bb0	FUN_58916bb0	12821
client-main-current	58919de0	FUN_58919de0	12054
client-main-current	5891cd00	FUN_5891cd00	32
client-main-current	5891cd20	FUN_5891cd20	58
client-main-current	5891cd60	FUN_5891cd60	6836
client-main-current	5891e820	FUN_5891e820	4843
client-main-current	5891fb10	FUN_5891fb10	32
client-main-current	5891fb30	FUN_5891fb30	58
client-main-current	5891fb70	FUN_5891fb70	16940
client-main-current	58923dc0	FUN_58923dc0	11855
client-main-current	58926c10	FUN_58926c10	32
client-main-current	58926c30	FUN_58926c30	58
client-main-current	58926c70	FUN_58926c70	17246
client-main-current	5892afd0	FUN_5892afd0	12063
client-main-current	5892def0	FUN_5892def0	32
client-main-current	5892df10	FUN_5892df10	58
client-main-current	5892df50	FUN_5892df50	15823
client-main-current	58931d20	FUN_58931d20	7710
client-main-current	58933b50	FUN_58933b50	14774
client-main-current	58937510	FUN_58937510	32
client-main-current	58937530	FUN_58937530	58
client-main-current	58937580	FUN_58937580	36208
client-main-current	589402f0	FUN_589402f0	14711
client-main-current	58943c70	FUN_58943c70	32
client-main-current	58943c90	FUN_58943c90	58
client-main-current	58943ce0	FUN_58943ce0	36733
client-main-current	5894cc60	FUN_5894cc60	32
client-main-current	5894cc80	FUN_5894cc80	58
client-main-current	5894ccc0	FUN_5894ccc0	16012
client-main-current	58950b50	FUN_58950b50	7797
client-main-current	589529d0	FUN_589529d0	14863
client-main-current	589563e0	FUN_589563e0	32
client-main-current	58956400	FUN_58956400	58
client-main-current	58956450	FUN_58956450	36630
client-main-current	5895f370	FUN_5895f370	14793
client-main-current	58962d40	FUN_58962d40	32
client-main-current	58962d60	FUN_58962d60	58
client-main-current	58962de0	FUN_58962de0	37154
client-main-current	5896bf10	FUN_5896bf10	22
client-main-current	5896bf30	FUN_5896bf30	6
client-main-current	5896bf40	FUN_5896bf40	33
client-main-current	5896bf70	FUN_5896bf70	9
client-main-current	5896bf80	FUN_5896bf80	99
client-main-current	5896bff0	FUN_5896bff0	31
client-main-current	5896c010	FUN_5896c010	569
client-main-current	5896c2b0	FUN_5896c2b0	429
client-main-current	5896c460	FUN_5896c460	71
client-main-current	5896c4b0	FUN_5896c4b0	134
client-main-current	5896c540	FUN_5896c540	140
client-main-current	5896c5d0	FUN_5896c5d0	27
client-main-current	5896c5f0	FUN_5896c5f0	467
client-main-current	5896c7d0	FUN_5896c7d0	65
client-main-current	5896c820	FUN_5896c820	63
client-main-current	5896c860	FUN_5896c860	37
client-main-current	5896c890	FUN_5896c890	4
client-main-current	5896c8a0	FUN_5896c8a0	37
client-main-current	5896c8d0	FUN_5896c8d0	42
client-main-current	5896c910	FUN_5896c910	33
client-main-current	5896c940	FUN_5896c940	92
client-main-current	5896c9a0	FUN_5896c9a0	314
client-main-current	5896cae0	FUN_5896cae0	78
client-main-current	5896cb30	FUN_5896cb30	13
client-main-current	5896cb40	FUN_5896cb40	38
client-main-current	5896cb70	FUN_5896cb70	11
client-main-current	5896cb80	FUN_5896cb80	207
client-main-current	5896cc50	FUN_5896cc50	30
client-main-current	5896cc70	FUN_5896cc70	725
client-main-current	5896cf50	FUN_5896cf50	3659
client-main-current	5896dda0	FUN_5896dda0	142
client-main-current	5896de30	FUN_5896de30	11
client-main-current	5896de40	FUN_5896de40	25
client-main-current	5896de70	FUN_5896de70	722
client-main-current	5896e150	FUN_5896e150	3659
client-main-current	5896efa0	FUN_5896efa0	162
client-main-current	5896f050	FUN_5896f050	97
client-main-current	5896f0c0	FUN_5896f0c0	793
client-main-current	5896f3e0	FUN_5896f3e0	2640
client-main-current	5896fe40	FUN_5896fe40	3
client-main-current	5896fe50	FUN_5896fe50	36
client-main-current	5896fe80	FUN_5896fe80	31
client-main-current	5896fea0	FUN_5896fea0	713
client-main-current	58970170	FUN_58970170	2125
client-main-current	589709d0	FUN_589709d0	11
client-main-current	589709e0	FUN_589709e0	50
client-main-current	58970a20	FUN_58970a20	189
client-main-current	58970ae0	FUN_58970ae0	72
client-main-current	58970b40	FUN_58970b40	3
client-main-current	58970b50	FUN_58970b50	128
client-main-current	58970bd0	FUN_58970bd0	149
client-main-current	58970c70	FUN_58970c70	671
client-main-current	58970f10	FUN_58970f10	87
client-main-current	58970f70	FUN_58970f70	27
client-main-current	58970f90	FUN_58970f90	224
client-main-current	58971070	FUN_58971070	487
client-main-current	58971260	FUN_58971260	76
client-main-current	589712b0	FUN_589712b0	11
client-main-current	589712c0	FUN_589712c0	325
client-main-current	58971410	FUN_58971410	33
client-main-current	58971440	FUN_58971440	59
client-main-current	58971480	FUN_58971480	43
client-main-current	589714ac	FUN_589714ac	6
client-main-current	589714b2	FUN_589714b2	6
client-main-current	589714b8	FUN_589714b8	6
client-main-current	589714be	FUN_589714be	55
client-main-current	589714f6	FUN_589714f6	55
client-main-current	5897152e	FUN_5897152e	11
client-main-current	58971539	__Tolower	269
client-main-current	58971646	__Getctype	96
client-main-current	58971700	_Lockit	40
client-main-current	58971728	FUN_58971728	23
client-main-current	5897173f	_AtModuleExit	26
client-main-current	58971759	FUN_58971759	21
client-main-current	5897176e	FUN_5897176e	32
client-main-current	5897178f	__Deletegloballocale	33
client-main-current	589717b0	tidy_global	44
client-main-current	589717dc	FUN_589717dc	6
client-main-current	589717e2	_Setgloballocale	42
client-main-current	5897180c	_Locimp_dtor	96
client-main-current	5897186c	__Fac_tidy	53
client-main-current	589718a1	facet_Register	62
client-main-current	589718df	_Locinfo_dtor	40
client-main-current	58971907	_Locimp	73
client-main-current	58971950	~_Locimp	61
client-main-current	5897198d	FUN_5897198d	32
client-main-current	589719ae	_Init	154
client-main-current	58971a48	_Locinfo_ctor	92
client-main-current	58971aa4	_Callfns	39
client-main-current	58971acb	FUN_58971acb	61
client-main-current	58971b16	_Ios_base_dtor	60
client-main-current	58971b52	__Toupper	274
client-main-current	58971c64	_Mutex	26
client-main-current	58971c7e	FUN_58971c7e	19
client-main-current	58971c95	_Fiopen	184
client-main-current	58971d4d	_Fiopen	93
client-main-current	58971daa	__Mtxinit	16
client-main-current	58971dba	FUN_58971dba	16
client-main-current	58971dca	__Mtxlock	16
client-main-current	58971dda	FUN_58971dda	16
client-main-current	58971dea	_Atexit	38
client-main-current	58971e36	FUN_58971e36	6
client-main-current	58971e3c	FUN_58971e3c	6
client-main-current	58971e50	FUN_58971e50	112
client-main-current	58971ec0	FUN_58971ec0	70
client-main-current	58971f10	FUN_58971f10	129
client-main-current	58971fa0	FUN_58971fa0	48
client-main-current	58972010	FUN_58972010	47
client-main-current	589720f0	FUN_589720f0	72
client-main-current	58972250	FUN_58972250	27
client-main-current	58972270	FUN_58972270	464
client-main-current	58972440	FUN_58972440	40
client-main-current	58972470	FUN_58972470	27
client-main-current	58972490	FUN_58972490	7
client-main-current	589724a0	FUN_589724a0	7
client-main-current	589724b0	FUN_589724b0	79
client-main-current	58972500	FUN_58972500	79
client-main-current	58972550	FUN_58972550	47
client-main-current	58972580	FUN_58972580	4
client-main-current	58972590	FUN_58972590	4
client-main-current	589725a0	FUN_589725a0	4
client-main-current	589725b0	FUN_589725b0	4
client-main-current	589725c0	FUN_589725c0	4
client-main-current	589725d0	FUN_589725d0	30
client-main-current	589725f0	FUN_589725f0	17
client-main-current	58972610	FUN_58972610	11
client-main-current	58972620	FUN_58972620	35
client-main-current	58972650	FUN_58972650	55
client-main-current	58972690	FUN_58972690	167
client-main-current	58972740	FUN_58972740	4
client-main-current	58972750	FUN_58972750	221
client-main-current	58972830	FUN_58972830	23
client-main-current	58972850	FUN_58972850	124
client-main-current	589728d0	FUN_589728d0	25
client-main-current	589728f0	FUN_589728f0	157
client-main-current	589729a0	FUN_589729a0	83
client-main-current	58972a10	FUN_58972a10	430
client-main-current	58972bc0	FUN_58972bc0	81
client-main-current	58972c20	FUN_58972c20	20
client-main-current	58972c40	FUN_58972c40	39
client-main-current	58972c70	FUN_58972c70	100
client-main-current	58972ce0	FUN_58972ce0	47
client-main-current	58972d10	FUN_58972d10	27
client-main-current	58972d30	FUN_58972d30	112
client-main-current	58972db0	FUN_58972db0	9
client-main-current	58973020	FUN_58973020	1351
client-main-current	58973580	FUN_58973580	500
client-main-current	58973780	FUN_58973780	7
client-main-current	58973790	FUN_58973790	21
client-main-current	589737b0	FUN_589737b0	83
client-main-current	58973810	FUN_58973810	77
client-main-current	58973860	FUN_58973860	14
client-main-current	58973870	FUN_58973870	35
client-main-current	589738a0	FUN_589738a0	64
client-main-current	589738e0	FUN_589738e0	75
client-main-current	58973930	FUN_58973930	64
client-main-current	58973980	FUN_58973980	1057
client-main-current	58973e00	FUN_58973e00	346
client-main-current	58973f60	FUN_58973f60	16
client-main-current	58973f70	FUN_58973f70	42
client-main-current	58973fa0	FUN_58973fa0	86
client-main-current	58974000	FUN_58974000	13
client-main-current	58974010	FUN_58974010	2034
client-main-current	58974970	FUN_58974970	306
client-main-current	58974ae0	FUN_58974ae0	190
client-main-current	58974ba0	FUN_58974ba0	89
client-main-current	58974c00	FUN_58974c00	238
client-main-current	58974cf0	FUN_58974cf0	268
client-main-current	58974e00	FUN_58974e00	59
client-main-current	58974e40	FUN_58974e40	246
client-main-current	58974f40	FUN_58974f40	268
client-main-current	58975050	FUN_58975050	76
client-main-current	589750a0	FUN_589750a0	86
client-main-current	58975210	FUN_58975210	198
client-main-current	589752e0	FUN_589752e0	12
client-main-current	589752f0	FUN_589752f0	78
client-main-current	58975340	FUN_58975340	258
client-main-current	58975450	FUN_58975450	117
client-main-current	589754d0	FUN_589754d0	196
client-main-current	589755a0	FUN_589755a0	218
client-main-current	58975680	FUN_58975680	52
client-main-current	589756c0	FUN_589756c0	56
client-main-current	58975700	FUN_58975700	30
client-main-current	58975720	FUN_58975720	251
client-main-current	58975820	FUN_58975820	90
client-main-current	58975880	FUN_58975880	157
client-main-current	58975920	FUN_58975920	95
client-main-current	589759a0	FUN_589759a0	730
client-main-current	58975ca0	FUN_58975ca0	432
client-main-current	58975e50	FUN_58975e50	49
client-main-current	58975e90	FUN_58975e90	74
client-main-current	58975ee0	FUN_58975ee0	97
client-main-current	58975f50	FUN_58975f50	317
client-main-current	58976090	FUN_58976090	303
client-main-current	589761c0	FUN_589761c0	29
client-main-current	589761e0	FUN_589761e0	161
client-main-current	58976290	FUN_58976290	168
client-main-current	58976340	FUN_58976340	176
client-main-current	589763f0	FUN_589763f0	104
client-main-current	58976460	FUN_58976460	104
client-main-current	589767a0	FUN_589767a0	154
client-main-current	58976990	FUN_58976990	159
client-main-current	58976a30	FUN_58976a30	252
client-main-current	58976b70	FUN_58976b70	56
client-main-current	58976bb0	FUN_58976bb0	31
client-main-current	58976bd0	FUN_58976bd0	28
client-main-current	58976bf0	FUN_58976bf0	28
client-main-current	58976c10	FUN_58976c10	16
client-main-current	58976c20	FUN_58976c20	24
client-main-current	58976c40	FUN_58976c40	70
client-main-current	58976c90	FUN_58976c90	27
client-main-current	58976cb0	FUN_58976cb0	81
client-main-current	58976d10	FUN_58976d10	62
client-main-current	58976d50	FUN_58976d50	32
client-main-current	58976d70	FUN_58976d70	60
client-main-current	58976db0	FUN_58976db0	40
client-main-current	58976e00	FUN_58976e00	74
client-main-current	58976e50	FUN_58976e50	165
client-main-current	58976f00	FUN_58976f00	146
client-main-current	58976fa0	FUN_58976fa0	247
client-main-current	589770a0	FUN_589770a0	211
client-main-current	58977180	FUN_58977180	184
client-main-current	58977320	FUN_58977320	188
client-main-current	589773e0	FUN_589773e0	42
client-main-current	58977410	FUN_58977410	221
client-main-current	58977510	FUN_58977510	128
client-main-current	58977590	FUN_58977590	182
client-main-current	58977650	FUN_58977650	15
client-main-current	58977660	FUN_58977660	13
client-main-current	58977670	FUN_58977670	5
client-main-current	58977680	FUN_58977680	20
client-main-current	589776a0	FUN_589776a0	3
client-main-current	589776b0	FUN_589776b0	135
client-main-current	58977790	FUN_58977790	169
client-main-current	58977840	FUN_58977840	196
client-main-current	58977910	FUN_58977910	167
client-main-current	589779c0	FUN_589779c0	78
client-main-current	58977ec0	FUN_58977ec0	483
client-main-current	589780b0	FUN_589780b0	527
client-main-current	589782c0	FUN_589782c0	555
client-main-current	589784f0	FUN_589784f0	59
client-main-current	589787d0	FUN_589787d0	389
client-main-current	58978960	FUN_58978960	195
client-main-current	58978a30	FUN_58978a30	41
client-main-current	58978a60	FUN_58978a60	137
client-main-current	58978af0	FUN_58978af0	36
client-main-current	58978c80	FUN_58978c80	217
client-main-current	58978e50	FUN_58978e50	56
client-main-current	58979170	FUN_58979170	213
client-main-current	58979250	FUN_58979250	60
client-main-current	58979290	FUN_58979290	70
client-main-current	589792e0	FUN_589792e0	165
client-main-current	58979390	FUN_58979390	28
client-main-current	589793b0	FUN_589793b0	123
client-main-current	58979430	FUN_58979430	49
client-main-current	58979650	FUN_58979650	187
client-main-current	58979a60	FUN_58979a60	145
client-main-current	5897a030	FUN_5897a030	172
client-main-current	5897a2b0	FUN_5897a2b0	52
client-main-current	5897a4c0	FUN_5897a4c0	292
client-main-current	5897a5f0	FUN_5897a5f0	381
client-main-current	5897a930	FUN_5897a930	92
client-main-current	5897a990	FUN_5897a990	70
client-main-current	5897b000	FUN_5897b000	528
client-main-current	5897b450	FUN_5897b450	174
client-main-current	5897b670	FUN_5897b670	103
client-main-current	5897b780	FUN_5897b780	1
client-main-current	5897b790	FUN_5897b790	188
client-main-current	5897b850	FUN_5897b850	461
client-main-current	5897ba20	FUN_5897ba20	941
client-main-current	5897bdd0	FUN_5897bdd0	415
client-main-current	5897bf70	FUN_5897bf70	255
client-main-current	5897c070	FUN_5897c070	458
client-main-current	5897c240	FUN_5897c240	40
client-main-current	5897cbb0	FUN_5897cbb0	6
client-main-current	5897cbb6	FUN_5897cbb6	6
client-main-current	5897cbbc	FUN_5897cbbc	6
client-main-current	5897cbc2	FUN_5897cbc2	6
client-main-current	5897cbc8	FUN_5897cbc8	6
client-main-current	5897cbce	FUN_5897cbce	6
client-main-current	5897cbda	__security_check_cookie	15
client-main-current	5897cbe9	FUN_5897cbe9	74
client-main-current	5897cc36	FUN_5897cc36	6
client-main-current	5897cc3c	FUN_5897cc3c	6
client-main-current	5897cc42	FUN_5897cc42	6
client-main-current	5897cc48	FUN_5897cc48	6
client-main-current	5897cc4e	FUN_5897cc4e	6
client-main-current	5897cc54	FUN_5897cc54	6
client-main-current	5897cc5a	FUN_5897cc5a	6
client-main-current	5897cc60	FUN_5897cc60	6
client-main-current	5897cc66	FUN_5897cc66	6
client-main-current	5897cc6c	FUN_5897cc6c	6
client-main-current	5897cc72	FUN_5897cc72	6
client-main-current	5897cc78	FUN_5897cc78	6
client-main-current	5897cc7e	FUN_5897cc7e	6
client-main-current	5897cc84	FUN_5897cc84	6
client-main-current	5897cc90	FUN_5897cc90	6
client-main-current	5897cca0	FUN_5897cca0	171
client-main-current	5897cd4c	FUN_5897cd4c	6
client-main-current	5897cd52	FUN_5897cd52	6
client-main-current	5897cd58	FUN_5897cd58	6
client-main-current	5897cd5e	FUN_5897cd5e	6
client-main-current	5897cd64	FUN_5897cd64	6
client-main-current	5897cd6a	__onexit	156
client-main-current	5897ce06	FUN_5897ce06	9
client-main-current	5897ce0f	_atexit	23
client-main-current	5897ce26	FUN_5897ce26	6
client-main-current	5897ce2c	FUN_5897ce2c	6
client-main-current	5897ce32	FUN_5897ce32	6
client-main-current	5897ce38	FUN_5897ce38	6
client-main-current	5897ce3e	FUN_5897ce3e	6
client-main-current	5897ce44	FUN_5897ce44	6
client-main-current	5897ce4a	FUN_5897ce4a	6
client-main-current	5897ce50	FUN_5897ce50	6
client-main-current	5897ce56	FUN_5897ce56	6
client-main-current	5897ce60	__alloca_probe	43
client-main-current	5897ce8c	FUN_5897ce8c	6
client-main-current	5897ce92	FUN_5897ce92	6
client-main-current	5897ce98	FUN_5897ce98	6
client-main-current	5897ce9e	FUN_5897ce9e	6
client-main-current	5897cea4	FUN_5897cea4	6
client-main-current	5897ceaa	FUN_5897ceaa	6
client-main-current	5897ceb0	FUN_5897ceb0	6
client-main-current	5897ceb6	FUN_5897ceb6	6
client-main-current	5897cebc	FUN_5897cebc	6
client-main-current	5897cec2	FUN_5897cec2	6
client-main-current	5897cec8	FUN_5897cec8	6
client-main-current	5897cece	FUN_5897cece	6
client-main-current	5897ced4	FUN_5897ced4	6
client-main-current	5897ceda	FUN_5897ceda	6
client-main-current	5897cee0	FUN_5897cee0	6
client-main-current	5897cee6	FUN_5897cee6	6
client-main-current	5897ceec	FUN_5897ceec	6
client-main-current	5897cef2	FUN_5897cef2	6
client-main-current	5897cf96	FUN_5897cf96	6
client-main-current	5897cf9c	FUN_5897cf9c	6
client-main-current	5897cfa2	FUN_5897cfa2	6
client-main-current	5897cfa8	FUN_5897cfa8	6
client-main-current	5897cfae	FUN_5897cfae	6
client-main-current	5897cfb4	FUN_5897cfb4	6
client-main-current	5897cfba	FUN_5897cfba	6
client-main-current	5897cfc0	FUN_5897cfc0	6
client-main-current	5897cfc6	FUN_5897cfc6	6
client-main-current	5897cfcc	FUN_5897cfcc	6
client-main-current	5897cfd2	FUN_5897cfd2	6
client-main-current	5897cfe4	FUN_5897cfe4	6
client-main-current	5897cfea	FUN_5897cfea	6
client-main-current	5897cff0	FUN_5897cff0	6
client-main-current	5897cff6	FUN_5897cff6	6
client-main-current	5897cffd	__ArrayUnwind	50
client-main-current	5897d05b	`eh_vector_destructor_iterator'	75
client-main-current	5897d0a6	FUN_5897d0a6	24
client-main-current	5897d0be	`eh_vector_constructor_iterator'	77
client-main-current	5897d10b	FUN_5897d10b	24
client-main-current	5897d124	FUN_5897d124	6
client-main-current	5897d12a	FUN_5897d12a	6
client-main-current	5897d130	FUN_5897d130	6
client-main-current	5897d140	__allmul	52
client-main-current	5897d174	FUN_5897d174	6
client-main-current	5897d17a	FUN_5897d17a	6
client-main-current	5897d180	FUN_5897d180	6
client-main-current	5897d186	FUN_5897d186	6
client-main-current	5897d1db	__CRT_INIT@12	550
client-main-current	5897d401	___DllMainCRTStartup	240
client-main-current	5897d50c	FUN_5897d50c	11
client-main-current	5897d517	__DllMainCRTStartup@12	35
client-main-current	5897d53a	FUN_5897d53a	6
client-main-current	5897d540	__EH_prolog3	51
client-main-current	5897d573	__EH_epilog3	20
client-main-current	5897d588	FUN_5897d588	6
client-main-current	5897d58e	FUN_5897d58e	6
client-main-current	5897d594	FUN_5897d594	6
client-main-current	5897d59a	FUN_5897d59a	6
client-main-current	5897d5a0	FUN_5897d5a0	6
client-main-current	5897d5a6	FUN_5897d5a6	6
client-main-current	5897d5ac	FUN_5897d5ac	6
client-main-current	5897d5b2	FUN_5897d5b2	6
client-main-current	5897d5b8	FUN_5897d5b8	6
client-main-current	5897d5be	FUN_5897d5be	6
client-main-current	5897d5c4	FUN_5897d5c4	6
client-main-current	5897d5d0	FUN_5897d5d0	6
client-main-current	5897d5d6	FUN_5897d5d6	6
client-main-current	5897d5e2	___report_gsfailure	262
client-main-current	5897d6e8	FUN_5897d6e8	45
client-main-current	5897d738	__get_sse2_info	98
client-main-current	5897d7a8	FUN_5897d7a8	6
client-main-current	5897d7ae	FUN_5897d7ae	6
client-main-current	5897d7b4	FUN_5897d7b4	6
client-main-current	5897d7bc	__SEH_prolog4	69
client-main-current	5897d801	__SEH_epilog4	20
client-main-current	5897d815	FUN_5897d815	37
client-main-current	5897d8a0	__ValidateImageBase	53
client-main-current	5897d8e0	__FindPESection	68
client-main-current	5897d930	__IsNonwritableInCurrentImage	166
client-main-current	5897d9ee	FUN_5897d9ee	6
client-main-current	5897d9f4	FUN_5897d9f4	6
client-main-current	5897d9fa	FUN_5897d9fa	6
client-main-current	5897da06	___security_init_cookie	150
client-main-current	5897da9c	FUN_5897da9c	6
client-main-current	5897daa2	FUN_5897daa2	6
client-main-current	5897daa8	FUN_5897daa8	6
client-main-current	5897dab4	FUN_5897dab4	6
client-main-current	5897daba	FUN_5897daba	6
client-main-current	5897dac0	Unwind@5897dac0	8
client-main-current	5897daf0	Unwind@5897daf0	8
client-main-current	5897daf8	Unwind@5897daf8	9
client-main-current	5897db03	Unwind@5897db03	9
client-main-current	5897db0e	Unwind@5897db0e	9
client-main-current	5897db19	Unwind@5897db19	9
client-main-current	5897db24	Unwind@5897db24	9
client-main-current	5897db2f	Unwind@5897db2f	9
client-main-current	5897db3a	Unwind@5897db3a	9
client-main-current	5897db45	Unwind@5897db45	9
client-main-current	5897db50	Unwind@5897db50	9
client-main-current	5897db5b	Unwind@5897db5b	9
client-main-current	5897db66	Unwind@5897db66	9
client-main-current	5897db71	Unwind@5897db71	9
client-main-current	5897db7c	Unwind@5897db7c	9
client-main-current	5897db87	Unwind@5897db87	9
client-main-current	5897db92	Unwind@5897db92	9
client-main-current	5897db9d	Unwind@5897db9d	9
client-main-current	5897dba8	Unwind@5897dba8	9
client-main-current	5897dbb3	Unwind@5897dbb3	9
client-main-current	5897dc00	Unwind@5897dc00	8
client-main-current	5897dc30	Unwind@5897dc30	11
client-main-current	5897dc60	Unwind@5897dc60	8
client-main-current	5897dc90	Unwind@5897dc90	11
client-main-current	5897dc9b	Unwind@5897dc9b	9
client-main-current	5897dcd0	Unwind@5897dcd0	9
client-main-current	5897dd00	Unwind@5897dd00	12
client-main-current	5897dd40	Unwind@5897dd40	9
client-main-current	5897dd70	Unwind@5897dd70	9
client-main-current	5897dda0	Unwind@5897dda0	12
client-main-current	5897ddae	Unwind@5897ddae	12
client-main-current	5897ddbc	Unwind@5897ddbc	12
client-main-current	5897de00	Unwind@5897de00	9
client-main-current	5897de30	Unwind@5897de30	12
client-main-current	5897de70	Unwind@5897de70	9
client-main-current	5897de7b	Unwind@5897de7b	9
client-main-current	5897de86	Unwind@5897de86	9
client-main-current	5897de91	Unwind@5897de91	9
client-main-current	5897dec0	Unwind@5897dec0	12
client-main-current	5897df00	Unwind@5897df00	8
client-main-current	5897df30	Unwind@5897df30	8
client-main-current	5897df38	Unwind@5897df38	9
client-main-current	5897df43	Unwind@5897df43	9
client-main-current	5897df4e	Unwind@5897df4e	9
client-main-current	5897df59	Unwind@5897df59	9
client-main-current	5897df64	Unwind@5897df64	9
client-main-current	5897df6f	Unwind@5897df6f	9
client-main-current	5897df7a	Unwind@5897df7a	9
client-main-current	5897df85	Unwind@5897df85	9
client-main-current	5897df90	Unwind@5897df90	9
client-main-current	5897df9b	Unwind@5897df9b	9
client-main-current	5897dfa6	Unwind@5897dfa6	9
client-main-current	5897dfb1	Unwind@5897dfb1	9
client-main-current	5897dfbc	Unwind@5897dfbc	9
client-main-current	5897dfc7	Unwind@5897dfc7	9
client-main-current	5897dfd2	Unwind@5897dfd2	9
client-main-current	5897e000	Unwind@5897e000	11
client-main-current	5897e030	Unwind@5897e030	11
client-main-current	5897e03b	Unwind@5897e03b	9
client-main-current	5897e070	Unwind@5897e070	8
client-main-current	5897e0a0	Unwind@5897e0a0	8
client-main-current	5897e0d0	Unwind@5897e0d0	8
client-main-current	5897e100	Unwind@5897e100	8
client-main-current	5897e130	Unwind@5897e130	8
client-main-current	5897e138	Unwind@5897e138	8
client-main-current	5897e170	Unwind@5897e170	8
client-main-current	5897e178	Unwind@5897e178	8
client-main-current	5897e1a0	Unwind@5897e1a0	8
client-main-current	5897e1d0	Unwind@5897e1d0	8
client-main-current	5897e200	Unwind@5897e200	8
client-main-current	5897e230	Unwind@5897e230	25
client-main-current	5897e270	Unwind@5897e270	8
client-main-current	5897e278	Unwind@5897e278	8
client-main-current	5897e2a0	Unwind@5897e2a0	8
client-main-current	5897e2a8	Unwind@5897e2a8	9
client-main-current	5897e2d0	Unwind@5897e2d0	8
client-main-current	5897e300	Unwind@5897e300	14
client-main-current	5897e330	Unwind@5897e330	8
client-main-current	5897e360	Unwind@5897e360	8
client-main-current	5897e368	Unwind@5897e368	9
client-main-current	5897e373	Unwind@5897e373	9
client-main-current	5897e3a0	Unwind@5897e3a0	9
client-main-current	5897e3ab	Unwind@5897e3ab	9
client-main-current	5897e3b6	Unwind@5897e3b6	9
client-main-current	5897e3c1	Unwind@5897e3c1	9
client-main-current	5897e3f0	Unwind@5897e3f0	8
client-main-current	5897e3f8	Unwind@5897e3f8	9
client-main-current	5897e403	Unwind@5897e403	9
client-main-current	5897e40e	Unwind@5897e40e	9
client-main-current	5897e419	Unwind@5897e419	9
client-main-current	5897e424	Unwind@5897e424	9
client-main-current	5897e42f	Unwind@5897e42f	9
client-main-current	5897e43a	Unwind@5897e43a	9
client-main-current	5897e445	Unwind@5897e445	9
client-main-current	5897e450	Unwind@5897e450	9
client-main-current	5897e45b	Unwind@5897e45b	9
client-main-current	5897e466	Unwind@5897e466	9
client-main-current	5897e471	Unwind@5897e471	9
client-main-current	5897e47c	Unwind@5897e47c	9
client-main-current	5897e487	Unwind@5897e487	9
client-main-current	5897e492	Unwind@5897e492	9
client-main-current	5897e4c0	Unwind@5897e4c0	8
client-main-current	5897e4c8	Unwind@5897e4c8	9
client-main-current	5897e4f0	Unwind@5897e4f0	8
client-main-current	5897e520	Unwind@5897e520	8
client-main-current	5897e528	Unwind@5897e528	9
client-main-current	5897e550	Unwind@5897e550	8
client-main-current	5897e558	Unwind@5897e558	9
client-main-current	5897e580	Unwind@5897e580	9
client-main-current	5897e58b	Unwind@5897e58b	9
client-main-current	5897e596	Unwind@5897e596	9
client-main-current	5897e5a1	Unwind@5897e5a1	9
client-main-current	5897e5ac	Unwind@5897e5ac	9
client-main-current	5897e5b7	Unwind@5897e5b7	9
client-main-current	5897e5c2	Unwind@5897e5c2	9
client-main-current	5897e5cd	Unwind@5897e5cd	9
client-main-current	5897e5d8	Unwind@5897e5d8	9
client-main-current	5897e5e3	Unwind@5897e5e3	9
client-main-current	5897e5ee	Unwind@5897e5ee	9
client-main-current	5897e5f9	Unwind@5897e5f9	9
client-main-current	5897e604	Unwind@5897e604	9
client-main-current	5897e60f	Unwind@5897e60f	9
client-main-current	5897e61a	Unwind@5897e61a	9
client-main-current	5897e625	Unwind@5897e625	9
client-main-current	5897e630	Unwind@5897e630	9
client-main-current	5897e660	Unwind@5897e660	14
client-main-current	5897e690	Unwind@5897e690	8
client-main-current	5897e698	Unwind@5897e698	9
client-main-current	5897e6a3	Unwind@5897e6a3	9
client-main-current	5897e6d0	Unwind@5897e6d0	8
client-main-current	5897e6d8	Unwind@5897e6d8	9
client-main-current	5897e6e3	Unwind@5897e6e3	9
client-main-current	5897e710	Unwind@5897e710	8
client-main-current	5897e718	Unwind@5897e718	9
client-main-current	5897e740	Unwind@5897e740	8
client-main-current	5897e748	Unwind@5897e748	11
client-main-current	5897e753	Unwind@5897e753	11
client-main-current	5897e780	Unwind@5897e780	9
client-main-current	5897e78b	Unwind@5897e78b	9
client-main-current	5897e860	Unwind@5897e860	11
client-main-current	5897e86b	Unwind@5897e86b	11
client-main-current	5897e8a0	Unwind@5897e8a0	9
client-main-current	5897e8d0	Unwind@5897e8d0	8
client-main-current	5897e900	Unwind@5897e900	8
client-main-current	5897e908	Unwind@5897e908	9
client-main-current	5897e913	Unwind@5897e913	9
client-main-current	5897e940	Unwind@5897e940	8
client-main-current	5897e948	Unwind@5897e948	9
client-main-current	5897e970	Unwind@5897e970	11
client-main-current	5897e97b	Unwind@5897e97b	12
client-main-current	5897e989	Unwind@5897e989	12
client-main-current	5897e997	Unwind@5897e997	9
client-main-current	5897e9d0	Unwind@5897e9d0	12
client-main-current	5897e9de	Unwind@5897e9de	12
client-main-current	5897ea20	Unwind@5897ea20	8
client-main-current	5897ea28	Unwind@5897ea28	9
client-main-current	5897ea33	Unwind@5897ea33	9
client-main-current	5897ea3e	Unwind@5897ea3e	9
client-main-current	5897ea49	Unwind@5897ea49	9
client-main-current	5897ea54	Unwind@5897ea54	9
client-main-current	5897ea5f	Unwind@5897ea5f	9
client-main-current	5897ea6a	Unwind@5897ea6a	9
client-main-current	5897ea75	Unwind@5897ea75	9
client-main-current	5897ea80	Unwind@5897ea80	9
client-main-current	5897eab0	Unwind@5897eab0	8
client-main-current	5897eae0	Unwind@5897eae0	8
client-main-current	5897eae8	Unwind@5897eae8	9
client-main-current	5897eb10	Unwind@5897eb10	8
client-main-current	5897eb18	Unwind@5897eb18	9
client-main-current	5897eb23	Unwind@5897eb23	9
client-main-current	5897eb2e	Unwind@5897eb2e	9
client-main-current	5897eb39	Unwind@5897eb39	9
client-main-current	5897eb60	Unwind@5897eb60	9
client-main-current	5897eb6b	Unwind@5897eb6b	9
client-main-current	5897eb76	Unwind@5897eb76	9
client-main-current	5897eb81	Unwind@5897eb81	9
client-main-current	5897eb8c	Unwind@5897eb8c	9
client-main-current	5897ebc0	Unwind@5897ebc0	9
client-main-current	5897ebcb	Unwind@5897ebcb	9
client-main-current	5897ebd6	Unwind@5897ebd6	9
client-main-current	5897ebe1	Unwind@5897ebe1	9
client-main-current	5897ebec	Unwind@5897ebec	9
client-main-current	5897ebf7	Unwind@5897ebf7	9
client-main-current	5897ec20	Unwind@5897ec20	8
client-main-current	5897ec50	Unwind@5897ec50	8
client-main-current	5897ec58	Unwind@5897ec58	9
client-main-current	5897ec80	Unwind@5897ec80	9
client-main-current	5897ecb0	Unwind@5897ecb0	8
client-main-current	5897ecb8	Unwind@5897ecb8	9
client-main-current	5897ece0	Unwind@5897ece0	8
client-main-current	5897ed10	Unwind@5897ed10	8
client-main-current	5897ed40	Unwind@5897ed40	8
client-main-current	5897ed48	Unwind@5897ed48	9
client-main-current	5897ed53	Unwind@5897ed53	9
client-main-current	5897ed5e	Unwind@5897ed5e	9
client-main-current	5897ed69	Unwind@5897ed69	9
client-main-current	5897ed74	Unwind@5897ed74	9
client-main-current	5897ed7f	Unwind@5897ed7f	9
client-main-current	5897ed8a	Unwind@5897ed8a	9
client-main-current	5897ed95	Unwind@5897ed95	9
client-main-current	5897eda0	Unwind@5897eda0	9
client-main-current	5897edab	Unwind@5897edab	9
client-main-current	5897ede0	Unwind@5897ede0	11
client-main-current	5897edeb	Unwind@5897edeb	11
client-main-current	5897ee30	Unwind@5897ee30	11
client-main-current	5897ee3b	Unwind@5897ee3b	11
client-main-current	5897ee80	Unwind@5897ee80	8
client-main-current	5897eeb0	Unwind@5897eeb0	12
client-main-current	5897eebe	Unwind@5897eebe	12
client-main-current	5897ef00	Unwind@5897ef00	8
client-main-current	5897ef08	Unwind@5897ef08	9
client-main-current	5897ef30	Unwind@5897ef30	9
client-main-current	5897ef3b	Unwind@5897ef3b	9
client-main-current	5897ef70	Unwind@5897ef70	9
client-main-current	5897ef7b	Unwind@5897ef7b	9
client-main-current	5897efb0	Unwind@5897efb0	8
client-main-current	5897efb8	Unwind@5897efb8	9
client-main-current	5897efc3	Unwind@5897efc3	9
client-main-current	5897efce	Unwind@5897efce	9
client-main-current	5897efd9	Unwind@5897efd9	9
client-main-current	5897efe4	Unwind@5897efe4	9
client-main-current	5897efef	Unwind@5897efef	9
client-main-current	5897effa	Unwind@5897effa	9
client-main-current	5897f005	Unwind@5897f005	9
client-main-current	5897f030	Unwind@5897f030	8
client-main-current	5897f038	Unwind@5897f038	9
client-main-current	5897f043	Unwind@5897f043	9
client-main-current	5897f04e	Unwind@5897f04e	9
client-main-current	5897f059	Unwind@5897f059	9
client-main-current	5897f064	Unwind@5897f064	9
client-main-current	5897f06f	Unwind@5897f06f	9
client-main-current	5897f07a	Unwind@5897f07a	9
client-main-current	5897f085	Unwind@5897f085	9
client-main-current	5897f090	Unwind@5897f090	9
client-main-current	5897f09b	Unwind@5897f09b	9
client-main-current	5897f0a6	Unwind@5897f0a6	9
client-main-current	5897f130	Unwind@5897f130	11
client-main-current	5897f13b	Unwind@5897f13b	11
client-main-current	5897f146	Unwind@5897f146	11
client-main-current	5897f151	Unwind@5897f151	11
client-main-current	5897f180	Unwind@5897f180	11
client-main-current	5897f1e0	Unwind@5897f1e0	8
client-main-current	5897f1e8	Unwind@5897f1e8	11
client-main-current	5897f1f3	Unwind@5897f1f3	11
client-main-current	5897f220	Unwind@5897f220	8
client-main-current	5897f228	Unwind@5897f228	11
client-main-current	5897f233	Unwind@5897f233	11
client-main-current	5897f23e	Unwind@5897f23e	9
client-main-current	5897f249	Unwind@5897f249	9
client-main-current	5897f270	Unwind@5897f270	9
client-main-current	5897f2a0	Unwind@5897f2a0	8
client-main-current	5897f2d0	Unwind@5897f2d0	9
client-main-current	5897f2db	Unwind@5897f2db	9
client-main-current	5897f2e6	Unwind@5897f2e6	9
client-main-current	5897f310	Unwind@5897f310	8
client-main-current	5897f318	Unwind@5897f318	9
client-main-current	5897f323	Unwind@5897f323	9
client-main-current	5897f32e	Unwind@5897f32e	9
client-main-current	5897f339	Unwind@5897f339	9
client-main-current	5897f344	Unwind@5897f344	9
client-main-current	5897f34f	Unwind@5897f34f	9
client-main-current	5897f35a	Unwind@5897f35a	9
client-main-current	5897f365	Unwind@5897f365	9
client-main-current	5897f370	Unwind@5897f370	9
client-main-current	5897f37b	Unwind@5897f37b	9
client-main-current	5897f386	Unwind@5897f386	9
client-main-current	5897f391	Unwind@5897f391	9
client-main-current	5897f39c	Unwind@5897f39c	9
client-main-current	5897f3a7	Unwind@5897f3a7	9
client-main-current	5897f3b2	Unwind@5897f3b2	9
client-main-current	5897f3bd	Unwind@5897f3bd	9
client-main-current	5897f3c8	Unwind@5897f3c8	9
client-main-current	5897f3d3	Unwind@5897f3d3	9
client-main-current	5897f3de	Unwind@5897f3de	9
client-main-current	5897f3e9	Unwind@5897f3e9	9
client-main-current	5897f3f4	Unwind@5897f3f4	9
client-main-current	5897f3ff	Unwind@5897f3ff	9
client-main-current	5897f40a	Unwind@5897f40a	9
client-main-current	5897f415	Unwind@5897f415	9
client-main-current	5897f420	Unwind@5897f420	9
client-main-current	5897f42b	Unwind@5897f42b	9
client-main-current	5897f436	Unwind@5897f436	9
client-main-current	5897f441	Unwind@5897f441	9
client-main-current	5897f44c	Unwind@5897f44c	9
client-main-current	5897f480	Unwind@5897f480	8
client-main-current	5897f4b0	Unwind@5897f4b0	8
client-main-current	5897f4b8	Unwind@5897f4b8	9
client-main-current	5897f4e0	Unwind@5897f4e0	8
client-main-current	5897f510	Unwind@5897f510	8
client-main-current	5897f518	Unwind@5897f518	9
client-main-current	5897f540	Unwind@5897f540	12
client-main-current	5897f580	Unwind@5897f580	8
client-main-current	5897f588	Unwind@5897f588	9
client-main-current	5897f593	Unwind@5897f593	9
client-main-current	5897f59e	Unwind@5897f59e	9
client-main-current	5897f5d0	Unwind@5897f5d0	8
client-main-current	5897f600	Unwind@5897f600	8
client-main-current	5897f608	Unwind@5897f608	9
client-main-current	5897f613	Unwind@5897f613	9
client-main-current	5897f61e	Unwind@5897f61e	9
client-main-current	5897f629	Unwind@5897f629	9
client-main-current	5897f634	Unwind@5897f634	9
client-main-current	5897f63f	Unwind@5897f63f	9
client-main-current	5897f64a	Unwind@5897f64a	9
client-main-current	5897f655	Unwind@5897f655	9
client-main-current	5897f660	Unwind@5897f660	9
client-main-current	5897f66b	Unwind@5897f66b	9
client-main-current	5897f676	Unwind@5897f676	9
client-main-current	5897f681	Unwind@5897f681	9
client-main-current	5897f68c	Unwind@5897f68c	9
client-main-current	5897f697	Unwind@5897f697	9
client-main-current	5897f6a2	Unwind@5897f6a2	9
client-main-current	5897f6ad	Unwind@5897f6ad	9
client-main-current	5897f6b8	Unwind@5897f6b8	9
client-main-current	5897f6c3	Unwind@5897f6c3	9
client-main-current	5897f6ce	Unwind@5897f6ce	9
client-main-current	5897f6d9	Unwind@5897f6d9	9
client-main-current	5897f6e4	Unwind@5897f6e4	9
client-main-current	5897f6ef	Unwind@5897f6ef	9
client-main-current	5897f6fa	Unwind@5897f6fa	9
client-main-current	5897f705	Unwind@5897f705	9
client-main-current	5897f710	Unwind@5897f710	9
client-main-current	5897f71b	Unwind@5897f71b	9
client-main-current	5897f726	Unwind@5897f726	9
client-main-current	5897f731	Unwind@5897f731	9
client-main-current	5897f73c	Unwind@5897f73c	9
client-main-current	5897f747	Unwind@5897f747	9
client-main-current	5897f752	Unwind@5897f752	9
client-main-current	5897f75d	Unwind@5897f75d	9
client-main-current	5897f768	Unwind@5897f768	9
client-main-current	5897f773	Unwind@5897f773	9
client-main-current	5897f77e	Unwind@5897f77e	9
client-main-current	5897f789	Unwind@5897f789	9
client-main-current	5897f794	Unwind@5897f794	9
client-main-current	5897f79f	Unwind@5897f79f	9
client-main-current	5897f7d0	Unwind@5897f7d0	8
client-main-current	5897f7d8	Unwind@5897f7d8	9
client-main-current	5897f7e3	Unwind@5897f7e3	9
client-main-current	5897f7ee	Unwind@5897f7ee	9
client-main-current	5897f7f9	Unwind@5897f7f9	9
client-main-current	5897f804	Unwind@5897f804	9
client-main-current	5897f80f	Unwind@5897f80f	9
client-main-current	5897f81a	Unwind@5897f81a	9
client-main-current	5897f825	Unwind@5897f825	9
client-main-current	5897f850	Unwind@5897f850	9
client-main-current	5897f880	Unwind@5897f880	8
client-main-current	5897f8b0	Unwind@5897f8b0	8
client-main-current	5897f8b8	Unwind@5897f8b8	9
client-main-current	5897f8c3	Unwind@5897f8c3	9
client-main-current	5897f8f0	Unwind@5897f8f0	9
client-main-current	5897f8fb	Unwind@5897f8fb	9
client-main-current	5897f906	Unwind@5897f906	9
client-main-current	5897f911	Unwind@5897f911	9
client-main-current	5897f940	Unwind@5897f940	8
client-main-current	5897f970	Unwind@5897f970	8
client-main-current	5897f978	Unwind@5897f978	9
client-main-current	5897f983	Unwind@5897f983	9
client-main-current	5897f98e	Unwind@5897f98e	9
client-main-current	5897f999	Unwind@5897f999	9
client-main-current	5897f9c0	Unwind@5897f9c0	9
client-main-current	5897f9cb	Unwind@5897f9cb	9
client-main-current	5897f9d6	Unwind@5897f9d6	9
client-main-current	5897f9e1	Unwind@5897f9e1	9
client-main-current	5897f9ec	Unwind@5897f9ec	9
client-main-current	5897fa20	Unwind@5897fa20	9
client-main-current	5897fa2b	Unwind@5897fa2b	9
client-main-current	5897fa36	Unwind@5897fa36	9
client-main-current	5897fa41	Unwind@5897fa41	9
client-main-current	5897fa70	Unwind@5897fa70	14
client-main-current	5897fa7e	Unwind@5897fa7e	14
client-main-current	5897fa8c	Unwind@5897fa8c	9
client-main-current	5897fa97	Unwind@5897fa97	9
client-main-current	5897fac0	Unwind@5897fac0	12
client-main-current	5897face	Unwind@5897face	12
client-main-current	5897fadc	Unwind@5897fadc	12
client-main-current	5897fb10	Unwind@5897fb10	8
client-main-current	5897fb18	Unwind@5897fb18	9
client-main-current	5897fb40	Unwind@5897fb40	9
client-main-current	5897fb4b	Unwind@5897fb4b	9
client-main-current	5897fb80	Unwind@5897fb80	8
client-main-current	5897fb88	Unwind@5897fb88	14
client-main-current	5897fbc0	Unwind@5897fbc0	9
client-main-current	5897fbcb	Unwind@5897fbcb	9
client-main-current	5897fbd6	Unwind@5897fbd6	9
client-main-current	5897fbe1	Unwind@5897fbe1	9
client-main-current	5897fbec	Unwind@5897fbec	9
client-main-current	5897fbf7	Unwind@5897fbf7	9
client-main-current	5897fc02	Unwind@5897fc02	9
client-main-current	5897fc0d	Unwind@5897fc0d	9
client-main-current	5897fc18	Unwind@5897fc18	9
client-main-current	5897fc23	Unwind@5897fc23	9
client-main-current	5897fc2e	Unwind@5897fc2e	9
client-main-current	5897fc39	Unwind@5897fc39	9
client-main-current	5897fc44	Unwind@5897fc44	9
client-main-current	5897fc4f	Unwind@5897fc4f	9
client-main-current	5897fc5a	Unwind@5897fc5a	9
client-main-current	5897fc65	Unwind@5897fc65	9
client-main-current	5897fc70	Unwind@5897fc70	9
client-main-current	5897fc7b	Unwind@5897fc7b	9
client-main-current	5897fc86	Unwind@5897fc86	9
client-main-current	5897fc91	Unwind@5897fc91	9
client-main-current	5897fc9c	Unwind@5897fc9c	9
client-main-current	5897fca7	Unwind@5897fca7	9
client-main-current	5897fcb2	Unwind@5897fcb2	9
client-main-current	5897fcbd	Unwind@5897fcbd	9
client-main-current	5897fcc8	Unwind@5897fcc8	9
client-main-current	5897fcd3	Unwind@5897fcd3	9
client-main-current	5897fcde	Unwind@5897fcde	9
client-main-current	5897fce9	Unwind@5897fce9	9
client-main-current	5897fcf4	Unwind@5897fcf4	9
client-main-current	5897fcff	Unwind@5897fcff	9
client-main-current	5897fd0a	Unwind@5897fd0a	9
client-main-current	5897fd15	Unwind@5897fd15	9
client-main-current	5897fd20	Unwind@5897fd20	9
client-main-current	5897fd2b	Unwind@5897fd2b	9
client-main-current	5897fd36	Unwind@5897fd36	9
client-main-current	5897fd41	Unwind@5897fd41	9
client-main-current	5897fd4c	Unwind@5897fd4c	9
client-main-current	5897fd57	Unwind@5897fd57	9
client-main-current	5897fd62	Unwind@5897fd62	9
client-main-current	5897fd6d	Unwind@5897fd6d	9
client-main-current	5897fd78	Unwind@5897fd78	9
client-main-current	5897fd83	Unwind@5897fd83	9
client-main-current	5897fd8e	Unwind@5897fd8e	9
client-main-current	5897fd99	Unwind@5897fd99	9
client-main-current	5897fda4	Unwind@5897fda4	9
client-main-current	5897fdaf	Unwind@5897fdaf	9
client-main-current	5897fdba	Unwind@5897fdba	9
client-main-current	5897fdc5	Unwind@5897fdc5	9
client-main-current	5897fdd0	Unwind@5897fdd0	9
client-main-current	5897fddb	Unwind@5897fddb	9
client-main-current	5897fde6	Unwind@5897fde6	9
client-main-current	5897fdf1	Unwind@5897fdf1	9
client-main-current	5897fdfc	Unwind@5897fdfc	9
client-main-current	5897fe07	Unwind@5897fe07	9
client-main-current	5897fe12	Unwind@5897fe12	9
client-main-current	5897fe1d	Unwind@5897fe1d	9
client-main-current	5897fe28	Unwind@5897fe28	9
client-main-current	5897fe33	Unwind@5897fe33	9
client-main-current	5897fe3e	Unwind@5897fe3e	9
client-main-current	5897fe49	Unwind@5897fe49	9
client-main-current	5897fe54	Unwind@5897fe54	9
client-main-current	5897fe5f	Unwind@5897fe5f	9
client-main-current	5897fe6a	Unwind@5897fe6a	9
client-main-current	5897fe75	Unwind@5897fe75	9
client-main-current	5897fe80	Unwind@5897fe80	9
client-main-current	5897fe8b	Unwind@5897fe8b	9
client-main-current	5897fe96	Unwind@5897fe96	9
client-main-current	5897fea1	Unwind@5897fea1	9
client-main-current	5897feac	Unwind@5897feac	9
client-main-current	5897feb7	Unwind@5897feb7	9
client-main-current	5897fec2	Unwind@5897fec2	9
client-main-current	5897fecd	Unwind@5897fecd	9
client-main-current	5897fed8	Unwind@5897fed8	9
client-main-current	5897fee3	Unwind@5897fee3	9
client-main-current	5897feee	Unwind@5897feee	9
client-main-current	5897fef9	Unwind@5897fef9	9
client-main-current	5897ff04	Unwind@5897ff04	9
client-main-current	5897ff0f	Unwind@5897ff0f	9
client-main-current	5897ff1a	Unwind@5897ff1a	9
client-main-current	5897ff25	Unwind@5897ff25	9
client-main-current	5897ff30	Unwind@5897ff30	9
client-main-current	5897ff3b	Unwind@5897ff3b	9
client-main-current	5897ff46	Unwind@5897ff46	9
client-main-current	5897ff51	Unwind@5897ff51	9
client-main-current	5897ff5c	Unwind@5897ff5c	9
client-main-current	5897ff67	Unwind@5897ff67	9
client-main-current	5897ff72	Unwind@5897ff72	9
client-main-current	5897ff7d	Unwind@5897ff7d	9
client-main-current	5897ff88	Unwind@5897ff88	9
client-main-current	5897ff93	Unwind@5897ff93	9
client-main-current	5897ff9e	Unwind@5897ff9e	9
client-main-current	5897ffa9	Unwind@5897ffa9	9
client-main-current	5897ffb4	Unwind@5897ffb4	9
client-main-current	5897ffbf	Unwind@5897ffbf	9
client-main-current	5897ffca	Unwind@5897ffca	9
client-main-current	5897ffd5	Unwind@5897ffd5	9
client-main-current	5897ffe0	Unwind@5897ffe0	9
client-main-current	5897ffeb	Unwind@5897ffeb	9
client-main-current	5897fff6	Unwind@5897fff6	9
client-main-current	58980001	Unwind@58980001	9
client-main-current	5898000c	Unwind@5898000c	9
client-main-current	58980017	Unwind@58980017	9
client-main-current	58980022	Unwind@58980022	9
client-main-current	5898002d	Unwind@5898002d	9
client-main-current	58980038	Unwind@58980038	9
client-main-current	58980043	Unwind@58980043	9
client-main-current	5898004e	Unwind@5898004e	9
client-main-current	58980059	Unwind@58980059	9
client-main-current	58980064	Unwind@58980064	9
client-main-current	5898006f	Unwind@5898006f	9
client-main-current	5898007a	Unwind@5898007a	9
client-main-current	58980085	Unwind@58980085	9
client-main-current	58980090	Unwind@58980090	9
client-main-current	5898009b	Unwind@5898009b	9
client-main-current	589800d0	Unwind@589800d0	8
client-main-current	589800d8	Unwind@589800d8	14
client-main-current	589800e6	Unwind@589800e6	9
client-main-current	589800f1	Unwind@589800f1	9
client-main-current	589800fc	Unwind@589800fc	9
client-main-current	58980107	Unwind@58980107	9
client-main-current	58980112	Unwind@58980112	9
client-main-current	5898011d	Unwind@5898011d	9
client-main-current	58980128	Unwind@58980128	9
client-main-current	58980133	Unwind@58980133	9
client-main-current	5898013e	Unwind@5898013e	9
client-main-current	58980149	Unwind@58980149	9
client-main-current	58980154	Unwind@58980154	9
client-main-current	5898015f	Unwind@5898015f	9
client-main-current	5898016a	Unwind@5898016a	9
client-main-current	58980175	Unwind@58980175	9
client-main-current	58980180	Unwind@58980180	9
client-main-current	5898018b	Unwind@5898018b	9
client-main-current	58980196	Unwind@58980196	9
client-main-current	589801a1	Unwind@589801a1	9
client-main-current	589801ac	Unwind@589801ac	9
client-main-current	589801b7	Unwind@589801b7	9
client-main-current	589801c2	Unwind@589801c2	9
client-main-current	589801cd	Unwind@589801cd	9
client-main-current	58980200	Unwind@58980200	9
client-main-current	5898020b	Unwind@5898020b	9
client-main-current	58980216	Unwind@58980216	9
client-main-current	58980221	Unwind@58980221	9
client-main-current	5898022c	Unwind@5898022c	9
client-main-current	58980237	Unwind@58980237	9
client-main-current	58980242	Unwind@58980242	9
client-main-current	5898024d	Unwind@5898024d	9
client-main-current	58980258	Unwind@58980258	9
client-main-current	58980280	Unwind@58980280	12
client-main-current	589802c0	Unwind@589802c0	9
client-main-current	589802cb	Unwind@589802cb	9
client-main-current	589802d6	Unwind@589802d6	9
client-main-current	589802e1	Unwind@589802e1	9
client-main-current	589802ec	Unwind@589802ec	9
client-main-current	589802f7	Unwind@589802f7	9
client-main-current	58980302	Unwind@58980302	9
client-main-current	58980330	Unwind@58980330	9
client-main-current	5898033b	Unwind@5898033b	9
client-main-current	58980370	Unwind@58980370	17
client-main-current	589803a0	Unwind@589803a0	8
client-main-current	589803a8	Unwind@589803a8	17
client-main-current	589803e0	Unwind@589803e0	8
client-main-current	589803e8	Unwind@589803e8	8
client-main-current	58980420	Unwind@58980420	8
client-main-current	58980428	Unwind@58980428	8
client-main-current	58980430	Unwind@58980430	8
client-main-current	58980438	Unwind@58980438	8
client-main-current	58980470	Unwind@58980470	11
client-main-current	5898047b	Unwind@5898047b	11
client-main-current	589804c0	Unwind@589804c0	8
client-main-current	589804f0	Unwind@589804f0	9
client-main-current	589804fb	Unwind@589804fb	9
client-main-current	58980530	Unwind@58980530	9
client-main-current	5898053b	Unwind@5898053b	9
client-main-current	58980570	Unwind@58980570	8
client-main-current	589805a0	Unwind@589805a0	8
client-main-current	589805a8	Unwind@589805a8	9
client-main-current	589805b3	Unwind@589805b3	9
client-main-current	589805be	Unwind@589805be	9
client-main-current	589805c9	Unwind@589805c9	9
client-main-current	589805d4	Unwind@589805d4	9
client-main-current	589805df	Unwind@589805df	9
client-main-current	589805ea	Unwind@589805ea	9
client-main-current	589805f5	Unwind@589805f5	9
client-main-current	58980600	Unwind@58980600	9
client-main-current	5898060b	Unwind@5898060b	9
client-main-current	58980616	Unwind@58980616	9
client-main-current	58980621	Unwind@58980621	9
client-main-current	5898062c	Unwind@5898062c	9
client-main-current	58980637	Unwind@58980637	9
client-main-current	58980642	Unwind@58980642	9
client-main-current	5898064d	Unwind@5898064d	9
client-main-current	58980658	Unwind@58980658	9
client-main-current	58980663	Unwind@58980663	9
client-main-current	5898066e	Unwind@5898066e	9
client-main-current	58980679	Unwind@58980679	9
client-main-current	58980684	Unwind@58980684	9
client-main-current	5898068f	Unwind@5898068f	9
client-main-current	5898069a	Unwind@5898069a	9
client-main-current	589806a5	Unwind@589806a5	9
client-main-current	589806b0	Unwind@589806b0	9
client-main-current	589806bb	Unwind@589806bb	9
client-main-current	589806c6	Unwind@589806c6	9
client-main-current	589806d1	Unwind@589806d1	9
client-main-current	589806dc	Unwind@589806dc	9
client-main-current	589806e7	Unwind@589806e7	9
client-main-current	589806f2	Unwind@589806f2	9
client-main-current	589806fd	Unwind@589806fd	9
client-main-current	58980708	Unwind@58980708	9
client-main-current	58980730	Unwind@58980730	12
client-main-current	5898073e	Unwind@5898073e	12
client-main-current	5898074c	Unwind@5898074c	12
client-main-current	58980790	Unwind@58980790	9
client-main-current	5898079b	Unwind@5898079b	9
client-main-current	589807a6	Unwind@589807a6	9
client-main-current	589807d0	Unwind@589807d0	8
client-main-current	58980800	Unwind@58980800	8
client-main-current	58980808	Unwind@58980808	11
client-main-current	58980813	Unwind@58980813	11
client-main-current	58980840	Unwind@58980840	8
client-main-current	58980848	Unwind@58980848	11
client-main-current	58980853	Unwind@58980853	11
client-main-current	58980880	Unwind@58980880	8
client-main-current	58980888	Unwind@58980888	9
client-main-current	58980893	Unwind@58980893	9
client-main-current	5898089e	Unwind@5898089e	9
client-main-current	589808a9	Unwind@589808a9	9
client-main-current	589808b4	Unwind@589808b4	9
client-main-current	589808bf	Unwind@589808bf	9
client-main-current	589808ca	Unwind@589808ca	9
client-main-current	589808f0	Unwind@589808f0	9
client-main-current	589808fb	Unwind@589808fb	9
client-main-current	58980906	Unwind@58980906	9
client-main-current	58980930	Unwind@58980930	8
client-main-current	58980938	Unwind@58980938	9
client-main-current	58980943	Unwind@58980943	9
client-main-current	5898094e	Unwind@5898094e	9
client-main-current	58980980	Unwind@58980980	9
client-main-current	5898098b	Unwind@5898098b	9
client-main-current	58980996	Unwind@58980996	9
client-main-current	589809a1	Unwind@589809a1	9
client-main-current	589809d0	Unwind@589809d0	8
client-main-current	58980a00	Unwind@58980a00	9
client-main-current	58980a0b	Unwind@58980a0b	9
client-main-current	58980a16	Unwind@58980a16	9
client-main-current	58980a21	Unwind@58980a21	9
client-main-current	58980a2c	Unwind@58980a2c	9
client-main-current	58980a37	Unwind@58980a37	9
client-main-current	58980a42	Unwind@58980a42	9
client-main-current	58980a4d	Unwind@58980a4d	9
client-main-current	58980a80	Unwind@58980a80	12
client-main-current	58980a8e	Unwind@58980a8e	12
client-main-current	58980ad0	Unwind@58980ad0	11
client-main-current	58980b00	Unwind@58980b00	12
client-main-current	58980b0e	Unwind@58980b0e	12
client-main-current	58980b1c	Unwind@58980b1c	12
client-main-current	58980b60	Unwind@58980b60	11
client-main-current	58980b90	Unwind@58980b90	14
client-main-current	58980b9e	Unwind@58980b9e	14
client-main-current	58980bd0	Unwind@58980bd0	9
client-main-current	58980c00	Unwind@58980c00	17
client-main-current	58980c11	Unwind@58980c11	17
client-main-current	58980c22	Unwind@58980c22	12
client-main-current	58980c30	Unwind@58980c30	12
client-main-current	58980c3e	Unwind@58980c3e	12
client-main-current	58980c4c	Unwind@58980c4c	12
client-main-current	58980c5a	Unwind@58980c5a	12
client-main-current	58980c68	Unwind@58980c68	12
client-main-current	58980c76	Unwind@58980c76	12
client-main-current	58980cc0	Unwind@58980cc0	11
client-main-current	58980ccb	Unwind@58980ccb	11
client-main-current	58980d00	Unwind@58980d00	14
client-main-current	58980d0e	Unwind@58980d0e	14
client-main-current	58980d1c	Unwind@58980d1c	12
client-main-current	58980d60	Unwind@58980d60	12
client-main-current	58980da0	Unwind@58980da0	11
client-main-current	58980dab	Unwind@58980dab	9
client-main-current	58980de0	Unwind@58980de0	11
client-main-current	58980e10	Unwind@58980e10	8
client-main-current	58980e40	Unwind@58980e40	8
client-main-current	58980e70	Unwind@58980e70	8
client-main-current	58980e78	Unwind@58980e78	9
client-main-current	58980ea0	Unwind@58980ea0	9
client-main-current	58980eab	Unwind@58980eab	9
client-main-current	58980eb6	Unwind@58980eb6	9
client-main-current	58980ec1	Unwind@58980ec1	9
client-main-current	58980ecc	Unwind@58980ecc	9
client-main-current	58980f00	Unwind@58980f00	8
client-main-current	58980f30	Unwind@58980f30	8
client-main-current	58980f38	Unwind@58980f38	9
client-main-current	58980f60	Unwind@58980f60	12
client-main-current	58980f6e	Unwind@58980f6e	12
client-main-current	58980f7c	Unwind@58980f7c	12
client-main-current	58980f8a	Unwind@58980f8a	12
client-main-current	58980f98	Unwind@58980f98	12
client-main-current	58980fa6	Unwind@58980fa6	12
client-main-current	58980ff0	Unwind@58980ff0	8
client-main-current	58981020	Unwind@58981020	8
client-main-current	58981028	Unwind@58981028	9
client-main-current	58981033	Unwind@58981033	9
client-main-current	58981060	Unwind@58981060	8
client-main-current	58981068	Unwind@58981068	9
client-main-current	58981090	Unwind@58981090	8
client-main-current	589810c0	Unwind@589810c0	8
client-main-current	589810f0	Unwind@589810f0	12
client-main-current	589810fe	Unwind@589810fe	11
client-main-current	58981109	Unwind@58981109	11
client-main-current	58981114	Unwind@58981114	11
client-main-current	5898111f	Unwind@5898111f	12
client-main-current	5898112d	Unwind@5898112d	12
client-main-current	5898113b	Unwind@5898113b	12
client-main-current	58981180	Unwind@58981180	8
client-main-current	58981188	Unwind@58981188	9
client-main-current	58981193	Unwind@58981193	9
client-main-current	5898119e	Unwind@5898119e	9
client-main-current	589811a9	Unwind@589811a9	9
client-main-current	589811b4	Unwind@589811b4	9
client-main-current	589811bf	Unwind@589811bf	9
client-main-current	589811ca	Unwind@589811ca	9
client-main-current	589811d5	Unwind@589811d5	9
client-main-current	589811e0	Unwind@589811e0	9
client-main-current	589811eb	Unwind@589811eb	9
client-main-current	589811f6	Unwind@589811f6	9
client-main-current	58981220	Unwind@58981220	8
client-main-current	58981250	Unwind@58981250	8
client-main-current	58981258	Unwind@58981258	9
client-main-current	58981280	Unwind@58981280	11
client-main-current	589812b0	Unwind@589812b0	8
client-main-current	589812b8	Unwind@589812b8	11
client-main-current	589812c3	Unwind@589812c3	11
client-main-current	589812ce	Unwind@589812ce	11
client-main-current	589812d9	Unwind@589812d9	11
client-main-current	58981300	Unwind@58981300	8
client-main-current	58981308	Unwind@58981308	11
client-main-current	58981313	Unwind@58981313	11
client-main-current	5898131e	Unwind@5898131e	11
client-main-current	58981329	Unwind@58981329	11
client-main-current	58981350	Unwind@58981350	8
client-main-current	58981380	Unwind@58981380	8
client-main-current	589813b0	Unwind@589813b0	8
client-main-current	589813e0	Unwind@589813e0	12
client-main-current	589813ee	Unwind@589813ee	34
client-main-current	58981440	Unwind@58981440	8
client-main-current	58981470	Unwind@58981470	8
client-main-current	589814a0	Unwind@589814a0	8
client-main-current	589814d0	Unwind@589814d0	8
client-main-current	589814d8	Unwind@589814d8	8
client-main-current	589814e0	Unwind@589814e0	8
client-main-current	58981510	Unwind@58981510	11
client-main-current	58981540	Unwind@58981540	8
client-main-current	58981570	Unwind@58981570	28
client-main-current	5898158c	Unwind@5898158c	11
client-main-current	58981597	Unwind@58981597	11
client-main-current	589815c0	Unwind@589815c0	11
client-main-current	589815f0	Unwind@589815f0	8
client-main-current	589815f8	Unwind@589815f8	9
client-main-current	58981620	Unwind@58981620	8
client-main-current	58981628	Unwind@58981628	9
client-main-current	58981633	Unwind@58981633	9
client-main-current	5898163e	Unwind@5898163e	9
client-main-current	58981649	Unwind@58981649	9
client-main-current	58981654	Unwind@58981654	9
client-main-current	5898165f	Unwind@5898165f	9
client-main-current	5898166a	Unwind@5898166a	9
client-main-current	58981675	Unwind@58981675	9
client-main-current	58981680	Unwind@58981680	9
client-main-current	5898168b	Unwind@5898168b	9
client-main-current	58981696	Unwind@58981696	9
client-main-current	589816a1	Unwind@589816a1	9
client-main-current	589816ac	Unwind@589816ac	9
client-main-current	589816b7	Unwind@589816b7	9
client-main-current	589816c2	Unwind@589816c2	9
client-main-current	589816cd	Unwind@589816cd	9
client-main-current	589816d8	Unwind@589816d8	9
client-main-current	589816e3	Unwind@589816e3	9
client-main-current	589816ee	Unwind@589816ee	9
client-main-current	589816f9	Unwind@589816f9	9
client-main-current	58981720	Unwind@58981720	8
client-main-current	58981728	Unwind@58981728	9
client-main-current	58981733	Unwind@58981733	9
client-main-current	5898173e	Unwind@5898173e	9
client-main-current	58981749	Unwind@58981749	9
client-main-current	58981770	Unwind@58981770	8
client-main-current	589817a0	Unwind@589817a0	8
client-main-current	589817a8	Unwind@589817a8	9
client-main-current	589817d0	Unwind@589817d0	8
client-main-current	589817d8	Unwind@589817d8	9
client-main-current	58981800	Unwind@58981800	8
client-main-current	58981830	Unwind@58981830	8
client-main-current	58981838	Unwind@58981838	9
client-main-current	58981843	Unwind@58981843	9
client-main-current	58981870	Unwind@58981870	8
client-main-current	58981878	Unwind@58981878	9
client-main-current	58981883	Unwind@58981883	9
client-main-current	5898188e	Unwind@5898188e	9
client-main-current	589818c0	Unwind@589818c0	9
client-main-current	589818cb	Unwind@589818cb	9
client-main-current	58981900	Unwind@58981900	11
client-main-current	5898190b	Unwind@5898190b	11
client-main-current	58981916	Unwind@58981916	14
client-main-current	58981924	Unwind@58981924	14
client-main-current	58981950	Unwind@58981950	11
client-main-current	5898195b	Unwind@5898195b	11
client-main-current	58981966	Unwind@58981966	14
client-main-current	58981974	Unwind@58981974	14
client-main-current	589819a0	Unwind@589819a0	9
client-main-current	589819ab	Unwind@589819ab	9
client-main-current	589819e0	Unwind@589819e0	9
client-main-current	589819eb	Unwind@589819eb	9
client-main-current	589819f6	Unwind@589819f6	9
client-main-current	58981a20	Unwind@58981a20	9
client-main-current	58981a2b	Unwind@58981a2b	9
client-main-current	58981a60	Unwind@58981a60	9
client-main-current	58981a6b	Unwind@58981a6b	9
client-main-current	58981a76	Unwind@58981a76	9
client-main-current	58981aa0	Unwind@58981aa0	9
client-main-current	58981ad0	Unwind@58981ad0	9
client-main-current	58981b00	Unwind@58981b00	8
client-main-current	58981b30	Unwind@58981b30	8
client-main-current	58981b60	Unwind@58981b60	9
client-main-current	58981b6b	Unwind@58981b6b	9
client-main-current	58981b76	Unwind@58981b76	9
client-main-current	58981b81	Unwind@58981b81	9
client-main-current	58981b8c	Unwind@58981b8c	9
client-main-current	58981b97	Unwind@58981b97	9
client-main-current	58981ba2	Unwind@58981ba2	9
client-main-current	58981bd0	Unwind@58981bd0	8
client-main-current	58981bd8	Unwind@58981bd8	9
client-main-current	58981be3	Unwind@58981be3	9
client-main-current	58981bee	Unwind@58981bee	9
client-main-current	58981bf9	Unwind@58981bf9	9
client-main-current	58981c04	Unwind@58981c04	9
client-main-current	58981c0f	Unwind@58981c0f	9
client-main-current	58981c1a	Unwind@58981c1a	9
client-main-current	58981c25	Unwind@58981c25	9
client-main-current	58981c30	Unwind@58981c30	9
client-main-current	58981c3b	Unwind@58981c3b	9
client-main-current	58981c46	Unwind@58981c46	9
client-main-current	58981c51	Unwind@58981c51	9
client-main-current	58981c5c	Unwind@58981c5c	9
client-main-current	58981c67	Unwind@58981c67	9
client-main-current	58981c72	Unwind@58981c72	9
client-main-current	58981c7d	Unwind@58981c7d	9
client-main-current	58981c88	Unwind@58981c88	9
client-main-current	58981c93	Unwind@58981c93	9
client-main-current	58981c9e	Unwind@58981c9e	9
client-main-current	58981ca9	Unwind@58981ca9	9
client-main-current	58981cd0	Unwind@58981cd0	9
client-main-current	58981cdb	Unwind@58981cdb	9
client-main-current	58981ce6	Unwind@58981ce6	9
client-main-current	58981cf1	Unwind@58981cf1	9
client-main-current	58981cfc	Unwind@58981cfc	9
client-main-current	58981d07	Unwind@58981d07	9
client-main-current	58981d12	Unwind@58981d12	9
client-main-current	58981d1d	Unwind@58981d1d	9
client-main-current	58981d28	Unwind@58981d28	9
client-main-current	58981d33	Unwind@58981d33	9
client-main-current	58981d3e	Unwind@58981d3e	9
client-main-current	58981d49	Unwind@58981d49	9
client-main-current	58981d54	Unwind@58981d54	9
client-main-current	58981d5f	Unwind@58981d5f	9
client-main-current	58981d6a	Unwind@58981d6a	9
client-main-current	58981d75	Unwind@58981d75	9
client-main-current	58981d80	Unwind@58981d80	9
client-main-current	58981d8b	Unwind@58981d8b	9
client-main-current	58981d96	Unwind@58981d96	9
client-main-current	58981da1	Unwind@58981da1	9
client-main-current	58981dac	Unwind@58981dac	9
client-main-current	58981db7	Unwind@58981db7	9
client-main-current	58981dc2	Unwind@58981dc2	9
client-main-current	58981dcd	Unwind@58981dcd	9
client-main-current	58981dd8	Unwind@58981dd8	9
client-main-current	58981e00	Unwind@58981e00	12
client-main-current	58981e40	Unwind@58981e40	12
client-main-current	58981e80	Unwind@58981e80	8
client-main-current	58981e88	Unwind@58981e88	12
client-main-current	58981e96	Unwind@58981e96	12
client-main-current	58981ea4	Unwind@58981ea4	12
client-main-current	58981eb2	Unwind@58981eb2	12
client-main-current	58981ec0	Unwind@58981ec0	12
client-main-current	58981ece	Unwind@58981ece	12
client-main-current	58981edc	Unwind@58981edc	12
client-main-current	58981eea	Unwind@58981eea	12
client-main-current	58981ef8	Unwind@58981ef8	12
client-main-current	58981f06	Unwind@58981f06	12
client-main-current	58981f14	Unwind@58981f14	12
client-main-current	58981f22	Unwind@58981f22	12
client-main-current	58981f30	Unwind@58981f30	12
client-main-current	58981f3e	Unwind@58981f3e	12
client-main-current	58981f4c	Unwind@58981f4c	12
client-main-current	58981f5a	Unwind@58981f5a	12
client-main-current	58981f68	Unwind@58981f68	12
client-main-current	58981f76	Unwind@58981f76	12
client-main-current	58981f84	Unwind@58981f84	12
client-main-current	58981f92	Unwind@58981f92	12
client-main-current	58981fa0	Unwind@58981fa0	12
client-main-current	58981fae	Unwind@58981fae	12
client-main-current	58981fbc	Unwind@58981fbc	12
client-main-current	58981fca	Unwind@58981fca	12
client-main-current	58981fd8	Unwind@58981fd8	12
client-main-current	58981fe6	Unwind@58981fe6	12
client-main-current	58981ff4	Unwind@58981ff4	12
client-main-current	58982002	Unwind@58982002	12
client-main-current	58982010	Unwind@58982010	12
client-main-current	5898201e	Unwind@5898201e	12
client-main-current	5898202c	Unwind@5898202c	12
client-main-current	5898203a	Unwind@5898203a	12
client-main-current	58982048	Unwind@58982048	12
client-main-current	58982056	Unwind@58982056	12
client-main-current	58982064	Unwind@58982064	12
client-main-current	58982072	Unwind@58982072	12
client-main-current	58982080	Unwind@58982080	12
client-main-current	5898208e	Unwind@5898208e	12
client-main-current	5898209c	Unwind@5898209c	12
client-main-current	589820aa	Unwind@589820aa	12
client-main-current	589820b8	Unwind@589820b8	12
client-main-current	589820c6	Unwind@589820c6	12
client-main-current	589820d4	Unwind@589820d4	12
client-main-current	589820e2	Unwind@589820e2	12
client-main-current	589820f0	Unwind@589820f0	12
client-main-current	589820fe	Unwind@589820fe	12
client-main-current	5898210c	Unwind@5898210c	12
client-main-current	5898211a	Unwind@5898211a	12
client-main-current	58982128	Unwind@58982128	12
client-main-current	58982136	Unwind@58982136	12
client-main-current	58982144	Unwind@58982144	12
client-main-current	58982152	Unwind@58982152	12
client-main-current	58982160	Unwind@58982160	12
client-main-current	5898216e	Unwind@5898216e	12
client-main-current	5898217c	Unwind@5898217c	12
client-main-current	5898218a	Unwind@5898218a	12
client-main-current	58982198	Unwind@58982198	12
client-main-current	589821a6	Unwind@589821a6	12
client-main-current	589821b4	Unwind@589821b4	12
client-main-current	589821c2	Unwind@589821c2	12
client-main-current	589821d0	Unwind@589821d0	12
client-main-current	589821de	Unwind@589821de	12
client-main-current	589821ec	Unwind@589821ec	12
client-main-current	589821fa	Unwind@589821fa	12
client-main-current	58982208	Unwind@58982208	12
client-main-current	58982216	Unwind@58982216	12
client-main-current	58982224	Unwind@58982224	12
client-main-current	58982232	Unwind@58982232	12
client-main-current	58982240	Unwind@58982240	12
client-main-current	5898224e	Unwind@5898224e	12
client-main-current	5898225c	Unwind@5898225c	12
client-main-current	5898226a	Unwind@5898226a	12
client-main-current	58982278	Unwind@58982278	12
client-main-current	58982286	Unwind@58982286	12
client-main-current	58982294	Unwind@58982294	12
client-main-current	589822a2	Unwind@589822a2	12
client-main-current	589822b0	Unwind@589822b0	12
client-main-current	589822be	Unwind@589822be	12
client-main-current	589822cc	Unwind@589822cc	12
client-main-current	589822da	Unwind@589822da	12
client-main-current	589822e8	Unwind@589822e8	12
client-main-current	589822f6	Unwind@589822f6	12
client-main-current	58982304	Unwind@58982304	12
client-main-current	58982312	Unwind@58982312	12
client-main-current	58982320	Unwind@58982320	12
client-main-current	5898232e	Unwind@5898232e	12
client-main-current	5898233c	Unwind@5898233c	12
client-main-current	58982370	Unwind@58982370	9
client-main-current	5898237b	Unwind@5898237b	9
client-main-current	58982386	Unwind@58982386	9
client-main-current	58982391	Unwind@58982391	9
client-main-current	5898239c	Unwind@5898239c	9
client-main-current	589823a7	Unwind@589823a7	9
client-main-current	589823b2	Unwind@589823b2	9
client-main-current	589823bd	Unwind@589823bd	9
client-main-current	589823c8	Unwind@589823c8	9
client-main-current	589823d3	Unwind@589823d3	9
client-main-current	589823de	Unwind@589823de	9
client-main-current	589823e9	Unwind@589823e9	9
client-main-current	589823f4	Unwind@589823f4	9
client-main-current	589823ff	Unwind@589823ff	9
client-main-current	5898240a	Unwind@5898240a	9
client-main-current	58982415	Unwind@58982415	9
client-main-current	58982420	Unwind@58982420	9
client-main-current	5898242b	Unwind@5898242b	9
client-main-current	58982436	Unwind@58982436	9
client-main-current	58982441	Unwind@58982441	9
client-main-current	5898244c	Unwind@5898244c	9
client-main-current	58982457	Unwind@58982457	9
client-main-current	58982462	Unwind@58982462	9
client-main-current	5898246d	Unwind@5898246d	9
client-main-current	58982478	Unwind@58982478	9
client-main-current	58982483	Unwind@58982483	9
client-main-current	5898248e	Unwind@5898248e	9
client-main-current	58982499	Unwind@58982499	9
client-main-current	589824a4	Unwind@589824a4	9
client-main-current	589824af	Unwind@589824af	9
client-main-current	589824ba	Unwind@589824ba	9
client-main-current	589824c5	Unwind@589824c5	9
client-main-current	589824f0	Unwind@589824f0	12
client-main-current	58982530	Unwind@58982530	9
client-main-current	58982560	Unwind@58982560	12
client-main-current	5898256e	Unwind@5898256e	12
client-main-current	5898257c	Unwind@5898257c	12
client-main-current	5898258a	Unwind@5898258a	12
client-main-current	589825d0	Unwind@589825d0	12
client-main-current	58982600	Unwind@58982600	9
client-main-current	58982630	Unwind@58982630	9
client-main-current	58982660	Unwind@58982660	12
client-main-current	589826a0	Unwind@589826a0	17
client-main-current	589826d0	Unwind@589826d0	8
client-main-current	58982700	Unwind@58982700	8
client-main-current	58982708	Unwind@58982708	14
client-main-current	58982716	Unwind@58982716	14
client-main-current	58982740	Unwind@58982740	12
client-main-current	5898274e	Unwind@5898274e	12
client-main-current	5898275c	Unwind@5898275c	11
client-main-current	58982767	Unwind@58982767	12
client-main-current	589827b0	Unwind@589827b0	8
client-main-current	589827b8	Unwind@589827b8	14
client-main-current	589827c6	Unwind@589827c6	14
client-main-current	589827d4	Unwind@589827d4	9
client-main-current	589827df	Unwind@589827df	9
client-main-current	589827ea	Unwind@589827ea	9
client-main-current	589827f5	Unwind@589827f5	9
client-main-current	58982800	Unwind@58982800	9
client-main-current	5898280b	Unwind@5898280b	9
client-main-current	58982816	Unwind@58982816	9
client-main-current	58982821	Unwind@58982821	9
client-main-current	5898282c	Unwind@5898282c	9
client-main-current	58982837	Unwind@58982837	9
client-main-current	58982842	Unwind@58982842	9
client-main-current	5898284d	Unwind@5898284d	9
client-main-current	58982858	Unwind@58982858	9
client-main-current	58982863	Unwind@58982863	9
client-main-current	5898286e	Unwind@5898286e	9
client-main-current	58982879	Unwind@58982879	9
client-main-current	58982884	Unwind@58982884	9
client-main-current	5898288f	Unwind@5898288f	9
client-main-current	5898289a	Unwind@5898289a	9
client-main-current	589828a5	Unwind@589828a5	9
client-main-current	589828b0	Unwind@589828b0	9
client-main-current	589828bb	Unwind@589828bb	9
client-main-current	589828c6	Unwind@589828c6	9
client-main-current	589828d1	Unwind@589828d1	9
client-main-current	589828dc	Unwind@589828dc	9
client-main-current	589828e7	Unwind@589828e7	9
client-main-current	589828f2	Unwind@589828f2	9
client-main-current	589828fd	Unwind@589828fd	9
client-main-current	58982908	Unwind@58982908	9
client-main-current	58982913	Unwind@58982913	9
client-main-current	5898291e	Unwind@5898291e	9
client-main-current	58982929	Unwind@58982929	9
client-main-current	58982934	Unwind@58982934	9
client-main-current	5898293f	Unwind@5898293f	9
client-main-current	5898294a	Unwind@5898294a	9
client-main-current	58982955	Unwind@58982955	9
client-main-current	58982960	Unwind@58982960	9
client-main-current	5898296b	Unwind@5898296b	9
client-main-current	58982976	Unwind@58982976	9
client-main-current	58982981	Unwind@58982981	9
client-main-current	5898298c	Unwind@5898298c	9
client-main-current	58982997	Unwind@58982997	9
client-main-current	589829a2	Unwind@589829a2	9
client-main-current	589829ad	Unwind@589829ad	9
client-main-current	589829b8	Unwind@589829b8	9
client-main-current	589829c3	Unwind@589829c3	9
client-main-current	589829ce	Unwind@589829ce	9
client-main-current	589829d9	Unwind@589829d9	9
client-main-current	589829e4	Unwind@589829e4	9
client-main-current	589829ef	Unwind@589829ef	9
client-main-current	589829fa	Unwind@589829fa	9
client-main-current	58982a05	Unwind@58982a05	9
client-main-current	58982a10	Unwind@58982a10	9
client-main-current	58982a1b	Unwind@58982a1b	9
client-main-current	58982a26	Unwind@58982a26	9
client-main-current	58982a31	Unwind@58982a31	9
client-main-current	58982a3c	Unwind@58982a3c	9
client-main-current	58982a47	Unwind@58982a47	9
client-main-current	58982a52	Unwind@58982a52	9
client-main-current	58982a5d	Unwind@58982a5d	9
client-main-current	58982a68	Unwind@58982a68	9
client-main-current	58982a73	Unwind@58982a73	9
client-main-current	58982a7e	Unwind@58982a7e	9
client-main-current	58982a89	Unwind@58982a89	9
client-main-current	58982a94	Unwind@58982a94	9
client-main-current	58982a9f	Unwind@58982a9f	9
client-main-current	58982aaa	Unwind@58982aaa	9
client-main-current	58982ab5	Unwind@58982ab5	9
client-main-current	58982ac0	Unwind@58982ac0	9
client-main-current	58982acb	Unwind@58982acb	9
client-main-current	58982ad6	Unwind@58982ad6	9
client-main-current	58982ae1	Unwind@58982ae1	9
client-main-current	58982aec	Unwind@58982aec	9
client-main-current	58982af7	Unwind@58982af7	9
client-main-current	58982b02	Unwind@58982b02	9
client-main-current	58982b0d	Unwind@58982b0d	9
client-main-current	58982b18	Unwind@58982b18	9
client-main-current	58982b23	Unwind@58982b23	9
client-main-current	58982b2e	Unwind@58982b2e	9
client-main-current	58982b39	Unwind@58982b39	9
client-main-current	58982b44	Unwind@58982b44	9
client-main-current	58982b4f	Unwind@58982b4f	9
client-main-current	58982b5a	Unwind@58982b5a	9
client-main-current	58982b65	Unwind@58982b65	9
client-main-current	58982b70	Unwind@58982b70	9
client-main-current	58982b7b	Unwind@58982b7b	9
client-main-current	58982bb0	Unwind@58982bb0	8
client-main-current	58982bb8	Unwind@58982bb8	14
client-main-current	58982bf0	Unwind@58982bf0	8
client-main-current	58982bf8	Unwind@58982bf8	14
client-main-current	58982c06	Unwind@58982c06	9
client-main-current	58982c11	Unwind@58982c11	9
client-main-current	58982c1c	Unwind@58982c1c	9
client-main-current	58982c27	Unwind@58982c27	9
client-main-current	58982c32	Unwind@58982c32	9
client-main-current	58982c3d	Unwind@58982c3d	9
client-main-current	58982c48	Unwind@58982c48	9
client-main-current	58982c53	Unwind@58982c53	9
client-main-current	58982c5e	Unwind@58982c5e	9
client-main-current	58982c69	Unwind@58982c69	9
client-main-current	58982c90	Unwind@58982c90	9
client-main-current	58982cc0	Unwind@58982cc0	9
client-main-current	58982ccb	Unwind@58982ccb	9
client-main-current	58982d00	Unwind@58982d00	8
client-main-current	58982d08	Unwind@58982d08	9
client-main-current	58982d13	Unwind@58982d13	9
client-main-current	58982d1e	Unwind@58982d1e	9
client-main-current	58982d29	Unwind@58982d29	9
client-main-current	58982d34	Unwind@58982d34	9
client-main-current	58982d3f	Unwind@58982d3f	9
client-main-current	58982d4a	Unwind@58982d4a	9
client-main-current	58982d55	Unwind@58982d55	9
client-main-current	58982d60	Unwind@58982d60	9
client-main-current	58982d6b	Unwind@58982d6b	9
client-main-current	58982d76	Unwind@58982d76	9
client-main-current	58982d81	Unwind@58982d81	9
client-main-current	58982d8c	Unwind@58982d8c	9
client-main-current	58982d97	Unwind@58982d97	9
client-main-current	58982da2	Unwind@58982da2	9
client-main-current	58982dad	Unwind@58982dad	9
client-main-current	58982db8	Unwind@58982db8	9
client-main-current	58982dc3	Unwind@58982dc3	9
client-main-current	58982dce	Unwind@58982dce	9
client-main-current	58982dd9	Unwind@58982dd9	9
client-main-current	58982de4	Unwind@58982de4	9
client-main-current	58982def	Unwind@58982def	9
client-main-current	58982dfa	Unwind@58982dfa	9
client-main-current	58982e05	Unwind@58982e05	9
client-main-current	58982e10	Unwind@58982e10	9
client-main-current	58982e1b	Unwind@58982e1b	9
client-main-current	58982e26	Unwind@58982e26	9
client-main-current	58982e31	Unwind@58982e31	9
client-main-current	58982e3c	Unwind@58982e3c	9
client-main-current	58982e47	Unwind@58982e47	9
client-main-current	58982e52	Unwind@58982e52	9
client-main-current	58982e5d	Unwind@58982e5d	9
client-main-current	58982e68	Unwind@58982e68	9
client-main-current	58982e73	Unwind@58982e73	9
client-main-current	58982e7e	Unwind@58982e7e	9
client-main-current	58982e89	Unwind@58982e89	9
client-main-current	58982e94	Unwind@58982e94	9
client-main-current	58982e9f	Unwind@58982e9f	9
client-main-current	58982eaa	Unwind@58982eaa	9
client-main-current	58982eb5	Unwind@58982eb5	9
client-main-current	58982ec0	Unwind@58982ec0	9
client-main-current	58982ecb	Unwind@58982ecb	9
client-main-current	58982ed6	Unwind@58982ed6	9
client-main-current	58982f00	Unwind@58982f00	8
client-main-current	58982f08	Unwind@58982f08	9
client-main-current	58982f13	Unwind@58982f13	9
client-main-current	58982f1e	Unwind@58982f1e	9
client-main-current	58982f29	Unwind@58982f29	9
client-main-current	58982f34	Unwind@58982f34	9
client-main-current	58982f3f	Unwind@58982f3f	9
client-main-current	58982f4a	Unwind@58982f4a	9
client-main-current	58982f55	Unwind@58982f55	9
client-main-current	58982f60	Unwind@58982f60	9
client-main-current	58982f6b	Unwind@58982f6b	9
client-main-current	58982f76	Unwind@58982f76	9
client-main-current	58982f81	Unwind@58982f81	9
client-main-current	58982f8c	Unwind@58982f8c	9
client-main-current	58982f97	Unwind@58982f97	9
client-main-current	58982fa2	Unwind@58982fa2	9
client-main-current	58982fad	Unwind@58982fad	9
client-main-current	58982fb8	Unwind@58982fb8	9
client-main-current	58982fc3	Unwind@58982fc3	9
client-main-current	58982fce	Unwind@58982fce	9
client-main-current	58982fd9	Unwind@58982fd9	9
client-main-current	58982fe4	Unwind@58982fe4	9
client-main-current	58982fef	Unwind@58982fef	9
client-main-current	58982ffa	Unwind@58982ffa	9
client-main-current	58983005	Unwind@58983005	9
client-main-current	58983010	Unwind@58983010	9
client-main-current	5898301b	Unwind@5898301b	9
client-main-current	58983026	Unwind@58983026	9
client-main-current	58983031	Unwind@58983031	9
client-main-current	5898303c	Unwind@5898303c	9
client-main-current	58983047	Unwind@58983047	9
client-main-current	58983052	Unwind@58983052	9
client-main-current	5898305d	Unwind@5898305d	9
client-main-current	58983068	Unwind@58983068	9
client-main-current	58983073	Unwind@58983073	9
client-main-current	5898307e	Unwind@5898307e	9
client-main-current	58983089	Unwind@58983089	9
client-main-current	58983094	Unwind@58983094	9
client-main-current	5898309f	Unwind@5898309f	9
client-main-current	589830aa	Unwind@589830aa	9
client-main-current	589830b5	Unwind@589830b5	9
client-main-current	589830c0	Unwind@589830c0	9
client-main-current	589830cb	Unwind@589830cb	9
client-main-current	589830d6	Unwind@589830d6	9
client-main-current	58983100	Unwind@58983100	8
client-main-current	58983108	Unwind@58983108	9
client-main-current	58983113	Unwind@58983113	9
client-main-current	5898311e	Unwind@5898311e	9
client-main-current	58983129	Unwind@58983129	9
client-main-current	58983134	Unwind@58983134	9
client-main-current	58983160	Unwind@58983160	8
client-main-current	58983168	Unwind@58983168	9
client-main-current	58983173	Unwind@58983173	9
client-main-current	5898317e	Unwind@5898317e	9
client-main-current	589831b0	Unwind@589831b0	8
client-main-current	589831b8	Unwind@589831b8	9
client-main-current	589831c3	Unwind@589831c3	9
client-main-current	589831ce	Unwind@589831ce	9
client-main-current	589831d9	Unwind@589831d9	9
client-main-current	589831e4	Unwind@589831e4	9
client-main-current	589831ef	Unwind@589831ef	9
client-main-current	589831fa	Unwind@589831fa	9
client-main-current	58983205	Unwind@58983205	9
client-main-current	58983210	Unwind@58983210	9
client-main-current	5898321b	Unwind@5898321b	9
client-main-current	58983226	Unwind@58983226	9
client-main-current	58983231	Unwind@58983231	9
client-main-current	5898323c	Unwind@5898323c	9
client-main-current	58983247	Unwind@58983247	9
client-main-current	58983252	Unwind@58983252	9
client-main-current	5898325d	Unwind@5898325d	9
client-main-current	58983268	Unwind@58983268	9
client-main-current	58983273	Unwind@58983273	9
client-main-current	5898327e	Unwind@5898327e	9
client-main-current	58983289	Unwind@58983289	9
client-main-current	58983294	Unwind@58983294	9
client-main-current	5898329f	Unwind@5898329f	9
client-main-current	589832aa	Unwind@589832aa	9
client-main-current	589832b5	Unwind@589832b5	9
client-main-current	589832c0	Unwind@589832c0	9
client-main-current	589832cb	Unwind@589832cb	9
client-main-current	589832d6	Unwind@589832d6	9
client-main-current	589832e1	Unwind@589832e1	9
client-main-current	589832ec	Unwind@589832ec	9
client-main-current	589832f7	Unwind@589832f7	9
client-main-current	58983302	Unwind@58983302	9
client-main-current	5898330d	Unwind@5898330d	9
client-main-current	58983318	Unwind@58983318	9
client-main-current	58983323	Unwind@58983323	9
client-main-current	5898332e	Unwind@5898332e	9
client-main-current	58983339	Unwind@58983339	9
client-main-current	58983344	Unwind@58983344	9
client-main-current	5898334f	Unwind@5898334f	9
client-main-current	5898335a	Unwind@5898335a	9
client-main-current	58983365	Unwind@58983365	9
client-main-current	58983370	Unwind@58983370	9
client-main-current	589833a0	Unwind@589833a0	8
client-main-current	589833a8	Unwind@589833a8	9
client-main-current	589833b3	Unwind@589833b3	9
client-main-current	589833be	Unwind@589833be	9
client-main-current	589833c9	Unwind@589833c9	9
client-main-current	589833d4	Unwind@589833d4	9
client-main-current	589833df	Unwind@589833df	9
client-main-current	589833ea	Unwind@589833ea	9
client-main-current	589833f5	Unwind@589833f5	9
client-main-current	58983400	Unwind@58983400	9
client-main-current	5898340b	Unwind@5898340b	9
client-main-current	58983416	Unwind@58983416	9
client-main-current	58983421	Unwind@58983421	9
client-main-current	5898342c	Unwind@5898342c	9
client-main-current	58983460	Unwind@58983460	8
client-main-current	58983468	Unwind@58983468	9
client-main-current	58983473	Unwind@58983473	9
client-main-current	5898347e	Unwind@5898347e	9
client-main-current	58983489	Unwind@58983489	9
client-main-current	58983494	Unwind@58983494	9
client-main-current	589834c0	Unwind@589834c0	8
client-main-current	589834c8	Unwind@589834c8	9
client-main-current	589834d3	Unwind@589834d3	9
client-main-current	58983500	Unwind@58983500	8
client-main-current	58983508	Unwind@58983508	9
client-main-current	58983513	Unwind@58983513	9
client-main-current	58983540	Unwind@58983540	8
client-main-current	58983548	Unwind@58983548	9
client-main-current	58983553	Unwind@58983553	9
client-main-current	5898355e	Unwind@5898355e	9
client-main-current	58983569	Unwind@58983569	9
client-main-current	58983574	Unwind@58983574	9
client-main-current	5898357f	Unwind@5898357f	9
client-main-current	5898358a	Unwind@5898358a	9
client-main-current	58983595	Unwind@58983595	9
client-main-current	589835a0	Unwind@589835a0	9
client-main-current	589835ab	Unwind@589835ab	9
client-main-current	589835b6	Unwind@589835b6	9
client-main-current	589835c1	Unwind@589835c1	9
client-main-current	589835cc	Unwind@589835cc	9
client-main-current	589835d7	Unwind@589835d7	9
client-main-current	589835e2	Unwind@589835e2	9
client-main-current	58983610	Unwind@58983610	8
client-main-current	58983618	Unwind@58983618	9
client-main-current	58983623	Unwind@58983623	9
client-main-current	5898362e	Unwind@5898362e	9
client-main-current	58983639	Unwind@58983639	9
client-main-current	58983644	Unwind@58983644	9
client-main-current	58983670	Unwind@58983670	8
client-main-current	589836a0	Unwind@589836a0	8
client-main-current	589836a8	Unwind@589836a8	9
client-main-current	589836b3	Unwind@589836b3	9
client-main-current	589836be	Unwind@589836be	9
client-main-current	589836c9	Unwind@589836c9	9
client-main-current	589836d4	Unwind@589836d4	9
client-main-current	589836df	Unwind@589836df	9
client-main-current	589836ea	Unwind@589836ea	9
client-main-current	589836f5	Unwind@589836f5	9
client-main-current	58983700	Unwind@58983700	9
client-main-current	58983730	Unwind@58983730	8
client-main-current	58983738	Unwind@58983738	9
client-main-current	58983743	Unwind@58983743	9
client-main-current	5898374e	Unwind@5898374e	9
client-main-current	58983759	Unwind@58983759	9
client-main-current	58983764	Unwind@58983764	9
client-main-current	5898376f	Unwind@5898376f	9
client-main-current	5898377a	Unwind@5898377a	9
client-main-current	58983785	Unwind@58983785	9
client-main-current	58983790	Unwind@58983790	9
client-main-current	5898379b	Unwind@5898379b	9
client-main-current	589837d0	Unwind@589837d0	8
client-main-current	589837d8	Unwind@589837d8	9
client-main-current	589837e3	Unwind@589837e3	9
client-main-current	589837ee	Unwind@589837ee	9
client-main-current	589837f9	Unwind@589837f9	9
client-main-current	58983804	Unwind@58983804	9
client-main-current	5898380f	Unwind@5898380f	9
client-main-current	5898381a	Unwind@5898381a	9
client-main-current	58983825	Unwind@58983825	9
client-main-current	58983830	Unwind@58983830	9
client-main-current	5898383b	Unwind@5898383b	9
client-main-current	58983846	Unwind@58983846	9
client-main-current	58983851	Unwind@58983851	9
client-main-current	58983880	Unwind@58983880	8
client-main-current	58983888	Unwind@58983888	9
client-main-current	58983893	Unwind@58983893	9
client-main-current	5898389e	Unwind@5898389e	9
client-main-current	589838a9	Unwind@589838a9	9
client-main-current	589838b4	Unwind@589838b4	9
client-main-current	589838bf	Unwind@589838bf	9
client-main-current	589838ca	Unwind@589838ca	9
client-main-current	589838d5	Unwind@589838d5	9
client-main-current	589838e0	Unwind@589838e0	9
client-main-current	589838eb	Unwind@589838eb	9
client-main-current	589838f6	Unwind@589838f6	9
client-main-current	58983901	Unwind@58983901	9
client-main-current	5898390c	Unwind@5898390c	9
client-main-current	58983917	Unwind@58983917	9
client-main-current	58983922	Unwind@58983922	9
client-main-current	5898392d	Unwind@5898392d	9
client-main-current	58983938	Unwind@58983938	9
client-main-current	58983943	Unwind@58983943	9
client-main-current	5898394e	Unwind@5898394e	9
client-main-current	58983959	Unwind@58983959	9
client-main-current	58983964	Unwind@58983964	9
client-main-current	5898396f	Unwind@5898396f	9
client-main-current	5898397a	Unwind@5898397a	9
client-main-current	58983985	Unwind@58983985	9
client-main-current	58983990	Unwind@58983990	9
client-main-current	5898399b	Unwind@5898399b	9
client-main-current	589839a6	Unwind@589839a6	9
client-main-current	589839b1	Unwind@589839b1	9
client-main-current	589839bc	Unwind@589839bc	9
client-main-current	589839c7	Unwind@589839c7	9
client-main-current	589839d2	Unwind@589839d2	9
client-main-current	589839dd	Unwind@589839dd	9
client-main-current	589839e8	Unwind@589839e8	9
client-main-current	589839f3	Unwind@589839f3	9
client-main-current	589839fe	Unwind@589839fe	9
client-main-current	58983a09	Unwind@58983a09	9
client-main-current	58983a14	Unwind@58983a14	9
client-main-current	58983a1f	Unwind@58983a1f	9
client-main-current	58983a2a	Unwind@58983a2a	9
client-main-current	58983a35	Unwind@58983a35	9
client-main-current	58983a40	Unwind@58983a40	9
client-main-current	58983a4b	Unwind@58983a4b	9
client-main-current	58983a56	Unwind@58983a56	9
client-main-current	58983a61	Unwind@58983a61	9
client-main-current	58983a6c	Unwind@58983a6c	9
client-main-current	58983a77	Unwind@58983a77	9
client-main-current	58983a82	Unwind@58983a82	9
client-main-current	58983a8d	Unwind@58983a8d	9
client-main-current	58983a98	Unwind@58983a98	9
client-main-current	58983aa3	Unwind@58983aa3	9
client-main-current	58983aae	Unwind@58983aae	9
client-main-current	58983ab9	Unwind@58983ab9	9
client-main-current	58983ac4	Unwind@58983ac4	9
client-main-current	58983acf	Unwind@58983acf	9
client-main-current	58983ada	Unwind@58983ada	9
client-main-current	58983ae5	Unwind@58983ae5	9
client-main-current	58983af0	Unwind@58983af0	9
client-main-current	58983afb	Unwind@58983afb	9
client-main-current	58983b06	Unwind@58983b06	9
client-main-current	58983b11	Unwind@58983b11	9
client-main-current	58983b1c	Unwind@58983b1c	9
client-main-current	58983b27	Unwind@58983b27	9
client-main-current	58983b32	Unwind@58983b32	9
client-main-current	58983b3d	Unwind@58983b3d	9
client-main-current	58983b48	Unwind@58983b48	9
client-main-current	58983b53	Unwind@58983b53	9
client-main-current	58983b80	Unwind@58983b80	8
client-main-current	58983b88	Unwind@58983b88	9
client-main-current	58983b93	Unwind@58983b93	9
client-main-current	58983b9e	Unwind@58983b9e	9
client-main-current	58983ba9	Unwind@58983ba9	9
client-main-current	58983bb4	Unwind@58983bb4	9
client-main-current	58983bbf	Unwind@58983bbf	9
client-main-current	58983bca	Unwind@58983bca	9
client-main-current	58983bd5	Unwind@58983bd5	9
client-main-current	58983be0	Unwind@58983be0	9
client-main-current	58983beb	Unwind@58983beb	9
client-main-current	58983bf6	Unwind@58983bf6	9
client-main-current	58983c01	Unwind@58983c01	9
client-main-current	58983c0c	Unwind@58983c0c	9
client-main-current	58983c17	Unwind@58983c17	9
client-main-current	58983c22	Unwind@58983c22	9
client-main-current	58983c2d	Unwind@58983c2d	9
client-main-current	58983c38	Unwind@58983c38	9
client-main-current	58983c60	Unwind@58983c60	8
client-main-current	58983c68	Unwind@58983c68	9
client-main-current	58983c73	Unwind@58983c73	9
client-main-current	58983c7e	Unwind@58983c7e	9
client-main-current	58983c89	Unwind@58983c89	9
client-main-current	58983c94	Unwind@58983c94	9
client-main-current	58983c9f	Unwind@58983c9f	9
client-main-current	58983caa	Unwind@58983caa	9
client-main-current	58983cb5	Unwind@58983cb5	9
client-main-current	58983cc0	Unwind@58983cc0	9
client-main-current	58983ccb	Unwind@58983ccb	9
client-main-current	58983cd6	Unwind@58983cd6	9
client-main-current	58983ce1	Unwind@58983ce1	9
client-main-current	58983cec	Unwind@58983cec	9
client-main-current	58983cf7	Unwind@58983cf7	9
client-main-current	58983d02	Unwind@58983d02	9
client-main-current	58983d0d	Unwind@58983d0d	9
client-main-current	58983d18	Unwind@58983d18	9
client-main-current	58983d23	Unwind@58983d23	9
client-main-current	58983d2e	Unwind@58983d2e	9
client-main-current	58983d39	Unwind@58983d39	9
client-main-current	58983d44	Unwind@58983d44	9
client-main-current	58983d4f	Unwind@58983d4f	9
client-main-current	58983d5a	Unwind@58983d5a	9
client-main-current	58983d65	Unwind@58983d65	9
client-main-current	58983d70	Unwind@58983d70	9
client-main-current	58983d7b	Unwind@58983d7b	9
client-main-current	58983d86	Unwind@58983d86	9
client-main-current	58983d91	Unwind@58983d91	9
client-main-current	58983d9c	Unwind@58983d9c	9
client-main-current	58983da7	Unwind@58983da7	9
client-main-current	58983db2	Unwind@58983db2	9
client-main-current	58983dbd	Unwind@58983dbd	9
client-main-current	58983dc8	Unwind@58983dc8	9
client-main-current	58983dd3	Unwind@58983dd3	9
client-main-current	58983dde	Unwind@58983dde	9
client-main-current	58983de9	Unwind@58983de9	9
client-main-current	58983df4	Unwind@58983df4	9
client-main-current	58983dff	Unwind@58983dff	9
client-main-current	58983e0a	Unwind@58983e0a	9
client-main-current	58983e15	Unwind@58983e15	9
client-main-current	58983e20	Unwind@58983e20	9
client-main-current	58983e2b	Unwind@58983e2b	9
client-main-current	58983e36	Unwind@58983e36	9
client-main-current	58983e60	Unwind@58983e60	8
client-main-current	58983e68	Unwind@58983e68	9
client-main-current	58983e73	Unwind@58983e73	9
client-main-current	58983e7e	Unwind@58983e7e	9
client-main-current	58983e89	Unwind@58983e89	9
client-main-current	58983e94	Unwind@58983e94	9
client-main-current	58983e9f	Unwind@58983e9f	9
client-main-current	58983eaa	Unwind@58983eaa	9
client-main-current	58983eb5	Unwind@58983eb5	9
client-main-current	58983ec0	Unwind@58983ec0	9
client-main-current	58983ecb	Unwind@58983ecb	9
client-main-current	58983ed6	Unwind@58983ed6	9
client-main-current	58983ee1	Unwind@58983ee1	9
client-main-current	58983eec	Unwind@58983eec	9
client-main-current	58983ef7	Unwind@58983ef7	9
client-main-current	58983f02	Unwind@58983f02	9
client-main-current	58983f0d	Unwind@58983f0d	9
client-main-current	58983f18	Unwind@58983f18	9
client-main-current	58983f23	Unwind@58983f23	9
client-main-current	58983f2e	Unwind@58983f2e	9
client-main-current	58983f39	Unwind@58983f39	9
client-main-current	58983f44	Unwind@58983f44	9
client-main-current	58983f4f	Unwind@58983f4f	9
client-main-current	58983f5a	Unwind@58983f5a	9
client-main-current	58983f65	Unwind@58983f65	9
client-main-current	58983f70	Unwind@58983f70	9
client-main-current	58983f7b	Unwind@58983f7b	9
client-main-current	58983f86	Unwind@58983f86	9
client-main-current	58983f91	Unwind@58983f91	9
client-main-current	58983f9c	Unwind@58983f9c	9
client-main-current	58983fa7	Unwind@58983fa7	9
client-main-current	58983fb2	Unwind@58983fb2	9
client-main-current	58983fbd	Unwind@58983fbd	9
client-main-current	58983fc8	Unwind@58983fc8	9
client-main-current	58983fd3	Unwind@58983fd3	9
client-main-current	58983fde	Unwind@58983fde	9
client-main-current	58983fe9	Unwind@58983fe9	9
client-main-current	58983ff4	Unwind@58983ff4	9
client-main-current	58983fff	Unwind@58983fff	9
client-main-current	5898400a	Unwind@5898400a	9
client-main-current	58984030	Unwind@58984030	8
client-main-current	58984038	Unwind@58984038	9
client-main-current	58984043	Unwind@58984043	9
client-main-current	5898404e	Unwind@5898404e	9
client-main-current	58984059	Unwind@58984059	9
client-main-current	58984064	Unwind@58984064	9
client-main-current	5898406f	Unwind@5898406f	9
client-main-current	5898407a	Unwind@5898407a	9
client-main-current	58984085	Unwind@58984085	9
client-main-current	58984090	Unwind@58984090	9
client-main-current	5898409b	Unwind@5898409b	9
client-main-current	589840a6	Unwind@589840a6	9
client-main-current	589840b1	Unwind@589840b1	9
client-main-current	589840bc	Unwind@589840bc	9
client-main-current	589840c7	Unwind@589840c7	9
client-main-current	589840d2	Unwind@589840d2	9
client-main-current	589840dd	Unwind@589840dd	9
client-main-current	58984110	Unwind@58984110	8
client-main-current	58984118	Unwind@58984118	9
client-main-current	58984123	Unwind@58984123	9
client-main-current	5898412e	Unwind@5898412e	9
client-main-current	58984139	Unwind@58984139	9
client-main-current	58984144	Unwind@58984144	9
client-main-current	5898414f	Unwind@5898414f	9
client-main-current	5898415a	Unwind@5898415a	9
client-main-current	58984180	Unwind@58984180	8
client-main-current	58984188	Unwind@58984188	14
client-main-current	58984196	Unwind@58984196	14
client-main-current	58984210	Unwind@58984210	8
client-main-current	58984218	Unwind@58984218	14
client-main-current	58984226	Unwind@58984226	14
client-main-current	58984234	Unwind@58984234	9
client-main-current	5898423f	Unwind@5898423f	9
client-main-current	5898424a	Unwind@5898424a	9
client-main-current	58984255	Unwind@58984255	9
client-main-current	58984260	Unwind@58984260	9
client-main-current	5898426b	Unwind@5898426b	9
client-main-current	58984276	Unwind@58984276	9
client-main-current	58984281	Unwind@58984281	9
client-main-current	5898428c	Unwind@5898428c	9
client-main-current	58984297	Unwind@58984297	9
client-main-current	589842a2	Unwind@589842a2	9
client-main-current	589842ad	Unwind@589842ad	9
client-main-current	589842b8	Unwind@589842b8	9
client-main-current	589842c3	Unwind@589842c3	9
client-main-current	589842ce	Unwind@589842ce	9
client-main-current	589842d9	Unwind@589842d9	9
client-main-current	589842e4	Unwind@589842e4	9
client-main-current	589842ef	Unwind@589842ef	9
client-main-current	589842fa	Unwind@589842fa	9
client-main-current	58984305	Unwind@58984305	9
client-main-current	58984310	Unwind@58984310	9
client-main-current	5898431b	Unwind@5898431b	9
client-main-current	58984326	Unwind@58984326	9
client-main-current	58984331	Unwind@58984331	9
client-main-current	5898433c	Unwind@5898433c	9
client-main-current	58984347	Unwind@58984347	9
client-main-current	58984352	Unwind@58984352	9
client-main-current	5898435d	Unwind@5898435d	9
client-main-current	58984368	Unwind@58984368	9
client-main-current	58984373	Unwind@58984373	9
client-main-current	5898437e	Unwind@5898437e	9
client-main-current	58984389	Unwind@58984389	9
client-main-current	58984394	Unwind@58984394	9
client-main-current	5898439f	Unwind@5898439f	9
client-main-current	589843aa	Unwind@589843aa	9
client-main-current	589843b5	Unwind@589843b5	9
client-main-current	589843c0	Unwind@589843c0	9
client-main-current	589843cb	Unwind@589843cb	9
client-main-current	589843d6	Unwind@589843d6	9
client-main-current	589843e1	Unwind@589843e1	9
client-main-current	589843ec	Unwind@589843ec	9
client-main-current	589843f7	Unwind@589843f7	9
client-main-current	58984402	Unwind@58984402	9
client-main-current	5898440d	Unwind@5898440d	9
client-main-current	58984418	Unwind@58984418	9
client-main-current	58984423	Unwind@58984423	9
client-main-current	5898442e	Unwind@5898442e	9
client-main-current	58984439	Unwind@58984439	9
client-main-current	58984444	Unwind@58984444	9
client-main-current	5898444f	Unwind@5898444f	9
client-main-current	5898445a	Unwind@5898445a	9
client-main-current	58984465	Unwind@58984465	9
client-main-current	58984470	Unwind@58984470	9
client-main-current	589844a0	Unwind@589844a0	8
client-main-current	589844a8	Unwind@589844a8	14
client-main-current	589844e0	Unwind@589844e0	8
client-main-current	589844e8	Unwind@589844e8	14
client-main-current	589844f6	Unwind@589844f6	9
client-main-current	58984501	Unwind@58984501	9
client-main-current	5898450c	Unwind@5898450c	9
client-main-current	58984517	Unwind@58984517	9
client-main-current	58984522	Unwind@58984522	9
client-main-current	5898452d	Unwind@5898452d	9
client-main-current	58984538	Unwind@58984538	9
client-main-current	58984543	Unwind@58984543	9
client-main-current	5898454e	Unwind@5898454e	9
client-main-current	58984559	Unwind@58984559	9
client-main-current	58984564	Unwind@58984564	9
client-main-current	5898456f	Unwind@5898456f	9
client-main-current	5898457a	Unwind@5898457a	9
client-main-current	58984585	Unwind@58984585	9
client-main-current	58984590	Unwind@58984590	9
client-main-current	5898459b	Unwind@5898459b	9
client-main-current	589845a6	Unwind@589845a6	9
client-main-current	589845b1	Unwind@589845b1	9
client-main-current	589845bc	Unwind@589845bc	9
client-main-current	589845c7	Unwind@589845c7	9
client-main-current	589845d2	Unwind@589845d2	9
client-main-current	589845dd	Unwind@589845dd	9
client-main-current	589845e8	Unwind@589845e8	9
client-main-current	589845f3	Unwind@589845f3	9
client-main-current	589845fe	Unwind@589845fe	9
client-main-current	58984609	Unwind@58984609	9
client-main-current	58984614	Unwind@58984614	9
client-main-current	5898461f	Unwind@5898461f	9
client-main-current	5898462a	Unwind@5898462a	9
client-main-current	58984635	Unwind@58984635	9
client-main-current	58984640	Unwind@58984640	9
client-main-current	5898464b	Unwind@5898464b	9
client-main-current	58984656	Unwind@58984656	9
client-main-current	58984661	Unwind@58984661	9
client-main-current	5898466c	Unwind@5898466c	9
client-main-current	58984677	Unwind@58984677	9
client-main-current	58984682	Unwind@58984682	9
client-main-current	5898468d	Unwind@5898468d	9
client-main-current	58984698	Unwind@58984698	9
client-main-current	589846a3	Unwind@589846a3	9
client-main-current	589846ae	Unwind@589846ae	9
client-main-current	589846b9	Unwind@589846b9	9
client-main-current	589846c4	Unwind@589846c4	9
client-main-current	589846cf	Unwind@589846cf	9
client-main-current	589846da	Unwind@589846da	9
client-main-current	589846e5	Unwind@589846e5	9
client-main-current	589846f0	Unwind@589846f0	9
client-main-current	589846fb	Unwind@589846fb	9
client-main-current	58984706	Unwind@58984706	9
client-main-current	58984711	Unwind@58984711	9
client-main-current	5898471c	Unwind@5898471c	9
client-main-current	58984727	Unwind@58984727	9
client-main-current	58984732	Unwind@58984732	9
client-main-current	5898473d	Unwind@5898473d	9
client-main-current	58984748	Unwind@58984748	9
client-main-current	58984753	Unwind@58984753	9
client-main-current	58984780	Unwind@58984780	8
client-main-current	58984788	Unwind@58984788	9
client-main-current	58984793	Unwind@58984793	9
client-main-current	5898479e	Unwind@5898479e	9
client-main-current	589847a9	Unwind@589847a9	9
client-main-current	589847b4	Unwind@589847b4	9
client-main-current	589847e0	Unwind@589847e0	8
client-main-current	589847e8	Unwind@589847e8	9
client-main-current	589847f3	Unwind@589847f3	9
client-main-current	589847fe	Unwind@589847fe	9
client-main-current	58984809	Unwind@58984809	9
client-main-current	58984814	Unwind@58984814	9
client-main-current	5898481f	Unwind@5898481f	9
client-main-current	5898482a	Unwind@5898482a	9
client-main-current	58984835	Unwind@58984835	9
client-main-current	58984840	Unwind@58984840	9
client-main-current	5898484b	Unwind@5898484b	9
client-main-current	58984856	Unwind@58984856	9
client-main-current	58984861	Unwind@58984861	9
client-main-current	5898486c	Unwind@5898486c	9
client-main-current	58984877	Unwind@58984877	9
client-main-current	58984882	Unwind@58984882	9
client-main-current	5898488d	Unwind@5898488d	9
client-main-current	58984898	Unwind@58984898	9
client-main-current	589848a3	Unwind@589848a3	9
client-main-current	589848ae	Unwind@589848ae	9
client-main-current	589848b9	Unwind@589848b9	9
client-main-current	589848c4	Unwind@589848c4	9
client-main-current	589848cf	Unwind@589848cf	9
client-main-current	589848da	Unwind@589848da	9
client-main-current	589848e5	Unwind@589848e5	9
client-main-current	589848f0	Unwind@589848f0	9
client-main-current	589848fb	Unwind@589848fb	9
client-main-current	58984906	Unwind@58984906	9
client-main-current	58984911	Unwind@58984911	9
client-main-current	5898491c	Unwind@5898491c	9
client-main-current	58984927	Unwind@58984927	9
client-main-current	58984932	Unwind@58984932	9
client-main-current	5898493d	Unwind@5898493d	9
client-main-current	58984948	Unwind@58984948	9
client-main-current	58984953	Unwind@58984953	9
client-main-current	58984980	Unwind@58984980	9
client-main-current	589849c0	Unwind@589849c0	8
client-main-current	589849c8	Unwind@589849c8	9
client-main-current	589849d3	Unwind@589849d3	9
client-main-current	589849de	Unwind@589849de	9
client-main-current	589849e9	Unwind@589849e9	9
client-main-current	589849f4	Unwind@589849f4	9
client-main-current	589849ff	Unwind@589849ff	9
client-main-current	58984a0a	Unwind@58984a0a	9
client-main-current	58984a15	Unwind@58984a15	9
client-main-current	58984a20	Unwind@58984a20	9
client-main-current	58984a2b	Unwind@58984a2b	9
client-main-current	58984a36	Unwind@58984a36	9
client-main-current	58984a41	Unwind@58984a41	9
client-main-current	58984a4c	Unwind@58984a4c	9
client-main-current	58984a57	Unwind@58984a57	9
client-main-current	58984a62	Unwind@58984a62	9
client-main-current	58984a6d	Unwind@58984a6d	9
client-main-current	58984a78	Unwind@58984a78	9
client-main-current	58984a83	Unwind@58984a83	9
client-main-current	58984a8e	Unwind@58984a8e	9
client-main-current	58984a99	Unwind@58984a99	9
client-main-current	58984aa4	Unwind@58984aa4	9
client-main-current	58984aaf	Unwind@58984aaf	9
client-main-current	58984aba	Unwind@58984aba	9
client-main-current	58984ac5	Unwind@58984ac5	9
client-main-current	58984ad0	Unwind@58984ad0	9
client-main-current	58984adb	Unwind@58984adb	9
client-main-current	58984ae6	Unwind@58984ae6	9
client-main-current	58984af1	Unwind@58984af1	9
client-main-current	58984afc	Unwind@58984afc	9
client-main-current	58984b07	Unwind@58984b07	9
client-main-current	58984b12	Unwind@58984b12	9
client-main-current	58984b1d	Unwind@58984b1d	9
client-main-current	58984b28	Unwind@58984b28	9
client-main-current	58984b33	Unwind@58984b33	9
client-main-current	58984b3e	Unwind@58984b3e	9
client-main-current	58984b49	Unwind@58984b49	9
client-main-current	58984b54	Unwind@58984b54	9
client-main-current	58984b5f	Unwind@58984b5f	9
client-main-current	58984b6a	Unwind@58984b6a	9
client-main-current	58984b75	Unwind@58984b75	9
client-main-current	58984b80	Unwind@58984b80	9
client-main-current	58984b8b	Unwind@58984b8b	9
client-main-current	58984b96	Unwind@58984b96	9
client-main-current	58984ba1	Unwind@58984ba1	9
client-main-current	58984bac	Unwind@58984bac	9
client-main-current	58984bb7	Unwind@58984bb7	9
client-main-current	58984bc2	Unwind@58984bc2	9
client-main-current	58984bcd	Unwind@58984bcd	9
client-main-current	58984bd8	Unwind@58984bd8	9
client-main-current	58984be3	Unwind@58984be3	9
client-main-current	58984bee	Unwind@58984bee	9
client-main-current	58984c20	Unwind@58984c20	8
client-main-current	58984c28	Unwind@58984c28	9
client-main-current	58984c33	Unwind@58984c33	9
client-main-current	58984c3e	Unwind@58984c3e	9
client-main-current	58984c49	Unwind@58984c49	9
client-main-current	58984c54	Unwind@58984c54	9
client-main-current	58984c5f	Unwind@58984c5f	9
client-main-current	58984c6a	Unwind@58984c6a	9
client-main-current	58984c75	Unwind@58984c75	9
client-main-current	58984c80	Unwind@58984c80	9
client-main-current	58984c8b	Unwind@58984c8b	9
client-main-current	58984c96	Unwind@58984c96	9
client-main-current	58984ca1	Unwind@58984ca1	9
client-main-current	58984cac	Unwind@58984cac	9
client-main-current	58984cb7	Unwind@58984cb7	9
client-main-current	58984ce0	Unwind@58984ce0	8
client-main-current	58984ce8	Unwind@58984ce8	11
client-main-current	58984cf3	Unwind@58984cf3	14
client-main-current	58984d20	Unwind@58984d20	8
client-main-current	58984d28	Unwind@58984d28	11
client-main-current	58984d33	Unwind@58984d33	14
client-main-current	58984d41	Unwind@58984d41	9
client-main-current	58984d4c	Unwind@58984d4c	9
client-main-current	58984d57	Unwind@58984d57	9
client-main-current	58984d62	Unwind@58984d62	9
client-main-current	58984d6d	Unwind@58984d6d	9
client-main-current	58984d78	Unwind@58984d78	9
client-main-current	58984d83	Unwind@58984d83	9
client-main-current	58984d8e	Unwind@58984d8e	9
client-main-current	58984d99	Unwind@58984d99	9
client-main-current	58984da4	Unwind@58984da4	9
client-main-current	58984daf	Unwind@58984daf	9
client-main-current	58984dba	Unwind@58984dba	9
client-main-current	58984dc5	Unwind@58984dc5	9
client-main-current	58984dd0	Unwind@58984dd0	9
client-main-current	58984ddb	Unwind@58984ddb	9
client-main-current	58984de6	Unwind@58984de6	9
client-main-current	58984df1	Unwind@58984df1	9
client-main-current	58984dfc	Unwind@58984dfc	9
client-main-current	58984e07	Unwind@58984e07	9
client-main-current	58984e30	Unwind@58984e30	9
client-main-current	58984e3b	Unwind@58984e3b	9
client-main-current	58984e70	Unwind@58984e70	8
client-main-current	58984e78	Unwind@58984e78	9
client-main-current	58984e83	Unwind@58984e83	9
client-main-current	58984e8e	Unwind@58984e8e	9
client-main-current	58984e99	Unwind@58984e99	9
client-main-current	58984ea4	Unwind@58984ea4	9
client-main-current	58984eaf	Unwind@58984eaf	9
client-main-current	58984eba	Unwind@58984eba	9
client-main-current	58984ec5	Unwind@58984ec5	9
client-main-current	58984ef0	Unwind@58984ef0	8
client-main-current	58984ef8	Unwind@58984ef8	9
client-main-current	58984f03	Unwind@58984f03	9
client-main-current	58984f0e	Unwind@58984f0e	9
client-main-current	58984f19	Unwind@58984f19	9
client-main-current	58984f24	Unwind@58984f24	9
client-main-current	58984f2f	Unwind@58984f2f	9
client-main-current	58984f3a	Unwind@58984f3a	9
client-main-current	58984f45	Unwind@58984f45	9
client-main-current	58984f50	Unwind@58984f50	9
client-main-current	58984f80	Unwind@58984f80	9
client-main-current	58984f8b	Unwind@58984f8b	9
client-main-current	58984fc0	Unwind@58984fc0	8
client-main-current	58984fc8	Unwind@58984fc8	9
client-main-current	58984fd3	Unwind@58984fd3	9
client-main-current	58984fde	Unwind@58984fde	9
client-main-current	58985010	Unwind@58985010	8
client-main-current	58985040	Unwind@58985040	8
client-main-current	58985048	Unwind@58985048	9
client-main-current	58985053	Unwind@58985053	9
client-main-current	5898505e	Unwind@5898505e	9
client-main-current	58985069	Unwind@58985069	9
client-main-current	58985074	Unwind@58985074	9
client-main-current	5898507f	Unwind@5898507f	9
client-main-current	5898508a	Unwind@5898508a	9
client-main-current	58985095	Unwind@58985095	9
client-main-current	589850a0	Unwind@589850a0	9
client-main-current	589850ab	Unwind@589850ab	9
client-main-current	589850b6	Unwind@589850b6	9
client-main-current	589850c1	Unwind@589850c1	9
client-main-current	589850cc	Unwind@589850cc	9
client-main-current	589850d7	Unwind@589850d7	9
client-main-current	589850e2	Unwind@589850e2	9
client-main-current	589850ed	Unwind@589850ed	9
client-main-current	589850f8	Unwind@589850f8	9
client-main-current	58985103	Unwind@58985103	9
client-main-current	5898510e	Unwind@5898510e	9
client-main-current	58985140	Unwind@58985140	12
client-main-current	58985180	Unwind@58985180	8
client-main-current	58985188	Unwind@58985188	9
client-main-current	58985193	Unwind@58985193	9
client-main-current	5898519e	Unwind@5898519e	9
client-main-current	589851a9	Unwind@589851a9	9
client-main-current	589851b4	Unwind@589851b4	9
client-main-current	589851bf	Unwind@589851bf	9
client-main-current	589851ca	Unwind@589851ca	9
client-main-current	589851d5	Unwind@589851d5	9
client-main-current	589851e0	Unwind@589851e0	9
client-main-current	58985210	Unwind@58985210	8
client-main-current	58985218	Unwind@58985218	9
client-main-current	58985223	Unwind@58985223	9
client-main-current	5898522e	Unwind@5898522e	9
client-main-current	58985239	Unwind@58985239	9
client-main-current	58985244	Unwind@58985244	9
client-main-current	5898524f	Unwind@5898524f	9
client-main-current	5898525a	Unwind@5898525a	9
client-main-current	58985265	Unwind@58985265	9
client-main-current	58985270	Unwind@58985270	9
client-main-current	5898527b	Unwind@5898527b	9
client-main-current	58985286	Unwind@58985286	9
client-main-current	58985291	Unwind@58985291	9
client-main-current	589852c0	Unwind@589852c0	8
client-main-current	589852f0	Unwind@589852f0	8
client-main-current	589852f8	Unwind@589852f8	9
client-main-current	58985303	Unwind@58985303	9
client-main-current	5898530e	Unwind@5898530e	9
client-main-current	58985319	Unwind@58985319	9
client-main-current	58985324	Unwind@58985324	9
client-main-current	5898532f	Unwind@5898532f	9
client-main-current	5898533a	Unwind@5898533a	9
client-main-current	58985345	Unwind@58985345	9
client-main-current	58985350	Unwind@58985350	9
client-main-current	5898535b	Unwind@5898535b	9
client-main-current	58985366	Unwind@58985366	9
client-main-current	58985371	Unwind@58985371	9
client-main-current	5898537c	Unwind@5898537c	9
client-main-current	58985387	Unwind@58985387	9
client-main-current	58985392	Unwind@58985392	9
client-main-current	5898539d	Unwind@5898539d	9
client-main-current	589853a8	Unwind@589853a8	9
client-main-current	589853b3	Unwind@589853b3	9
client-main-current	589853be	Unwind@589853be	9
client-main-current	589853c9	Unwind@589853c9	9
client-main-current	589853d4	Unwind@589853d4	9
client-main-current	589853df	Unwind@589853df	9
client-main-current	589853ea	Unwind@589853ea	9
client-main-current	589853f5	Unwind@589853f5	9
client-main-current	58985400	Unwind@58985400	9
client-main-current	5898540b	Unwind@5898540b	9
client-main-current	58985416	Unwind@58985416	9
client-main-current	58985421	Unwind@58985421	9
client-main-current	5898542c	Unwind@5898542c	9
client-main-current	58985437	Unwind@58985437	9
client-main-current	58985442	Unwind@58985442	9
client-main-current	5898544d	Unwind@5898544d	9
client-main-current	58985458	Unwind@58985458	9
client-main-current	58985463	Unwind@58985463	9
client-main-current	5898546e	Unwind@5898546e	9
client-main-current	58985479	Unwind@58985479	9
client-main-current	58985484	Unwind@58985484	9
client-main-current	589854b0	Unwind@589854b0	8
client-main-current	589854e0	Unwind@589854e0	8
client-main-current	589854e8	Unwind@589854e8	9
client-main-current	58985510	Unwind@58985510	8
client-main-current	58985518	Unwind@58985518	9
client-main-current	58985523	Unwind@58985523	9
client-main-current	5898552e	Unwind@5898552e	9
client-main-current	58985539	Unwind@58985539	9
client-main-current	58985544	Unwind@58985544	9
client-main-current	5898554f	Unwind@5898554f	9
client-main-current	5898555a	Unwind@5898555a	9
client-main-current	58985565	Unwind@58985565	9
client-main-current	58985570	Unwind@58985570	9
client-main-current	5898557b	Unwind@5898557b	9
client-main-current	58985586	Unwind@58985586	9
client-main-current	58985591	Unwind@58985591	9
client-main-current	5898559c	Unwind@5898559c	9
client-main-current	589855a7	Unwind@589855a7	9
client-main-current	589855b2	Unwind@589855b2	9
client-main-current	589855bd	Unwind@589855bd	9
client-main-current	589855c8	Unwind@589855c8	9
client-main-current	589855d3	Unwind@589855d3	9
client-main-current	589855de	Unwind@589855de	9
client-main-current	589855e9	Unwind@589855e9	9
client-main-current	589855f4	Unwind@589855f4	9
client-main-current	589855ff	Unwind@589855ff	9
client-main-current	5898560a	Unwind@5898560a	9
client-main-current	58985615	Unwind@58985615	9
client-main-current	58985620	Unwind@58985620	9
client-main-current	5898562b	Unwind@5898562b	9
client-main-current	58985636	Unwind@58985636	9
client-main-current	58985641	Unwind@58985641	9
client-main-current	58985670	Unwind@58985670	8
client-main-current	58985678	Unwind@58985678	9
client-main-current	58985683	Unwind@58985683	9
client-main-current	5898568e	Unwind@5898568e	9
client-main-current	589856c0	Unwind@589856c0	8
client-main-current	589856f0	Unwind@589856f0	8
client-main-current	589856f8	Unwind@589856f8	9
client-main-current	58985703	Unwind@58985703	9
client-main-current	5898570e	Unwind@5898570e	9
client-main-current	58985719	Unwind@58985719	9
client-main-current	58985724	Unwind@58985724	9
client-main-current	5898572f	Unwind@5898572f	9
client-main-current	5898573a	Unwind@5898573a	9
client-main-current	58985745	Unwind@58985745	9
client-main-current	58985750	Unwind@58985750	9
client-main-current	5898575b	Unwind@5898575b	9
client-main-current	58985766	Unwind@58985766	9
client-main-current	58985771	Unwind@58985771	9
client-main-current	5898577c	Unwind@5898577c	9
client-main-current	58985787	Unwind@58985787	9
client-main-current	58985792	Unwind@58985792	9
client-main-current	5898579d	Unwind@5898579d	9
client-main-current	589857a8	Unwind@589857a8	9
client-main-current	589857b3	Unwind@589857b3	9
client-main-current	589857be	Unwind@589857be	9
client-main-current	589857c9	Unwind@589857c9	9
client-main-current	589857d4	Unwind@589857d4	9
client-main-current	589857df	Unwind@589857df	9
client-main-current	589857ea	Unwind@589857ea	9
client-main-current	589857f5	Unwind@589857f5	9
client-main-current	58985800	Unwind@58985800	9
client-main-current	5898580b	Unwind@5898580b	9
client-main-current	58985816	Unwind@58985816	9
client-main-current	58985821	Unwind@58985821	9
client-main-current	5898582c	Unwind@5898582c	9
client-main-current	58985837	Unwind@58985837	9
client-main-current	58985860	Unwind@58985860	8
client-main-current	58985868	Unwind@58985868	9
client-main-current	58985873	Unwind@58985873	9
client-main-current	5898587e	Unwind@5898587e	9
client-main-current	58985889	Unwind@58985889	9
client-main-current	58985894	Unwind@58985894	9
client-main-current	5898589f	Unwind@5898589f	9
client-main-current	589858aa	Unwind@589858aa	9
client-main-current	589858b5	Unwind@589858b5	9
client-main-current	589858c0	Unwind@589858c0	9
client-main-current	589858cb	Unwind@589858cb	9
client-main-current	589858d6	Unwind@589858d6	9
client-main-current	589858e1	Unwind@589858e1	9
client-main-current	589858ec	Unwind@589858ec	9
client-main-current	589858f7	Unwind@589858f7	9
client-main-current	58985902	Unwind@58985902	9
client-main-current	5898590d	Unwind@5898590d	9
client-main-current	58985918	Unwind@58985918	9
client-main-current	58985923	Unwind@58985923	9
client-main-current	5898592e	Unwind@5898592e	9
client-main-current	58985939	Unwind@58985939	9
client-main-current	58985944	Unwind@58985944	9
client-main-current	5898594f	Unwind@5898594f	9
client-main-current	5898595a	Unwind@5898595a	9
client-main-current	58985965	Unwind@58985965	9
client-main-current	58985970	Unwind@58985970	9
client-main-current	5898597b	Unwind@5898597b	9
client-main-current	58985986	Unwind@58985986	9
client-main-current	58985991	Unwind@58985991	9
client-main-current	5898599c	Unwind@5898599c	9
client-main-current	589859a7	Unwind@589859a7	9
client-main-current	589859b2	Unwind@589859b2	9
client-main-current	589859bd	Unwind@589859bd	9
client-main-current	589859c8	Unwind@589859c8	9
client-main-current	589859d3	Unwind@589859d3	9
client-main-current	589859de	Unwind@589859de	9
client-main-current	58985a10	Unwind@58985a10	8
client-main-current	58985a40	Unwind@58985a40	8
client-main-current	58985a48	Unwind@58985a48	9
client-main-current	58985a53	Unwind@58985a53	9
client-main-current	58985a5e	Unwind@58985a5e	9
client-main-current	58985a90	Unwind@58985a90	8
client-main-current	58985a98	Unwind@58985a98	9
client-main-current	58985aa3	Unwind@58985aa3	9
client-main-current	58985aae	Unwind@58985aae	9
client-main-current	58985ab9	Unwind@58985ab9	9
client-main-current	58985ac4	Unwind@58985ac4	9
client-main-current	58985acf	Unwind@58985acf	9
client-main-current	58985ada	Unwind@58985ada	9
client-main-current	58985ae5	Unwind@58985ae5	9
client-main-current	58985af0	Unwind@58985af0	9
client-main-current	58985afb	Unwind@58985afb	9
client-main-current	58985b06	Unwind@58985b06	9
client-main-current	58985b11	Unwind@58985b11	9
client-main-current	58985b1c	Unwind@58985b1c	9
client-main-current	58985b27	Unwind@58985b27	9
client-main-current	58985b32	Unwind@58985b32	9
client-main-current	58985b3d	Unwind@58985b3d	9
client-main-current	58985b48	Unwind@58985b48	9
client-main-current	58985b53	Unwind@58985b53	9
client-main-current	58985b5e	Unwind@58985b5e	9
client-main-current	58985b69	Unwind@58985b69	9
client-main-current	58985b74	Unwind@58985b74	9
client-main-current	58985b7f	Unwind@58985b7f	9
client-main-current	58985b8a	Unwind@58985b8a	9
client-main-current	58985b95	Unwind@58985b95	9
client-main-current	58985ba0	Unwind@58985ba0	9
client-main-current	58985bab	Unwind@58985bab	9
client-main-current	58985bb6	Unwind@58985bb6	9
client-main-current	58985bc1	Unwind@58985bc1	9
client-main-current	58985bf0	Unwind@58985bf0	8
client-main-current	58985bf8	Unwind@58985bf8	9
client-main-current	58985c03	Unwind@58985c03	9
client-main-current	58985c0e	Unwind@58985c0e	9
client-main-current	58985c19	Unwind@58985c19	9
client-main-current	58985c24	Unwind@58985c24	9
client-main-current	58985c2f	Unwind@58985c2f	9
client-main-current	58985c3a	Unwind@58985c3a	9
client-main-current	58985c45	Unwind@58985c45	9
client-main-current	58985c50	Unwind@58985c50	9
client-main-current	58985c5b	Unwind@58985c5b	9
client-main-current	58985c66	Unwind@58985c66	9
client-main-current	58985c71	Unwind@58985c71	9
client-main-current	58985c7c	Unwind@58985c7c	9
client-main-current	58985c87	Unwind@58985c87	9
client-main-current	58985c92	Unwind@58985c92	9
client-main-current	58985c9d	Unwind@58985c9d	9
client-main-current	58985ca8	Unwind@58985ca8	9
client-main-current	58985cb3	Unwind@58985cb3	9
client-main-current	58985cbe	Unwind@58985cbe	9
client-main-current	58985cc9	Unwind@58985cc9	9
client-main-current	58985cd4	Unwind@58985cd4	9
client-main-current	58985cdf	Unwind@58985cdf	9
client-main-current	58985cea	Unwind@58985cea	9
client-main-current	58985cf5	Unwind@58985cf5	9
client-main-current	58985d00	Unwind@58985d00	9
client-main-current	58985d0b	Unwind@58985d0b	9
client-main-current	58985d16	Unwind@58985d16	9
client-main-current	58985d21	Unwind@58985d21	9
client-main-current	58985d2c	Unwind@58985d2c	9
client-main-current	58985d37	Unwind@58985d37	9
client-main-current	58985d42	Unwind@58985d42	9
client-main-current	58985d4d	Unwind@58985d4d	9
client-main-current	58985d58	Unwind@58985d58	9
client-main-current	58985d63	Unwind@58985d63	9
client-main-current	58985d6e	Unwind@58985d6e	9
client-main-current	58985da0	Unwind@58985da0	8
client-main-current	58985da8	Unwind@58985da8	9
client-main-current	58985db3	Unwind@58985db3	9
client-main-current	58985dbe	Unwind@58985dbe	9
client-main-current	58985dc9	Unwind@58985dc9	9
client-main-current	58985dd4	Unwind@58985dd4	9
client-main-current	58985ddf	Unwind@58985ddf	9
client-main-current	58985dea	Unwind@58985dea	9
client-main-current	58985df5	Unwind@58985df5	9
client-main-current	58985e00	Unwind@58985e00	9
client-main-current	58985e0b	Unwind@58985e0b	9
client-main-current	58985e16	Unwind@58985e16	9
client-main-current	58985e40	Unwind@58985e40	8
client-main-current	58985e70	Unwind@58985e70	9
client-main-current	58985ea0	Unwind@58985ea0	8
client-main-current	58985ea8	Unwind@58985ea8	9
client-main-current	58985eb3	Unwind@58985eb3	9
client-main-current	58985ebe	Unwind@58985ebe	9
client-main-current	58985ec9	Unwind@58985ec9	9
client-main-current	58985ed4	Unwind@58985ed4	9
client-main-current	58985edf	Unwind@58985edf	9
client-main-current	58985eea	Unwind@58985eea	9
client-main-current	58985ef5	Unwind@58985ef5	9
client-main-current	58985f00	Unwind@58985f00	9
client-main-current	58985f0b	Unwind@58985f0b	9
client-main-current	58985f16	Unwind@58985f16	9
client-main-current	58985f21	Unwind@58985f21	9
client-main-current	58985f2c	Unwind@58985f2c	9
client-main-current	58985f37	Unwind@58985f37	9
client-main-current	58985f42	Unwind@58985f42	9
client-main-current	58985f4d	Unwind@58985f4d	9
client-main-current	58985f58	Unwind@58985f58	9
client-main-current	58985f63	Unwind@58985f63	9
client-main-current	58985f6e	Unwind@58985f6e	9
client-main-current	58985f79	Unwind@58985f79	9
client-main-current	58985f84	Unwind@58985f84	9
client-main-current	58985f8f	Unwind@58985f8f	9
client-main-current	58985f9a	Unwind@58985f9a	9
client-main-current	58985fa5	Unwind@58985fa5	9
client-main-current	58985fb0	Unwind@58985fb0	9
client-main-current	58985fbb	Unwind@58985fbb	9
client-main-current	58985fc6	Unwind@58985fc6	9
client-main-current	58985fd1	Unwind@58985fd1	9
client-main-current	58985fdc	Unwind@58985fdc	9
client-main-current	58985fe7	Unwind@58985fe7	9
client-main-current	58985ff2	Unwind@58985ff2	9
client-main-current	58985ffd	Unwind@58985ffd	9
client-main-current	58986008	Unwind@58986008	9
client-main-current	58986013	Unwind@58986013	9
client-main-current	5898601e	Unwind@5898601e	9
client-main-current	58986029	Unwind@58986029	9
client-main-current	58986034	Unwind@58986034	9
client-main-current	5898603f	Unwind@5898603f	9
client-main-current	5898604a	Unwind@5898604a	9
client-main-current	58986055	Unwind@58986055	9
client-main-current	58986060	Unwind@58986060	9
client-main-current	5898606b	Unwind@5898606b	9
client-main-current	58986076	Unwind@58986076	9
client-main-current	58986081	Unwind@58986081	9
client-main-current	5898608c	Unwind@5898608c	9
client-main-current	58986097	Unwind@58986097	9
client-main-current	589860a2	Unwind@589860a2	9
client-main-current	589860ad	Unwind@589860ad	9
client-main-current	589860b8	Unwind@589860b8	9
client-main-current	589860c3	Unwind@589860c3	9
client-main-current	589860ce	Unwind@589860ce	9
client-main-current	589860d9	Unwind@589860d9	9
client-main-current	589860e4	Unwind@589860e4	9
client-main-current	589860ef	Unwind@589860ef	9
client-main-current	589860fa	Unwind@589860fa	9
client-main-current	58986120	Unwind@58986120	8
client-main-current	58986128	Unwind@58986128	9
client-main-current	58986133	Unwind@58986133	9
client-main-current	5898613e	Unwind@5898613e	9
client-main-current	58986149	Unwind@58986149	9
client-main-current	58986154	Unwind@58986154	9
client-main-current	5898615f	Unwind@5898615f	9
client-main-current	5898616a	Unwind@5898616a	9
client-main-current	58986175	Unwind@58986175	9
client-main-current	58986180	Unwind@58986180	9
client-main-current	5898618b	Unwind@5898618b	9
client-main-current	58986196	Unwind@58986196	9
client-main-current	589861a1	Unwind@589861a1	9
client-main-current	589861ac	Unwind@589861ac	9
client-main-current	589861b7	Unwind@589861b7	9
client-main-current	589861c2	Unwind@589861c2	9
client-main-current	589861cd	Unwind@589861cd	9
client-main-current	589861d8	Unwind@589861d8	9
client-main-current	58986200	Unwind@58986200	8
client-main-current	58986208	Unwind@58986208	9
client-main-current	58986213	Unwind@58986213	9
client-main-current	5898621e	Unwind@5898621e	9
client-main-current	58986229	Unwind@58986229	9
client-main-current	58986234	Unwind@58986234	9
client-main-current	5898623f	Unwind@5898623f	9
client-main-current	5898624a	Unwind@5898624a	9
client-main-current	58986255	Unwind@58986255	9
client-main-current	58986260	Unwind@58986260	9
client-main-current	5898626b	Unwind@5898626b	9
client-main-current	58986276	Unwind@58986276	9
client-main-current	58986281	Unwind@58986281	9
client-main-current	5898628c	Unwind@5898628c	9
client-main-current	58986297	Unwind@58986297	9
client-main-current	589862a2	Unwind@589862a2	9
client-main-current	589862ad	Unwind@589862ad	9
client-main-current	589862b8	Unwind@589862b8	9
client-main-current	589862c3	Unwind@589862c3	9
client-main-current	589862ce	Unwind@589862ce	9
client-main-current	589862d9	Unwind@589862d9	9
client-main-current	589862e4	Unwind@589862e4	9
client-main-current	589862ef	Unwind@589862ef	9
client-main-current	589862fa	Unwind@589862fa	9
client-main-current	58986305	Unwind@58986305	9
client-main-current	58986310	Unwind@58986310	9
client-main-current	5898631b	Unwind@5898631b	9
client-main-current	58986326	Unwind@58986326	9
client-main-current	58986331	Unwind@58986331	9
client-main-current	5898633c	Unwind@5898633c	9
client-main-current	58986347	Unwind@58986347	9
client-main-current	58986370	Unwind@58986370	8
client-main-current	589863a0	Unwind@589863a0	8
client-main-current	589863d0	Unwind@589863d0	8
client-main-current	589863d8	Unwind@589863d8	9
client-main-current	589863e3	Unwind@589863e3	9
client-main-current	589863ee	Unwind@589863ee	9
client-main-current	589863f9	Unwind@589863f9	9
client-main-current	58986404	Unwind@58986404	9
client-main-current	58986430	Unwind@58986430	8
client-main-current	58986438	Unwind@58986438	9
client-main-current	58986443	Unwind@58986443	9
client-main-current	5898644e	Unwind@5898644e	9
client-main-current	58986459	Unwind@58986459	9
client-main-current	58986464	Unwind@58986464	9
client-main-current	58986490	Unwind@58986490	8
client-main-current	589864c0	Unwind@589864c0	8
client-main-current	589864c8	Unwind@589864c8	9
client-main-current	589864d3	Unwind@589864d3	9
client-main-current	589864de	Unwind@589864de	9
client-main-current	589864e9	Unwind@589864e9	9
client-main-current	589864f4	Unwind@589864f4	9
client-main-current	589864ff	Unwind@589864ff	9
client-main-current	5898650a	Unwind@5898650a	9
client-main-current	58986515	Unwind@58986515	9
client-main-current	58986520	Unwind@58986520	9
client-main-current	5898652b	Unwind@5898652b	9
client-main-current	58986536	Unwind@58986536	9
client-main-current	58986541	Unwind@58986541	9
client-main-current	5898654c	Unwind@5898654c	9
client-main-current	58986557	Unwind@58986557	9
client-main-current	58986580	Unwind@58986580	8
client-main-current	58986588	Unwind@58986588	9
client-main-current	58986593	Unwind@58986593	9
client-main-current	5898659e	Unwind@5898659e	9
client-main-current	589865a9	Unwind@589865a9	9
client-main-current	589865b4	Unwind@589865b4	9
client-main-current	589865bf	Unwind@589865bf	9
client-main-current	589865ca	Unwind@589865ca	9
client-main-current	589865d5	Unwind@589865d5	9
client-main-current	589865e0	Unwind@589865e0	9
client-main-current	58986610	Unwind@58986610	8
client-main-current	58986618	Unwind@58986618	9
client-main-current	58986623	Unwind@58986623	9
client-main-current	5898662e	Unwind@5898662e	9
client-main-current	58986639	Unwind@58986639	9
client-main-current	58986644	Unwind@58986644	9
client-main-current	5898664f	Unwind@5898664f	9
client-main-current	5898665a	Unwind@5898665a	9
client-main-current	58986665	Unwind@58986665	9
client-main-current	58986670	Unwind@58986670	9
client-main-current	589866a0	Unwind@589866a0	8
client-main-current	589866a8	Unwind@589866a8	9
client-main-current	589866b3	Unwind@589866b3	9
client-main-current	589866be	Unwind@589866be	9
client-main-current	589866c9	Unwind@589866c9	9
client-main-current	589866d4	Unwind@589866d4	9
client-main-current	589866df	Unwind@589866df	9
client-main-current	589866ea	Unwind@589866ea	9
client-main-current	589866f5	Unwind@589866f5	9
client-main-current	58986700	Unwind@58986700	9
client-main-current	5898670b	Unwind@5898670b	9
client-main-current	58986716	Unwind@58986716	9
client-main-current	58986740	Unwind@58986740	8
client-main-current	58986770	Unwind@58986770	8
client-main-current	58986778	Unwind@58986778	9
client-main-current	58986783	Unwind@58986783	9
client-main-current	5898678e	Unwind@5898678e	9
client-main-current	589867c0	Unwind@589867c0	8
client-main-current	589867c8	Unwind@589867c8	14
client-main-current	589867d6	Unwind@589867d6	14
client-main-current	58986850	Unwind@58986850	8
client-main-current	58986858	Unwind@58986858	14
client-main-current	58986866	Unwind@58986866	14
client-main-current	58986874	Unwind@58986874	9
client-main-current	5898687f	Unwind@5898687f	9
client-main-current	5898688a	Unwind@5898688a	9
client-main-current	58986895	Unwind@58986895	9
client-main-current	589868a0	Unwind@589868a0	9
client-main-current	589868ab	Unwind@589868ab	9
client-main-current	589868b6	Unwind@589868b6	9
client-main-current	589868c1	Unwind@589868c1	9
client-main-current	589868cc	Unwind@589868cc	9
client-main-current	589868d7	Unwind@589868d7	9
client-main-current	589868e2	Unwind@589868e2	9
client-main-current	589868ed	Unwind@589868ed	9
client-main-current	589868f8	Unwind@589868f8	9
client-main-current	58986903	Unwind@58986903	9
client-main-current	5898690e	Unwind@5898690e	9
client-main-current	58986919	Unwind@58986919	9
client-main-current	58986924	Unwind@58986924	9
client-main-current	5898692f	Unwind@5898692f	9
client-main-current	5898693a	Unwind@5898693a	9
client-main-current	58986945	Unwind@58986945	9
client-main-current	58986950	Unwind@58986950	9
client-main-current	5898695b	Unwind@5898695b	9
client-main-current	58986966	Unwind@58986966	9
client-main-current	58986971	Unwind@58986971	9
client-main-current	5898697c	Unwind@5898697c	9
client-main-current	58986987	Unwind@58986987	9
client-main-current	58986992	Unwind@58986992	9
client-main-current	5898699d	Unwind@5898699d	9
client-main-current	589869a8	Unwind@589869a8	9
client-main-current	589869b3	Unwind@589869b3	9
client-main-current	589869be	Unwind@589869be	9
client-main-current	589869c9	Unwind@589869c9	9
client-main-current	589869d4	Unwind@589869d4	9
client-main-current	589869df	Unwind@589869df	9
client-main-current	589869ea	Unwind@589869ea	9
client-main-current	589869f5	Unwind@589869f5	9
client-main-current	58986a00	Unwind@58986a00	9
client-main-current	58986a0b	Unwind@58986a0b	9
client-main-current	58986a16	Unwind@58986a16	9
client-main-current	58986a21	Unwind@58986a21	9
client-main-current	58986a2c	Unwind@58986a2c	9
client-main-current	58986a37	Unwind@58986a37	9
client-main-current	58986a42	Unwind@58986a42	9
client-main-current	58986a4d	Unwind@58986a4d	9
client-main-current	58986a58	Unwind@58986a58	9
client-main-current	58986a63	Unwind@58986a63	9
client-main-current	58986a6e	Unwind@58986a6e	9
client-main-current	58986a79	Unwind@58986a79	9
client-main-current	58986a84	Unwind@58986a84	9
client-main-current	58986a8f	Unwind@58986a8f	9
client-main-current	58986a9a	Unwind@58986a9a	9
client-main-current	58986aa5	Unwind@58986aa5	9
client-main-current	58986ab0	Unwind@58986ab0	9
client-main-current	58986abb	Unwind@58986abb	9
client-main-current	58986ac6	Unwind@58986ac6	9
client-main-current	58986ad1	Unwind@58986ad1	9
client-main-current	58986adc	Unwind@58986adc	9
client-main-current	58986ae7	Unwind@58986ae7	9
client-main-current	58986b10	Unwind@58986b10	8
client-main-current	58986b60	Unwind@58986b60	8
client-main-current	58986b90	Unwind@58986b90	8
client-main-current	58986b98	Unwind@58986b98	9
client-main-current	58986ba3	Unwind@58986ba3	9
client-main-current	58986bae	Unwind@58986bae	9
client-main-current	58986bb9	Unwind@58986bb9	9
client-main-current	58986bc4	Unwind@58986bc4	9
client-main-current	58986bcf	Unwind@58986bcf	9
client-main-current	58986bda	Unwind@58986bda	9
client-main-current	58986be5	Unwind@58986be5	9
client-main-current	58986bf0	Unwind@58986bf0	9
client-main-current	58986bfb	Unwind@58986bfb	9
client-main-current	58986c06	Unwind@58986c06	9
client-main-current	58986c11	Unwind@58986c11	9
client-main-current	58986c1c	Unwind@58986c1c	9
client-main-current	58986c27	Unwind@58986c27	9
client-main-current	58986c32	Unwind@58986c32	9
client-main-current	58986c3d	Unwind@58986c3d	9
client-main-current	58986c70	Unwind@58986c70	8
client-main-current	58986c78	Unwind@58986c78	12
client-main-current	58986c86	Unwind@58986c86	12
client-main-current	58986c94	Unwind@58986c94	12
client-main-current	58986ca2	Unwind@58986ca2	12
client-main-current	58986cb0	Unwind@58986cb0	12
client-main-current	58986cbe	Unwind@58986cbe	12
client-main-current	58986ccc	Unwind@58986ccc	12
client-main-current	58986cda	Unwind@58986cda	12
client-main-current	58986ce8	Unwind@58986ce8	12
client-main-current	58986cf6	Unwind@58986cf6	12
client-main-current	58986d04	Unwind@58986d04	12
client-main-current	58986d12	Unwind@58986d12	12
client-main-current	58986d20	Unwind@58986d20	12
client-main-current	58986d2e	Unwind@58986d2e	12
client-main-current	58986d3c	Unwind@58986d3c	12
client-main-current	58986d4a	Unwind@58986d4a	12
client-main-current	58986d58	Unwind@58986d58	12
client-main-current	58986d66	Unwind@58986d66	12
client-main-current	58986d74	Unwind@58986d74	12
client-main-current	58986d82	Unwind@58986d82	12
client-main-current	58986d90	Unwind@58986d90	12
client-main-current	58986d9e	Unwind@58986d9e	12
client-main-current	58986dac	Unwind@58986dac	12
client-main-current	58986dba	Unwind@58986dba	12
client-main-current	58986dc8	Unwind@58986dc8	12
client-main-current	58986dd6	Unwind@58986dd6	12
client-main-current	58986de4	Unwind@58986de4	12
client-main-current	58986e20	Unwind@58986e20	8
client-main-current	58986e28	Unwind@58986e28	9
client-main-current	58986e33	Unwind@58986e33	9
client-main-current	58986e3e	Unwind@58986e3e	9
client-main-current	58986e49	Unwind@58986e49	9
client-main-current	58986e54	Unwind@58986e54	9
client-main-current	58986e5f	Unwind@58986e5f	9
client-main-current	58986e6a	Unwind@58986e6a	9
client-main-current	58986e75	Unwind@58986e75	9
client-main-current	58986e80	Unwind@58986e80	9
client-main-current	58986e8b	Unwind@58986e8b	9
client-main-current	58986ec0	Unwind@58986ec0	8
client-main-current	58986ec8	Unwind@58986ec8	9
client-main-current	58986ed3	Unwind@58986ed3	9
client-main-current	58986ede	Unwind@58986ede	9
client-main-current	58986ee9	Unwind@58986ee9	9
client-main-current	58986f10	Unwind@58986f10	8
client-main-current	58986f18	Unwind@58986f18	9
client-main-current	58986f23	Unwind@58986f23	9
client-main-current	58986f2e	Unwind@58986f2e	9
client-main-current	58986f39	Unwind@58986f39	9
client-main-current	58986f44	Unwind@58986f44	9
client-main-current	58986f4f	Unwind@58986f4f	9
client-main-current	58986f5a	Unwind@58986f5a	9
client-main-current	58986f65	Unwind@58986f65	9
client-main-current	58986f70	Unwind@58986f70	9
client-main-current	58986f7b	Unwind@58986f7b	9
client-main-current	58986f86	Unwind@58986f86	9
client-main-current	58986f91	Unwind@58986f91	9
client-main-current	58986f9c	Unwind@58986f9c	9
client-main-current	58986fa7	Unwind@58986fa7	9
client-main-current	58986fb2	Unwind@58986fb2	9
client-main-current	58986fbd	Unwind@58986fbd	9
client-main-current	58986fc8	Unwind@58986fc8	9
client-main-current	58986fd3	Unwind@58986fd3	9
client-main-current	58986fde	Unwind@58986fde	9
client-main-current	58986fe9	Unwind@58986fe9	9
client-main-current	58986ff4	Unwind@58986ff4	9
client-main-current	58986fff	Unwind@58986fff	9
client-main-current	5898700a	Unwind@5898700a	9
client-main-current	58987015	Unwind@58987015	9
client-main-current	58987020	Unwind@58987020	9
client-main-current	5898702b	Unwind@5898702b	9
client-main-current	58987036	Unwind@58987036	9
client-main-current	58987041	Unwind@58987041	9
client-main-current	5898704c	Unwind@5898704c	9
client-main-current	58987057	Unwind@58987057	9
client-main-current	58987062	Unwind@58987062	9
client-main-current	5898706d	Unwind@5898706d	9
client-main-current	58987078	Unwind@58987078	9
client-main-current	58987083	Unwind@58987083	9
client-main-current	5898708e	Unwind@5898708e	9
client-main-current	58987099	Unwind@58987099	9
client-main-current	589870a4	Unwind@589870a4	9
client-main-current	589870af	Unwind@589870af	9
client-main-current	589870ba	Unwind@589870ba	9
client-main-current	589870c5	Unwind@589870c5	9
client-main-current	589870f0	Unwind@589870f0	8
client-main-current	58987120	Unwind@58987120	8
client-main-current	58987128	Unwind@58987128	9
client-main-current	58987133	Unwind@58987133	9
client-main-current	5898713e	Unwind@5898713e	9
client-main-current	58987149	Unwind@58987149	9
client-main-current	58987154	Unwind@58987154	9
client-main-current	58987180	Unwind@58987180	8
client-main-current	58987188	Unwind@58987188	9
client-main-current	58987193	Unwind@58987193	9
client-main-current	5898719e	Unwind@5898719e	9
client-main-current	589871a9	Unwind@589871a9	9
client-main-current	589871b4	Unwind@589871b4	9
client-main-current	589871bf	Unwind@589871bf	9
client-main-current	589871ca	Unwind@589871ca	9
client-main-current	589871d5	Unwind@589871d5	9
client-main-current	589871e0	Unwind@589871e0	9
client-main-current	589871eb	Unwind@589871eb	9
client-main-current	58987220	Unwind@58987220	8
client-main-current	58987228	Unwind@58987228	9
client-main-current	58987233	Unwind@58987233	9
client-main-current	5898723e	Unwind@5898723e	9
client-main-current	58987249	Unwind@58987249	9
client-main-current	58987270	Unwind@58987270	8
client-main-current	58987278	Unwind@58987278	9
client-main-current	58987283	Unwind@58987283	9
client-main-current	5898728e	Unwind@5898728e	9
client-main-current	58987299	Unwind@58987299	9
client-main-current	589872a4	Unwind@589872a4	9
client-main-current	589872af	Unwind@589872af	9
client-main-current	589872ba	Unwind@589872ba	9
client-main-current	589872c5	Unwind@589872c5	9
client-main-current	589872d0	Unwind@589872d0	9
client-main-current	589872db	Unwind@589872db	9
client-main-current	58987310	Unwind@58987310	17
client-main-current	58987340	Unwind@58987340	8
client-main-current	58987390	Unwind@58987390	17
client-main-current	589873c0	Unwind@589873c0	17
client-main-current	589873f0	Unwind@589873f0	8
client-main-current	589873f8	Unwind@589873f8	8
client-main-current	58987400	Unwind@58987400	8
client-main-current	58987450	Unwind@58987450	8
client-main-current	58987458	Unwind@58987458	8
client-main-current	58987480	Unwind@58987480	8
client-main-current	58987488	Unwind@58987488	14
client-main-current	589874c0	Unwind@589874c0	8
client-main-current	589874c8	Unwind@589874c8	14
client-main-current	589874d6	Unwind@589874d6	9
client-main-current	589874e1	Unwind@589874e1	9
client-main-current	589874ec	Unwind@589874ec	9
client-main-current	589874f7	Unwind@589874f7	9
client-main-current	58987502	Unwind@58987502	9
client-main-current	5898750d	Unwind@5898750d	9
client-main-current	58987518	Unwind@58987518	9
client-main-current	58987523	Unwind@58987523	9
client-main-current	5898752e	Unwind@5898752e	9
client-main-current	58987539	Unwind@58987539	9
client-main-current	58987544	Unwind@58987544	9
client-main-current	5898754f	Unwind@5898754f	8
client-main-current	58987557	Unwind@58987557	8
client-main-current	58987590	Unwind@58987590	8
client-main-current	589875c0	Unwind@589875c0	8
client-main-current	589875c8	Unwind@589875c8	9
client-main-current	589875d3	Unwind@589875d3	9
client-main-current	589875de	Unwind@589875de	9
client-main-current	589875e9	Unwind@589875e9	9
client-main-current	589875f4	Unwind@589875f4	9
client-main-current	589875ff	Unwind@589875ff	9
client-main-current	5898760a	Unwind@5898760a	9
client-main-current	58987615	Unwind@58987615	9
client-main-current	58987620	Unwind@58987620	9
client-main-current	5898762b	Unwind@5898762b	9
client-main-current	58987636	Unwind@58987636	9
client-main-current	58987660	Unwind@58987660	8
client-main-current	58987668	Unwind@58987668	9
client-main-current	58987673	Unwind@58987673	9
client-main-current	5898767e	Unwind@5898767e	9
client-main-current	58987689	Unwind@58987689	9
client-main-current	58987694	Unwind@58987694	9
client-main-current	5898769f	Unwind@5898769f	9
client-main-current	589876aa	Unwind@589876aa	9
client-main-current	589876b5	Unwind@589876b5	9
client-main-current	589876c0	Unwind@589876c0	9
client-main-current	589876f0	Unwind@589876f0	8
client-main-current	589876f8	Unwind@589876f8	9
client-main-current	58987703	Unwind@58987703	9
client-main-current	5898770e	Unwind@5898770e	9
client-main-current	58987719	Unwind@58987719	9
client-main-current	58987724	Unwind@58987724	9
client-main-current	5898772f	Unwind@5898772f	9
client-main-current	5898773a	Unwind@5898773a	9
client-main-current	58987745	Unwind@58987745	9
client-main-current	58987750	Unwind@58987750	9
client-main-current	5898775b	Unwind@5898775b	9
client-main-current	58987766	Unwind@58987766	9
client-main-current	58987771	Unwind@58987771	9
client-main-current	5898777c	Unwind@5898777c	9
client-main-current	58987787	Unwind@58987787	9
client-main-current	58987792	Unwind@58987792	9
client-main-current	5898779d	Unwind@5898779d	9
client-main-current	589877a8	Unwind@589877a8	9
client-main-current	589877b3	Unwind@589877b3	9
client-main-current	589877be	Unwind@589877be	9
client-main-current	589877c9	Unwind@589877c9	9
client-main-current	589877d4	Unwind@589877d4	9
client-main-current	589877df	Unwind@589877df	9
client-main-current	589877ea	Unwind@589877ea	9
client-main-current	589877f5	Unwind@589877f5	9
client-main-current	58987800	Unwind@58987800	9
client-main-current	5898780b	Unwind@5898780b	9
client-main-current	58987816	Unwind@58987816	9
client-main-current	58987821	Unwind@58987821	9
client-main-current	5898782c	Unwind@5898782c	9
client-main-current	58987837	Unwind@58987837	9
client-main-current	58987842	Unwind@58987842	9
client-main-current	5898784d	Unwind@5898784d	9
client-main-current	58987858	Unwind@58987858	9
client-main-current	58987863	Unwind@58987863	9
client-main-current	5898786e	Unwind@5898786e	9
client-main-current	58987879	Unwind@58987879	9
client-main-current	58987884	Unwind@58987884	9
client-main-current	5898788f	Unwind@5898788f	9
client-main-current	5898789a	Unwind@5898789a	9
client-main-current	589878a5	Unwind@589878a5	9
client-main-current	589878b0	Unwind@589878b0	9
client-main-current	589878bb	Unwind@589878bb	9
client-main-current	589878c6	Unwind@589878c6	9
client-main-current	589878d1	Unwind@589878d1	9
client-main-current	589878dc	Unwind@589878dc	9
client-main-current	589878e7	Unwind@589878e7	9
client-main-current	589878f2	Unwind@589878f2	9
client-main-current	589878fd	Unwind@589878fd	9
client-main-current	58987908	Unwind@58987908	9
client-main-current	58987913	Unwind@58987913	9
client-main-current	5898791e	Unwind@5898791e	9
client-main-current	58987929	Unwind@58987929	9
client-main-current	58987934	Unwind@58987934	9
client-main-current	5898793f	Unwind@5898793f	9
client-main-current	5898794a	Unwind@5898794a	9
client-main-current	58987955	Unwind@58987955	9
client-main-current	58987960	Unwind@58987960	9
client-main-current	5898796b	Unwind@5898796b	9
client-main-current	58987976	Unwind@58987976	9
client-main-current	58987981	Unwind@58987981	9
client-main-current	589879b0	Unwind@589879b0	8
client-main-current	589879b8	Unwind@589879b8	9
client-main-current	589879c3	Unwind@589879c3	9
client-main-current	589879ce	Unwind@589879ce	9
client-main-current	589879d9	Unwind@589879d9	9
client-main-current	589879e4	Unwind@589879e4	9
client-main-current	58987a10	Unwind@58987a10	8
client-main-current	58987a18	Unwind@58987a18	9
client-main-current	58987a23	Unwind@58987a23	9
client-main-current	58987a2e	Unwind@58987a2e	9
client-main-current	58987a39	Unwind@58987a39	9
client-main-current	58987a44	Unwind@58987a44	9
client-main-current	58987a4f	Unwind@58987a4f	9
client-main-current	58987a5a	Unwind@58987a5a	9
client-main-current	58987a65	Unwind@58987a65	9
client-main-current	58987a70	Unwind@58987a70	9
client-main-current	58987a7b	Unwind@58987a7b	9
client-main-current	58987a86	Unwind@58987a86	9
client-main-current	58987a91	Unwind@58987a91	9
client-main-current	58987a9c	Unwind@58987a9c	9
client-main-current	58987aa7	Unwind@58987aa7	9
client-main-current	58987ab2	Unwind@58987ab2	9
client-main-current	58987ae0	Unwind@58987ae0	8
client-main-current	58987b10	Unwind@58987b10	8
client-main-current	58987b18	Unwind@58987b18	9
client-main-current	58987b23	Unwind@58987b23	9
client-main-current	58987b2e	Unwind@58987b2e	9
client-main-current	58987b39	Unwind@58987b39	9
client-main-current	58987b44	Unwind@58987b44	9
client-main-current	58987b4f	Unwind@58987b4f	9
client-main-current	58987b5a	Unwind@58987b5a	9
client-main-current	58987b65	Unwind@58987b65	9
client-main-current	58987b70	Unwind@58987b70	9
client-main-current	58987b7b	Unwind@58987b7b	9
client-main-current	58987b86	Unwind@58987b86	9
client-main-current	58987b91	Unwind@58987b91	9
client-main-current	58987b9c	Unwind@58987b9c	9
client-main-current	58987ba7	Unwind@58987ba7	9
client-main-current	58987bb2	Unwind@58987bb2	9
client-main-current	58987bbd	Unwind@58987bbd	9
client-main-current	58987bc8	Unwind@58987bc8	9
client-main-current	58987bd3	Unwind@58987bd3	9
client-main-current	58987bde	Unwind@58987bde	9
client-main-current	58987be9	Unwind@58987be9	9
client-main-current	58987bf4	Unwind@58987bf4	9
client-main-current	58987bff	Unwind@58987bff	9
client-main-current	58987c0a	Unwind@58987c0a	9
client-main-current	58987c15	Unwind@58987c15	9
client-main-current	58987c20	Unwind@58987c20	9
client-main-current	58987c2b	Unwind@58987c2b	9
client-main-current	58987c36	Unwind@58987c36	9
client-main-current	58987c41	Unwind@58987c41	9
client-main-current	58987c4c	Unwind@58987c4c	9
client-main-current	58987c57	Unwind@58987c57	9
client-main-current	58987c62	Unwind@58987c62	9
client-main-current	58987c6d	Unwind@58987c6d	9
client-main-current	58987c78	Unwind@58987c78	9
client-main-current	58987c83	Unwind@58987c83	9
client-main-current	58987c8e	Unwind@58987c8e	9
client-main-current	58987c99	Unwind@58987c99	9
client-main-current	58987cc0	Unwind@58987cc0	8
client-main-current	58987cc8	Unwind@58987cc8	9
client-main-current	58987cd3	Unwind@58987cd3	9
client-main-current	58987cde	Unwind@58987cde	9
client-main-current	58987ce9	Unwind@58987ce9	9
client-main-current	58987cf4	Unwind@58987cf4	9
client-main-current	58987cff	Unwind@58987cff	9
client-main-current	58987d0a	Unwind@58987d0a	9
client-main-current	58987d15	Unwind@58987d15	9
client-main-current	58987d40	Unwind@58987d40	8
client-main-current	58987d48	Unwind@58987d48	9
client-main-current	58987d53	Unwind@58987d53	9
client-main-current	58987d5e	Unwind@58987d5e	9
client-main-current	58987d69	Unwind@58987d69	9
client-main-current	58987d74	Unwind@58987d74	9
client-main-current	58987d7f	Unwind@58987d7f	9
client-main-current	58987d8a	Unwind@58987d8a	9
client-main-current	58987d95	Unwind@58987d95	9
client-main-current	58987da0	Unwind@58987da0	9
client-main-current	58987dab	Unwind@58987dab	9
client-main-current	58987db6	Unwind@58987db6	9
client-main-current	58987dc1	Unwind@58987dc1	9
client-main-current	58987dcc	Unwind@58987dcc	9
client-main-current	58987dd7	Unwind@58987dd7	9
client-main-current	58987de2	Unwind@58987de2	9
client-main-current	58987ded	Unwind@58987ded	9
client-main-current	58987df8	Unwind@58987df8	9
client-main-current	58987e03	Unwind@58987e03	9
client-main-current	58987e0e	Unwind@58987e0e	9
client-main-current	58987e19	Unwind@58987e19	9
client-main-current	58987e40	Unwind@58987e40	8
client-main-current	58987e48	Unwind@58987e48	9
client-main-current	58987e53	Unwind@58987e53	9
client-main-current	58987e5e	Unwind@58987e5e	9
client-main-current	58987e90	Unwind@58987e90	8
client-main-current	58987e98	Unwind@58987e98	9
client-main-current	58987ea3	Unwind@58987ea3	9
client-main-current	58987eae	Unwind@58987eae	9
client-main-current	58987eb9	Unwind@58987eb9	9
client-main-current	58987ec4	Unwind@58987ec4	9
client-main-current	58987ecf	Unwind@58987ecf	9
client-main-current	58987f00	Unwind@58987f00	8
client-main-current	58987f08	Unwind@58987f08	9
client-main-current	58987f13	Unwind@58987f13	9
client-main-current	58987f40	Unwind@58987f40	8
client-main-current	58987f70	Unwind@58987f70	8
client-main-current	58987f78	Unwind@58987f78	9
client-main-current	58987f83	Unwind@58987f83	9
client-main-current	58987f8e	Unwind@58987f8e	9
client-main-current	58987f99	Unwind@58987f99	9
client-main-current	58987fa4	Unwind@58987fa4	9
client-main-current	58987faf	Unwind@58987faf	9
client-main-current	58987fba	Unwind@58987fba	9
client-main-current	58987fc5	Unwind@58987fc5	9
client-main-current	58987fd0	Unwind@58987fd0	9
client-main-current	58987fdb	Unwind@58987fdb	9
client-main-current	58987fe6	Unwind@58987fe6	9
client-main-current	58987ff1	Unwind@58987ff1	9
client-main-current	58987ffc	Unwind@58987ffc	9
client-main-current	58988007	Unwind@58988007	9
client-main-current	58988012	Unwind@58988012	9
client-main-current	5898801d	Unwind@5898801d	9
client-main-current	58988028	Unwind@58988028	9
client-main-current	58988033	Unwind@58988033	9
client-main-current	5898803e	Unwind@5898803e	9
client-main-current	58988049	Unwind@58988049	9
client-main-current	58988070	Unwind@58988070	8
client-main-current	58988078	Unwind@58988078	9
client-main-current	58988083	Unwind@58988083	9
client-main-current	5898808e	Unwind@5898808e	9
client-main-current	58988099	Unwind@58988099	9
client-main-current	589880a4	Unwind@589880a4	9
client-main-current	589880af	Unwind@589880af	9
client-main-current	589880ba	Unwind@589880ba	9
client-main-current	589880c5	Unwind@589880c5	9
client-main-current	589880d0	Unwind@589880d0	9
client-main-current	589880db	Unwind@589880db	9
client-main-current	589880e6	Unwind@589880e6	9
client-main-current	589880f1	Unwind@589880f1	9
client-main-current	58988120	Unwind@58988120	8
client-main-current	58988150	Unwind@58988150	8
client-main-current	58988158	Unwind@58988158	9
client-main-current	58988163	Unwind@58988163	9
client-main-current	5898816e	Unwind@5898816e	9
client-main-current	58988179	Unwind@58988179	9
client-main-current	58988184	Unwind@58988184	9
client-main-current	5898818f	Unwind@5898818f	9
client-main-current	5898819a	Unwind@5898819a	9
client-main-current	589881a5	Unwind@589881a5	9
client-main-current	589881d0	Unwind@589881d0	8
client-main-current	589881d8	Unwind@589881d8	9
client-main-current	589881e3	Unwind@589881e3	9
client-main-current	589881ee	Unwind@589881ee	9
client-main-current	589881f9	Unwind@589881f9	9
client-main-current	58988204	Unwind@58988204	9
client-main-current	5898820f	Unwind@5898820f	9
client-main-current	5898821a	Unwind@5898821a	9
client-main-current	58988225	Unwind@58988225	9
client-main-current	58988230	Unwind@58988230	9
client-main-current	5898823b	Unwind@5898823b	9
client-main-current	58988270	Unwind@58988270	9
client-main-current	5898827b	Unwind@5898827b	9
client-main-current	589882b0	Unwind@589882b0	8
client-main-current	589882b8	Unwind@589882b8	9
client-main-current	589882c3	Unwind@589882c3	9
client-main-current	589882ce	Unwind@589882ce	9
client-main-current	589882d9	Unwind@589882d9	9
client-main-current	589882e4	Unwind@589882e4	9
client-main-current	589882ef	Unwind@589882ef	9
client-main-current	589882fa	Unwind@589882fa	9
client-main-current	58988305	Unwind@58988305	9
client-main-current	58988310	Unwind@58988310	9
client-main-current	5898831b	Unwind@5898831b	9
client-main-current	58988326	Unwind@58988326	9
client-main-current	58988331	Unwind@58988331	9
client-main-current	5898833c	Unwind@5898833c	9
client-main-current	58988347	Unwind@58988347	9
client-main-current	58988352	Unwind@58988352	9
client-main-current	5898835d	Unwind@5898835d	9
client-main-current	58988368	Unwind@58988368	9
client-main-current	58988373	Unwind@58988373	9
client-main-current	5898837e	Unwind@5898837e	9
client-main-current	58988389	Unwind@58988389	9
client-main-current	58988394	Unwind@58988394	9
client-main-current	5898839f	Unwind@5898839f	9
client-main-current	589883aa	Unwind@589883aa	9
client-main-current	589883b5	Unwind@589883b5	9
client-main-current	589883c0	Unwind@589883c0	9
client-main-current	589883cb	Unwind@589883cb	9
client-main-current	589883d6	Unwind@589883d6	9
client-main-current	589883e1	Unwind@589883e1	9
client-main-current	589883ec	Unwind@589883ec	9
client-main-current	589883f7	Unwind@589883f7	9
client-main-current	58988402	Unwind@58988402	9
client-main-current	5898840d	Unwind@5898840d	9
client-main-current	58988418	Unwind@58988418	9
client-main-current	58988423	Unwind@58988423	9
client-main-current	5898842e	Unwind@5898842e	9
client-main-current	58988439	Unwind@58988439	9
client-main-current	58988444	Unwind@58988444	9
client-main-current	5898844f	Unwind@5898844f	9
client-main-current	5898845a	Unwind@5898845a	9
client-main-current	58988465	Unwind@58988465	9
client-main-current	58988470	Unwind@58988470	9
client-main-current	5898847b	Unwind@5898847b	9
client-main-current	58988486	Unwind@58988486	9
client-main-current	58988491	Unwind@58988491	9
client-main-current	5898849c	Unwind@5898849c	9
client-main-current	589884a7	Unwind@589884a7	9
client-main-current	589884b2	Unwind@589884b2	9
client-main-current	589884bd	Unwind@589884bd	9
client-main-current	589884c8	Unwind@589884c8	9
client-main-current	589884d3	Unwind@589884d3	9
client-main-current	589884de	Unwind@589884de	9
client-main-current	589884e9	Unwind@589884e9	9
client-main-current	589884f4	Unwind@589884f4	9
client-main-current	589884ff	Unwind@589884ff	9
client-main-current	5898850a	Unwind@5898850a	9
client-main-current	58988515	Unwind@58988515	9
client-main-current	58988520	Unwind@58988520	9
client-main-current	5898852b	Unwind@5898852b	9
client-main-current	58988560	Unwind@58988560	9
client-main-current	5898856b	Unwind@5898856b	9
client-main-current	589885a0	Unwind@589885a0	8
client-main-current	589885a8	Unwind@589885a8	9
client-main-current	589885b3	Unwind@589885b3	9
client-main-current	589885be	Unwind@589885be	9
client-main-current	589885c9	Unwind@589885c9	9
client-main-current	589885d4	Unwind@589885d4	9
client-main-current	589885df	Unwind@589885df	9
client-main-current	589885ea	Unwind@589885ea	9
client-main-current	589885f5	Unwind@589885f5	9
client-main-current	58988600	Unwind@58988600	9
client-main-current	5898860b	Unwind@5898860b	9
client-main-current	58988640	Unwind@58988640	8
client-main-current	58988670	Unwind@58988670	8
client-main-current	58988678	Unwind@58988678	9
client-main-current	58988683	Unwind@58988683	9
client-main-current	5898868e	Unwind@5898868e	9
client-main-current	58988699	Unwind@58988699	9
client-main-current	589886a4	Unwind@589886a4	9
client-main-current	589886af	Unwind@589886af	9
client-main-current	589886ba	Unwind@589886ba	9
client-main-current	589886c5	Unwind@589886c5	9
client-main-current	589886d0	Unwind@589886d0	9
client-main-current	589886db	Unwind@589886db	9
client-main-current	58988710	Unwind@58988710	8
client-main-current	58988718	Unwind@58988718	9
client-main-current	58988723	Unwind@58988723	9
client-main-current	5898872e	Unwind@5898872e	9
client-main-current	58988739	Unwind@58988739	9
client-main-current	58988744	Unwind@58988744	9
client-main-current	5898874f	Unwind@5898874f	9
client-main-current	5898875a	Unwind@5898875a	9
client-main-current	58988765	Unwind@58988765	9
client-main-current	58988770	Unwind@58988770	9
client-main-current	5898877b	Unwind@5898877b	9
client-main-current	58988786	Unwind@58988786	9
client-main-current	58988791	Unwind@58988791	9
client-main-current	5898879c	Unwind@5898879c	9
client-main-current	589887a7	Unwind@589887a7	9
client-main-current	589887d0	Unwind@589887d0	8
client-main-current	589887d8	Unwind@589887d8	9
client-main-current	589887e3	Unwind@589887e3	9
client-main-current	589887ee	Unwind@589887ee	9
client-main-current	589887f9	Unwind@589887f9	9
client-main-current	58988804	Unwind@58988804	9
client-main-current	5898880f	Unwind@5898880f	9
client-main-current	5898881a	Unwind@5898881a	9
client-main-current	58988825	Unwind@58988825	9
client-main-current	58988830	Unwind@58988830	9
client-main-current	5898883b	Unwind@5898883b	9
client-main-current	58988846	Unwind@58988846	9
client-main-current	58988851	Unwind@58988851	9
client-main-current	5898885c	Unwind@5898885c	9
client-main-current	58988867	Unwind@58988867	9
client-main-current	58988872	Unwind@58988872	9
client-main-current	5898887d	Unwind@5898887d	9
client-main-current	58988888	Unwind@58988888	9
client-main-current	58988893	Unwind@58988893	9
client-main-current	5898889e	Unwind@5898889e	9
client-main-current	589888a9	Unwind@589888a9	9
client-main-current	589888b4	Unwind@589888b4	9
client-main-current	589888bf	Unwind@589888bf	9
client-main-current	589888ca	Unwind@589888ca	9
client-main-current	589888d5	Unwind@589888d5	9
client-main-current	589888e0	Unwind@589888e0	9
client-main-current	589888eb	Unwind@589888eb	9
client-main-current	589888f6	Unwind@589888f6	9
client-main-current	58988901	Unwind@58988901	9
client-main-current	5898890c	Unwind@5898890c	9
client-main-current	58988917	Unwind@58988917	9
client-main-current	58988922	Unwind@58988922	9
client-main-current	5898892d	Unwind@5898892d	9
client-main-current	58988938	Unwind@58988938	9
client-main-current	58988943	Unwind@58988943	9
client-main-current	5898894e	Unwind@5898894e	9
client-main-current	58988959	Unwind@58988959	9
client-main-current	58988964	Unwind@58988964	9
client-main-current	5898896f	Unwind@5898896f	9
client-main-current	589889a0	Unwind@589889a0	8
client-main-current	589889a8	Unwind@589889a8	9
client-main-current	589889b3	Unwind@589889b3	9
client-main-current	589889be	Unwind@589889be	9
client-main-current	589889c9	Unwind@589889c9	9
client-main-current	589889f0	Unwind@589889f0	8
client-main-current	589889f8	Unwind@589889f8	11
client-main-current	58988a20	Unwind@58988a20	8
client-main-current	58988a50	Unwind@58988a50	8
client-main-current	58988a58	Unwind@58988a58	9
client-main-current	58988a63	Unwind@58988a63	9
client-main-current	58988a6e	Unwind@58988a6e	9
client-main-current	58988a79	Unwind@58988a79	9
client-main-current	58988a84	Unwind@58988a84	9
client-main-current	58988a8f	Unwind@58988a8f	9
client-main-current	58988a9a	Unwind@58988a9a	9
client-main-current	58988aa5	Unwind@58988aa5	9
client-main-current	58988ab0	Unwind@58988ab0	9
client-main-current	58988ae0	Unwind@58988ae0	8
client-main-current	58988ae8	Unwind@58988ae8	9
client-main-current	58988af3	Unwind@58988af3	9
client-main-current	58988afe	Unwind@58988afe	9
client-main-current	58988b09	Unwind@58988b09	9
client-main-current	58988b14	Unwind@58988b14	9
client-main-current	58988b1f	Unwind@58988b1f	9
client-main-current	58988b2a	Unwind@58988b2a	9
client-main-current	58988b35	Unwind@58988b35	9
client-main-current	58988b40	Unwind@58988b40	9
client-main-current	58988b4b	Unwind@58988b4b	9
client-main-current	58988b56	Unwind@58988b56	9
client-main-current	58988b61	Unwind@58988b61	9
client-main-current	58988b6c	Unwind@58988b6c	9
client-main-current	58988b77	Unwind@58988b77	9
client-main-current	58988b82	Unwind@58988b82	9
client-main-current	58988bb0	Unwind@58988bb0	8
client-main-current	58988bb8	Unwind@58988bb8	9
client-main-current	58988bc3	Unwind@58988bc3	9
client-main-current	58988bce	Unwind@58988bce	9
client-main-current	58988bd9	Unwind@58988bd9	9
client-main-current	58988be4	Unwind@58988be4	9
client-main-current	58988bef	Unwind@58988bef	9
client-main-current	58988bfa	Unwind@58988bfa	9
client-main-current	58988c05	Unwind@58988c05	9
client-main-current	58988c10	Unwind@58988c10	9
client-main-current	58988c1b	Unwind@58988c1b	9
client-main-current	58988c26	Unwind@58988c26	9
client-main-current	58988c31	Unwind@58988c31	9
client-main-current	58988c3c	Unwind@58988c3c	9
client-main-current	58988c47	Unwind@58988c47	9
client-main-current	58988c52	Unwind@58988c52	9
client-main-current	58988c5d	Unwind@58988c5d	9
client-main-current	58988c68	Unwind@58988c68	9
client-main-current	58988c73	Unwind@58988c73	9
client-main-current	58988c7e	Unwind@58988c7e	9
client-main-current	58988c89	Unwind@58988c89	9
client-main-current	58988c94	Unwind@58988c94	9
client-main-current	58988c9f	Unwind@58988c9f	9
client-main-current	58988caa	Unwind@58988caa	9
client-main-current	58988cb5	Unwind@58988cb5	9
client-main-current	58988cc0	Unwind@58988cc0	9
client-main-current	58988ccb	Unwind@58988ccb	9
client-main-current	58988cd6	Unwind@58988cd6	9
client-main-current	58988ce1	Unwind@58988ce1	9
client-main-current	58988cec	Unwind@58988cec	9
client-main-current	58988cf7	Unwind@58988cf7	9
client-main-current	58988d02	Unwind@58988d02	9
client-main-current	58988d0d	Unwind@58988d0d	9
client-main-current	58988d18	Unwind@58988d18	9
client-main-current	58988d23	Unwind@58988d23	9
client-main-current	58988d2e	Unwind@58988d2e	9
client-main-current	58988d39	Unwind@58988d39	9
client-main-current	58988d44	Unwind@58988d44	9
client-main-current	58988d4f	Unwind@58988d4f	9
client-main-current	58988d5a	Unwind@58988d5a	9
client-main-current	58988d65	Unwind@58988d65	9
client-main-current	58988d70	Unwind@58988d70	9
client-main-current	58988d7b	Unwind@58988d7b	9
client-main-current	58988d86	Unwind@58988d86	9
client-main-current	58988d91	Unwind@58988d91	9
client-main-current	58988d9c	Unwind@58988d9c	9
client-main-current	58988da7	Unwind@58988da7	9
client-main-current	58988db2	Unwind@58988db2	9
client-main-current	58988dbd	Unwind@58988dbd	9
client-main-current	58988dc8	Unwind@58988dc8	9
client-main-current	58988dd3	Unwind@58988dd3	9
client-main-current	58988dde	Unwind@58988dde	9
client-main-current	58988de9	Unwind@58988de9	9
client-main-current	58988df4	Unwind@58988df4	9
client-main-current	58988dff	Unwind@58988dff	9
client-main-current	58988e0a	Unwind@58988e0a	9
client-main-current	58988e15	Unwind@58988e15	9
client-main-current	58988e20	Unwind@58988e20	9
client-main-current	58988e2b	Unwind@58988e2b	9
client-main-current	58988e36	Unwind@58988e36	9
client-main-current	58988e41	Unwind@58988e41	9
client-main-current	58988e4c	Unwind@58988e4c	9
client-main-current	58988e57	Unwind@58988e57	9
client-main-current	58988e62	Unwind@58988e62	9
client-main-current	58988e6d	Unwind@58988e6d	9
client-main-current	58988e78	Unwind@58988e78	9
client-main-current	58988e83	Unwind@58988e83	9
client-main-current	58988e8e	Unwind@58988e8e	9
client-main-current	58988e99	Unwind@58988e99	9
client-main-current	58988ec0	Unwind@58988ec0	8
client-main-current	58988ec8	Unwind@58988ec8	9
client-main-current	58988ed3	Unwind@58988ed3	9
client-main-current	58988f00	Unwind@58988f00	8
client-main-current	58988f08	Unwind@58988f08	9
client-main-current	58988f30	Unwind@58988f30	8
client-main-current	58988f60	Unwind@58988f60	8
client-main-current	58988f68	Unwind@58988f68	9
client-main-current	58988f73	Unwind@58988f73	9
client-main-current	58988fa0	Unwind@58988fa0	8
client-main-current	58988fa8	Unwind@58988fa8	9
client-main-current	58988fb3	Unwind@58988fb3	9
client-main-current	58988fbe	Unwind@58988fbe	9
client-main-current	58988fc9	Unwind@58988fc9	9
client-main-current	58988fd4	Unwind@58988fd4	9
client-main-current	58988fdf	Unwind@58988fdf	9
client-main-current	58988fea	Unwind@58988fea	9
client-main-current	58988ff5	Unwind@58988ff5	9
client-main-current	58989000	Unwind@58989000	9
client-main-current	5898900b	Unwind@5898900b	9
client-main-current	58989016	Unwind@58989016	9
client-main-current	58989021	Unwind@58989021	9
client-main-current	5898902c	Unwind@5898902c	9
client-main-current	58989060	Unwind@58989060	8
client-main-current	58989090	Unwind@58989090	8
client-main-current	58989098	Unwind@58989098	9
client-main-current	589890c0	Unwind@589890c0	8
client-main-current	589890c8	Unwind@589890c8	9
client-main-current	589890d3	Unwind@589890d3	9
client-main-current	589890de	Unwind@589890de	9
client-main-current	589890e9	Unwind@589890e9	9
client-main-current	589890f4	Unwind@589890f4	9
client-main-current	58989120	Unwind@58989120	8
client-main-current	58989150	Unwind@58989150	8
client-main-current	58989158	Unwind@58989158	9
client-main-current	58989163	Unwind@58989163	9
client-main-current	5898916e	Unwind@5898916e	9
client-main-current	58989179	Unwind@58989179	9
client-main-current	589891a0	Unwind@589891a0	8
client-main-current	589891a8	Unwind@589891a8	9
client-main-current	589891b3	Unwind@589891b3	9
client-main-current	589891e0	Unwind@589891e0	8
client-main-current	58989210	Unwind@58989210	8
client-main-current	58989240	Unwind@58989240	9
client-main-current	58989270	Unwind@58989270	9
client-main-current	5898927b	Unwind@5898927b	9
client-main-current	58989286	Unwind@58989286	9
client-main-current	589892b0	Unwind@589892b0	8
client-main-current	589892b8	Unwind@589892b8	9
client-main-current	589892c3	Unwind@589892c3	9
client-main-current	589892f0	Unwind@589892f0	12
client-main-current	589892fe	Unwind@589892fe	12
client-main-current	5898930c	Unwind@5898930c	12
client-main-current	5898931a	Unwind@5898931a	12
client-main-current	58989328	Unwind@58989328	12
client-main-current	58989336	Unwind@58989336	12
client-main-current	58989344	Unwind@58989344	12
client-main-current	58989352	Unwind@58989352	12
client-main-current	58989360	Unwind@58989360	12
client-main-current	5898936e	Unwind@5898936e	12
client-main-current	5898937c	Unwind@5898937c	12
client-main-current	5898938a	Unwind@5898938a	12
client-main-current	58989398	Unwind@58989398	12
client-main-current	589893a6	Unwind@589893a6	12
client-main-current	589893b4	Unwind@589893b4	12
client-main-current	589893c2	Unwind@589893c2	12
client-main-current	589893d0	Unwind@589893d0	12
client-main-current	58989410	Unwind@58989410	12
client-main-current	5898941e	Unwind@5898941e	12
client-main-current	5898942c	Unwind@5898942c	12
client-main-current	58989470	Unwind@58989470	9
client-main-current	589894a0	Unwind@589894a0	9
client-main-current	589894d0	Unwind@589894d0	9
client-main-current	589894db	Unwind@589894db	9
client-main-current	589894e6	Unwind@589894e6	9
client-main-current	58989510	Unwind@58989510	8
client-main-current	58989518	Unwind@58989518	14
client-main-current	58989526	Unwind@58989526	24
client-main-current	5898953e	Unwind@5898953e	14
client-main-current	58989570	Unwind@58989570	8
client-main-current	58989578	Unwind@58989578	14
client-main-current	58989586	Unwind@58989586	24
client-main-current	5898959e	Unwind@5898959e	14
client-main-current	589895ac	Unwind@589895ac	9
client-main-current	589895b7	Unwind@589895b7	9
client-main-current	589895c2	Unwind@589895c2	9
client-main-current	589895cd	Unwind@589895cd	9
client-main-current	589895d8	Unwind@589895d8	9
client-main-current	589895e3	Unwind@589895e3	9
client-main-current	589895ee	Unwind@589895ee	9
client-main-current	589895f9	Unwind@589895f9	9
client-main-current	58989604	Unwind@58989604	9
client-main-current	5898960f	Unwind@5898960f	9
client-main-current	5898961a	Unwind@5898961a	9
client-main-current	58989625	Unwind@58989625	9
client-main-current	58989630	Unwind@58989630	9
client-main-current	5898963b	Unwind@5898963b	9
client-main-current	58989646	Unwind@58989646	9
client-main-current	58989651	Unwind@58989651	9
client-main-current	5898965c	Unwind@5898965c	9
client-main-current	58989667	Unwind@58989667	9
client-main-current	58989672	Unwind@58989672	9
client-main-current	5898967d	Unwind@5898967d	9
client-main-current	58989688	Unwind@58989688	9
client-main-current	58989693	Unwind@58989693	9
client-main-current	5898969e	Unwind@5898969e	9
client-main-current	589896a9	Unwind@589896a9	9
client-main-current	589896b4	Unwind@589896b4	9
client-main-current	589896bf	Unwind@589896bf	9
client-main-current	589896ca	Unwind@589896ca	9
client-main-current	589896d5	Unwind@589896d5	9
client-main-current	589896e0	Unwind@589896e0	9
client-main-current	589896eb	Unwind@589896eb	9
client-main-current	589896f6	Unwind@589896f6	9
client-main-current	58989701	Unwind@58989701	9
client-main-current	5898970c	Unwind@5898970c	9
client-main-current	58989717	Unwind@58989717	9
client-main-current	58989722	Unwind@58989722	9
client-main-current	5898972d	Unwind@5898972d	9
client-main-current	58989738	Unwind@58989738	9
client-main-current	58989743	Unwind@58989743	9
client-main-current	5898974e	Unwind@5898974e	9
client-main-current	58989759	Unwind@58989759	9
client-main-current	58989764	Unwind@58989764	9
client-main-current	5898976f	Unwind@5898976f	9
client-main-current	589897b0	Unwind@589897b0	12
client-main-current	589897f0	Unwind@589897f0	12
client-main-current	58989830	Unwind@58989830	14
client-main-current	58989860	Unwind@58989860	14
client-main-current	5898986e	Unwind@5898986e	27
client-main-current	589898b0	Unwind@589898b0	11
client-main-current	589898bb	Unwind@589898bb	12
client-main-current	589898c9	Unwind@589898c9	12
client-main-current	58989910	Unwind@58989910	14
client-main-current	5898991e	Unwind@5898991e	27
client-main-current	58989939	Unwind@58989939	9
client-main-current	58989944	Unwind@58989944	9
client-main-current	58989970	Unwind@58989970	9
client-main-current	5898997b	Unwind@5898997b	9
client-main-current	589899b0	Unwind@589899b0	8
client-main-current	589899e0	Unwind@589899e0	9
client-main-current	58989a10	Unwind@58989a10	8
client-main-current	58989a18	Unwind@58989a18	9
client-main-current	58989a23	Unwind@58989a23	9
client-main-current	58989a2e	Unwind@58989a2e	9
client-main-current	58989a39	Unwind@58989a39	9
client-main-current	58989a44	Unwind@58989a44	9
client-main-current	58989a4f	Unwind@58989a4f	9
client-main-current	58989a5a	Unwind@58989a5a	9
client-main-current	58989a65	Unwind@58989a65	9
client-main-current	58989a70	Unwind@58989a70	9
client-main-current	58989a7b	Unwind@58989a7b	9
client-main-current	58989a86	Unwind@58989a86	9
client-main-current	58989a91	Unwind@58989a91	9
client-main-current	58989a9c	Unwind@58989a9c	9
client-main-current	58989aa7	Unwind@58989aa7	9
client-main-current	58989ab2	Unwind@58989ab2	9
client-main-current	58989abd	Unwind@58989abd	9
client-main-current	58989ac8	Unwind@58989ac8	9
client-main-current	58989ad3	Unwind@58989ad3	9
client-main-current	58989ade	Unwind@58989ade	9
client-main-current	58989ae9	Unwind@58989ae9	9
client-main-current	58989af4	Unwind@58989af4	9
client-main-current	58989aff	Unwind@58989aff	9
client-main-current	58989b0a	Unwind@58989b0a	9
client-main-current	58989b15	Unwind@58989b15	9
client-main-current	58989b20	Unwind@58989b20	9
client-main-current	58989b2b	Unwind@58989b2b	9
client-main-current	58989b36	Unwind@58989b36	9
client-main-current	58989b41	Unwind@58989b41	9
client-main-current	58989b4c	Unwind@58989b4c	9
client-main-current	58989b57	Unwind@58989b57	9
client-main-current	58989b62	Unwind@58989b62	9
client-main-current	58989b6d	Unwind@58989b6d	9
client-main-current	58989b78	Unwind@58989b78	9
client-main-current	58989b83	Unwind@58989b83	9
client-main-current	58989b8e	Unwind@58989b8e	9
client-main-current	58989b99	Unwind@58989b99	9
client-main-current	58989ba4	Unwind@58989ba4	9
client-main-current	58989baf	Unwind@58989baf	9
client-main-current	58989bba	Unwind@58989bba	9
client-main-current	58989bc5	Unwind@58989bc5	9
client-main-current	58989bd0	Unwind@58989bd0	9
client-main-current	58989c00	Unwind@58989c00	8
client-main-current	58989c08	Unwind@58989c08	9
client-main-current	58989c13	Unwind@58989c13	9
client-main-current	58989c1e	Unwind@58989c1e	9
client-main-current	58989c29	Unwind@58989c29	9
client-main-current	58989c34	Unwind@58989c34	9
client-main-current	58989c3f	Unwind@58989c3f	9
client-main-current	58989c4a	Unwind@58989c4a	9
client-main-current	58989c55	Unwind@58989c55	9
client-main-current	58989c60	Unwind@58989c60	9
client-main-current	58989c6b	Unwind@58989c6b	9
client-main-current	58989c76	Unwind@58989c76	9
client-main-current	58989c81	Unwind@58989c81	9
client-main-current	58989c8c	Unwind@58989c8c	9
client-main-current	58989c97	Unwind@58989c97	9
client-main-current	58989ca2	Unwind@58989ca2	9
client-main-current	58989cad	Unwind@58989cad	9
client-main-current	58989cb8	Unwind@58989cb8	9
client-main-current	58989cc3	Unwind@58989cc3	9
client-main-current	58989cce	Unwind@58989cce	9
client-main-current	58989cd9	Unwind@58989cd9	9
client-main-current	58989ce4	Unwind@58989ce4	9
client-main-current	58989cef	Unwind@58989cef	9
client-main-current	58989cfa	Unwind@58989cfa	9
client-main-current	58989d05	Unwind@58989d05	9
client-main-current	58989d10	Unwind@58989d10	9
client-main-current	58989d1b	Unwind@58989d1b	9
client-main-current	58989d26	Unwind@58989d26	9
client-main-current	58989d31	Unwind@58989d31	9
client-main-current	58989d3c	Unwind@58989d3c	9
client-main-current	58989d47	Unwind@58989d47	9
client-main-current	58989d52	Unwind@58989d52	9
client-main-current	58989d5d	Unwind@58989d5d	9
client-main-current	58989d68	Unwind@58989d68	9
client-main-current	58989d73	Unwind@58989d73	9
client-main-current	58989d7e	Unwind@58989d7e	9
client-main-current	58989d89	Unwind@58989d89	9
client-main-current	58989d94	Unwind@58989d94	9
client-main-current	58989dc0	Unwind@58989dc0	8
client-main-current	58989dc8	Unwind@58989dc8	9
client-main-current	58989dd3	Unwind@58989dd3	9
client-main-current	58989dde	Unwind@58989dde	9
client-main-current	58989de9	Unwind@58989de9	9
client-main-current	58989df4	Unwind@58989df4	9
client-main-current	58989dff	Unwind@58989dff	9
client-main-current	58989e0a	Unwind@58989e0a	9
client-main-current	58989e15	Unwind@58989e15	9
client-main-current	58989e40	Unwind@58989e40	8
client-main-current	58989e70	Unwind@58989e70	11
client-main-current	58989ea0	Unwind@58989ea0	8
client-main-current	58989ea8	Unwind@58989ea8	9
client-main-current	58989eb3	Unwind@58989eb3	9
client-main-current	58989ee0	Unwind@58989ee0	9
client-main-current	58989eeb	Unwind@58989eeb	9
client-main-current	58989ef6	Unwind@58989ef6	9
client-main-current	58989f01	Unwind@58989f01	9
client-main-current	58989f0c	Unwind@58989f0c	9
client-main-current	58989f17	Unwind@58989f17	9
client-main-current	58989f22	Unwind@58989f22	9
client-main-current	58989f2d	Unwind@58989f2d	9
client-main-current	58989f38	Unwind@58989f38	9
client-main-current	58989f60	Unwind@58989f60	9
client-main-current	58989f6b	Unwind@58989f6b	9
client-main-current	58989fa0	Unwind@58989fa0	14
client-main-current	58989fd0	Unwind@58989fd0	8
client-main-current	58989fd8	Unwind@58989fd8	9
client-main-current	58989fe3	Unwind@58989fe3	9
client-main-current	58989fee	Unwind@58989fee	9
client-main-current	58989ff9	Unwind@58989ff9	9
client-main-current	5898a004	Unwind@5898a004	9
client-main-current	5898a00f	Unwind@5898a00f	9
client-main-current	5898a01a	Unwind@5898a01a	9
client-main-current	5898a040	Unwind@5898a040	9
client-main-current	5898a04b	Unwind@5898a04b	9
client-main-current	5898a080	Unwind@5898a080	8
client-main-current	5898a0b0	Unwind@5898a0b0	8
client-main-current	5898a0b8	Unwind@5898a0b8	9
client-main-current	5898a0c3	Unwind@5898a0c3	9
client-main-current	5898a0ce	Unwind@5898a0ce	9
client-main-current	5898a0d9	Unwind@5898a0d9	9
client-main-current	5898a0e4	Unwind@5898a0e4	9
client-main-current	5898a0ef	Unwind@5898a0ef	9
client-main-current	5898a0fa	Unwind@5898a0fa	9
client-main-current	5898a105	Unwind@5898a105	9
client-main-current	5898a110	Unwind@5898a110	9
client-main-current	5898a11b	Unwind@5898a11b	9
client-main-current	5898a126	Unwind@5898a126	9
client-main-current	5898a131	Unwind@5898a131	9
client-main-current	5898a13c	Unwind@5898a13c	9
client-main-current	5898a147	Unwind@5898a147	9
client-main-current	5898a170	Unwind@5898a170	8
client-main-current	5898a178	Unwind@5898a178	9
client-main-current	5898a183	Unwind@5898a183	9
client-main-current	5898a18e	Unwind@5898a18e	9
client-main-current	5898a199	Unwind@5898a199	9
client-main-current	5898a1a4	Unwind@5898a1a4	9
client-main-current	5898a1af	Unwind@5898a1af	9
client-main-current	5898a1ba	Unwind@5898a1ba	9
client-main-current	5898a1c5	Unwind@5898a1c5	9
client-main-current	5898a1d0	Unwind@5898a1d0	9
client-main-current	5898a1db	Unwind@5898a1db	9
client-main-current	5898a1e6	Unwind@5898a1e6	9
client-main-current	5898a1f1	Unwind@5898a1f1	9
client-main-current	5898a1fc	Unwind@5898a1fc	9
client-main-current	5898a230	Unwind@5898a230	9
client-main-current	5898a260	Unwind@5898a260	9
client-main-current	5898a290	Unwind@5898a290	8
client-main-current	5898a2c0	Unwind@5898a2c0	8
client-main-current	5898a2f0	Unwind@5898a2f0	8
client-main-current	5898a2f8	Unwind@5898a2f8	9
client-main-current	5898a320	Unwind@5898a320	8
client-main-current	5898a350	Unwind@5898a350	8
client-main-current	5898a358	Unwind@5898a358	9
client-main-current	5898a380	Unwind@5898a380	8
client-main-current	5898a388	Unwind@5898a388	9
client-main-current	5898a393	Unwind@5898a393	9
client-main-current	5898a39e	Unwind@5898a39e	9
client-main-current	5898a3a9	Unwind@5898a3a9	9
client-main-current	5898a3b4	Unwind@5898a3b4	9
client-main-current	5898a3bf	Unwind@5898a3bf	9
client-main-current	5898a3ca	Unwind@5898a3ca	9
client-main-current	5898a3d5	Unwind@5898a3d5	9
client-main-current	5898a3e0	Unwind@5898a3e0	9
client-main-current	5898a3eb	Unwind@5898a3eb	9
client-main-current	5898a3f6	Unwind@5898a3f6	9
client-main-current	5898a401	Unwind@5898a401	9
client-main-current	5898a40c	Unwind@5898a40c	9
client-main-current	5898a440	Unwind@5898a440	8
client-main-current	5898a470	Unwind@5898a470	8
client-main-current	5898a478	Unwind@5898a478	9
client-main-current	5898a4a0	Unwind@5898a4a0	8
client-main-current	5898a4a8	Unwind@5898a4a8	9
client-main-current	5898a4b3	Unwind@5898a4b3	9
client-main-current	5898a4be	Unwind@5898a4be	9
client-main-current	5898a4c9	Unwind@5898a4c9	9
client-main-current	5898a4d4	Unwind@5898a4d4	9
client-main-current	5898a4df	Unwind@5898a4df	9
client-main-current	5898a510	Unwind@5898a510	8
client-main-current	5898a518	Unwind@5898a518	11
client-main-current	5898a540	Unwind@5898a540	8
client-main-current	5898a570	Unwind@5898a570	8
client-main-current	5898a578	Unwind@5898a578	11
client-main-current	5898a583	Unwind@5898a583	9
client-main-current	5898a58e	Unwind@5898a58e	9
client-main-current	5898a599	Unwind@5898a599	9
client-main-current	5898a5a4	Unwind@5898a5a4	9
client-main-current	5898a5d0	Unwind@5898a5d0	11
client-main-current	5898a5db	Unwind@5898a5db	12
client-main-current	5898a5e9	Unwind@5898a5e9	12
client-main-current	5898a5f7	Unwind@5898a5f7	12
client-main-current	5898a605	Unwind@5898a605	12
client-main-current	5898a613	Unwind@5898a613	12
client-main-current	5898a621	Unwind@5898a621	12
client-main-current	5898a62f	Unwind@5898a62f	12
client-main-current	5898a63d	Unwind@5898a63d	12
client-main-current	5898a64b	Unwind@5898a64b	12
client-main-current	5898a659	Unwind@5898a659	12
client-main-current	5898a667	Unwind@5898a667	12
client-main-current	5898a675	Unwind@5898a675	12
client-main-current	5898a683	Unwind@5898a683	12
client-main-current	5898a691	Unwind@5898a691	12
client-main-current	5898a69f	Unwind@5898a69f	12
client-main-current	5898a6e0	Unwind@5898a6e0	11
client-main-current	5898a730	Unwind@5898a730	8
client-main-current	5898a760	Unwind@5898a760	8
client-main-current	5898a768	Unwind@5898a768	8
client-main-current	5898a7a0	Unwind@5898a7a0	8
client-main-current	5898a7a8	Unwind@5898a7a8	8
client-main-current	5898a7e0	Unwind@5898a7e0	11
client-main-current	5898a810	Unwind@5898a810	12
client-main-current	5898a81e	Unwind@5898a81e	12
client-main-current	5898a82c	Unwind@5898a82c	12
client-main-current	5898a83a	Unwind@5898a83a	12
client-main-current	5898a848	Unwind@5898a848	12
client-main-current	5898a856	Unwind@5898a856	12
client-main-current	5898a864	Unwind@5898a864	12
client-main-current	5898a872	Unwind@5898a872	12
client-main-current	5898a880	Unwind@5898a880	12
client-main-current	5898a88e	Unwind@5898a88e	12
client-main-current	5898a89c	Unwind@5898a89c	12
client-main-current	5898a8aa	Unwind@5898a8aa	12
client-main-current	5898a8b8	Unwind@5898a8b8	12
client-main-current	5898a8c6	Unwind@5898a8c6	12
client-main-current	5898a8d4	Unwind@5898a8d4	12
client-main-current	5898a8e2	Unwind@5898a8e2	12
client-main-current	5898a8f0	Unwind@5898a8f0	12
client-main-current	5898a8fe	Unwind@5898a8fe	12
client-main-current	5898a90c	Unwind@5898a90c	12
client-main-current	5898a91a	Unwind@5898a91a	12
client-main-current	5898a928	Unwind@5898a928	12
client-main-current	5898a936	Unwind@5898a936	12
client-main-current	5898a944	Unwind@5898a944	12
client-main-current	5898a952	Unwind@5898a952	12
client-main-current	5898a960	Unwind@5898a960	12
client-main-current	5898a96e	Unwind@5898a96e	12
client-main-current	5898a97c	Unwind@5898a97c	12
client-main-current	5898a98a	Unwind@5898a98a	12
client-main-current	5898a998	Unwind@5898a998	12
client-main-current	5898a9e0	Unwind@5898a9e0	8
client-main-current	5898aa10	Unwind@5898aa10	8
client-main-current	5898aa40	Unwind@5898aa40	8
client-main-current	5898aa70	Unwind@5898aa70	8
client-main-current	5898aa78	Unwind@5898aa78	9
client-main-current	5898aaa0	Unwind@5898aaa0	8
client-main-current	5898aad0	Unwind@5898aad0	9
client-main-current	5898aadb	Unwind@5898aadb	9
client-main-current	5898ab10	Unwind@5898ab10	9
client-main-current	5898ab1b	Unwind@5898ab1b	9
client-main-current	5898ab26	Unwind@5898ab26	9
client-main-current	5898ab31	Unwind@5898ab31	9
client-main-current	5898ab60	Unwind@5898ab60	8
client-main-current	5898ab90	Unwind@5898ab90	8
client-main-current	5898abc0	Unwind@5898abc0	8
client-main-current	5898abf0	Unwind@5898abf0	8
client-main-current	5898abf8	Unwind@5898abf8	9
client-main-current	5898ac20	Unwind@5898ac20	8
client-main-current	5898ac50	Unwind@5898ac50	8
client-main-current	5898ac80	Unwind@5898ac80	8
client-main-current	5898aca3	Unwind@5898aca3	8
client-main-current	5898acc6	Unwind@5898acc6	8
client-main-current	5898ace9	Unwind@5898ace9	8
client-main-current	5898ad0c	Unwind@5898ad0c	8
client-main-current	5898ad14	Unwind@5898ad14	11
client-main-current	5898ad3a	Unwind@5898ad3a	8
client-main-current	5898ad42	Unwind@5898ad42	8
client-main-current	5898ad70	Unwind@5898ad70	8
client-main-current	5898ad90	Unwind@5898ad90	11
client-main-current	5898ad9b	Unwind@5898ad9b	11
client-main-current	5898adb0	Unwind@5898adb0	8
client-main-current	5898add0	Unwind@5898add0	8
client-main-current	58be2e11	FUN_58be2e11	92
client-main-current	58beb243	FUN_58beb243	43
client-main-current	58bf62f5	FUN_58bf62f5	179
client-main-current	58bff900	FUN_58bff900	2
client-main-current	58c319ab	FUN_58c319ab	7
client-main-current	58c3a998	FUN_58c3a998	26
client-main-current	58c3c6c8	FUN_58c3c6c8	6
client-main-current	58c3debb	FUN_58c3debb	9
client-main-current	58c42ee0	FUN_58c42ee0	43
client-main-current	58c46335	FUN_58c46335	39
client-main-current	58c5d37b	thunk_FUN_58fac690	6
client-main-current	58c60fd6	thunk_FUN_58e0a61e	5
client-main-current	58c84f0b	FUN_58c84f0b	2
client-main-current	58d6f58a	FUN_58d6f58a	25
client-main-current	58d6f6b0	FUN_58d6f6b0	6
client-main-current	58d87e69	FUN_58d87e69	16
client-main-current	58d9b1c5	FUN_58d9b1c5	8
client-main-current	58da56dc	FUN_58da56dc	29
client-main-current	58dbc72c	FUN_58dbc72c	30
client-main-current	58dc2554	FUN_58dc2554	41
client-main-current	58dc34ad	FUN_58dc34ad	26
client-main-current	58dd1f9d	FUN_58dd1f9d	9
client-main-current	58ddb193	FUN_58ddb193	13
client-main-current	58ddfd93	FUN_58ddfd93	49
client-main-current	58dfa5f3	FUN_58dfa5f3	10
client-main-current	58e0a61e	FUN_58e0a61e	11
client-main-current	58e1946d	FUN_58e1946d	18
client-main-current	58f6b300	FUN_58f6b300	9
client-main-current	58f769f0	FUN_58f769f0	13
client-main-current	58f76b6b	entry	37
client-main-current	58f8160d	FUN_58f8160d	13
client-main-current	58fa0e5f	FUN_58fa0e5f	8
client-main-current	58fac690	FUN_58fac690	23
