component	address	name	size
client-core-current	58481000	FUN_58481000	28
client-core-current	58481020	FUN_58481020	33
client-core-current	58481050	FUN_58481050	16
client-core-current	58481060	FUN_58481060	16
client-core-current	58481070	FUN_58481070	16
client-core-current	58481080	FUN_58481080	16
client-core-current	58481090	FUN_58481090	16
client-core-current	584810a0	FUN_584810a0	28
client-core-current	584810c0	FUN_584810c0	35
client-core-current	584810f0	FUN_584810f0	35
client-core-current	58481120	FUN_58481120	28
client-core-current	58481140	FUN_58481140	25
client-core-current	58481160	FUN_58481160	25
client-core-current	58481180	FUN_58481180	25
client-core-current	584811a0	FUN_584811a0	25
client-core-current	584811c0	FUN_584811c0	28
client-core-current	584811e0	FUN_584811e0	28
client-core-current	58481220	FUN_58481220	28
client-core-current	584813b0	FUN_584813b0	3761
client-core-current	58482270	FUN_58482270	96
client-core-current	584822d0	FUN_584822d0	76
client-core-current	58482320	FUN_58482320	133
client-core-current	584823b0	FUN_584823b0	187
client-core-current	58482470	FUN_58482470	121
client-core-current	584824f0	FUN_584824f0	1628
client-core-current	58482b50	FUN_58482b50	71
client-core-current	58482ba0	FUN_58482ba0	49
client-core-current	58482be0	FUN_58482be0	46
client-core-current	58482c10	FUN_58482c10	46
client-core-current	58482c40	FUN_58482c40	46
client-core-current	58482c70	FUN_58482c70	46
client-core-current	58482ca0	FUN_58482ca0	46
client-core-current	58482cd0	FUN_58482cd0	17
client-core-current	58482cf0	FUN_58482cf0	189
client-core-current	58482db0	FUN_58482db0	66
client-core-current	58482e00	FUN_58482e00	149
client-core-current	58482ea0	FUN_58482ea0	99
client-core-current	58482f10	FUN_58482f10	2390
client-core-current	58483870	FUN_58483870	979
client-core-current	58483c50	FUN_58483c50	3278
client-core-current	58484940	FUN_58484940	17
client-core-current	58484960	FUN_58484960	25
client-core-current	58484980	FUN_58484980	17
client-core-current	584849a0	FUN_584849a0	32
client-core-current	584849c0	FUN_584849c0	17
client-core-current	584849e0	FUN_584849e0	17
client-core-current	58484a00	FUN_58484a00	17
client-core-current	58484a20	FUN_58484a20	20
client-core-current	58484a40	FUN_58484a40	17
client-core-current	58484a60	FUN_58484a60	19
client-core-current	58484a80	FUN_58484a80	77
client-core-current	58484ad0	FUN_58484ad0	77
client-core-current	58484b20	FUN_58484b20	77
client-core-current	58484b70	FUN_58484b70	390
client-core-current	58484d00	FUN_58484d00	491
client-core-current	58484ef0	FUN_58484ef0	529
client-core-current	58485110	FUN_58485110	457
client-core-current	584852e0	FUN_584852e0	457
client-core-current	584854b0	FUN_584854b0	332
client-core-current	58485600	FUN_58485600	304
client-core-current	58485730	FUN_58485730	488
client-core-current	58485920	FUN_58485920	112
client-core-current	58485990	FUN_58485990	17
client-core-current	584859b0	FUN_584859b0	174
client-core-current	58485a60	FUN_58485a60	95
client-core-current	58485ac0	FUN_58485ac0	22
client-core-current	58485ae0	FUN_58485ae0	338
client-core-current	58485d60	FUN_58485d60	51
client-core-current	58485da0	FUN_58485da0	51
client-core-current	58485de0	FUN_58485de0	50
client-core-current	58485e20	FUN_58485e20	22
client-core-current	58485e40	FUN_58485e40	51
client-core-current	58485e80	FUN_58485e80	88
client-core-current	58485ee0	FUN_58485ee0	47
client-core-current	58485f10	FUN_58485f10	22
client-core-current	58485f30	FUN_58485f30	86
client-core-current	58485f90	FUN_58485f90	44
client-core-current	58485fc0	FUN_58485fc0	216
client-core-current	584860a0	FUN_584860a0	52
client-core-current	584860e0	FUN_584860e0	22
client-core-current	58486100	FUN_58486100	257
client-core-current	58486210	FUN_58486210	854
client-core-current	58486570	FUN_58486570	79
client-core-current	584865c0	FUN_584865c0	165
client-core-current	58486670	FUN_58486670	111
client-core-current	584866e0	FUN_584866e0	41
client-core-current	58486710	FUN_58486710	70
client-core-current	58486760	FUN_58486760	169
client-core-current	58486810	FUN_58486810	133
client-core-current	584868a0	FUN_584868a0	114
client-core-current	58486920	FUN_58486920	46
client-core-current	58486950	FUN_58486950	46
client-core-current	58486980	FUN_58486980	17
client-core-current	584869a0	FUN_584869a0	28
client-core-current	584869c0	FUN_584869c0	17
client-core-current	584869e0	FUN_584869e0	20
client-core-current	58486a00	FUN_58486a00	318
client-core-current	58486b40	FUN_58486b40	287
client-core-current	58486c60	FUN_58486c60	86
client-core-current	58486cc0	FUN_58486cc0	33
client-core-current	58486cf0	FUN_58486cf0	50
client-core-current	58486d30	FUN_58486d30	19
client-core-current	58486d50	FUN_58486d50	101
client-core-current	58486dc0	FUN_58486dc0	53
client-core-current	58486e00	FUN_58486e00	108
client-core-current	58486e70	FUN_58486e70	57
client-core-current	58486eb0	FUN_58486eb0	90
client-core-current	58486f10	FUN_58486f10	5
client-core-current	58486f20	FUN_58486f20	92
client-core-current	58486f80	FUN_58486f80	113
client-core-current	58487000	FUN_58487000	105
client-core-current	58487070	FUN_58487070	472
client-core-current	58487250	FUN_58487250	42
client-core-current	58487280	FUN_58487280	10
client-core-current	58487290	FUN_58487290	20
client-core-current	584872b0	FUN_584872b0	8
client-core-current	584872c0	FUN_584872c0	128
client-core-current	584873a0	FUN_584873a0	44
client-core-current	584873d0	FUN_584873d0	45
client-core-current	58487400	FUN_58487400	42
client-core-current	58487430	FUN_58487430	37
client-core-current	58487460	FUN_58487460	33
client-core-current	58487490	FUN_58487490	43
client-core-current	584874c0	FUN_584874c0	14
client-core-current	584874d0	FUN_584874d0	60
client-core-current	58487510	FUN_58487510	367
client-core-current	58487680	FUN_58487680	39
client-core-current	584876b0	FUN_584876b0	37
client-core-current	584876e0	FUN_584876e0	37
client-core-current	58487710	FUN_58487710	36
client-core-current	58487740	FUN_58487740	60
client-core-current	58487780	FUN_58487780	47
client-core-current	584877b0	FUN_584877b0	39
client-core-current	584877e0	FUN_584877e0	20
client-core-current	58487800	FUN_58487800	173
client-core-current	584878b0	FUN_584878b0	81
client-core-current	58487910	FUN_58487910	20
client-core-current	58487930	FUN_58487930	20
client-core-current	58487950	FUN_58487950	35
client-core-current	58487980	FUN_58487980	8
client-core-current	58487990	FUN_58487990	59
client-core-current	584879d0	FUN_584879d0	54
client-core-current	58487a10	FUN_58487a10	32
client-core-current	58487a30	FUN_58487a30	16
client-core-current	58487a40	FUN_58487a40	19
client-core-current	58487a60	FUN_58487a60	27
client-core-current	58487a80	FUN_58487a80	42
client-core-current	58487ab0	FUN_58487ab0	46
client-core-current	58487ae0	FUN_58487ae0	46
client-core-current	58487b10	FUN_58487b10	46
client-core-current	58487b40	FUN_58487b40	46
client-core-current	58487b70	FUN_58487b70	127
client-core-current	58487bf0	FUN_58487bf0	20
client-core-current	58487c10	FUN_58487c10	17
client-core-current	58487c30	FUN_58487c30	107
client-core-current	58487ca0	FUN_58487ca0	187
client-core-current	58487d60	FUN_58487d60	101
client-core-current	58487dd0	FUN_58487dd0	13
client-core-current	58487de0	FUN_58487de0	17
client-core-current	58487e00	FUN_58487e00	84
client-core-current	58487e60	FUN_58487e60	162
client-core-current	58487f10	FUN_58487f10	19
client-core-current	58487f30	FUN_58487f30	11
client-core-current	58487f40	FUN_58487f40	13
client-core-current	58487f50	FUN_58487f50	28
client-core-current	58487f70	FUN_58487f70	28
client-core-current	58487fa0	FUN_58487fa0	150
client-core-current	58488040	FUN_58488040	13
client-core-current	58488050	FUN_58488050	34
client-core-current	58488080	FUN_58488080	63
client-core-current	584880c0	FUN_584880c0	33
client-core-current	584880f0	FUN_584880f0	113
client-core-current	58488170	FUN_58488170	32
client-core-current	58488190	FUN_58488190	64
client-core-current	584881d0	FUN_584881d0	10
client-core-current	584881e0	FUN_584881e0	59
client-core-current	58488220	FUN_58488220	26
client-core-current	58488240	FUN_58488240	33
client-core-current	58488270	FUN_58488270	43
client-core-current	584882a0	FUN_584882a0	3184
client-core-current	58488f20	FUN_58488f20	235
client-core-current	58489010	FUN_58489010	27
client-core-current	58489030	FUN_58489030	42
client-core-current	58489060	FUN_58489060	49
client-core-current	584890a0	FUN_584890a0	274
client-core-current	584891c0	FUN_584891c0	280
client-core-current	584892e0	FUN_584892e0	1026
client-core-current	584896f0	FUN_584896f0	2088
client-core-current	58489f20	FUN_58489f20	54
client-core-current	58489f60	FUN_58489f60	15
client-core-current	58489f70	FUN_58489f70	5062
client-core-current	5848b350	FUN_5848b350	200
client-core-current	5848b420	FUN_5848b420	223
client-core-current	5848b500	FUN_5848b500	205
client-core-current	5848b5d0	FUN_5848b5d0	197
client-core-current	5848b6a0	FUN_5848b6a0	330
client-core-current	5848b7f0	FUN_5848b7f0	407
client-core-current	5848b990	FUN_5848b990	195
client-core-current	5848ba60	FUN_5848ba60	202
client-core-current	5848bb30	FUN_5848bb30	371
client-core-current	5848bcb0	FUN_5848bcb0	33
client-core-current	5848bce0	FUN_5848bce0	17
client-core-current	5848bd00	FUN_5848bd00	29
client-core-current	5848bd20	FUN_5848bd20	20
client-core-current	5848bd40	FUN_5848bd40	296
client-core-current	5848be80	FUN_5848be80	19
client-core-current	5848bea0	FUN_5848bea0	19
client-core-current	5848bec0	FUN_5848bec0	22
client-core-current	5848bee0	FUN_5848bee0	17
client-core-current	5848bf00	FUN_5848bf00	19
client-core-current	5848bf20	FUN_5848bf20	20
client-core-current	5848bf40	FUN_5848bf40	20
client-core-current	5848bf60	FUN_5848bf60	20
client-core-current	5848bf80	FUN_5848bf80	138
client-core-current	5848c030	FUN_5848c030	19
client-core-current	5848c050	FUN_5848c050	28
client-core-current	5848c070	FUN_5848c070	20
client-core-current	5848c090	FUN_5848c090	20
client-core-current	5848c0b0	FUN_5848c0b0	17
client-core-current	5848c0d0	FUN_5848c0d0	22
client-core-current	5848c0f0	FUN_5848c0f0	22
client-core-current	5848c110	FUN_5848c110	20
client-core-current	5848c130	FUN_5848c130	17
client-core-current	5848c150	FUN_5848c150	28
client-core-current	5848c170	FUN_5848c170	442
client-core-current	5848c340	FUN_5848c340	19
client-core-current	5848c360	FUN_5848c360	29
client-core-current	5848c380	FUN_5848c380	25
client-core-current	5848c3a0	FUN_5848c3a0	113
client-core-current	5848c420	FUN_5848c420	20
client-core-current	5848c440	FUN_5848c440	19
client-core-current	5848c460	FUN_5848c460	20
client-core-current	5848c480	FUN_5848c480	21
client-core-current	5848c4a0	FUN_5848c4a0	17
client-core-current	5848c4c0	FUN_5848c4c0	21
client-core-current	5848c4e0	FUN_5848c4e0	2756
client-core-current	5848cfb0	FUN_5848cfb0	29
client-core-current	5848cfd0	FUN_5848cfd0	19
client-core-current	5848cff0	FUN_5848cff0	19
client-core-current	5848d010	FUN_5848d010	33
client-core-current	5848d040	FUN_5848d040	23
client-core-current	5848d060	FUN_5848d060	57
client-core-current	5848d0a0	FUN_5848d0a0	26
client-core-current	5848d0c0	FUN_5848d0c0	26
client-core-current	5848d0e0	FUN_5848d0e0	25
client-core-current	5848d100	FUN_5848d100	25
client-core-current	5848d120	FUN_5848d120	20
client-core-current	5848d140	FUN_5848d140	38
client-core-current	5848d170	FUN_5848d170	52
client-core-current	5848d1b0	FUN_5848d1b0	20
client-core-current	5848d1d0	FUN_5848d1d0	20
client-core-current	5848d1f0	FUN_5848d1f0	117
client-core-current	5848d270	FUN_5848d270	264
client-core-current	5848d380	FUN_5848d380	1223
client-core-current	5848d850	FUN_5848d850	476
client-core-current	5848da30	FUN_5848da30	1856
client-core-current	5848e170	FUN_5848e170	13
client-core-current	5848e180	FUN_5848e180	1468
client-core-current	5848e740	FUN_5848e740	2074
client-core-current	5848ef60	FUN_5848ef60	19
client-core-current	5848ef80	FUN_5848ef80	1276
client-core-current	5848f490	FUN_5848f490	126
client-core-current	5848f510	FUN_5848f510	97
client-core-current	5848f580	FUN_5848f580	3760
client-core-current	58490440	FUN_58490440	477
client-core-current	58490620	FUN_58490620	65
client-core-current	58490670	FUN_58490670	140
client-core-current	58490700	FUN_58490700	1381
client-core-current	58490c70	FUN_58490c70	25
client-core-current	58490c90	FUN_58490c90	1485
client-core-current	58491270	FUN_58491270	92
client-core-current	584912d0	FUN_584912d0	24
client-core-current	584912f0	FUN_584912f0	24
client-core-current	58491310	FUN_58491310	17
client-core-current	58491330	FUN_58491330	24
client-core-current	58491350	FUN_58491350	35
client-core-current	58491380	FUN_58491380	19
client-core-current	584913a0	FUN_584913a0	59
client-core-current	584913e0	FUN_584913e0	108
client-core-current	58491450	FUN_58491450	92
client-core-current	584914b0	FUN_584914b0	113
client-core-current	58491530	FUN_58491530	105
client-core-current	584915a0	FUN_584915a0	472
client-core-current	58491780	FUN_58491780	42
client-core-current	584917b0	FUN_584917b0	27
client-core-current	58491810	FUN_58491810	128
client-core-current	584918f0	FUN_584918f0	50
client-core-current	58491930	FUN_58491930	39
client-core-current	58491960	FUN_58491960	64
client-core-current	584919a0	FUN_584919a0	64
client-core-current	584919e0	FUN_584919e0	64
client-core-current	58491a20	FUN_58491a20	3427
client-core-current	58492790	FUN_58492790	20
client-core-current	584927b0	FUN_584927b0	20
client-core-current	584927d0	FUN_584927d0	20
client-core-current	584927f0	FUN_584927f0	1637
client-core-current	58492e60	FUN_58492e60	81
client-core-current	58492ec0	FUN_58492ec0	46
client-core-current	58492ef0	FUN_58492ef0	46
client-core-current	58492f20	FUN_58492f20	46
client-core-current	58492f50	FUN_58492f50	49
client-core-current	58492f90	FUN_58492f90	304
client-core-current	584930c0	FUN_584930c0	304
client-core-current	584931f0	FUN_584931f0	304
client-core-current	58493320	FUN_58493320	49
client-core-current	58493360	FUN_58493360	46
client-core-current	58493390	FUN_58493390	39
client-core-current	584933c0	FUN_584933c0	37
client-core-current	584933f0	FUN_584933f0	37
client-core-current	58493420	FUN_58493420	149
client-core-current	584934c0	FUN_584934c0	110
client-core-current	58493530	FUN_58493530	5520
client-core-current	58494ac0	FUN_58494ac0	187
client-core-current	58494b80	FUN_58494b80	414
client-core-current	58494d20	FUN_58494d20	19
client-core-current	58494d40	FUN_58494d40	591
client-core-current	58495070	FUN_58495070	650
client-core-current	58495300	FUN_58495300	50
client-core-current	58495340	FUN_58495340	142
client-core-current	584953d0	FUN_584953d0	264
client-core-current	584954e0	FUN_584954e0	258
client-core-current	584955f0	FUN_584955f0	28
client-core-current	58495610	FUN_58495610	17
client-core-current	58495630	FUN_58495630	25
client-core-current	58495650	FUN_58495650	20
client-core-current	58495670	FUN_58495670	20
client-core-current	58495690	FUN_58495690	20
client-core-current	584956b0	FUN_584956b0	21
client-core-current	584956d0	FUN_584956d0	20
client-core-current	584956f0	FUN_584956f0	20
client-core-current	58495710	FUN_58495710	17
client-core-current	58495730	FUN_58495730	17
client-core-current	58495750	FUN_58495750	30
client-core-current	58495770	FUN_58495770	30
client-core-current	58495790	FUN_58495790	20
client-core-current	584957b0	FUN_584957b0	17
client-core-current	584957d0	FUN_584957d0	17
client-core-current	584957f0	FUN_584957f0	17
client-core-current	58495810	FUN_58495810	20
client-core-current	58495830	FUN_58495830	21
client-core-current	58495850	FUN_58495850	17
client-core-current	58495870	FUN_58495870	17
client-core-current	58495890	FUN_58495890	22
client-core-current	584958b0	FUN_584958b0	23
client-core-current	584958d0	FUN_584958d0	23
client-core-current	584958f0	FUN_584958f0	20
client-core-current	58495910	FUN_58495910	23
client-core-current	58495930	FUN_58495930	21
client-core-current	58495950	FUN_58495950	21
client-core-current	58495970	FUN_58495970	19
client-core-current	58495990	FUN_58495990	20
client-core-current	584959b0	FUN_584959b0	27
client-core-current	584959d0	FUN_584959d0	20
client-core-current	584959f0	FUN_584959f0	20
client-core-current	58495a10	FUN_58495a10	20
client-core-current	58495a30	FUN_58495a30	20
client-core-current	58495a50	FUN_58495a50	44
client-core-current	58495a80	FUN_58495a80	20
client-core-current	58495aa0	FUN_58495aa0	20
client-core-current	58495ac0	FUN_58495ac0	2949
client-core-current	58496650	FUN_58496650	5069
client-core-current	58497a20	FUN_58497a20	643
client-core-current	58497cb0	FUN_58497cb0	750
client-core-current	58497fa0	FUN_58497fa0	489
client-core-current	58498190	FUN_58498190	169
client-core-current	58498240	FUN_58498240	370
client-core-current	584983c0	FUN_584983c0	3393
client-core-current	58499110	FUN_58499110	852
client-core-current	584994c0	FUN_584994c0	1182
client-core-current	58499960	FUN_58499960	384
client-core-current	58499ae0	FUN_58499ae0	10379
client-core-current	5849c370	FUN_5849c370	1013
client-core-current	5849c770	FUN_5849c770	220
client-core-current	5849c850	FUN_5849c850	49
client-core-current	5849c890	FUN_5849c890	1457
client-core-current	5849ce50	FUN_5849ce50	24
client-core-current	5849ce70	FUN_5849ce70	28
client-core-current	5849ce90	FUN_5849ce90	780
client-core-current	5849d1a0	FUN_5849d1a0	25
client-core-current	5849d1c0	FUN_5849d1c0	25
client-core-current	5849d1e0	FUN_5849d1e0	41
client-core-current	5849d210	FUN_5849d210	41
client-core-current	5849d240	FUN_5849d240	6056
client-core-current	5849ea40	FUN_5849ea40	130
client-core-current	5849ead0	FUN_5849ead0	41
client-core-current	5849eb00	FUN_5849eb00	57
client-core-current	5849eb40	FUN_5849eb40	525
client-core-current	5849ed60	FUN_5849ed60	1660
client-core-current	5849f3f0	FUN_5849f3f0	22
client-core-current	5849f410	FUN_5849f410	25
client-core-current	5849f430	FUN_5849f430	35
client-core-current	5849f460	FUN_5849f460	25
client-core-current	5849f480	FUN_5849f480	22
client-core-current	5849f4a0	FUN_5849f4a0	139
client-core-current	5849f530	FUN_5849f530	22
client-core-current	5849f550	FUN_5849f550	51
client-core-current	5849f590	FUN_5849f590	550
client-core-current	5849f7c0	FUN_5849f7c0	25
client-core-current	5849f7e0	FUN_5849f7e0	48
client-core-current	5849f810	FUN_5849f810	41
client-core-current	5849f840	FUN_5849f840	22
client-core-current	5849f860	FUN_5849f860	19
client-core-current	5849f880	FUN_5849f880	57
client-core-current	5849f8c0	FUN_5849f8c0	84
client-core-current	5849f920	FUN_5849f920	162
client-core-current	5849f9d0	FUN_5849f9d0	34
client-core-current	5849fa00	FUN_5849fa00	33
client-core-current	5849fa30	FUN_5849fa30	32
client-core-current	5849fa50	FUN_5849fa50	209
client-core-current	5849fb30	FUN_5849fb30	10
client-core-current	5849fb40	FUN_5849fb40	59
client-core-current	5849fb80	FUN_5849fb80	26
client-core-current	5849fba0	FUN_5849fba0	20
client-core-current	5849fbc0	FUN_5849fbc0	25
client-core-current	5849fbe0	FUN_5849fbe0	20
client-core-current	5849fc00	FUN_5849fc00	37
client-core-current	5849fc30	FUN_5849fc30	19
client-core-current	5849fc50	FUN_5849fc50	30
client-core-current	5849fc70	FUN_5849fc70	25
client-core-current	5849fc90	FUN_5849fc90	418
client-core-current	5849fe40	FUN_5849fe40	173
client-core-current	5849fef0	FUN_5849fef0	46
client-core-current	5849ff20	FUN_5849ff20	107
client-core-current	5849ff90	FUN_5849ff90	546
client-core-current	584a01e0	FUN_584a01e0	37
client-core-current	584a0210	FUN_584a0210	25
client-core-current	584a0230	FUN_584a0230	48
client-core-current	584a0260	FUN_584a0260	44
client-core-current	584a0290	FUN_584a0290	38
client-core-current	584a02c0	FUN_584a02c0	38
client-core-current	584a02f0	FUN_584a02f0	122
client-core-current	584a0370	FUN_584a0370	29
client-core-current	584a0390	FUN_584a0390	46
client-core-current	584a03c0	FUN_584a03c0	576
client-core-current	584a0610	FUN_584a0610	23
client-core-current	584a0630	FUN_584a0630	23
client-core-current	584a0650	FUN_584a0650	23
client-core-current	584a0670	FUN_584a0670	23
client-core-current	584a0690	FUN_584a0690	26
client-core-current	584a06b0	FUN_584a06b0	130
client-core-current	584a0740	FUN_584a0740	205
client-core-current	584a0820	FUN_584a0820	217
client-core-current	584a0930	FUN_584a0930	384
client-core-current	584a0ac0	FUN_584a0ac0	279
client-core-current	584a0be0	FUN_584a0be0	367
client-core-current	584a0d60	FUN_584a0d60	23
client-core-current	584a0d80	FUN_584a0d80	23
client-core-current	584a0da0	FUN_584a0da0	16
client-core-current	584a0db0	FUN_584a0db0	20
client-core-current	584a0dd0	FUN_584a0dd0	33
client-core-current	584a0e00	FUN_584a0e00	65
client-core-current	584a0e50	FUN_584a0e50	55
client-core-current	584a0e90	FUN_584a0e90	55
client-core-current	584a0ed0	FUN_584a0ed0	78
client-core-current	584a0f30	FUN_584a0f30	33
client-core-current	584a0f60	FUN_584a0f60	55
client-core-current	584a0fa0	FUN_584a0fa0	55
client-core-current	584a0fe0	FUN_584a0fe0	64
client-core-current	584a1020	FUN_584a1020	271
client-core-current	584a1130	FUN_584a1130	271
client-core-current	584a1240	FUN_584a1240	36
client-core-current	584a1270	FUN_584a1270	33
client-core-current	584a12a0	FUN_584a12a0	16
client-core-current	584a12b0	FUN_584a12b0	60
client-core-current	584a12f0	FUN_584a12f0	37
client-core-current	584a1320	FUN_584a1320	54
client-core-current	584a1360	FUN_584a1360	56
client-core-current	584a13a0	FUN_584a13a0	66
client-core-current	584a13f0	FUN_584a13f0	58
client-core-current	584a1430	FUN_584a1430	92
client-core-current	584a1490	FUN_584a1490	92
client-core-current	584a14f0	FUN_584a14f0	237
client-core-current	584a15e0	FUN_584a15e0	60
client-core-current	584a1620	FUN_584a1620	60
client-core-current	584a1660	FUN_584a1660	74
client-core-current	584a16b0	FUN_584a16b0	74
client-core-current	584a1700	FUN_584a1700	70
client-core-current	584a1750	FUN_584a1750	191
client-core-current	584a1810	FUN_584a1810	191
client-core-current	584a18d0	FUN_584a18d0	65
client-core-current	584a1920	FUN_584a1920	65
client-core-current	584a1970	FUN_584a1970	93
client-core-current	584a19e0	FUN_584a19e0	93
client-core-current	584a1a50	FUN_584a1a50	40
client-core-current	584a1a80	FUN_584a1a80	40
client-core-current	584a1ab0	FUN_584a1ab0	98
client-core-current	584a1b20	FUN_584a1b20	98
client-core-current	584a1b90	FUN_584a1b90	264
client-core-current	584a1ca0	FUN_584a1ca0	264
client-core-current	584a1db0	FUN_584a1db0	192
client-core-current	584a1ed0	FUN_584a1ed0	119
client-core-current	584a1f50	FUN_584a1f50	119
client-core-current	584a1fd0	FUN_584a1fd0	29
client-core-current	584a1ff0	FUN_584a1ff0	29
client-core-current	584a2010	FUN_584a2010	59
client-core-current	584a2050	FUN_584a2050	59
client-core-current	584a2090	FUN_584a2090	34
client-core-current	584a20c0	FUN_584a20c0	55
client-core-current	584a2100	FUN_584a2100	55
client-core-current	584a2140	FUN_584a2140	33
client-core-current	584a2170	FUN_584a2170	93
client-core-current	584a21d0	FUN_584a21d0	93
client-core-current	584a2230	FUN_584a2230	29
client-core-current	584a2250	FUN_584a2250	29
client-core-current	584a2270	FUN_584a2270	38
client-core-current	584a22a0	FUN_584a22a0	119
client-core-current	584a2320	FUN_584a2320	16
client-core-current	584a2330	FUN_584a2330	48
client-core-current	584a2360	FUN_584a2360	48
client-core-current	584a2390	FUN_584a2390	30
client-core-current	584a23b0	FUN_584a23b0	42
client-core-current	584a23e0	FUN_584a23e0	42
client-core-current	584a2410	FUN_584a2410	169
client-core-current	584a24c0	FUN_584a24c0	169
client-core-current	584a2570	FUN_584a2570	20
client-core-current	584a2590	FUN_584a2590	20
client-core-current	584a25b0	FUN_584a25b0	20
client-core-current	584a25d0	FUN_584a25d0	20
client-core-current	584a25f0	FUN_584a25f0	47
client-core-current	584a2620	FUN_584a2620	54
client-core-current	584a2660	FUN_584a2660	36
client-core-current	584a2690	FUN_584a2690	36
client-core-current	584a26c0	FUN_584a26c0	28
client-core-current	584a26e0	FUN_584a26e0	19
client-core-current	584a2700	FUN_584a2700	19
client-core-current	584a2720	FUN_584a2720	22
client-core-current	584a2740	FUN_584a2740	22
client-core-current	584a2760	FUN_584a2760	109
client-core-current	584a27d0	FUN_584a27d0	22
client-core-current	584a27f0	FUN_584a27f0	47
client-core-current	584a2820	FUN_584a2820	47
client-core-current	584a2850	FUN_584a2850	772
client-core-current	584a2b60	FUN_584a2b60	29
client-core-current	584a2b80	FUN_584a2b80	150
client-core-current	584a2c20	FUN_584a2c20	25
client-core-current	584a2c40	FUN_584a2c40	333
client-core-current	584a2d90	FUN_584a2d90	83
client-core-current	584a2df0	FUN_584a2df0	147
client-core-current	584a2e90	FUN_584a2e90	324
client-core-current	584a2fe0	FUN_584a2fe0	82
client-core-current	584a3040	FUN_584a3040	82
client-core-current	584a30a0	FUN_584a30a0	47
client-core-current	584a30d0	FUN_584a30d0	47
client-core-current	584a3100	FUN_584a3100	45
client-core-current	584a3130	FUN_584a3130	99
client-core-current	584a31a0	FUN_584a31a0	42
client-core-current	584a31d0	FUN_584a31d0	42
client-core-current	584a3200	FUN_584a3200	23
client-core-current	584a3220	FUN_584a3220	523
client-core-current	584a3430	FUN_584a3430	152
client-core-current	584a34d0	FUN_584a34d0	31
client-core-current	584a34f0	FUN_584a34f0	39
client-core-current	584a3520	FUN_584a3520	155
client-core-current	584a35c0	FUN_584a35c0	13
client-core-current	584a35d0	FUN_584a35d0	34
client-core-current	584a3600	FUN_584a3600	34
client-core-current	584a3630	FUN_584a3630	49
client-core-current	584a3670	FUN_584a3670	114
client-core-current	584a36f0	FUN_584a36f0	22
client-core-current	584a3710	FUN_584a3710	22
client-core-current	584a3730	FUN_584a3730	30
client-core-current	584a3750	FUN_584a3750	30
client-core-current	584a3770	FUN_584a3770	47
client-core-current	584a37a0	FUN_584a37a0	60
client-core-current	584a37e0	FUN_584a37e0	788
client-core-current	584a3b00	FUN_584a3b00	73
client-core-current	584a3b50	FUN_584a3b50	147
client-core-current	584a3bf0	FUN_584a3bf0	346
client-core-current	584a3d50	FUN_584a3d50	10
client-core-current	584a3d60	FUN_584a3d60	10
client-core-current	584a3d70	FUN_584a3d70	59
client-core-current	584a3db0	FUN_584a3db0	59
client-core-current	584a3df0	FUN_584a3df0	17
client-core-current	584a3e10	FUN_584a3e10	692
client-core-current	584a40d0	FUN_584a40d0	322
client-core-current	584a4220	FUN_584a4220	658
client-core-current	584a44c0	FUN_584a44c0	107
client-core-current	584a4530	FUN_584a4530	220
client-core-current	584a4610	FUN_584a4610	312
client-core-current	584a4750	FUN_584a4750	376
client-core-current	584a48d0	FUN_584a48d0	121
client-core-current	584a4950	FUN_584a4950	23
client-core-current	584a4970	FUN_584a4970	23
client-core-current	584a4990	FUN_584a4990	81
client-core-current	584a49f0	FUN_584a49f0	20
client-core-current	584a4a10	FUN_584a4a10	109
client-core-current	584a4a80	FUN_584a4a80	27
client-core-current	584a4aa0	FUN_584a4aa0	22
client-core-current	584a4ac0	FUN_584a4ac0	1510
client-core-current	584a50b0	FUN_584a50b0	25
client-core-current	584a50d0	FUN_584a50d0	909
client-core-current	584a5460	FUN_584a5460	19
client-core-current	584a5480	FUN_584a5480	25
client-core-current	584a54a0	FUN_584a54a0	20
client-core-current	584a54c0	FUN_584a54c0	20
client-core-current	584a54e0	FUN_584a54e0	237
client-core-current	584a55d0	FUN_584a55d0	322
client-core-current	584a5720	FUN_584a5720	98
client-core-current	584a5790	FUN_584a5790	155
client-core-current	584a5830	FUN_584a5830	304
client-core-current	584a5960	FUN_584a5960	386
client-core-current	584a5af0	FUN_584a5af0	1040
client-core-current	584a5f10	FUN_584a5f10	403
client-core-current	584a60b0	FUN_584a60b0	1342
client-core-current	584a65f0	FUN_584a65f0	2223
client-core-current	584a6ea0	FUN_584a6ea0	386
client-core-current	584a7030	FUN_584a7030	952
client-core-current	584a73f0	FUN_584a73f0	878
client-core-current	584a7760	FUN_584a7760	896
client-core-current	584a7ae0	FUN_584a7ae0	172
client-core-current	584a7b90	FUN_584a7b90	125
client-core-current	584a7c10	FUN_584a7c10	38
client-core-current	584a7c40	FUN_584a7c40	108
client-core-current	584a7cb0	FUN_584a7cb0	264
client-core-current	584a7dc0	FUN_584a7dc0	42
client-core-current	584a7df0	FUN_584a7df0	207
client-core-current	584a7ec0	FUN_584a7ec0	36
client-core-current	584a7ef0	FUN_584a7ef0	127
client-core-current	584a7f70	FUN_584a7f70	211
client-core-current	584a8050	FUN_584a8050	119
client-core-current	584a80d0	FUN_584a80d0	33
client-core-current	584a8100	FUN_584a8100	173
client-core-current	584a81b0	FUN_584a81b0	179
client-core-current	584a8270	FUN_584a8270	215
client-core-current	584a8350	FUN_584a8350	208
client-core-current	584a8420	FUN_584a8420	64
client-core-current	584a8460	FUN_584a8460	192
client-core-current	584a8520	FUN_584a8520	291
client-core-current	584a8660	FUN_584a8660	300
client-core-current	584a8790	FUN_584a8790	99
client-core-current	584a8800	FUN_584a8800	690
client-core-current	584a8ac0	FUN_584a8ac0	316
client-core-current	584a8c00	FUN_584a8c00	81
client-core-current	584a8c60	FUN_584a8c60	483
client-core-current	584a8e50	FUN_584a8e50	20
client-core-current	584a8e70	FUN_584a8e70	20
client-core-current	584a8e90	FUN_584a8e90	83
client-core-current	584a8ef0	FUN_584a8ef0	33
client-core-current	584a8f20	FUN_584a8f20	271
client-core-current	584a9030	FUN_584a9030	55
client-core-current	584a9070	FUN_584a9070	37
client-core-current	584a90a0	FUN_584a90a0	64
client-core-current	584a90e0	FUN_584a90e0	44
client-core-current	584a9110	FUN_584a9110	19
client-core-current	584a9130	FUN_584a9130	63
client-core-current	584a9170	FUN_584a9170	92
client-core-current	584a91d0	FUN_584a91d0	310
client-core-current	584a9310	FUN_584a9310	253
client-core-current	584a9410	FUN_584a9410	60
client-core-current	584a9450	FUN_584a9450	74
client-core-current	584a94a0	FUN_584a94a0	70
client-core-current	584a94f0	FUN_584a94f0	191
client-core-current	584a95b0	FUN_584a95b0	65
client-core-current	584a9600	FUN_584a9600	93
client-core-current	584a9670	FUN_584a9670	15
client-core-current	584a9680	FUN_584a9680	40
client-core-current	584a96b0	FUN_584a96b0	98
client-core-current	584a9720	FUN_584a9720	87
client-core-current	584a9780	FUN_584a9780	264
client-core-current	584a9890	FUN_584a9890	119
client-core-current	584a9910	FUN_584a9910	16
client-core-current	584a9920	FUN_584a9920	45
client-core-current	584a9950	FUN_584a9950	42
client-core-current	584a9980	FUN_584a9980	55
client-core-current	584a99c0	FUN_584a99c0	93
client-core-current	584a9a20	FUN_584a9a20	164
client-core-current	584a9ad0	FUN_584a9ad0	128
client-core-current	584a9b50	FUN_584a9b50	29
client-core-current	584a9b70	FUN_584a9b70	34
client-core-current	584a9ba0	FUN_584a9ba0	30
client-core-current	584a9bc0	FUN_584a9bc0	48
client-core-current	584a9bf0	FUN_584a9bf0	20
client-core-current	584a9c10	FUN_584a9c10	20
client-core-current	584a9c30	FUN_584a9c30	42
client-core-current	584a9c60	FUN_584a9c60	169
client-core-current	584a9d10	FUN_584a9d10	20
client-core-current	584a9d30	FUN_584a9d30	29
client-core-current	584a9d50	FUN_584a9d50	20
client-core-current	584a9d70	FUN_584a9d70	20
client-core-current	584a9d90	FUN_584a9d90	20
client-core-current	584a9db0	FUN_584a9db0	20
client-core-current	584a9dd0	FUN_584a9dd0	82
client-core-current	584a9e30	FUN_584a9e30	36
client-core-current	584a9e60	FUN_584a9e60	29
client-core-current	584a9e80	FUN_584a9e80	46
client-core-current	584a9eb0	FUN_584a9eb0	49
client-core-current	584a9ef0	FUN_584a9ef0	348
client-core-current	584aa050	FUN_584aa050	163
client-core-current	584aa100	FUN_584aa100	62
client-core-current	584aa140	FUN_584aa140	154
client-core-current	584aa1e0	FUN_584aa1e0	17
client-core-current	584aa200	FUN_584aa200	73
client-core-current	584aa250	FUN_584aa250	101
client-core-current	584aa2c0	FUN_584aa2c0	39
client-core-current	584aa2f0	FUN_584aa2f0	20
client-core-current	584aa310	FUN_584aa310	82
client-core-current	584aa370	FUN_584aa370	47
client-core-current	584aa3a0	FUN_584aa3a0	81
client-core-current	584aa400	FUN_584aa400	42
client-core-current	584aa430	FUN_584aa430	25
client-core-current	584aa450	FUN_584aa450	42
client-core-current	584aa480	FUN_584aa480	54
client-core-current	584aa4c0	FUN_584aa4c0	23
client-core-current	584aa4e0	FUN_584aa4e0	136
client-core-current	584aa570	FUN_584aa570	13
client-core-current	584aa580	FUN_584aa580	34
client-core-current	584aa5b0	FUN_584aa5b0	34
client-core-current	584aa5e0	FUN_584aa5e0	15
client-core-current	584aa5f0	FUN_584aa5f0	114
client-core-current	584aa670	FUN_584aa670	34
client-core-current	584aa6a0	FUN_584aa6a0	79
client-core-current	584aa6f0	FUN_584aa6f0	28
client-core-current	584aa710	FUN_584aa710	22
client-core-current	584aa730	FUN_584aa730	29
client-core-current	584aa750	FUN_584aa750	30
client-core-current	584aa770	FUN_584aa770	60
client-core-current	584aa7b0	FUN_584aa7b0	56
client-core-current	584aa7f0	FUN_584aa7f0	8
client-core-current	584aa800	FUN_584aa800	10
client-core-current	584aa810	FUN_584aa810	59
client-core-current	584aa850	FUN_584aa850	96
client-core-current	584aa8b0	FUN_584aa8b0	31
client-core-current	584aa8d0	FUN_584aa8d0	54
client-core-current	584aa910	FUN_584aa910	29
client-core-current	584aa930	FUN_584aa930	46
client-core-current	584aa960	FUN_584aa960	110
client-core-current	584aa9d0	FUN_584aa9d0	1277
client-core-current	584aaef0	FUN_584aaef0	412
client-core-current	584ab090	FUN_584ab090	49
client-core-current	584ab0d0	FUN_584ab0d0	282
client-core-current	584ab1f0	FUN_584ab1f0	78
client-core-current	584ab240	FUN_584ab240	2599
client-core-current	584abc70	FUN_584abc70	1138
client-core-current	584ac0f0	FUN_584ac0f0	480
client-core-current	584ac2d0	FUN_584ac2d0	463
client-core-current	584ac4a0	FUN_584ac4a0	29
client-core-current	584ac4c0	FUN_584ac4c0	49
client-core-current	584ac500	FUN_584ac500	713
client-core-current	584ac7d0	FUN_584ac7d0	78
client-core-current	584ac820	FUN_584ac820	37
client-core-current	584ac850	FUN_584ac850	281
client-core-current	584ac970	FUN_584ac970	77
client-core-current	584ac9c0	FUN_584ac9c0	1286
client-core-current	584aced0	FUN_584aced0	82
client-core-current	584acf30	FUN_584acf30	68
client-core-current	584acf80	FUN_584acf80	25
client-core-current	584acfa0	FUN_584acfa0	24
client-core-current	584acfc0	FUN_584acfc0	35
client-core-current	584acff0	FUN_584acff0	46
client-core-current	584ad020	FUN_584ad020	2097
client-core-current	584ad860	FUN_584ad860	85
client-core-current	584ad8c0	FUN_584ad8c0	22
client-core-current	584ad8e0	FUN_584ad8e0	46
client-core-current	584ad910	FUN_584ad910	282
client-core-current	584ada30	FUN_584ada30	3471
client-core-current	584ae7c0	FUN_584ae7c0	1378
client-core-current	584aed30	FUN_584aed30	49
client-core-current	584aed70	FUN_584aed70	38
client-core-current	584aeda0	FUN_584aeda0	292
client-core-current	584aefe0	FUN_584aefe0	198
client-core-current	584af0b0	FUN_584af0b0	274
client-core-current	584af1d0	FUN_584af1d0	285
client-core-current	584af320	FUN_584af320	143
client-core-current	584af3b0	FUN_584af3b0	242
client-core-current	584af4b0	FUN_584af4b0	437
client-core-current	584af670	FUN_584af670	221
client-core-current	584af750	FUN_584af750	25
client-core-current	584af770	FUN_584af770	856
client-core-current	584afad0	FUN_584afad0	26
client-core-current	584afaf0	FUN_584afaf0	19
client-core-current	584afb10	FUN_584afb10	26
client-core-current	584afb30	FUN_584afb30	149
client-core-current	584afbd0	FUN_584afbd0	152
client-core-current	584afc70	FUN_584afc70	26
client-core-current	584afc90	FUN_584afc90	17
client-core-current	584afcb0	FUN_584afcb0	20
client-core-current	584afcd0	FUN_584afcd0	20
client-core-current	584afcf0	FUN_584afcf0	20
client-core-current	584afd10	FUN_584afd10	32
client-core-current	584afd30	FUN_584afd30	20
client-core-current	584afd50	FUN_584afd50	106
client-core-current	584afdc0	FUN_584afdc0	360
client-core-current	584aff30	FUN_584aff30	423
client-core-current	584b00e0	FUN_584b00e0	137
client-core-current	584b0170	FUN_584b0170	20
client-core-current	584b0190	FUN_584b0190	322
client-core-current	584b02e0	FUN_584b02e0	47
client-core-current	584b0310	FUN_584b0310	20
client-core-current	584b0330	FUN_584b0330	13
client-core-current	584b0340	FUN_584b0340	43
client-core-current	584b0370	FUN_584b0370	1860
client-core-current	584b0ac0	FUN_584b0ac0	88
client-core-current	584b0b20	FUN_584b0b20	25
client-core-current	584b0b40	FUN_584b0b40	68
client-core-current	584b0b90	FUN_584b0b90	21
client-core-current	584b0bb0	FUN_584b0bb0	543
client-core-current	584b0dd0	FUN_584b0dd0	25
client-core-current	584b0df0	FUN_584b0df0	93
client-core-current	584b0e50	FUN_584b0e50	160
client-core-current	584b0f00	FUN_584b0f00	430
client-core-current	584b10b0	FUN_584b10b0	648
client-core-current	584b1340	FUN_584b1340	230
client-core-current	584b1430	FUN_584b1430	191
client-core-current	584b1500	FUN_584b1500	10
client-core-current	584b1510	FUN_584b1510	41
client-core-current	584b1540	FUN_584b1540	31
client-core-current	584b1560	FUN_584b1560	80
client-core-current	584b15b0	FUN_584b15b0	51
client-core-current	584b15f0	FUN_584b15f0	23
client-core-current	584b1610	FUN_584b1610	20
client-core-current	584b1630	FUN_584b1630	46
client-core-current	584b1660	FUN_584b1660	1958
client-core-current	584b1e90	FUN_584b1e90	235
client-core-current	584b1f80	FUN_584b1f80	62
client-core-current	584b1fc0	FUN_584b1fc0	29
client-core-current	584b1fe0	FUN_584b1fe0	49
client-core-current	584b2020	FUN_584b2020	120
client-core-current	584b20a0	FUN_584b20a0	134
client-core-current	584b2130	FUN_584b2130	13
client-core-current	584b2140	FUN_584b2140	27
client-core-current	584b2160	FUN_584b2160	158
client-core-current	584b2200	FUN_584b2200	151
client-core-current	584b22a0	FUN_584b22a0	62
client-core-current	584b22e0	FUN_584b22e0	29
client-core-current	584b2300	FUN_584b2300	49
client-core-current	584b2340	FUN_584b2340	143
client-core-current	584b23d0	FUN_584b23d0	40
client-core-current	584b2400	FUN_584b2400	27
client-core-current	584b2420	FUN_584b2420	272
client-core-current	584b2530	FUN_584b2530	29
client-core-current	584b2550	FUN_584b2550	49
client-core-current	584b2590	FUN_584b2590	322
client-core-current	584b26e0	FUN_584b26e0	344
client-core-current	584b2840	FUN_584b2840	62
client-core-current	584b2880	FUN_584b2880	29
client-core-current	584b28a0	FUN_584b28a0	49
client-core-current	584b28e0	FUN_584b28e0	134
client-core-current	584b2970	FUN_584b2970	1543
client-core-current	584b2fa0	FUN_584b2fa0	62
client-core-current	584b2fe0	FUN_584b2fe0	29
client-core-current	584b3000	FUN_584b3000	49
client-core-current	584b3040	FUN_584b3040	134
client-core-current	584b30d0	FUN_584b30d0	152
client-core-current	584b3170	FUN_584b3170	62
client-core-current	584b31b0	FUN_584b31b0	29
client-core-current	584b31d0	FUN_584b31d0	49
client-core-current	584b3210	FUN_584b3210	134
client-core-current	584b32a0	FUN_584b32a0	70
client-core-current	584b32f0	FUN_584b32f0	62
client-core-current	584b3330	FUN_584b3330	29
client-core-current	584b3350	FUN_584b3350	49
client-core-current	584b3390	FUN_584b3390	140
client-core-current	584b3420	FUN_584b3420	62
client-core-current	584b3460	FUN_584b3460	29
client-core-current	584b3480	FUN_584b3480	49
client-core-current	584b34c0	FUN_584b34c0	363
client-core-current	584b3630	FUN_584b3630	231
client-core-current	584b3720	FUN_584b3720	49
client-core-current	584b3760	FUN_584b3760	360
client-core-current	584b38d0	FUN_584b38d0	31
client-core-current	584b38f0	FUN_584b38f0	100
client-core-current	584b3960	FUN_584b3960	62
client-core-current	584b39a0	FUN_584b39a0	29
client-core-current	584b39c0	FUN_584b39c0	49
client-core-current	584b3a00	FUN_584b3a00	62
client-core-current	584b3a40	FUN_584b3a40	29
client-core-current	584b3a60	FUN_584b3a60	49
client-core-current	584b3aa0	FUN_584b3aa0	143
client-core-current	584b3b30	FUN_584b3b30	323
client-core-current	584b3c90	FUN_584b3c90	62
client-core-current	584b3cd0	FUN_584b3cd0	29
client-core-current	584b3cf0	FUN_584b3cf0	49
client-core-current	584b3d30	FUN_584b3d30	134
client-core-current	584b3dc0	FUN_584b3dc0	175
client-core-current	584b3e70	FUN_584b3e70	242
client-core-current	584b3f70	FUN_584b3f70	104
client-core-current	584b3fe0	FUN_584b3fe0	49
client-core-current	584b4020	FUN_584b4020	245
client-core-current	584b4120	FUN_584b4120	142
client-core-current	584b41b0	FUN_584b41b0	318
client-core-current	584b42f0	FUN_584b42f0	231
client-core-current	584b43e0	FUN_584b43e0	49
client-core-current	584b4420	FUN_584b4420	402
client-core-current	584b45d0	FUN_584b45d0	982
client-core-current	584b49c0	FUN_584b49c0	62
client-core-current	584b4a00	FUN_584b4a00	29
client-core-current	584b4a20	FUN_584b4a20	49
client-core-current	584b4a60	FUN_584b4a60	134
client-core-current	584b4af0	FUN_584b4af0	183
client-core-current	584b4bb0	FUN_584b4bb0	62
client-core-current	584b4bf0	FUN_584b4bf0	29
client-core-current	584b4c10	FUN_584b4c10	49
client-core-current	584b4c50	FUN_584b4c50	143
client-core-current	584b4ce0	FUN_584b4ce0	62
client-core-current	584b4d20	FUN_584b4d20	29
client-core-current	584b4d40	FUN_584b4d40	49
client-core-current	584b4d80	FUN_584b4d80	134
client-core-current	584b4e10	FUN_584b4e10	89
client-core-current	584b4e70	FUN_584b4e70	485
client-core-current	584b5060	FUN_584b5060	159
client-core-current	584b5100	FUN_584b5100	49
client-core-current	584b5140	FUN_584b5140	28
client-core-current	584b5160	FUN_584b5160	318
client-core-current	584b52a0	FUN_584b52a0	263
client-core-current	584b53b0	FUN_584b53b0	314
client-core-current	584b54f0	FUN_584b54f0	189
client-core-current	584b55b0	FUN_584b55b0	531
client-core-current	584b57d0	FUN_584b57d0	27
client-core-current	584b57f0	FUN_584b57f0	71
client-core-current	584b5840	FUN_584b5840	78
client-core-current	584b5890	FUN_584b5890	692
client-core-current	584b5b50	FUN_584b5b50	34
client-core-current	584b5b80	FUN_584b5b80	21
client-core-current	584b5ba0	FUN_584b5ba0	28
client-core-current	584b5bc0	FUN_584b5bc0	28
client-core-current	584b5be0	FUN_584b5be0	450
client-core-current	584b5db0	FUN_584b5db0	159
client-core-current	584b5e50	FUN_584b5e50	46
client-core-current	584b6db0	FUN_584b6db0	120
client-core-current	584b6e30	FUN_584b6e30	31
client-core-current	584b6e50	FUN_584b6e50	28
client-core-current	584b6e70	FUN_584b6e70	38
client-core-current	584b6ea0	FUN_584b6ea0	28
client-core-current	584b6ec0	FUN_584b6ec0	197
client-core-current	584b6f90	FUN_584b6f90	463
client-core-current	584b7160	FUN_584b7160	186
client-core-current	584b7220	FUN_584b7220	49
client-core-current	584b7260	FUN_584b7260	563
client-core-current	584b74a0	FUN_584b74a0	932
client-core-current	584b7850	FUN_584b7850	222
client-core-current	584b7930	FUN_584b7930	154
client-core-current	584b83e0	FUN_584b83e0	89
client-core-current	584b8440	FUN_584b8440	111
client-core-current	584b84b0	FUN_584b84b0	27
client-core-current	584b8500	FUN_584b8500	27
client-core-current	584b8550	FUN_584b8550	224
client-core-current	584b8630	FUN_584b8630	385
client-core-current	584b87c0	FUN_584b87c0	241
client-core-current	584b88c0	FUN_584b88c0	99
client-core-current	584b8930	FUN_584b8930	102
client-core-current	584b89a0	FUN_584b89a0	53
client-core-current	584b89e0	FUN_584b89e0	49
client-core-current	584b8a20	FUN_584b8a20	475
client-core-current	584b8c00	FUN_584b8c00	119
client-core-current	584b8c80	FUN_584b8c80	102
client-core-current	584b8cf0	FUN_584b8cf0	374
client-core-current	584b8e70	FUN_584b8e70	222
client-core-current	584b8f50	FUN_584b8f50	88
client-core-current	584b8fb0	FUN_584b8fb0	684
client-core-current	584b9260	FUN_584b9260	26
client-core-current	584b9280	FUN_584b9280	20
client-core-current	584b92a0	FUN_584b92a0	20
client-core-current	584b92c0	FUN_584b92c0	534
client-core-current	584b94e0	FUN_584b94e0	22
client-core-current	584b9500	FUN_584b9500	20
client-core-current	584b9520	FUN_584b9520	148
client-core-current	584b95c0	FUN_584b95c0	21
client-core-current	584b95e0	FUN_584b95e0	46
client-core-current	584b9610	FUN_584b9610	75
client-core-current	584b9660	FUN_584b9660	51
client-core-current	584b96a0	FUN_584b96a0	448
client-core-current	584b9860	FUN_584b9860	652
client-core-current	584b9af0	FUN_584b9af0	139
client-core-current	584b9b80	FUN_584b9b80	364
client-core-current	584b9cf0	FUN_584b9cf0	142
client-core-current	584b9d80	FUN_584b9d80	22
client-core-current	584b9da0	FUN_584b9da0	146
client-core-current	584b9e40	FUN_584b9e40	302
client-core-current	584b9f80	FUN_584b9f80	41
client-core-current	584b9fb0	FUN_584b9fb0	209
client-core-current	584ba090	FUN_584ba090	24
client-core-current	584ba0b0	FUN_584ba0b0	36
client-core-current	584ba0e0	FUN_584ba0e0	58
client-core-current	584ba120	FUN_584ba120	19
client-core-current	584ba140	FUN_584ba140	19
client-core-current	584ba160	FUN_584ba160	65
client-core-current	584ba1b0	FUN_584ba1b0	62
client-core-current	584ba1f0	FUN_584ba1f0	113
client-core-current	584ba270	FUN_584ba270	113
client-core-current	584ba2f0	FUN_584ba2f0	94
client-core-current	584ba350	FUN_584ba350	92
client-core-current	584ba3b0	FUN_584ba3b0	116
client-core-current	584ba430	FUN_584ba430	113
client-core-current	584ba4b0	FUN_584ba4b0	105
client-core-current	584ba520	FUN_584ba520	105
client-core-current	584ba590	FUN_584ba590	503
client-core-current	584ba790	FUN_584ba790	482
client-core-current	584ba980	FUN_584ba980	40
client-core-current	584ba9b0	FUN_584ba9b0	43
client-core-current	584ba9e0	FUN_584ba9e0	31
client-core-current	584baa40	FUN_584baa40	31
client-core-current	584baaa0	FUN_584baaa0	229
client-core-current	584bab90	FUN_584bab90	229
client-core-current	584bac80	FUN_584bac80	136
client-core-current	584bad70	FUN_584bad70	133
client-core-current	584bae60	FUN_584bae60	56
client-core-current	584baea0	FUN_584baea0	53
client-core-current	584baee0	FUN_584baee0	152
client-core-current	584baf80	FUN_584baf80	20
client-core-current	584bafa0	FUN_584bafa0	20
client-core-current	584bafc0	FUN_584bafc0	43
client-core-current	584baff0	FUN_584baff0	81
client-core-current	584bb050	FUN_584bb050	81
client-core-current	584bb0b0	FUN_584bb0b0	53
client-core-current	584bb0f0	FUN_584bb0f0	53
client-core-current	584bb130	FUN_584bb130	30
client-core-current	584bb150	FUN_584bb150	27
client-core-current	584bb170	FUN_584bb170	42
client-core-current	584bb1a0	FUN_584bb1a0	42
client-core-current	584bb1d0	FUN_584bb1d0	46
client-core-current	584bb200	FUN_584bb200	35
client-core-current	584bb230	FUN_584bb230	301
client-core-current	584bb360	FUN_584bb360	34
client-core-current	584bb390	FUN_584bb390	139
client-core-current	584bb420	FUN_584bb420	139
client-core-current	584bb4b0	FUN_584bb4b0	34
client-core-current	584bb4e0	FUN_584bb4e0	139
client-core-current	584bb570	FUN_584bb570	34
client-core-current	584bb5a0	FUN_584bb5a0	139
client-core-current	584bb630	FUN_584bb630	34
client-core-current	584bb660	FUN_584bb660	139
client-core-current	584bb6f0	FUN_584bb6f0	34
client-core-current	584bb720	FUN_584bb720	136
client-core-current	584bb7b0	FUN_584bb7b0	34
client-core-current	584bb7e0	FUN_584bb7e0	133
client-core-current	584bb870	FUN_584bb870	205
client-core-current	584bb940	FUN_584bb940	197
client-core-current	584bba10	FUN_584bba10	480
client-core-current	584bbbf0	FUN_584bbbf0	141
client-core-current	584bbc80	FUN_584bbc80	123
client-core-current	584bbd00	FUN_584bbd00	84
client-core-current	584bbd60	FUN_584bbd60	84
client-core-current	584bbdc0	FUN_584bbdc0	169
client-core-current	584bbe70	FUN_584bbe70	163
client-core-current	584bbf20	FUN_584bbf20	155
client-core-current	584bbfc0	FUN_584bbfc0	155
client-core-current	584bc060	FUN_584bc060	34
client-core-current	584bc090	FUN_584bc090	34
client-core-current	584bc0c0	FUN_584bc0c0	38
client-core-current	584bc0f0	FUN_584bc0f0	38
client-core-current	584bc120	FUN_584bc120	33
client-core-current	584bc150	FUN_584bc150	30
client-core-current	584bc170	FUN_584bc170	216
client-core-current	584bc250	FUN_584bc250	209
client-core-current	584bc330	FUN_584bc330	10
client-core-current	584bc340	FUN_584bc340	10
client-core-current	584bc350	FUN_584bc350	59
client-core-current	584bc390	FUN_584bc390	59
client-core-current	584bc3d0	FUN_584bc3d0	26
client-core-current	584bc3f0	FUN_584bc3f0	26
client-core-current	584bc410	FUN_584bc410	58
client-core-current	584bc450	FUN_584bc450	58
client-core-current	584bc490	FUN_584bc490	102
client-core-current	584bc500	FUN_584bc500	83
client-core-current	584bc560	FUN_584bc560	126
client-core-current	584bc5e0	FUN_584bc5e0	46
client-core-current	584bc610	FUN_584bc610	1345
client-core-current	584bcb70	FUN_584bcb70	2966
client-core-current	584bd710	FUN_584bd710	49
client-core-current	584bd750	FUN_584bd750	415
client-core-current	584bd900	FUN_584bd900	1384
client-core-current	584bde70	FUN_584bde70	492
client-core-current	584be060	FUN_584be060	243
client-core-current	584be160	FUN_584be160	650
client-core-current	584be3f0	FUN_584be3f0	158
client-core-current	584be490	FUN_584be490	49
client-core-current	584be4d0	FUN_584be4d0	418
client-core-current	584be680	FUN_584be680	267
client-core-current	584be790	FUN_584be790	172
client-core-current	584be840	FUN_584be840	610
client-core-current	584beab0	FUN_584beab0	274
client-core-current	584bebd0	FUN_584bebd0	131
client-core-current	584bec60	FUN_584bec60	169
client-core-current	584bed10	FUN_584bed10	25
client-core-current	584bed30	FUN_584bed30	47
client-core-current	584bed60	FUN_584bed60	47
client-core-current	584bed90	FUN_584bed90	22
client-core-current	584bedb0	FUN_584bedb0	183
client-core-current	584bee70	FUN_584bee70	36
client-core-current	584beea0	FUN_584beea0	275
client-core-current	584befc0	FUN_584befc0	104
client-core-current	584bf030	FUN_584bf030	49
client-core-current	584bf070	FUN_584bf070	137
client-core-current	584bf100	FUN_584bf100	69
client-core-current	584bf150	FUN_584bf150	5339
client-core-current	584c0630	FUN_584c0630	351
client-core-current	584c07a0	FUN_584c07a0	49
client-core-current	584c07e0	FUN_584c07e0	41
client-core-current	584c0810	FUN_584c0810	737
client-core-current	584c0b00	FUN_584c0b00	187
client-core-current	584c0bc0	FUN_584c0bc0	103
client-core-current	584c0c30	FUN_584c0c30	424
client-core-current	584c0de0	FUN_584c0de0	243
client-core-current	584c0ee0	FUN_584c0ee0	322
client-core-current	584c1030	FUN_584c1030	209
client-core-current	584c1110	FUN_584c1110	49
client-core-current	584c1150	FUN_584c1150	916
client-core-current	584c14f0	FUN_584c14f0	187
client-core-current	584c15b0	FUN_584c15b0	3284
client-core-current	584c2290	FUN_584c2290	29
client-core-current	584c22b0	FUN_584c22b0	3715
client-core-current	584c3140	FUN_584c3140	26
client-core-current	584c3160	FUN_584c3160	26
client-core-current	584c3180	FUN_584c3180	483
client-core-current	584c3370	FUN_584c3370	17
client-core-current	584c3390	FUN_584c3390	24
client-core-current	584c33b0	FUN_584c33b0	29
client-core-current	584c33d0	FUN_584c33d0	1273
client-core-current	584c38d0	FUN_584c38d0	26
client-core-current	584c38f0	FUN_584c38f0	26
client-core-current	584c3910	FUN_584c3910	19
client-core-current	584c3930	FUN_584c3930	25
client-core-current	584c3950	FUN_584c3950	25
client-core-current	584c3970	FUN_584c3970	88
client-core-current	584c39d0	FUN_584c39d0	105
client-core-current	584c3a40	FUN_584c3a40	46
client-core-current	584c3a70	FUN_584c3a70	95
client-core-current	584c3ad0	FUN_584c3ad0	147
client-core-current	584c3b70	FUN_584c3b70	1508
client-core-current	584c4160	FUN_584c4160	616
client-core-current	584c43d0	FUN_584c43d0	49
client-core-current	584c4410	FUN_584c4410	173
client-core-current	584c44c0	FUN_584c44c0	476
client-core-current	584c46a0	FUN_584c46a0	43
client-core-current	584c46d0	FUN_584c46d0	26
client-core-current	584c46f0	FUN_584c46f0	20
client-core-current	584c4710	FUN_584c4710	47
client-core-current	584c4740	FUN_584c4740	17
client-core-current	584c4760	FUN_584c4760	166
client-core-current	584c4810	FUN_584c4810	69
client-core-current	584c4860	FUN_584c4860	36
client-core-current	584c4890	FUN_584c4890	31
client-core-current	584c48b0	FUN_584c48b0	50
client-core-current	584c48f0	FUN_584c48f0	504
client-core-current	584c4af0	FUN_584c4af0	31
client-core-current	584c4b10	FUN_584c4b10	22
client-core-current	584c4b30	FUN_584c4b30	24
client-core-current	584c4b50	FUN_584c4b50	44
client-core-current	584c4b80	FUN_584c4b80	909
client-core-current	584c4f10	FUN_584c4f10	81
client-core-current	584c4f70	FUN_584c4f70	29
client-core-current	584c4f90	FUN_584c4f90	46
client-core-current	584c4fc0	FUN_584c4fc0	362
client-core-current	584c5130	FUN_584c5130	57
client-core-current	584c5170	FUN_584c5170	17
client-core-current	584c5190	FUN_584c5190	284
client-core-current	584c52b0	FUN_584c52b0	105
client-core-current	584c5320	FUN_584c5320	105
client-core-current	584c5390	FUN_584c5390	84
client-core-current	584c53f0	FUN_584c53f0	263
client-core-current	584c5500	FUN_584c5500	152
client-core-current	584c55a0	FUN_584c55a0	423
client-core-current	584c5750	FUN_584c5750	423
client-core-current	584c5900	FUN_584c5900	423
client-core-current	584c5ab0	FUN_584c5ab0	55
client-core-current	584c5af0	FUN_584c5af0	34
client-core-current	584c5b20	FUN_584c5b20	137
client-core-current	584c5c60	FUN_584c5c60	51
client-core-current	584c5ca0	FUN_584c5ca0	145
client-core-current	584c5d40	FUN_584c5d40	19
client-core-current	584c5d60	FUN_584c5d60	21
client-core-current	584c5d80	FUN_584c5d80	405
client-core-current	584c5f20	FUN_584c5f20	104
client-core-current	584c5f90	FUN_584c5f90	49
client-core-current	584c5fd0	FUN_584c5fd0	17
client-core-current	584c5ff0	FUN_584c5ff0	373
client-core-current	584c6170	FUN_584c6170	174
client-core-current	584c6220	FUN_584c6220	86
client-core-current	584c6280	FUN_584c6280	46
client-core-current	584c62b0	FUN_584c62b0	742
client-core-current	584c65b0	FUN_584c65b0	993
client-core-current	584c69a0	FUN_584c69a0	811
client-core-current	584c6ce0	FUN_584c6ce0	116
client-core-current	584c6d60	FUN_584c6d60	687
client-core-current	584c7010	FUN_584c7010	136
client-core-current	584c70a0	FUN_584c70a0	201
client-core-current	584c7170	FUN_584c7170	365
client-core-current	584c72e0	FUN_584c72e0	87
client-core-current	584c7340	FUN_584c7340	195
client-core-current	584c7410	FUN_584c7410	34
client-core-current	584c7440	FUN_584c7440	120
client-core-current	584c74c0	FUN_584c74c0	31
client-core-current	584c74e0	FUN_584c74e0	114
client-core-current	584c7560	FUN_584c7560	25
client-core-current	584c7580	FUN_584c7580	58
client-core-current	584c75c0	FUN_584c75c0	46
client-core-current	584c75f0	FUN_584c75f0	63
client-core-current	584c7630	FUN_584c7630	500
client-core-current	584c7850	FUN_584c7850	796
client-core-current	584c7b70	FUN_584c7b70	68
client-core-current	584c7bc0	FUN_584c7bc0	330
client-core-current	584c7d20	FUN_584c7d20	784
client-core-current	584c8030	FUN_584c8030	61
client-core-current	584c8070	FUN_584c8070	94
client-core-current	584c80d0	FUN_584c80d0	47
client-core-current	584c8100	FUN_584c8100	120
client-core-current	584c8180	FUN_584c8180	1457
client-core-current	584c8740	FUN_584c8740	137
client-core-current	584c87d0	FUN_584c87d0	423
client-core-current	584c8980	FUN_584c8980	49
client-core-current	584c89c0	FUN_584c89c0	46
client-core-current	584c89f0	FUN_584c89f0	473
client-core-current	584c8bd0	FUN_584c8bd0	98
client-core-current	584c8c40	FUN_584c8c40	222
client-core-current	584c8d20	FUN_584c8d20	39
client-core-current	584c8d50	FUN_584c8d50	216
client-core-current	584c8e50	FUN_584c8e50	3068
client-core-current	584c9a50	FUN_584c9a50	55
client-core-current	584c9a90	FUN_584c9a90	387
client-core-current	584c9c20	FUN_584c9c20	350
client-core-current	584c9d80	FUN_584c9d80	61
client-core-current	584c9dc0	FUN_584c9dc0	18
client-core-current	584c9de0	FUN_584c9de0	51
client-core-current	584c9e20	FUN_584c9e20	347
client-core-current	584c9f80	FUN_584c9f80	635
client-core-current	584ca200	FUN_584ca200	46
client-core-current	584ca230	FUN_584ca230	289
client-core-current	584ca360	FUN_584ca360	44
client-core-current	584ca390	FUN_584ca390	58
client-core-current	584ca3d0	FUN_584ca3d0	202
client-core-current	584ca4a0	FUN_584ca4a0	1733
client-core-current	584cab70	FUN_584cab70	310
client-core-current	584cacb0	FUN_584cacb0	23
client-core-current	584cacd0	FUN_584cacd0	368
client-core-current	584caf70	FUN_584caf70	166
client-core-current	584cb020	FUN_584cb020	345
client-core-current	584cb180	FUN_584cb180	25
client-core-current	584cb1a0	FUN_584cb1a0	44
client-core-current	584cb1d0	FUN_584cb1d0	107
client-core-current	584cb240	FUN_584cb240	421
client-core-current	584cb3f0	FUN_584cb3f0	88
client-core-current	584cb450	FUN_584cb450	155
client-core-current	584cb4f0	FUN_584cb4f0	102
client-core-current	584cb560	FUN_584cb560	62
client-core-current	584cb5a0	FUN_584cb5a0	29
client-core-current	584cb5c0	FUN_584cb5c0	49
client-core-current	584cb600	FUN_584cb600	222
client-core-current	584cb6f0	FUN_584cb6f0	240
client-core-current	584cb7f0	FUN_584cb7f0	1251
client-core-current	584cbce0	FUN_584cbce0	476
client-core-current	584cbec0	FUN_584cbec0	104
client-core-current	584cbf30	FUN_584cbf30	49
client-core-current	584cbf70	FUN_584cbf70	851
client-core-current	584cc2d0	FUN_584cc2d0	65
client-core-current	584cc320	FUN_584cc320	1219
client-core-current	584cc7f0	FUN_584cc7f0	41
client-core-current	584cc820	FUN_584cc820	129
client-core-current	584cc8b0	FUN_584cc8b0	138
client-core-current	584cc940	FUN_584cc940	29
client-core-current	584cc960	FUN_584cc960	46
client-core-current	584cc990	FUN_584cc990	75
client-core-current	584cc9e0	FUN_584cc9e0	375
client-core-current	584cce70	FUN_584cce70	321
client-core-current	584ccfc0	FUN_584ccfc0	95
client-core-current	584cd020	FUN_584cd020	46
client-core-current	584cd050	FUN_584cd050	861
client-core-current	584cd3b0	FUN_584cd3b0	490
client-core-current	584cd5a0	FUN_584cd5a0	29
client-core-current	584cd5c0	FUN_584cd5c0	49
client-core-current	584cd600	FUN_584cd600	82
client-core-current	584cd660	FUN_584cd660	927
client-core-current	584cda00	FUN_584cda00	194
client-core-current	584cdad0	FUN_584cdad0	29
client-core-current	584cdaf0	FUN_584cdaf0	49
client-core-current	584cdb30	FUN_584cdb30	37
client-core-current	584cdb60	FUN_584cdb60	237
client-core-current	584cdc50	FUN_584cdc50	41
client-core-current	584cdc80	FUN_584cdc80	574
client-core-current	584cdec0	FUN_584cdec0	265
client-core-current	584cdfd0	FUN_584cdfd0	41
client-core-current	584ce000	FUN_584ce000	219
client-core-current	584ce0e0	FUN_584ce0e0	104
client-core-current	584ce150	FUN_584ce150	49
client-core-current	584ce190	FUN_584ce190	207
client-core-current	584ce260	FUN_584ce260	527
client-core-current	584ce480	FUN_584ce480	34
client-core-current	584ce4b0	FUN_584ce4b0	205
client-core-current	584ce580	FUN_584ce580	50
client-core-current	584ce5c0	FUN_584ce5c0	22
client-core-current	584ce5e0	FUN_584ce5e0	128
client-core-current	584ce660	FUN_584ce660	29
client-core-current	584ce680	FUN_584ce680	49
client-core-current	584ce6c0	FUN_584ce6c0	103
client-core-current	584ce730	FUN_584ce730	26
client-core-current	584ce750	FUN_584ce750	334
client-core-current	584ce8a0	FUN_584ce8a0	74
client-core-current	584ce8f0	FUN_584ce8f0	20
client-core-current	584ce910	FUN_584ce910	49
client-core-current	584ce950	FUN_584ce950	22
client-core-current	584ce970	FUN_584ce970	58
client-core-current	584ce9b0	FUN_584ce9b0	47
client-core-current	584ce9e0	FUN_584ce9e0	329
client-core-current	584ceb30	FUN_584ceb30	38
client-core-current	584ceb60	FUN_584ceb60	57
client-core-current	584ceba0	FUN_584ceba0	26
client-core-current	584cebc0	FUN_584cebc0	383
client-core-current	584ced40	FUN_584ced40	39
client-core-current	584ced70	FUN_584ced70	33
client-core-current	584ceda0	FUN_584ceda0	29
client-core-current	584cedc0	FUN_584cedc0	31
client-core-current	584cede0	FUN_584cede0	25
client-core-current	584cee00	FUN_584cee00	62
client-core-current	584cee40	FUN_584cee40	248
client-core-current	584cef40	FUN_584cef40	733
client-core-current	584cf220	FUN_584cf220	828
client-core-current	584cf560	FUN_584cf560	184
client-core-current	584cf620	FUN_584cf620	510
client-core-current	584cf820	FUN_584cf820	113
client-core-current	584cf8a0	FUN_584cf8a0	107
client-core-current	584cf910	FUN_584cf910	221
client-core-current	584cf9f0	FUN_584cf9f0	30
client-core-current	584cfa10	FUN_584cfa10	25
client-core-current	584cfa30	FUN_584cfa30	52
client-core-current	584cfa70	FUN_584cfa70	7
client-core-current	584cfa80	FUN_584cfa80	42
client-core-current	584cfab0	FUN_584cfab0	49
client-core-current	584cfaf0	FUN_584cfaf0	24
client-core-current	584cfb10	FUN_584cfb10	138
client-core-current	584cfba0	FUN_584cfba0	13
client-core-current	584cfbb0	FUN_584cfbb0	47
client-core-current	584cfbe0	FUN_584cfbe0	17
client-core-current	584cfc00	FUN_584cfc00	74
client-core-current	584cfc50	FUN_584cfc50	31
client-core-current	584cfc70	FUN_584cfc70	48
client-core-current	584cfca0	FUN_584cfca0	37
client-core-current	584cfcd0	FUN_584cfcd0	78
client-core-current	584cfd20	FUN_584cfd20	77
client-core-current	584cfd70	FUN_584cfd70	31
client-core-current	584cfd90	FUN_584cfd90	1291
client-core-current	584d02c0	FUN_584d02c0	508
client-core-current	584d04c0	FUN_584d04c0	49
client-core-current	584d0500	FUN_584d0500	91
client-core-current	584d0560	FUN_584d0560	3694
client-core-current	584d14a0	FUN_584d14a0	332
client-core-current	584d15f0	FUN_584d15f0	20
client-core-current	584d1610	FUN_584d1610	20
client-core-current	584d1630	FUN_584d1630	29
client-core-current	584d1650	FUN_584d1650	20
client-core-current	584d1670	FUN_584d1670	20
client-core-current	584d1690	FUN_584d1690	15
client-core-current	584d16a0	FUN_584d16a0	2998
client-core-current	584d2260	FUN_584d2260	115
client-core-current	584d22e0	FUN_584d22e0	6381
client-core-current	584d3c30	FUN_584d3c30	19
client-core-current	584d3c50	FUN_584d3c50	161
client-core-current	584d3d00	FUN_584d3d00	25
client-core-current	584d3d20	FUN_584d3d20	245
client-core-current	584d3e20	FUN_584d3e20	301
client-core-current	584d3f50	FUN_584d3f50	95
client-core-current	584d3fb0	FUN_584d3fb0	46
client-core-current	584d3fe0	FUN_584d3fe0	32
client-core-current	584d4000	FUN_584d4000	45
client-core-current	584d4030	FUN_584d4030	183
client-core-current	584d4ff0	FUN_584d4ff0	359
client-core-current	584d5160	FUN_584d5160	2405
client-core-current	584d5ad0	FUN_584d5ad0	846
client-core-current	584d5e20	FUN_584d5e20	49
client-core-current	584d5e60	FUN_584d5e60	1171
client-core-current	584d6300	FUN_584d6300	1306
client-core-current	584d6f50	FUN_584d6f50	55
client-core-current	584d6f90	FUN_584d6f90	21
client-core-current	584d6fb0	FUN_584d6fb0	20
client-core-current	584d6fd0	FUN_584d6fd0	20
client-core-current	584d6ff0	FUN_584d6ff0	20
client-core-current	584d7010	FUN_584d7010	20
client-core-current	584d7030	FUN_584d7030	20
client-core-current	584d7050	FUN_584d7050	20
client-core-current	584d7070	FUN_584d7070	20
client-core-current	584d7090	FUN_584d7090	20
client-core-current	584d70b0	FUN_584d70b0	20
client-core-current	584d70d0	FUN_584d70d0	20
client-core-current	584d70f0	FUN_584d70f0	20
client-core-current	584d7110	FUN_584d7110	20
client-core-current	584d7130	FUN_584d7130	20
client-core-current	584d7150	FUN_584d7150	20
client-core-current	584d7170	FUN_584d7170	20
client-core-current	584d7190	FUN_584d7190	17
client-core-current	584d71b0	FUN_584d71b0	19
client-core-current	584d71d0	FUN_584d71d0	25
client-core-current	584d71f0	FUN_584d71f0	215
client-core-current	584d72d0	FUN_584d72d0	20
client-core-current	584d72f0	FUN_584d72f0	1145
client-core-current	584d7770	FUN_584d7770	44
client-core-current	584d77a0	FUN_584d77a0	3165
client-core-current	584d8400	FUN_584d8400	374
client-core-current	584d8580	FUN_584d8580	25
client-core-current	584d85a0	FUN_584d85a0	959
client-core-current	584d8970	FUN_584d8970	30
client-core-current	584d8990	FUN_584d8990	181
client-core-current	584d8a50	FUN_584d8a50	40
client-core-current	584d8a80	FUN_584d8a80	25
client-core-current	584d8aa0	FUN_584d8aa0	419
client-core-current	584d8c50	FUN_584d8c50	251
client-core-current	584d8d50	FUN_584d8d50	27
client-core-current	584d8d70	FUN_584d8d70	31490
client-core-current	584e17c0	FUN_584e17c0	5966
client-core-current	584e31d0	FUN_584e31d0	380
client-core-current	584e3350	FUN_584e3350	233
client-core-current	584e3440	FUN_584e3440	133
client-core-current	584e34d0	FUN_584e34d0	233
client-core-current	584e35c0	FUN_584e35c0	23
client-core-current	584e35e0	FUN_584e35e0	292
client-core-current	584e3710	FUN_584e3710	29
client-core-current	584e3730	FUN_584e3730	49
client-core-current	584e3770	FUN_584e3770	975
client-core-current	584e3b50	FUN_584e3b50	105
client-core-current	584e3bc0	FUN_584e3bc0	163
client-core-current	584e3c70	FUN_584e3c70	409
client-core-current	584e3e10	FUN_584e3e10	229
client-core-current	584e3f00	FUN_584e3f00	226
client-core-current	584e3ff0	FUN_584e3ff0	97
client-core-current	584e4060	FUN_584e4060	520
client-core-current	584e42c0	FUN_584e42c0	237
client-core-current	584e43e0	FUN_584e43e0	23
client-core-current	584e4400	FUN_584e4400	195
client-core-current	584e44d0	FUN_584e44d0	131
client-core-current	584e4560	FUN_584e4560	197
client-core-current	584e4630	FUN_584e4630	29
client-core-current	584e4650	FUN_584e4650	70
client-core-current	584e46a0	FUN_584e46a0	159
client-core-current	584e4740	FUN_584e4740	46
client-core-current	584e4770	FUN_584e4770	75
client-core-current	584e47c0	FUN_584e47c0	50
client-core-current	584e4800	FUN_584e4800	636
client-core-current	584e4a80	FUN_584e4a80	18
client-core-current	584e4aa0	FUN_584e4aa0	398
client-core-current	584e4c30	FUN_584e4c30	95
client-core-current	584e4c90	FUN_584e4c90	49
client-core-current	584e4cd0	FUN_584e4cd0	193
client-core-current	584e4da0	FUN_584e4da0	162
client-core-current	584e4e50	FUN_584e4e50	286
client-core-current	584e4f70	FUN_584e4f70	160
client-core-current	584e5010	FUN_584e5010	1549
client-core-current	584e5620	FUN_584e5620	63
client-core-current	584e5660	FUN_584e5660	255
client-core-current	584e5760	FUN_584e5760	13
client-core-current	584e5770	FUN_584e5770	233
client-core-current	584e5860	FUN_584e5860	109
client-core-current	584e58d0	FUN_584e58d0	222
client-core-current	584e59b0	FUN_584e59b0	29
client-core-current	584e59d0	FUN_584e59d0	49
client-core-current	584e5a10	FUN_584e5a10	137
client-core-current	584e5aa0	FUN_584e5aa0	48
client-core-current	584e5ad0	FUN_584e5ad0	73
client-core-current	584e5b20	FUN_584e5b20	1809
client-core-current	584e6240	FUN_584e6240	204
client-core-current	584e6310	FUN_584e6310	29
client-core-current	584e6330	FUN_584e6330	49
client-core-current	584e6370	FUN_584e6370	140
client-core-current	584e6400	FUN_584e6400	21
client-core-current	584e6420	FUN_584e6420	84
client-core-current	584e6480	FUN_584e6480	73
client-core-current	584e64d0	FUN_584e64d0	2542
client-core-current	584e6ec0	FUN_584e6ec0	31
client-core-current	584e6ee0	FUN_584e6ee0	31
client-core-current	584e6f00	FUN_584e6f00	73
client-core-current	584e6f50	FUN_584e6f50	29
client-core-current	584e6f70	FUN_584e6f70	46
client-core-current	584e6fa0	FUN_584e6fa0	360
client-core-current	584e7110	FUN_584e7110	264
client-core-current	584e7220	FUN_584e7220	29
client-core-current	584e7240	FUN_584e7240	49
client-core-current	584e7280	FUN_584e7280	1472
client-core-current	584e7850	FUN_584e7850	245
client-core-current	584e7950	FUN_584e7950	29
client-core-current	584e7970	FUN_584e7970	49
client-core-current	584e79b0	FUN_584e79b0	1410
client-core-current	584e7f40	FUN_584e7f40	331
client-core-current	584e8090	FUN_584e8090	632
client-core-current	584e8310	FUN_584e8310	46
client-core-current	584e8340	FUN_584e8340	358
client-core-current	584e84b0	FUN_584e84b0	441
client-core-current	584e8670	FUN_584e8670	250
client-core-current	584e8770	FUN_584e8770	2494
client-core-current	584e9130	FUN_584e9130	704
client-core-current	584e93f0	FUN_584e93f0	211
client-core-current	584e94d0	FUN_584e94d0	249
client-core-current	584e95d0	FUN_584e95d0	20
client-core-current	584e95f0	FUN_584e95f0	27
client-core-current	584e9610	FUN_584e9610	22
client-core-current	584e9630	FUN_584e9630	20
client-core-current	584e9650	FUN_584e9650	22
client-core-current	584e9670	FUN_584e9670	518
client-core-current	584e9880	FUN_584e9880	1874
client-core-current	584e9fe0	FUN_584e9fe0	100
client-core-current	584ea050	FUN_584ea050	1898
client-core-current	584ea800	FUN_584ea800	428
client-core-current	584ea9b0	FUN_584ea9b0	1193
client-core-current	584eaea0	FUN_584eaea0	1789
client-core-current	584eb5a0	FUN_584eb5a0	330
client-core-current	584eb6f0	FUN_584eb6f0	128
client-core-current	584eb770	FUN_584eb770	1638
client-core-current	584ebde0	FUN_584ebde0	533
client-core-current	584ec000	FUN_584ec000	49
client-core-current	584ec040	FUN_584ec040	159
client-core-current	584ec0e0	FUN_584ec0e0	86
client-core-current	584ec140	FUN_584ec140	170
client-core-current	584ec1f0	FUN_584ec1f0	371
client-core-current	584ec370	FUN_584ec370	233
client-core-current	584ec460	FUN_584ec460	354
client-core-current	584ec5d0	FUN_584ec5d0	41
client-core-current	584ec600	FUN_584ec600	22
client-core-current	584ec620	FUN_584ec620	314
client-core-current	584ec760	FUN_584ec760	27
client-core-current	584ec780	FUN_584ec780	80
client-core-current	584ec7d0	FUN_584ec7d0	49
client-core-current	584ec810	FUN_584ec810	2447
client-core-current	584ed1a0	FUN_584ed1a0	831
client-core-current	584ed4e0	FUN_584ed4e0	49
client-core-current	584ed520	FUN_584ed520	101
client-core-current	584ed590	FUN_584ed590	302
client-core-current	584ed6c0	FUN_584ed6c0	1010
client-core-current	584edac0	FUN_584edac0	157
client-core-current	584edb60	FUN_584edb60	37
client-core-current	584edb90	FUN_584edb90	39
client-core-current	584edbc0	FUN_584edbc0	31
client-core-current	584edbe0	FUN_584edbe0	61
client-core-current	584edc20	FUN_584edc20	22
client-core-current	584edc40	FUN_584edc40	19
client-core-current	584edc60	FUN_584edc60	19
client-core-current	584edc80	FUN_584edc80	65
client-core-current	584edcd0	FUN_584edcd0	65
client-core-current	584edd20	FUN_584edd20	113
client-core-current	584edda0	FUN_584edda0	113
client-core-current	584ede20	FUN_584ede20	94
client-core-current	584ede80	FUN_584ede80	94
client-core-current	584edee0	FUN_584edee0	116
client-core-current	584edf60	FUN_584edf60	116
client-core-current	584edfe0	FUN_584edfe0	105
client-core-current	584ee050	FUN_584ee050	105
client-core-current	584ee0c0	FUN_584ee0c0	503
client-core-current	584ee2c0	FUN_584ee2c0	503
client-core-current	584ee4c0	FUN_584ee4c0	43
client-core-current	584ee4f0	FUN_584ee4f0	43
client-core-current	584ee520	FUN_584ee520	136
client-core-current	584ee610	FUN_584ee610	136
client-core-current	584ee700	FUN_584ee700	56
client-core-current	584ee740	FUN_584ee740	56
client-core-current	584ee780	FUN_584ee780	28
client-core-current	584ee7a0	FUN_584ee7a0	280
client-core-current	584ee8c0	FUN_584ee8c0	23
client-core-current	584ee8e0	FUN_584ee8e0	20
client-core-current	584ee900	FUN_584ee900	20
client-core-current	584ee920	FUN_584ee920	178
client-core-current	584ee9e0	FUN_584ee9e0	81
client-core-current	584eea40	FUN_584eea40	81
client-core-current	584eeaa0	FUN_584eeaa0	33
client-core-current	584eead0	FUN_584eead0	33
client-core-current	584eeb00	FUN_584eeb00	49
client-core-current	584eeb40	FUN_584eeb40	46
client-core-current	584eeb70	FUN_584eeb70	29
client-core-current	584eeb90	FUN_584eeb90	107
client-core-current	584eec00	FUN_584eec00	96
client-core-current	584eec60	FUN_584eec60	103
client-core-current	584eecd0	FUN_584eecd0	318
client-core-current	584eee10	FUN_584eee10	1214
client-core-current	584ef2d0	FUN_584ef2d0	460
client-core-current	584ef4a0	FUN_584ef4a0	458
client-core-current	584ef670	FUN_584ef670	96
client-core-current	584ef6d0	FUN_584ef6d0	134
client-core-current	584ef760	FUN_584ef760	142
client-core-current	584ef7f0	FUN_584ef7f0	134
client-core-current	584ef880	FUN_584ef880	25
client-core-current	584ef8a0	FUN_584ef8a0	87
client-core-current	584ef900	FUN_584ef900	107
client-core-current	584ef970	FUN_584ef970	171
client-core-current	584efa20	FUN_584efa20	96
client-core-current	584efa80	FUN_584efa80	25
client-core-current	584efaa0	FUN_584efaa0	156
client-core-current	584efb40	FUN_584efb40	585
client-core-current	584efd90	FUN_584efd90	68
client-core-current	584efde0	FUN_584efde0	142
client-core-current	584efe70	FUN_584efe70	39
client-core-current	584efea0	FUN_584efea0	158
client-core-current	584eff40	FUN_584eff40	120
client-core-current	584effc0	FUN_584effc0	726
client-core-current	584f02a0	FUN_584f02a0	24
client-core-current	584f02c0	FUN_584f02c0	322
client-core-current	584f0410	FUN_584f0410	87
client-core-current	584f0470	FUN_584f0470	312
client-core-current	584f05b0	FUN_584f05b0	1822
client-core-current	584f0cd0	FUN_584f0cd0	68
client-core-current	584f0d20	FUN_584f0d20	143
client-core-current	584f0db0	FUN_584f0db0	191
client-core-current	584f0e70	FUN_584f0e70	84
client-core-current	584f0ed0	FUN_584f0ed0	84
client-core-current	584f0f30	FUN_584f0f30	169
client-core-current	584f0fe0	FUN_584f0fe0	169
client-core-current	584f1090	FUN_584f1090	155
client-core-current	584f1130	FUN_584f1130	155
client-core-current	584f11d0	FUN_584f11d0	21
client-core-current	584f11f0	FUN_584f11f0	34
client-core-current	584f1220	FUN_584f1220	34
client-core-current	584f1250	FUN_584f1250	38
client-core-current	584f1280	FUN_584f1280	38
client-core-current	584f12b0	FUN_584f12b0	33
client-core-current	584f12e0	FUN_584f12e0	33
client-core-current	584f1310	FUN_584f1310	10
client-core-current	584f1320	FUN_584f1320	10
client-core-current	584f1330	FUN_584f1330	59
client-core-current	584f1370	FUN_584f1370	59
client-core-current	584f13b0	FUN_584f13b0	26
client-core-current	584f13d0	FUN_584f13d0	26
client-core-current	584f13f0	FUN_584f13f0	38
client-core-current	584f1420	FUN_584f1420	38
client-core-current	584f1450	FUN_584f1450	21
client-core-current	584f1470	FUN_584f1470	617
client-core-current	584f16e0	FUN_584f16e0	64
client-core-current	584f1720	FUN_584f1720	46
client-core-current	584f1750	FUN_584f1750	622
client-core-current	584f19d0	FUN_584f19d0	224
client-core-current	584f1ab0	FUN_584f1ab0	393
client-core-current	584f1c40	FUN_584f1c40	20
client-core-current	584f1c60	FUN_584f1c60	315
client-core-current	584f1da0	FUN_584f1da0	53
client-core-current	584f1de0	FUN_584f1de0	44
client-core-current	584f1e10	FUN_584f1e10	28
client-core-current	584f1e30	FUN_584f1e30	49
client-core-current	584f1e70	FUN_584f1e70	271
client-core-current	584f1f90	FUN_584f1f90	699
client-core-current	584f2250	FUN_584f2250	492
client-core-current	584f2440	FUN_584f2440	130
client-core-current	584f24d0	FUN_584f24d0	337
client-core-current	584f2630	FUN_584f2630	463
client-core-current	584f2800	FUN_584f2800	707
client-core-current	584f2ad0	FUN_584f2ad0	484
client-core-current	584f2cc0	FUN_584f2cc0	445
client-core-current	584f2e80	FUN_584f2e80	40
client-core-current	584f2eb0	FUN_584f2eb0	24
client-core-current	584f2ed0	FUN_584f2ed0	24
client-core-current	584f2ef0	FUN_584f2ef0	21
client-core-current	584f2f10	FUN_584f2f10	25
client-core-current	584f2f30	FUN_584f2f30	17
client-core-current	584f2f50	FUN_584f2f50	379
client-core-current	584f30d0	FUN_584f30d0	490
client-core-current	584f32c0	FUN_584f32c0	19
client-core-current	584f32e0	FUN_584f32e0	125
client-core-current	584f3360	FUN_584f3360	484
client-core-current	584f3550	FUN_584f3550	460
client-core-current	584f3720	FUN_584f3720	934
client-core-current	584f3ad0	FUN_584f3ad0	25
client-core-current	584f3af0	FUN_584f3af0	696
client-core-current	584f3db0	FUN_584f3db0	428
client-core-current	584f3f60	FUN_584f3f60	3374
client-core-current	584f4c90	FUN_584f4c90	150
client-core-current	584f4d30	FUN_584f4d30	13
client-core-current	584f4d40	FUN_584f4d40	57
client-core-current	584f4d80	FUN_584f4d80	210
client-core-current	584f4e60	FUN_584f4e60	58
client-core-current	584f4ea0	FUN_584f4ea0	33
client-core-current	584f4ed0	FUN_584f4ed0	153
client-core-current	584f4f70	FUN_584f4f70	103
client-core-current	584f4fe0	FUN_584f4fe0	49
client-core-current	584f5020	FUN_584f5020	23
client-core-current	584f5760	FUN_584f5760	1600
client-core-current	584f5da0	FUN_584f5da0	15
client-core-current	584f5dd0	FUN_584f5dd0	263
client-core-current	584f5ee0	FUN_584f5ee0	1165
client-core-current	584f6370	FUN_584f6370	123
client-core-current	584f63f0	FUN_584f63f0	32
client-core-current	584f6410	FUN_584f6410	233
client-core-current	584f6500	FUN_584f6500	107
client-core-current	584f6570	FUN_584f6570	211
client-core-current	584f6650	FUN_584f6650	123
client-core-current	584f66d0	FUN_584f66d0	146
client-core-current	584f6770	FUN_584f6770	145
client-core-current	584f6810	FUN_584f6810	248
client-core-current	584f6910	FUN_584f6910	172
client-core-current	584f69c0	FUN_584f69c0	168
client-core-current	584f6a70	FUN_584f6a70	179
client-core-current	584f6b30	FUN_584f6b30	181
client-core-current	584f6bf0	FUN_584f6bf0	181
client-core-current	584f6cb0	FUN_584f6cb0	186
client-core-current	584f6d70	FUN_584f6d70	181
client-core-current	584f6e30	FUN_584f6e30	181
client-core-current	584f6ef0	FUN_584f6ef0	181
client-core-current	584f6fb0	FUN_584f6fb0	181
client-core-current	584f7070	FUN_584f7070	3337
client-core-current	584f7d80	FUN_584f7d80	570
client-core-current	584f7fc0	FUN_584f7fc0	130
client-core-current	584f8050	FUN_584f8050	107
client-core-current	584f80c0	FUN_584f80c0	64
client-core-current	584f8100	FUN_584f8100	6494
client-core-current	584f9a60	FUN_584f9a60	45
client-core-current	584f9a90	FUN_584f9a90	20
client-core-current	584f9ab0	FUN_584f9ab0	2908
client-core-current	584fa620	FUN_584fa620	46
client-core-current	584fa650	FUN_584fa650	46
client-core-current	584fa680	FUN_584fa680	49
client-core-current	584fa6c0	FUN_584fa6c0	304
client-core-current	584fa7f0	FUN_584fa7f0	1066
client-core-current	584fac20	FUN_584fac20	158
client-core-current	584facc0	FUN_584facc0	180
client-core-current	584fad80	FUN_584fad80	311
client-core-current	584faec0	FUN_584faec0	401
client-core-current	584fb080	FUN_584fb080	41
client-core-current	584fb0b0	FUN_584fb0b0	103
client-core-current	584fb120	FUN_584fb120	1274
client-core-current	584fb620	FUN_584fb620	3217
client-core-current	584fc2d0	FUN_584fc2d0	164
client-core-current	584fc380	FUN_584fc380	310
client-core-current	584fc4c0	FUN_584fc4c0	144
client-core-current	584fc550	FUN_584fc550	110
client-core-current	584fc5c0	FUN_584fc5c0	23
client-core-current	584fc5e0	FUN_584fc5e0	23
client-core-current	584fc600	FUN_584fc600	20
client-core-current	584fc620	FUN_584fc620	20
client-core-current	584fc640	FUN_584fc640	26
client-core-current	584fc660	FUN_584fc660	20
client-core-current	584fc680	FUN_584fc680	148
client-core-current	584fc740	FUN_584fc740	20
client-core-current	584fc760	FUN_584fc760	20
client-core-current	584fc780	FUN_584fc780	20
client-core-current	584fc7a0	FUN_584fc7a0	62
client-core-current	584fc7e0	FUN_584fc7e0	87
client-core-current	584fc840	FUN_584fc840	103
client-core-current	584fc8b0	FUN_584fc8b0	740
client-core-current	584fcba0	FUN_584fcba0	46
client-core-current	584fcbd0	FUN_584fcbd0	1007
client-core-current	584fcfc0	FUN_584fcfc0	316
client-core-current	584fd100	FUN_584fd100	26
client-core-current	584fd120	FUN_584fd120	1110
client-core-current	584fd580	FUN_584fd580	123
client-core-current	584fd600	FUN_584fd600	4754
client-core-current	584fe900	FUN_584fe900	208
client-core-current	584fe9d0	FUN_584fe9d0	25
client-core-current	584fe9f0	FUN_584fe9f0	44
client-core-current	584fea20	FUN_584fea20	368
client-core-current	584feb90	FUN_584feb90	25
client-core-current	584febb0	FUN_584febb0	31
client-core-current	584febd0	FUN_584febd0	1169
client-core-current	584ff070	FUN_584ff070	125
client-core-current	584ff0f0	FUN_584ff0f0	297
client-core-current	584ff220	FUN_584ff220	111
client-core-current	584ff290	FUN_584ff290	359
client-core-current	584ff400	FUN_584ff400	460
client-core-current	584ff5d0	FUN_584ff5d0	43
client-core-current	584ff600	FUN_584ff600	92
client-core-current	584ff660	FUN_584ff660	130
client-core-current	584ff6f0	FUN_584ff6f0	29
client-core-current	584ff710	FUN_584ff710	46
client-core-current	584ff740	FUN_584ff740	50
client-core-current	584ff780	FUN_584ff780	67
client-core-current	584ff7d0	FUN_584ff7d0	218
client-core-current	584ff8b0	FUN_584ff8b0	383
client-core-current	584ffa30	FUN_584ffa30	95
client-core-current	584ffa90	FUN_584ffa90	46
client-core-current	584ffac0	FUN_584ffac0	383
client-core-current	584ffc50	FUN_584ffc50	51
client-core-current	584ffc90	FUN_584ffc90	254
client-core-current	584ffd90	FUN_584ffd90	29
client-core-current	584ffdb0	FUN_584ffdb0	46
client-core-current	584ffde0	FUN_584ffde0	282
client-core-current	584fff00	FUN_584fff00	101
client-core-current	584fff70	FUN_584fff70	159
client-core-current	58500010	FUN_58500010	17
client-core-current	58500030	FUN_58500030	51
client-core-current	58500070	FUN_58500070	73
client-core-current	585000c0	FUN_585000c0	122
client-core-current	58500140	FUN_58500140	203
client-core-current	58500210	FUN_58500210	17
client-core-current	58500230	FUN_58500230	92
client-core-current	58500290	FUN_58500290	46
client-core-current	585002c0	FUN_585002c0	16
client-core-current	585002d0	FUN_585002d0	63
client-core-current	58500310	FUN_58500310	122
client-core-current	58500390	FUN_58500390	16
client-core-current	585003a0	FUN_585003a0	165
client-core-current	58500450	FUN_58500450	16
client-core-current	58500460	FUN_58500460	801
client-core-current	585008c0	FUN_585008c0	154
client-core-current	58500960	FUN_58500960	56
client-core-current	585009a0	FUN_585009a0	38
client-core-current	585009d0	FUN_585009d0	374
client-core-current	58500b80	FUN_58500b80	107
client-core-current	58500bf0	FUN_58500bf0	39
client-core-current	58500c20	FUN_58500c20	116
client-core-current	58500ca0	FUN_58500ca0	25
client-core-current	58500cc0	FUN_58500cc0	42
client-core-current	58500cf0	FUN_58500cf0	25
client-core-current	58500d10	FUN_58500d10	45
client-core-current	58500d40	FUN_58500d40	67
client-core-current	58500d90	FUN_58500d90	31
client-core-current	58500db0	FUN_58500db0	66
client-core-current	58500e00	FUN_58500e00	60
client-core-current	58500e40	FUN_58500e40	79
client-core-current	58500e90	FUN_58500e90	271
client-core-current	58500fa0	FUN_58500fa0	55
client-core-current	58500fe0	FUN_58500fe0	86
client-core-current	58501040	FUN_58501040	37
client-core-current	58501070	FUN_58501070	158
client-core-current	58501110	FUN_58501110	66
client-core-current	58501160	FUN_58501160	17
client-core-current	58501180	FUN_58501180	59
client-core-current	585011c0	FUN_585011c0	136
client-core-current	58501250	FUN_58501250	19
client-core-current	58501270	FUN_58501270	63
client-core-current	585012b0	FUN_585012b0	92
client-core-current	58501310	FUN_58501310	320
client-core-current	58501450	FUN_58501450	130
client-core-current	585014e0	FUN_585014e0	60
client-core-current	58501520	FUN_58501520	74
client-core-current	58501570	FUN_58501570	70
client-core-current	585015c0	FUN_585015c0	50
client-core-current	58501600	FUN_58501600	65
client-core-current	58501650	FUN_58501650	93
client-core-current	585016c0	FUN_585016c0	93
client-core-current	58501730	FUN_58501730	41
client-core-current	58501760	FUN_58501760	42
client-core-current	58501790	FUN_58501790	42
client-core-current	585017c0	FUN_585017c0	292
client-core-current	585018f0	FUN_585018f0	264
client-core-current	58501a00	FUN_58501a00	119
client-core-current	58501a80	FUN_58501a80	55
client-core-current	58501ac0	FUN_58501ac0	16
client-core-current	58501ad0	FUN_58501ad0	16
client-core-current	58501ae0	FUN_58501ae0	63
client-core-current	58501b20	FUN_58501b20	119
client-core-current	58501ba0	FUN_58501ba0	55
client-core-current	58501be0	FUN_58501be0	93
client-core-current	58501c40	FUN_58501c40	128
client-core-current	58501cc0	FUN_58501cc0	89
client-core-current	58501d20	FUN_58501d20	45
client-core-current	58501d50	FUN_58501d50	38
client-core-current	58501d80	FUN_58501d80	29
client-core-current	58501da0	FUN_58501da0	48
client-core-current	58501dd0	FUN_58501dd0	48
client-core-current	58501e00	FUN_58501e00	118
client-core-current	58501e80	FUN_58501e80	42
client-core-current	58501eb0	FUN_58501eb0	169
client-core-current	58501f60	FUN_58501f60	20
client-core-current	58501f80	FUN_58501f80	20
client-core-current	58501fa0	FUN_58501fa0	20
client-core-current	58501fc0	FUN_58501fc0	24
client-core-current	58501fe0	FUN_58501fe0	36
client-core-current	58502010	FUN_58502010	19
client-core-current	58502030	FUN_58502030	19
client-core-current	58502050	FUN_58502050	26
client-core-current	58502070	FUN_58502070	22
client-core-current	58502090	FUN_58502090	42
client-core-current	585020c0	FUN_585020c0	91
client-core-current	58502120	FUN_58502120	25
client-core-current	58502140	FUN_58502140	46
client-core-current	58502170	FUN_58502170	46
client-core-current	585021a0	FUN_585021a0	118
client-core-current	58502220	FUN_58502220	204
client-core-current	585022f0	FUN_585022f0	44
client-core-current	58502320	FUN_58502320	525
client-core-current	58502530	FUN_58502530	170
client-core-current	585025e0	FUN_585025e0	112
client-core-current	58502650	FUN_58502650	444
client-core-current	58502810	FUN_58502810	204
client-core-current	585028e0	FUN_585028e0	82
client-core-current	58502940	FUN_58502940	116
client-core-current	585029c0	FUN_585029c0	47
client-core-current	585029f0	FUN_585029f0	47
client-core-current	58502a20	FUN_58502a20	81
client-core-current	58502a80	FUN_58502a80	42
client-core-current	58502ab0	FUN_58502ab0	74
client-core-current	58502b00	FUN_58502b00	54
client-core-current	58502b40	FUN_58502b40	77
client-core-current	58502b90	FUN_58502b90	87
client-core-current	58502bf0	FUN_58502bf0	74
client-core-current	58502c40	FUN_58502c40	104
client-core-current	58502cb0	FUN_58502cb0	34
client-core-current	58502ce0	FUN_58502ce0	34
client-core-current	58502d10	FUN_58502d10	34
client-core-current	58502d40	FUN_58502d40	59
client-core-current	58502d80	FUN_58502d80	19
client-core-current	58502da0	FUN_58502da0	30
client-core-current	58502dc0	FUN_58502dc0	24
client-core-current	58502de0	FUN_58502de0	24
client-core-current	58502e00	FUN_58502e00	32
client-core-current	58502e20	FUN_58502e20	32
client-core-current	58502e40	FUN_58502e40	42
client-core-current	58502e70	FUN_58502e70	57
client-core-current	58502eb0	FUN_58502eb0	478
client-core-current	58503090	FUN_58503090	791
client-core-current	585033b0	FUN_585033b0	51
client-core-current	585033f0	FUN_585033f0	292
client-core-current	58503520	FUN_58503520	24
client-core-current	58503540	FUN_58503540	86
client-core-current	585035a0	FUN_585035a0	10
client-core-current	585035b0	FUN_585035b0	10
client-core-current	585035c0	FUN_585035c0	10
client-core-current	585035d0	FUN_585035d0	59
client-core-current	58503610	FUN_58503610	96
client-core-current	58503670	FUN_58503670	59
client-core-current	585036b0	FUN_585036b0	864
client-core-current	58503a10	FUN_58503a10	55
client-core-current	58503a50	FUN_58503a50	344
client-core-current	58503bb0	FUN_58503bb0	95
client-core-current	58503c10	FUN_58503c10	46
client-core-current	58503c40	FUN_58503c40	232
client-core-current	58503d30	FUN_58503d30	675
client-core-current	58503fe0	FUN_58503fe0	45
client-core-current	58504010	FUN_58504010	155
client-core-current	585040b0	FUN_585040b0	55
client-core-current	585040f0	FUN_585040f0	21
client-core-current	58504110	FUN_58504110	76
client-core-current	58504160	FUN_58504160	98
client-core-current	585041d0	FUN_585041d0	33
client-core-current	58504200	FUN_58504200	86
client-core-current	58504260	FUN_58504260	46
client-core-current	58504290	FUN_58504290	64
client-core-current	585042d0	FUN_585042d0	29
client-core-current	585042f0	FUN_585042f0	46
client-core-current	58504320	FUN_58504320	520
client-core-current	58504530	FUN_58504530	35
client-core-current	58504560	FUN_58504560	42
client-core-current	58504590	FUN_58504590	40
client-core-current	585045c0	FUN_585045c0	48
client-core-current	585045f0	FUN_585045f0	686
client-core-current	5850489e	Catch_All@5850489e	33
client-core-current	585048bf	FUN_585048bf	9
client-core-current	585048cf	FUN_585048cf	74
client-core-current	58504920	FUN_58504920	19
client-core-current	58504940	FUN_58504940	19
client-core-current	58504960	FUN_58504960	312
client-core-current	58504aa0	FUN_58504aa0	64
client-core-current	58504ae0	FUN_58504ae0	95
client-core-current	58504b50	FUN_58504b50	92
client-core-current	58504bb0	FUN_58504bb0	113
client-core-current	58504c30	FUN_58504c30	105
client-core-current	58504ca0	FUN_58504ca0	482
client-core-current	58504e90	FUN_58504e90	130
client-core-current	58504f20	FUN_58504f20	1272
client-core-current	58505420	FUN_58505420	80
client-core-current	58505470	FUN_58505470	10
client-core-current	58505480	FUN_58505480	9
client-core-current	58505490	FUN_58505490	113
client-core-current	58505510	FUN_58505510	278
client-core-current	58505630	FUN_58505630	294
client-core-current	58505760	FUN_58505760	286
client-core-current	58505880	FUN_58505880	95
client-core-current	585058e0	FUN_585058e0	115
client-core-current	58505960	FUN_58505960	177
client-core-current	58505a20	FUN_58505a20	55
client-core-current	58505a60	FUN_58505a60	53
client-core-current	58505aa0	FUN_58505aa0	21
client-core-current	58505ac0	FUN_58505ac0	36
client-core-current	58505af0	FUN_58505af0	260
client-core-current	58505c00	FUN_58505c00	260
client-core-current	58505d10	FUN_58505d10	260
client-core-current	58505e20	FUN_58505e20	24
client-core-current	58505e40	FUN_58505e40	30
client-core-current	58505e60	FUN_58505e60	32
client-core-current	58505e80	FUN_58505e80	58
client-core-current	58505ec0	FUN_58505ec0	216
client-core-current	58505fa0	FUN_58505fa0	205
client-core-current	58506070	FUN_58506070	209
client-core-current	58506150	FUN_58506150	202
client-core-current	58506220	FUN_58506220	171
client-core-current	585062d0	FUN_585062d0	93
client-core-current	58506340	FUN_58506340	111
client-core-current	585063b0	FUN_585063b0	110
client-core-current	58506420	FUN_58506420	73
client-core-current	58506470	FUN_58506470	223
client-core-current	58506550	FUN_58506550	106
client-core-current	585065c0	FUN_585065c0	56
client-core-current	58506600	FUN_58506600	106
client-core-current	58506670	FUN_58506670	111
client-core-current	585066e0	FUN_585066e0	31
client-core-current	58506700	FUN_58506700	23
client-core-current	58506720	FUN_58506720	215
client-core-current	58506800	FUN_58506800	73
client-core-current	58506850	FUN_58506850	178
client-core-current	58506910	FUN_58506910	55
client-core-current	58506950	FUN_58506950	37
client-core-current	58506980	FUN_58506980	38
client-core-current	585069b0	FUN_585069b0	37
client-core-current	585069e0	FUN_585069e0	33
client-core-current	58506a10	FUN_58506a10	69
client-core-current	58506a60	FUN_58506a60	42
client-core-current	58506a90	FUN_58506a90	37
client-core-current	58506ac0	FUN_58506ac0	47
client-core-current	58506af0	FUN_58506af0	119
client-core-current	58506b70	FUN_58506b70	48
client-core-current	58506ba0	FUN_58506ba0	72
client-core-current	58506bf0	FUN_58506bf0	37
client-core-current	58506c20	FUN_58506c20	42
client-core-current	58506c50	FUN_58506c50	201
client-core-current	58506d20	FUN_58506d20	37
client-core-current	58506d50	FUN_58506d50	137
client-core-current	58506de0	FUN_58506de0	30
client-core-current	58506e00	FUN_58506e00	39
client-core-current	58506e30	FUN_58506e30	20
client-core-current	58506e50	FUN_58506e50	29
client-core-current	58506e70	FUN_58506e70	82
client-core-current	58506ed0	FUN_58506ed0	59
client-core-current	58506f10	FUN_58506f10	59
client-core-current	58506f50	FUN_58506f50	59
client-core-current	58506f90	FUN_58506f90	38
client-core-current	58506fc0	FUN_58506fc0	82
client-core-current	58507020	FUN_58507020	38
client-core-current	58507050	FUN_58507050	29
client-core-current	58507070	FUN_58507070	38
client-core-current	585070a0	FUN_585070a0	53
client-core-current	585070e0	FUN_585070e0	20
client-core-current	58507100	FUN_58507100	20
client-core-current	58507120	FUN_58507120	140
client-core-current	585071c0	FUN_585071c0	81
client-core-current	58507220	FUN_58507220	102
client-core-current	58507290	FUN_58507290	29
client-core-current	585072b0	FUN_585072b0	29
client-core-current	585072d0	FUN_585072d0	20
client-core-current	585072f0	FUN_585072f0	74
client-core-current	58507340	FUN_58507340	80
client-core-current	58507390	FUN_58507390	69
client-core-current	585073e0	FUN_585073e0	20
client-core-current	58507400	FUN_58507400	89
client-core-current	58507460	FUN_58507460	326
client-core-current	585075a6	Catch_All@585075a6	36
client-core-current	585075ca	FUN_585075ca	84
client-core-current	58507630	FUN_58507630	31
client-core-current	58507650	FUN_58507650	42
client-core-current	58507680	FUN_58507680	73
client-core-current	585076d0	FUN_585076d0	95
client-core-current	58507730	FUN_58507730	30
client-core-current	58507750	FUN_58507750	34
client-core-current	58507780	FUN_58507780	18
client-core-current	585077a0	FUN_585077a0	81
client-core-current	58507800	FUN_58507800	92
client-core-current	58507860	FUN_58507860	85
client-core-current	585078c0	FUN_585078c0	57
client-core-current	58507900	FUN_58507900	29
client-core-current	58507920	FUN_58507920	34
client-core-current	58507950	FUN_58507950	34
client-core-current	58507980	FUN_58507980	34
client-core-current	585079b0	FUN_585079b0	34
client-core-current	58507a00	FUN_58507a00	46
client-core-current	58507a30	FUN_58507a30	55
client-core-current	58507a70	FUN_58507a70	55
client-core-current	58507ab0	FUN_58507ab0	55
client-core-current	58507af0	FUN_58507af0	46
client-core-current	58507b20	FUN_58507b20	46
client-core-current	58507b50	FUN_58507b50	58
client-core-current	58507b90	FUN_58507b90	46
client-core-current	58507bc0	FUN_58507bc0	46
client-core-current	58507bf0	FUN_58507bf0	46
client-core-current	58507c20	FUN_58507c20	46
client-core-current	58507c50	FUN_58507c50	46
client-core-current	58507c80	FUN_58507c80	46
client-core-current	58507cb0	FUN_58507cb0	46
client-core-current	58507ce0	FUN_58507ce0	46
client-core-current	58507d10	FUN_58507d10	46
client-core-current	58507d40	FUN_58507d40	46
client-core-current	58507d70	FUN_58507d70	46
client-core-current	58507da0	FUN_58507da0	46
client-core-current	58507dd0	FUN_58507dd0	514
client-core-current	58507fe0	FUN_58507fe0	516
client-core-current	585081f0	FUN_585081f0	444
client-core-current	585083b0	FUN_585083b0	216
client-core-current	58508490	FUN_58508490	430
client-core-current	58508640	FUN_58508640	494
client-core-current	58508830	FUN_58508830	270
client-core-current	58508940	FUN_58508940	118
client-core-current	585089c0	FUN_585089c0	51
client-core-current	58508a00	FUN_58508a00	84
client-core-current	58508a60	FUN_58508a60	163
client-core-current	58508b10	FUN_58508b10	45
client-core-current	58508b40	FUN_58508b40	34
client-core-current	58508b70	FUN_58508b70	119
client-core-current	58508bf0	FUN_58508bf0	278
client-core-current	58508d10	FUN_58508d10	214
client-core-current	58508df0	FUN_58508df0	232
client-core-current	58508ee0	FUN_58508ee0	232
client-core-current	58508fd0	FUN_58508fd0	234
client-core-current	585090c0	FUN_585090c0	55
client-core-current	58509100	FUN_58509100	46
client-core-current	58509130	FUN_58509130	122
client-core-current	585091b0	FUN_585091b0	16
client-core-current	585091c0	FUN_585091c0	16
client-core-current	585091d0	FUN_585091d0	86
client-core-current	58509230	FUN_58509230	16
client-core-current	58509240	FUN_58509240	48
client-core-current	58509270	FUN_58509270	65
client-core-current	585092c0	FUN_585092c0	284
client-core-current	585093e0	FUN_585093e0	20
client-core-current	58509400	FUN_58509400	110
client-core-current	58509470	FUN_58509470	55
client-core-current	585094b0	FUN_585094b0	398
client-core-current	58509640	FUN_58509640	160
client-core-current	585096e0	FUN_585096e0	1056
client-core-current	58509b00	FUN_58509b00	197
client-core-current	58509bd0	FUN_58509bd0	163
client-core-current	58509c73	Catch_All@58509c73	6
client-core-current	58509c79	FUN_58509c79	27
client-core-current	58509ca0	FUN_58509ca0	48
client-core-current	58509cd0	FUN_58509cd0	65
client-core-current	58509d20	FUN_58509d20	90
client-core-current	58509d80	FUN_58509d80	71
client-core-current	58509dd0	FUN_58509dd0	28
client-core-current	58509e00	FUN_58509e00	42
client-core-current	58509e30	FUN_58509e30	173
client-core-current	58509ee0	FUN_58509ee0	84
client-core-current	58509f40	FUN_58509f40	56
client-core-current	58509f80	FUN_58509f80	155
client-core-current	5850a020	FUN_5850a020	147
client-core-current	5850a0c0	FUN_5850a0c0	26
client-core-current	5850a0e0	FUN_5850a0e0	37
client-core-current	5850a110	FUN_5850a110	42
client-core-current	5850a140	FUN_5850a140	43
client-core-current	5850a170	FUN_5850a170	38
client-core-current	5850a1a0	FUN_5850a1a0	73
client-core-current	5850a1f0	FUN_5850a1f0	28
client-core-current	5850a210	FUN_5850a210	146
client-core-current	5850a2b0	FUN_5850a2b0	24
client-core-current	5850a2d0	FUN_5850a2d0	32
client-core-current	5850a2f0	FUN_5850a2f0	18
client-core-current	5850a310	FUN_5850a310	49
client-core-current	5850a350	FUN_5850a350	49
client-core-current	5850a390	FUN_5850a390	17
client-core-current	5850a3b0	FUN_5850a3b0	55
client-core-current	5850a3f0	FUN_5850a3f0	125
client-core-current	5850a470	FUN_5850a470	125
client-core-current	5850a4f0	FUN_5850a4f0	571
client-core-current	5850a730	FUN_5850a730	571
client-core-current	5850a970	FUN_5850a970	99
client-core-current	5850a9e0	FUN_5850a9e0	129
client-core-current	5850aa70	FUN_5850aa70	129
client-core-current	5850ab00	FUN_5850ab00	600
client-core-current	5850ad60	FUN_5850ad60	18
client-core-current	5850ad80	FUN_5850ad80	33
client-core-current	5850adb0	FUN_5850adb0	80
client-core-current	5850ae00	FUN_5850ae00	33
client-core-current	5850ae30	FUN_5850ae30	80
client-core-current	5850ae80	FUN_5850ae80	49
client-core-current	5850aec0	FUN_5850aec0	17
client-core-current	5850aee0	FUN_5850aee0	55
client-core-current	5850af20	FUN_5850af20	19
client-core-current	5850af40	FUN_5850af40	29
client-core-current	5850af60	FUN_5850af60	29
client-core-current	5850af80	FUN_5850af80	40
client-core-current	5850afb0	FUN_5850afb0	36
client-core-current	5850afe0	FUN_5850afe0	72
client-core-current	5850b030	FUN_5850b030	53
client-core-current	5850b070	FUN_5850b070	49
client-core-current	5850b0b0	FUN_5850b0b0	17
client-core-current	5850b0d0	FUN_5850b0d0	55
client-core-current	5850b110	FUN_5850b110	37
client-core-current	5850b140	FUN_5850b140	18
client-core-current	5850b160	FUN_5850b160	60
client-core-current	5850b1a0	FUN_5850b1a0	60
client-core-current	5850b1e0	FUN_5850b1e0	151
client-core-current	5850b277	Catch_All@5850b277	33
client-core-current	5850b298	FUN_5850b298	75
client-core-current	5850b2f0	FUN_5850b2f0	18
client-core-current	5850b310	FUN_5850b310	51
client-core-current	5850b350	FUN_5850b350	31
client-core-current	5850b370	FUN_5850b370	45
client-core-current	5850b3a0	FUN_5850b3a0	19
client-core-current	5850b3c0	FUN_5850b3c0	55
client-core-current	5850b400	FUN_5850b400	26
client-core-current	5850b420	FUN_5850b420	98
client-core-current	5850b490	FUN_5850b490	178
client-core-current	5850b550	FUN_5850b550	10
client-core-current	5850b560	FUN_5850b560	26
client-core-current	5850b580	FUN_5850b580	97
client-core-current	5850b5f0	FUN_5850b5f0	81
client-core-current	5850b650	FUN_5850b650	16
client-core-current	5850b660	FUN_5850b660	62
client-core-current	5850b6a0	FUN_5850b6a0	18
client-core-current	5850b6c0	FUN_5850b6c0	526
client-core-current	5850b8d0	FUN_5850b8d0	221
client-core-current	5850b9b0	FUN_5850b9b0	19
client-core-current	5850b9d0	FUN_5850b9d0	51
client-core-current	5850ba10	FUN_5850ba10	38
client-core-current	5850ba40	FUN_5850ba40	19
client-core-current	5850ba60	FUN_5850ba60	20
client-core-current	5850ba80	FUN_5850ba80	24
client-core-current	5850baa0	FUN_5850baa0	132
client-core-current	5850bb30	FUN_5850bb30	35
client-core-current	5850bb60	FUN_5850bb60	191
client-core-current	5850bc1f	Catch_All@5850bc1f	33
client-core-current	5850bc40	FUN_5850bc40	9
client-core-current	5850bc50	FUN_5850bc50	73
client-core-current	5850bca0	FUN_5850bca0	60
client-core-current	5850bce0	FUN_5850bce0	17
client-core-current	5850bd00	FUN_5850bd00	36
client-core-current	5850bd30	FUN_5850bd30	70
client-core-current	5850bd80	FUN_5850bd80	28
client-core-current	5850bda0	FUN_5850bda0	621
client-core-current	5850c010	FUN_5850c010	28
client-core-current	5850c030	FUN_5850c030	439
client-core-current	5850c1f0	FUN_5850c1f0	16
client-core-current	5850c200	FUN_5850c200	48
client-core-current	5850c230	FUN_5850c230	54
client-core-current	5850c270	FUN_5850c270	49
client-core-current	5850c2b0	FUN_5850c2b0	49
client-core-current	5850c2f0	FUN_5850c2f0	49
client-core-current	5850c330	FUN_5850c330	39
client-core-current	5850c360	FUN_5850c360	15
client-core-current	5850c370	FUN_5850c370	117
client-core-current	5850c3f0	FUN_5850c3f0	44
client-core-current	5850c420	FUN_5850c420	174
client-core-current	5850c4d0	FUN_5850c4d0	55
client-core-current	5850c510	FUN_5850c510	63
client-core-current	5850c550	FUN_5850c550	13
client-core-current	5850c560	FUN_5850c560	24
client-core-current	5850c580	FUN_5850c580	17
client-core-current	5850c5a0	FUN_5850c5a0	55
client-core-current	5850c5e0	FUN_5850c5e0	98
client-core-current	5850c650	FUN_5850c650	16
client-core-current	5850c660	FUN_5850c660	220
client-core-current	5850c740	FUN_5850c740	18
client-core-current	5850c760	FUN_5850c760	135
client-core-current	5850c7f0	FUN_5850c7f0	37
client-core-current	5850c820	FUN_5850c820	44
client-core-current	5850c850	FUN_5850c850	51
client-core-current	5850c890	FUN_5850c890	20
client-core-current	5850c8b0	FUN_5850c8b0	278
client-core-current	5850c9d0	FUN_5850c9d0	293
client-core-current	5850cb00	FUN_5850cb00	31
client-core-current	5850cb20	FUN_5850cb20	26
client-core-current	5850cb40	FUN_5850cb40	30
client-core-current	5850cb60	FUN_5850cb60	51
client-core-current	5850cba0	FUN_5850cba0	55
client-core-current	5850cbe0	FUN_5850cbe0	56
client-core-current	5850cc20	FUN_5850cc20	233
client-core-current	5850cd10	FUN_5850cd10	55
client-core-current	5850cd50	FUN_5850cd50	259
client-core-current	5850ce60	FUN_5850ce60	70
client-core-current	5850ceb0	FUN_5850ceb0	55
client-core-current	5850cef0	FUN_5850cef0	79
client-core-current	5850cf40	FUN_5850cf40	41
client-core-current	5850cf70	FUN_5850cf70	336
client-core-current	5850d0c0	FUN_5850d0c0	129
client-core-current	5850d150	FUN_5850d150	46
client-core-current	5850d180	FUN_5850d180	46
client-core-current	5850d1b0	FUN_5850d1b0	216
client-core-current	5850d290	FUN_5850d290	96
client-core-current	5850d2f0	FUN_5850d2f0	96
client-core-current	5850d350	FUN_5850d350	103
client-core-current	5850d3c0	FUN_5850d3c0	103
client-core-current	5850d430	FUN_5850d430	111
client-core-current	5850d4a0	FUN_5850d4a0	101
client-core-current	5850d510	FUN_5850d510	124
client-core-current	5850d590	FUN_5850d590	118
client-core-current	5850d610	FUN_5850d610	473
client-core-current	5850d810	FUN_5850d810	342
client-core-current	5850d970	FUN_5850d970	33
client-core-current	5850d9a0	FUN_5850d9a0	33
client-core-current	5850d9d0	FUN_5850d9d0	99
client-core-current	5850da40	FUN_5850da40	99
client-core-current	5850dab0	FUN_5850dab0	33
client-core-current	5850dae0	FUN_5850dae0	33
client-core-current	5850db10	FUN_5850db10	33
client-core-current	5850db40	FUN_5850db40	33
client-core-current	5850db70	FUN_5850db70	33
client-core-current	5850dba0	FUN_5850dba0	33
client-core-current	5850dbd0	FUN_5850dbd0	33
client-core-current	5850dc00	FUN_5850dc00	33
client-core-current	5850dc30	FUN_5850dc30	33
client-core-current	5850dc60	FUN_5850dc60	18
client-core-current	5850dc80	FUN_5850dc80	18
client-core-current	5850dca0	FUN_5850dca0	18
client-core-current	5850dcc0	FUN_5850dcc0	18
client-core-current	5850dce0	FUN_5850dce0	18
client-core-current	5850dd00	FUN_5850dd00	18
client-core-current	5850dd20	FUN_5850dd20	37
client-core-current	5850dd50	FUN_5850dd50	18
client-core-current	5850dd70	FUN_5850dd70	33
client-core-current	5850dda0	FUN_5850dda0	33
client-core-current	5850ddd0	FUN_5850ddd0	18
client-core-current	5850ddf0	FUN_5850ddf0	53
client-core-current	5850de30	FUN_5850de30	34
client-core-current	5850de60	FUN_5850de60	34
client-core-current	5850de90	FUN_5850de90	34
client-core-current	5850dec0	FUN_5850dec0	34
client-core-current	5850def0	FUN_5850def0	53
client-core-current	5850df30	FUN_5850df30	50
client-core-current	5850df70	FUN_5850df70	34
client-core-current	5850dfa0	FUN_5850dfa0	53
client-core-current	5850dfe0	FUN_5850dfe0	53
client-core-current	5850e020	FUN_5850e020	104
client-core-current	5850e090	FUN_5850e090	41
client-core-current	5850e0c0	FUN_5850e0c0	39
client-core-current	5850e0f0	FUN_5850e0f0	41
client-core-current	5850e120	FUN_5850e120	34
client-core-current	5850e150	FUN_5850e150	34
client-core-current	5850e180	FUN_5850e180	60
client-core-current	5850e1c0	FUN_5850e1c0	372
client-core-current	5850e340	FUN_5850e340	179
client-core-current	5850e400	FUN_5850e400	49
client-core-current	5850e440	FUN_5850e440	137
client-core-current	5850e4d0	FUN_5850e4d0	46
client-core-current	5850e500	FUN_5850e500	1222
client-core-current	5850e9f0	FUN_5850e9f0	158
client-core-current	5850ea90	FUN_5850ea90	137
client-core-current	5850eb20	FUN_5850eb20	42
client-core-current	5850eb50	FUN_5850eb50	72
client-core-current	5850eba0	FUN_5850eba0	231
client-core-current	5850ec90	FUN_5850ec90	2505
client-core-current	5850f660	FUN_5850f660	208
client-core-current	5850f730	FUN_5850f730	547
client-core-current	5850f960	FUN_5850f960	538
client-core-current	5850fb80	FUN_5850fb80	20
client-core-current	5850fba0	FUN_5850fba0	20
client-core-current	5850fbc0	FUN_5850fbc0	26
client-core-current	5850fbe0	FUN_5850fbe0	26
client-core-current	5850fc00	FUN_5850fc00	1277
client-core-current	58510100	FUN_58510100	2283
client-core-current	585109f0	FUN_585109f0	2382
client-core-current	58511340	FUN_58511340	41
client-core-current	58511370	FUN_58511370	17
client-core-current	58511390	FUN_58511390	68
client-core-current	585113e0	FUN_585113e0	78
client-core-current	58511430	FUN_58511430	25
client-core-current	58511450	FUN_58511450	25
client-core-current	58511470	FUN_58511470	25
client-core-current	58511490	FUN_58511490	593
client-core-current	585116f0	FUN_585116f0	307
client-core-current	58511830	FUN_58511830	49
client-core-current	58511870	FUN_58511870	32
client-core-current	58511890	FUN_58511890	72
client-core-current	585118e0	FUN_585118e0	600
client-core-current	58511b40	FUN_58511b40	7708
client-core-current	58513980	FUN_58513980	57
client-core-current	585139c0	FUN_585139c0	72
client-core-current	58513a10	FUN_58513a10	10288
client-core-current	58516300	FUN_58516300	357
client-core-current	58516470	FUN_58516470	49
client-core-current	585164b0	FUN_585164b0	34
client-core-current	585164e0	FUN_585164e0	158
client-core-current	58516580	FUN_58516580	579
client-core-current	585167d0	FUN_585167d0	1386
client-core-current	58516d40	FUN_58516d40	896
client-core-current	585170d0	FUN_585170d0	1338
client-core-current	58517610	FUN_58517610	730
client-core-current	585178f0	FUN_585178f0	49
client-core-current	58517930	FUN_58517930	32
client-core-current	58517950	FUN_58517950	72
client-core-current	585179a0	FUN_585179a0	339
client-core-current	58517b00	FUN_58517b00	5767
client-core-current	58519190	FUN_58519190	57
client-core-current	585191d0	FUN_585191d0	241
client-core-current	585192d0	FUN_585192d0	677
client-core-current	58519580	FUN_58519580	159
client-core-current	58519620	FUN_58519620	46
client-core-current	58519650	FUN_58519650	687
client-core-current	58519900	FUN_58519900	286
client-core-current	58519a20	FUN_58519a20	1382
client-core-current	58519f90	FUN_58519f90	726
client-core-current	5851a270	FUN_5851a270	1845
client-core-current	5851a9b0	FUN_5851a9b0	320
client-core-current	5851aaf0	FUN_5851aaf0	49
client-core-current	5851ab30	FUN_5851ab30	1827
client-core-current	5851b260	FUN_5851b260	1021
client-core-current	5851b670	FUN_5851b670	1572
client-core-current	5851bca0	FUN_5851bca0	808
client-core-current	5851bfd0	FUN_5851bfd0	266
client-core-current	5851c0e0	FUN_5851c0e0	20
client-core-current	5851c100	FUN_5851c100	459
client-core-current	5851c2d0	FUN_5851c2d0	137
client-core-current	5851c360	FUN_5851c360	37
client-core-current	5851c390	FUN_5851c390	317
client-core-current	5851c4d0	FUN_5851c4d0	25
client-core-current	5851c4f0	FUN_5851c4f0	25
client-core-current	5851c510	FUN_5851c510	256
client-core-current	5851c610	FUN_5851c610	29
client-core-current	5851c630	FUN_5851c630	46
client-core-current	5851c660	FUN_5851c660	348
client-core-current	5851c7c0	FUN_5851c7c0	31
client-core-current	5851c7e0	FUN_5851c7e0	440
client-core-current	5851c9a0	FUN_5851c9a0	160
client-core-current	5851ca40	FUN_5851ca40	49
client-core-current	5851ca80	FUN_5851ca80	447
client-core-current	5851cc40	FUN_5851cc40	103
client-core-current	5851ccb0	FUN_5851ccb0	480
client-core-current	5851ce90	FUN_5851ce90	117
client-core-current	5851cf10	FUN_5851cf10	102
client-core-current	5851cf80	FUN_5851cf80	96
client-core-current	5851cfe0	FUN_5851cfe0	17
client-core-current	5851d000	FUN_5851d000	57
client-core-current	5851d040	FUN_5851d040	136
client-core-current	5851d0d0	FUN_5851d0d0	253
client-core-current	5851d1d0	FUN_5851d1d0	284
client-core-current	5851d2f0	FUN_5851d2f0	73
client-core-current	5851d340	FUN_5851d340	192
client-core-current	5851d400	FUN_5851d400	215
client-core-current	5851d4e0	FUN_5851d4e0	105
client-core-current	5851d550	FUN_5851d550	164
client-core-current	5851d600	FUN_5851d600	373
client-core-current	5851d780	FUN_5851d780	87
client-core-current	5851d7e0	FUN_5851d7e0	348
client-core-current	5851d940	FUN_5851d940	82
client-core-current	5851d9a0	FUN_5851d9a0	386
client-core-current	5851db22	Catch_All@5851db22	36
client-core-current	5851db46	FUN_5851db46	84
client-core-current	5851dbb0	FUN_5851dbb0	92
client-core-current	5851dc10	FUN_5851dc10	34
client-core-current	5851dc40	FUN_5851dc40	58
client-core-current	5851dc80	FUN_5851dc80	70
client-core-current	5851dcd0	FUN_5851dcd0	194
client-core-current	5851dda0	FUN_5851dda0	105
client-core-current	5851de10	FUN_5851de10	55
client-core-current	5851de50	FUN_5851de50	96
client-core-current	5851deb0	FUN_5851deb0	74
client-core-current	5851df00	FUN_5851df00	139
client-core-current	5851e040	FUN_5851e040	51
client-core-current	5851e080	FUN_5851e080	153
client-core-current	5851e120	FUN_5851e120	148
client-core-current	5851e1c0	FUN_5851e1c0	60
client-core-current	5851e200	FUN_5851e200	55
client-core-current	5851e240	FUN_5851e240	818
client-core-current	5851e580	FUN_5851e580	137
client-core-current	5851e610	FUN_5851e610	105
client-core-current	5851e680	FUN_5851e680	482
client-core-current	5851e870	FUN_5851e870	26
client-core-current	5851e890	FUN_5851e890	230
client-core-current	5851e980	FUN_5851e980	55
client-core-current	5851e9c0	FUN_5851e9c0	27
client-core-current	5851e9e0	FUN_5851e9e0	42
client-core-current	5851ea10	FUN_5851ea10	127
client-core-current	5851ea90	FUN_5851ea90	185
client-core-current	5851eb50	FUN_5851eb50	83
client-core-current	5851ebb0	FUN_5851ebb0	26
client-core-current	5851ebd0	FUN_5851ebd0	289
client-core-current	5851ed00	FUN_5851ed00	17
client-core-current	5851ed20	FUN_5851ed20	51
client-core-current	5851ed60	FUN_5851ed60	51
client-core-current	5851eda0	FUN_5851eda0	51
client-core-current	5851ede0	FUN_5851ede0	518
client-core-current	5851eff0	FUN_5851eff0	43
client-core-current	5851f020	FUN_5851f020	26
client-core-current	5851f040	FUN_5851f040	50
client-core-current	5851f080	FUN_5851f080	253
client-core-current	5851f180	FUN_5851f180	52
client-core-current	5851f1c0	FUN_5851f1c0	352
client-core-current	5851f326	Catch_All@5851f326	33
client-core-current	5851f347	FUN_5851f347	97
client-core-current	5851f3b0	FUN_5851f3b0	35
client-core-current	5851f3e0	FUN_5851f3e0	45
client-core-current	5851f410	FUN_5851f410	260
client-core-current	5851f520	FUN_5851f520	44
client-core-current	5851f550	FUN_5851f550	273
client-core-current	5851f670	FUN_5851f670	164
client-core-current	5851f720	FUN_5851f720	229
client-core-current	5851f810	FUN_5851f810	106
client-core-current	5851f880	FUN_5851f880	58
client-core-current	5851f8c0	FUN_5851f8c0	81
client-core-current	5851f920	FUN_5851f920	37
client-core-current	5851f950	FUN_5851f950	37
client-core-current	5851f980	FUN_5851f980	113
client-core-current	5851fa00	FUN_5851fa00	30
client-core-current	5851fa20	FUN_5851fa20	109
client-core-current	5851faa0	FUN_5851faa0	82
client-core-current	5851fb00	FUN_5851fb00	29
client-core-current	5851fb20	FUN_5851fb20	29
client-core-current	5851fb40	FUN_5851fb40	20
client-core-current	5851fb60	FUN_5851fb60	48
client-core-current	5851fb90	FUN_5851fb90	38
client-core-current	5851fbc0	FUN_5851fbc0	22
client-core-current	5851fbe0	FUN_5851fbe0	34
client-core-current	5851fc10	FUN_5851fc10	46
client-core-current	5851fc40	FUN_5851fc40	58
client-core-current	5851fc80	FUN_5851fc80	46
client-core-current	5851fcb0	FUN_5851fcb0	46
client-core-current	5851fce0	FUN_5851fce0	33
client-core-current	5851fd10	FUN_5851fd10	76
client-core-current	5851fd60	FUN_5851fd60	398
client-core-current	5851ff00	FUN_5851ff00	258
client-core-current	58520010	FUN_58520010	295
client-core-current	58520140	FUN_58520140	232
client-core-current	58520230	FUN_58520230	60
client-core-current	58520270	FUN_58520270	60
client-core-current	585202b0	FUN_585202b0	90
client-core-current	58520310	FUN_58520310	200
client-core-current	585203e0	FUN_585203e0	67
client-core-current	58520430	FUN_58520430	287
client-core-current	58520550	FUN_58520550	67
client-core-current	585205a0	FUN_585205a0	402
client-core-current	58520734	Catch_All@58520734	33
client-core-current	58520755	FUN_58520755	80
client-core-current	585207b0	FUN_585207b0	35
client-core-current	585207e0	FUN_585207e0	114
client-core-current	58520860	FUN_58520860	59
client-core-current	585208a0	FUN_585208a0	87
client-core-current	58520900	FUN_58520900	35
client-core-current	58520930	FUN_58520930	108
client-core-current	585209a0	FUN_585209a0	34
client-core-current	585209d0	FUN_585209d0	70
client-core-current	58520a20	FUN_58520a20	26
client-core-current	58520a40	FUN_58520a40	107
client-core-current	58520ab0	FUN_58520ab0	40
client-core-current	58520ae0	FUN_58520ae0	78
client-core-current	58520b30	FUN_58520b30	29
client-core-current	58520b50	FUN_58520b50	31
client-core-current	58520b70	FUN_58520b70	35
client-core-current	58520ba0	FUN_58520ba0	60
client-core-current	58520be0	FUN_58520be0	57
client-core-current	58520c20	FUN_58520c20	186
client-core-current	58520ce0	FUN_58520ce0	60
client-core-current	58520d20	FUN_58520d20	481
client-core-current	58520f10	FUN_58520f10	221
client-core-current	58520ff0	FUN_58520ff0	312
client-core-current	58521140	FUN_58521140	257
client-core-current	58521250	FUN_58521250	78
client-core-current	585212a0	FUN_585212a0	87
client-core-current	58521300	FUN_58521300	213
client-core-current	585213e0	FUN_585213e0	157
client-core-current	58521480	FUN_58521480	115
client-core-current	58521500	FUN_58521500	87
client-core-current	58521560	FUN_58521560	140
client-core-current	585215f0	FUN_585215f0	33
client-core-current	58521620	FUN_58521620	111
client-core-current	58521690	FUN_58521690	630
client-core-current	58521920	FUN_58521920	155
client-core-current	585219c0	FUN_585219c0	48
client-core-current	585219f0	FUN_585219f0	360
client-core-current	58521b60	FUN_58521b60	276
client-core-current	58521c80	FUN_58521c80	36
client-core-current	58521cb0	FUN_58521cb0	23
client-core-current	58521cd0	FUN_58521cd0	20
client-core-current	58521cf0	FUN_58521cf0	154
client-core-current	58521d90	FUN_58521d90	206
client-core-current	58521e60	FUN_58521e60	120
client-core-current	58521ee0	FUN_58521ee0	266
client-core-current	58521ff0	FUN_58521ff0	132
client-core-current	58522080	FUN_58522080	266
client-core-current	58522190	FUN_58522190	266
client-core-current	585222a0	FUN_585222a0	266
client-core-current	585223b0	FUN_585223b0	128
client-core-current	58522430	FUN_58522430	266
client-core-current	58522540	FUN_58522540	298
client-core-current	58522670	FUN_58522670	44
client-core-current	585226a0	FUN_585226a0	72
client-core-current	585226f0	FUN_585226f0	77
client-core-current	58522740	FUN_58522740	20
client-core-current	58522760	FUN_58522760	46
client-core-current	58522790	FUN_58522790	46
client-core-current	585227c0	FUN_585227c0	313
client-core-current	58522900	FUN_58522900	166
client-core-current	585229b0	FUN_585229b0	187
client-core-current	58522a70	FUN_58522a70	107
client-core-current	58522ae0	FUN_58522ae0	20
client-core-current	58522b00	FUN_58522b00	20
client-core-current	58522b20	FUN_58522b20	26
client-core-current	58522b40	FUN_58522b40	70
client-core-current	58522b90	FUN_58522b90	20
client-core-current	58522bb0	FUN_58522bb0	25
client-core-current	58522bd0	FUN_58522bd0	21
client-core-current	58522bf0	FUN_58522bf0	69
client-core-current	58522c40	FUN_58522c40	184
client-core-current	58522d00	FUN_58522d00	71
client-core-current	58522d50	FUN_58522d50	46
client-core-current	58522d80	FUN_58522d80	46
client-core-current	58522db0	FUN_58522db0	670
client-core-current	58523070	FUN_58523070	134
client-core-current	58523100	FUN_58523100	118
client-core-current	58523180	FUN_58523180	245
client-core-current	58523280	FUN_58523280	302
client-core-current	585233d0	FUN_585233d0	102
client-core-current	58523440	FUN_58523440	65
client-core-current	58523490	FUN_58523490	17
client-core-current	585234b0	FUN_585234b0	25
client-core-current	585234d0	FUN_585234d0	118
client-core-current	58523550	FUN_58523550	29
client-core-current	58523570	FUN_58523570	62
client-core-current	585235b0	FUN_585235b0	210
client-core-current	58523690	FUN_58523690	33
client-core-current	585236c0	FUN_585236c0	63
client-core-current	58523700	FUN_58523700	55
client-core-current	58523740	FUN_58523740	20
client-core-current	58523760	FUN_58523760	46
client-core-current	58523790	FUN_58523790	49
client-core-current	585237d0	FUN_585237d0	351
client-core-current	58523930	FUN_58523930	121
client-core-current	585239b0	FUN_585239b0	71
client-core-current	58523a00	FUN_58523a00	240
client-core-current	58523af0	FUN_58523af0	92
client-core-current	58523b50	FUN_58523b50	71
client-core-current	58523ba0	FUN_58523ba0	46
client-core-current	58523bd0	FUN_58523bd0	382
client-core-current	58523d50	FUN_58523d50	150
client-core-current	58523df0	FUN_58523df0	169
client-core-current	58523ea0	FUN_58523ea0	177
client-core-current	58523f60	FUN_58523f60	94
client-core-current	58523fc0	FUN_58523fc0	63
client-core-current	58524010	FUN_58524010	98
client-core-current	58524080	FUN_58524080	20
client-core-current	585240a0	FUN_585240a0	69
client-core-current	585240f0	FUN_585240f0	29
client-core-current	58524110	FUN_58524110	49
client-core-current	58524150	FUN_58524150	460
client-core-current	585243a0	FUN_585243a0	112
client-core-current	58524410	FUN_58524410	85
client-core-current	58524470	FUN_58524470	29
client-core-current	58524490	FUN_58524490	22
client-core-current	585244b0	FUN_585244b0	1040
client-core-current	585248c0	FUN_585248c0	19
client-core-current	585248e0	FUN_585248e0	65
client-core-current	58524930	FUN_58524930	113
client-core-current	585249b0	FUN_585249b0	94
client-core-current	58524a10	FUN_58524a10	116
client-core-current	58524a90	FUN_58524a90	105
client-core-current	58524b00	FUN_58524b00	503
client-core-current	58524d00	FUN_58524d00	43
client-core-current	58524d30	FUN_58524d30	13
client-core-current	58524d40	FUN_58524d40	243
client-core-current	58524e40	FUN_58524e40	397
client-core-current	58524fd0	FUN_58524fd0	180
client-core-current	58525090	FUN_58525090	139
client-core-current	58525120	FUN_58525120	31
client-core-current	58525180	FUN_58525180	19
client-core-current	585251a0	FUN_585251a0	822
client-core-current	585254e0	FUN_585254e0	17
client-core-current	58525500	FUN_58525500	272
client-core-current	58525610	FUN_58525610	79
client-core-current	58525660	FUN_58525660	135
client-core-current	585256f0	FUN_585256f0	19
client-core-current	58525710	FUN_58525710	157
client-core-current	585257b0	FUN_585257b0	59
client-core-current	585257f0	FUN_585257f0	248
client-core-current	585258f0	FUN_585258f0	136
client-core-current	585259e0	FUN_585259e0	56
client-core-current	58525a20	FUN_58525a20	100
client-core-current	58525a90	FUN_58525a90	115
client-core-current	58525b10	FUN_58525b10	5507
client-core-current	585270a0	FUN_585270a0	138
client-core-current	58527130	FUN_58527130	23
client-core-current	58527150	FUN_58527150	20
client-core-current	58527170	FUN_58527170	3235
client-core-current	58527e20	FUN_58527e20	81
client-core-current	58527e80	FUN_58527e80	33
client-core-current	58527eb0	FUN_58527eb0	11
client-core-current	58527ec0	FUN_58527ec0	49
client-core-current	58527f00	FUN_58527f00	502
client-core-current	58528100	FUN_58528100	178
client-core-current	585281c0	FUN_585281c0	232
client-core-current	585282b0	FUN_585282b0	199
client-core-current	58528380	FUN_58528380	1892
client-core-current	58528af0	FUN_58528af0	708
client-core-current	58528dc0	FUN_58528dc0	755
client-core-current	585290c0	FUN_585290c0	999
client-core-current	585294f0	FUN_585294f0	249
client-core-current	585295f0	FUN_585295f0	19
client-core-current	58529610	FUN_58529610	17
client-core-current	58529630	FUN_58529630	140
client-core-current	585296c0	FUN_585296c0	38
client-core-current	585296f0	FUN_585296f0	20
client-core-current	58529710	FUN_58529710	22
client-core-current	58529730	FUN_58529730	20
client-core-current	58529750	FUN_58529750	18
client-core-current	58529770	FUN_58529770	75
client-core-current	585297c0	FUN_585297c0	229
client-core-current	585298b0	FUN_585298b0	72
client-core-current	58529900	FUN_58529900	20
client-core-current	58529920	FUN_58529920	1530
client-core-current	58529f90	FUN_58529f90	12587
client-core-current	5852d0c0	FUN_5852d0c0	117
client-core-current	5852d140	FUN_5852d140	32
client-core-current	5852d160	FUN_5852d160	347
client-core-current	5852d2c0	FUN_5852d2c0	520
client-core-current	5852d4d0	FUN_5852d4d0	249
client-core-current	5852d5d0	FUN_5852d5d0	2138
client-core-current	5852de30	FUN_5852de30	6605
client-core-current	5852f800	FUN_5852f800	1230
client-core-current	5852fcd0	FUN_5852fcd0	4510
client-core-current	58530ea0	FUN_58530ea0	192
client-core-current	58530f60	FUN_58530f60	147
client-core-current	58531000	FUN_58531000	4095
client-core-current	58532010	FUN_58532010	24
client-core-current	58532030	FUN_58532030	36
client-core-current	58532060	FUN_58532060	25
client-core-current	58532080	FUN_58532080	2634
client-core-current	58532ad0	FUN_58532ad0	125
client-core-current	58532b50	FUN_58532b50	25
client-core-current	58532b70	FUN_58532b70	998
client-core-current	58532f60	FUN_58532f60	373
client-core-current	585330e0	FUN_585330e0	1675
client-core-current	585338a0	FUN_585338a0	25
client-core-current	585338c0	FUN_585338c0	31
client-core-current	585338e0	FUN_585338e0	24
client-core-current	58533900	FUN_58533900	512
client-core-current	58533b00	FUN_58533b00	477
client-core-current	58533ce0	FUN_58533ce0	110
client-core-current	58533d50	FUN_58533d50	826
client-core-current	58534090	FUN_58534090	160
client-core-current	58534130	FUN_58534130	119
client-core-current	585341b0	FUN_585341b0	32
client-core-current	585341d0	FUN_585341d0	659
client-core-current	58534470	FUN_58534470	234
client-core-current	58534560	FUN_58534560	84
client-core-current	585345c0	FUN_585345c0	169
client-core-current	58534670	FUN_58534670	155
client-core-current	58534710	FUN_58534710	25
client-core-current	58534730	FUN_58534730	34
client-core-current	58534760	FUN_58534760	63
client-core-current	585347a0	FUN_585347a0	38
client-core-current	585347d0	FUN_585347d0	33
client-core-current	58534800	FUN_58534800	52
client-core-current	58534840	FUN_58534840	10
client-core-current	58534850	FUN_58534850	59
client-core-current	58534890	FUN_58534890	26
client-core-current	585348b0	FUN_585348b0	38
client-core-current	585348e0	FUN_585348e0	21
client-core-current	58534900	FUN_58534900	177
client-core-current	585349c0	FUN_585349c0	177
client-core-current	58534a80	FUN_58534a80	46
client-core-current	58534ab0	FUN_58534ab0	17
client-core-current	58534ad0	FUN_58534ad0	41
client-core-current	58534b00	FUN_58534b00	555
client-core-current	58534d30	FUN_58534d30	41
client-core-current	58534d60	FUN_58534d60	129
client-core-current	58534df0	FUN_58534df0	129
client-core-current	58534e80	FUN_58534e80	237
client-core-current	58534f70	FUN_58534f70	431
client-core-current	58535120	FUN_58535120	104
client-core-current	58535190	FUN_58535190	49
client-core-current	585351d0	FUN_585351d0	524
client-core-current	585353e0	FUN_585353e0	558
client-core-current	58535610	FUN_58535610	238
client-core-current	58535700	FUN_58535700	173
client-core-current	585357b0	FUN_585357b0	892
client-core-current	58535b30	FUN_58535b30	170
client-core-current	58535be0	FUN_58535be0	132
client-core-current	58535c70	FUN_58535c70	31
client-core-current	58535c90	FUN_58535c90	86
client-core-current	58535cf0	FUN_58535cf0	159
client-core-current	58535d90	FUN_58535d90	77
client-core-current	58535de0	FUN_58535de0	105
client-core-current	58535e50	FUN_58535e50	219
client-core-current	58535f30	FUN_58535f30	29
client-core-current	58535f50	FUN_58535f50	49
client-core-current	58535f90	FUN_58535f90	613
client-core-current	58536200	FUN_58536200	1019
client-core-current	58536600	FUN_58536600	252
client-core-current	58536700	FUN_58536700	176
client-core-current	585367b0	FUN_585367b0	165
client-core-current	58536860	FUN_58536860	11125
client-core-current	585393e0	FUN_585393e0	756
client-core-current	585396e0	FUN_585396e0	1631
client-core-current	58539d40	FUN_58539d40	10
client-core-current	58539d50	FUN_58539d50	3926
client-core-current	5853acb0	FUN_5853acb0	19
client-core-current	5853acd0	FUN_5853acd0	204
client-core-current	5853ada0	FUN_5853ada0	467
client-core-current	5853af80	FUN_5853af80	21
client-core-current	5853afa0	FUN_5853afa0	173
client-core-current	5853b050	FUN_5853b050	29
client-core-current	5853b070	FUN_5853b070	49
client-core-current	5853b0b0	FUN_5853b0b0	269
client-core-current	5853b1c0	FUN_5853b1c0	20
client-core-current	5853b1e0	FUN_5853b1e0	49
client-core-current	5853b220	FUN_5853b220	311
client-core-current	5853b360	FUN_5853b360	587
client-core-current	5853b5d0	FUN_5853b5d0	54
client-core-current	5853b610	FUN_5853b610	446
client-core-current	5853b7d0	FUN_5853b7d0	173
client-core-current	5853b880	FUN_5853b880	29
client-core-current	5853b8a0	FUN_5853b8a0	49
client-core-current	5853b8e0	FUN_5853b8e0	445
client-core-current	5853baa0	FUN_5853baa0	184
client-core-current	5853bb60	FUN_5853bb60	92
client-core-current	5853bbc0	FUN_5853bbc0	111
client-core-current	5853bc30	FUN_5853bc30	7663
client-core-current	5853da20	FUN_5853da20	119
client-core-current	5853daa0	FUN_5853daa0	3247
client-core-current	5853e760	FUN_5853e760	46
client-core-current	5853e790	FUN_5853e790	49
client-core-current	5853e7d0	FUN_5853e7d0	789
client-core-current	5853eaf0	FUN_5853eaf0	2808
client-core-current	5853f5f0	FUN_5853f5f0	2068
client-core-current	5853fe60	FUN_5853fe60	266
client-core-current	5853ff70	FUN_5853ff70	273
client-core-current	58540090	FUN_58540090	92
client-core-current	585400f0	FUN_585400f0	512
client-core-current	585402f0	FUN_585402f0	123
client-core-current	58540370	FUN_58540370	680
client-core-current	58540620	FUN_58540620	974
client-core-current	58540a00	FUN_58540a00	2566
client-core-current	58541450	FUN_58541450	25
client-core-current	58541470	FUN_58541470	447
client-core-current	58541630	FUN_58541630	18979
client-core-current	58546090	FUN_58546090	132
client-core-current	58546120	FUN_58546120	38
client-core-current	58546150	FUN_58546150	54
client-core-current	58546190	FUN_58546190	25
client-core-current	585461b0	FUN_585461b0	54
client-core-current	585461f0	FUN_585461f0	459
client-core-current	585463c0	FUN_585463c0	153
client-core-current	58546460	FUN_58546460	71
client-core-current	585464b0	FUN_585464b0	70
client-core-current	58546500	FUN_58546500	70
client-core-current	58546550	FUN_58546550	132
client-core-current	585465e0	FUN_585465e0	71
client-core-current	58546630	FUN_58546630	234
client-core-current	58546720	FUN_58546720	404
client-core-current	585468c0	FUN_585468c0	83
client-core-current	58546920	FUN_58546920	1022
client-core-current	58546d20	FUN_58546d20	6568
client-core-current	58548710	FUN_58548710	3605
client-core-current	58549530	FUN_58549530	115
client-core-current	585495b0	FUN_585495b0	25
client-core-current	585495d0	FUN_585495d0	209
client-core-current	585496c0	FUN_585496c0	25
client-core-current	585496e0	FUN_585496e0	558
client-core-current	58549910	FUN_58549910	12901
client-core-current	5854cbc0	FUN_5854cbc0	22
client-core-current	5854cbe0	FUN_5854cbe0	25
client-core-current	5854cc00	FUN_5854cc00	37
client-core-current	5854cc30	FUN_5854cc30	28
client-core-current	5854cc50	FUN_5854cc50	25
client-core-current	5854cc70	FUN_5854cc70	25
client-core-current	5854cc90	FUN_5854cc90	674
client-core-current	5854cf90	FUN_5854cf90	59
client-core-current	5854cfd0	FUN_5854cfd0	23
client-core-current	5854cff0	FUN_5854cff0	712
client-core-current	5854d2c0	FUN_5854d2c0	283
client-core-current	5854d3e0	FUN_5854d3e0	46
client-core-current	5854d410	FUN_5854d410	148
client-core-current	5854d4b0	FUN_5854d4b0	243
client-core-current	5854d5b0	FUN_5854d5b0	137
client-core-current	5854d640	FUN_5854d640	150
client-core-current	5854d6e0	FUN_5854d6e0	539
client-core-current	5854d900	FUN_5854d900	23
client-core-current	5854d920	FUN_5854d920	268
client-core-current	5854da30	FUN_5854da30	116
client-core-current	5854dab0	FUN_5854dab0	46
client-core-current	5854dae0	FUN_5854dae0	50
client-core-current	5854db20	FUN_5854db20	163
client-core-current	5854dbd0	FUN_5854dbd0	492
client-core-current	5854ddc0	FUN_5854ddc0	145
client-core-current	5854de60	FUN_5854de60	47
client-core-current	5854de90	FUN_5854de90	1270
client-core-current	5854e390	FUN_5854e390	479
client-core-current	5854e570	FUN_5854e570	49
client-core-current	5854e5b0	FUN_5854e5b0	22
client-core-current	5854e5d0	FUN_5854e5d0	189
client-core-current	5854e690	FUN_5854e690	366
client-core-current	5854e800	FUN_5854e800	44
client-core-current	5854e830	FUN_5854e830	7095
client-core-current	585503f0	FUN_585503f0	20
client-core-current	58550410	FUN_58550410	46
client-core-current	58550440	FUN_58550440	74
client-core-current	58550490	FUN_58550490	112
client-core-current	58550500	FUN_58550500	83
client-core-current	58550560	FUN_58550560	46
client-core-current	58550590	FUN_58550590	43
client-core-current	585505c0	FUN_585505c0	23
client-core-current	585505e0	FUN_585505e0	184
client-core-current	585506a0	FUN_585506a0	562
client-core-current	585508e0	FUN_585508e0	68
client-core-current	58550930	FUN_58550930	154
client-core-current	585509d0	FUN_585509d0	178
client-core-current	58550a90	FUN_58550a90	49
client-core-current	58550ad0	FUN_58550ad0	54
client-core-current	58550b10	FUN_58550b10	29
client-core-current	58550b30	FUN_58550b30	178
client-core-current	58550bf0	FUN_58550bf0	20
client-core-current	58550c10	FUN_58550c10	21
client-core-current	58550c30	FUN_58550c30	21
client-core-current	58550c50	FUN_58550c50	29
client-core-current	58550c70	FUN_58550c70	20
client-core-current	58550c90	FUN_58550c90	278
client-core-current	58550db0	FUN_58550db0	345
client-core-current	58550f10	FUN_58550f10	80
client-core-current	58550f60	FUN_58550f60	25
client-core-current	58550f80	FUN_58550f80	155
client-core-current	58551020	FUN_58551020	439
client-core-current	585511e0	FUN_585511e0	576
client-core-current	58551420	FUN_58551420	2630
client-core-current	58551f00	FUN_58551f00	25
client-core-current	58551f20	FUN_58551f20	25
client-core-current	58551f40	FUN_58551f40	109
client-core-current	58551fb0	FUN_58551fb0	28
client-core-current	58551fd0	FUN_58551fd0	24
client-core-current	58551ff0	FUN_58551ff0	100
client-core-current	58552060	FUN_58552060	78
client-core-current	585520b0	FUN_585520b0	68
client-core-current	58552100	FUN_58552100	46
client-core-current	58552130	FUN_58552130	91
client-core-current	58552190	FUN_58552190	63
client-core-current	585521d0	FUN_585521d0	5086
client-core-current	585535b0	FUN_585535b0	75
client-core-current	58553600	FUN_58553600	2474
client-core-current	58553fb0	FUN_58553fb0	98
client-core-current	58554020	FUN_58554020	98
client-core-current	58554090	FUN_58554090	103
client-core-current	58554100	FUN_58554100	711
client-core-current	585543d0	FUN_585543d0	395
client-core-current	58554560	FUN_58554560	107
client-core-current	585545d0	FUN_585545d0	1547
client-core-current	58554be0	FUN_58554be0	359
client-core-current	58554d50	FUN_58554d50	49
client-core-current	58554d90	FUN_58554d90	760
client-core-current	58555090	FUN_58555090	239
client-core-current	58555180	FUN_58555180	143
client-core-current	58555210	FUN_58555210	243
client-core-current	58555310	FUN_58555310	1452
client-core-current	585558c0	FUN_585558c0	987
client-core-current	58555ca0	FUN_58555ca0	751
client-core-current	58555f90	FUN_58555f90	39
client-core-current	58555fc0	FUN_58555fc0	549
client-core-current	585561f0	FUN_585561f0	47
client-core-current	58556220	FUN_58556220	329
client-core-current	585578d0	FUN_585578d0	767
client-core-current	58557bd0	FUN_58557bd0	791
client-core-current	58557ef0	FUN_58557ef0	336
client-core-current	58558040	FUN_58558040	61
client-core-current	58558080	FUN_58558080	55
client-core-current	585580c0	FUN_585580c0	94
client-core-current	58558130	FUN_58558130	46
client-core-current	58558160	FUN_58558160	46
client-core-current	58558190	FUN_58558190	150
client-core-current	58558230	FUN_58558230	71
client-core-current	58558280	FUN_58558280	1804
client-core-current	58558a20	FUN_58558a20	1026
client-core-current	58558e50	FUN_58558e50	165
client-core-current	58558f00	FUN_58558f00	130
client-core-current	58558f90	FUN_58558f90	155
client-core-current	58559030	FUN_58559030	664
client-core-current	585592e0	FUN_585592e0	7764
client-core-current	5855b250	FUN_5855b250	550
client-core-current	5855b480	FUN_5855b480	119
client-core-current	5855b500	FUN_5855b500	164
client-core-current	5855b5b0	FUN_5855b5b0	38
client-core-current	5855b5e0	FUN_5855b5e0	25
client-core-current	5855b600	FUN_5855b600	25
client-core-current	5855b620	FUN_5855b620	84
client-core-current	5855b680	FUN_5855b680	20
client-core-current	5855b6a0	FUN_5855b6a0	20
client-core-current	5855b6c0	FUN_5855b6c0	20
client-core-current	5855b6e0	FUN_5855b6e0	20
client-core-current	5855b700	FUN_5855b700	22
client-core-current	5855b720	FUN_5855b720	22
client-core-current	5855b740	FUN_5855b740	38
client-core-current	5855b770	FUN_5855b770	20
client-core-current	5855b790	FUN_5855b790	42
client-core-current	5855b7c0	FUN_5855b7c0	31
client-core-current	5855b7e0	FUN_5855b7e0	192
client-core-current	5855b8a0	FUN_5855b8a0	103
client-core-current	5855b910	FUN_5855b910	915
client-core-current	5855bd20	FUN_5855bd20	37
client-core-current	5855bd50	FUN_5855bd50	335
client-core-current	5855bea0	FUN_5855bea0	98
client-core-current	5855bf10	FUN_5855bf10	68
client-core-current	5855bf60	FUN_5855bf60	30
client-core-current	5855bf80	FUN_5855bf80	30
client-core-current	5855bfa0	FUN_5855bfa0	65
client-core-current	5855bff0	FUN_5855bff0	25
client-core-current	5855c010	FUN_5855c010	123
client-core-current	5855c090	FUN_5855c090	34
client-core-current	5855c0c0	FUN_5855c0c0	25
client-core-current	5855c0e0	FUN_5855c0e0	26
client-core-current	5855c100	FUN_5855c100	1244
client-core-current	5855c650	FUN_5855c650	46
client-core-current	5855c680	FUN_5855c680	83
client-core-current	5855c6e0	FUN_5855c6e0	46
client-core-current	5855c710	FUN_5855c710	512
client-core-current	5855c910	FUN_5855c910	87
client-core-current	5855c970	FUN_5855c970	338
client-core-current	5855cad0	FUN_5855cad0	9950
client-core-current	5855f210	FUN_5855f210	1146
client-core-current	5855f690	FUN_5855f690	46
client-core-current	5855f6c0	FUN_5855f6c0	49
client-core-current	5855f700	FUN_5855f700	972
client-core-current	5855fad0	FUN_5855fad0	384
client-core-current	5855fc50	FUN_5855fc50	727
client-core-current	5855ff30	FUN_5855ff30	380
client-core-current	585600b0	FUN_585600b0	594
client-core-current	58560310	FUN_58560310	344
client-core-current	58560470	FUN_58560470	408
client-core-current	58560610	FUN_58560610	792
client-core-current	58560930	FUN_58560930	35
client-core-current	58560960	FUN_58560960	762
client-core-current	58560c60	FUN_58560c60	203
client-core-current	58560d30	FUN_58560d30	46
client-core-current	58560d60	FUN_58560d60	441
client-core-current	58560f20	FUN_58560f20	44
client-core-current	58560f50	FUN_58560f50	341
client-core-current	585610b0	FUN_585610b0	130
client-core-current	58561140	FUN_58561140	212
client-core-current	58561220	FUN_58561220	661
client-core-current	585614c0	FUN_585614c0	197
client-core-current	58561590	FUN_58561590	38
client-core-current	585615c0	FUN_585615c0	50
client-core-current	58561600	FUN_58561600	44
client-core-current	58561630	FUN_58561630	48
client-core-current	58561660	FUN_58561660	64
client-core-current	585616a0	FUN_585616a0	62
client-core-current	585616e0	FUN_585616e0	178
client-core-current	585617a0	FUN_585617a0	20
client-core-current	585617c0	FUN_585617c0	71
client-core-current	58561810	FUN_58561810	149
client-core-current	585618b0	FUN_585618b0	46
client-core-current	585618e0	FUN_585618e0	46
client-core-current	58561910	FUN_58561910	46
client-core-current	58561940	FUN_58561940	304
client-core-current	58561a70	FUN_58561a70	119
client-core-current	58561af0	FUN_58561af0	161
client-core-current	58561ba0	FUN_58561ba0	166
client-core-current	58561c50	FUN_58561c50	333
client-core-current	58561da0	FUN_58561da0	516
client-core-current	58561fb0	FUN_58561fb0	20
client-core-current	58561fd0	FUN_58561fd0	46
client-core-current	58562000	FUN_58562000	264
client-core-current	58562110	FUN_58562110	19
client-core-current	58562130	FUN_58562130	25
client-core-current	58562150	FUN_58562150	942
client-core-current	58562540	FUN_58562540	818
client-core-current	58562880	FUN_58562880	19
client-core-current	585628a0	FUN_585628a0	19
client-core-current	585628c0	FUN_585628c0	328
client-core-current	58562a10	FUN_58562a10	21
client-core-current	58562a30	FUN_58562a30	94
client-core-current	58562a90	FUN_58562a90	21
client-core-current	58562ab0	FUN_58562ab0	21
client-core-current	58562ad0	FUN_58562ad0	82
client-core-current	58562b30	FUN_58562b30	69
client-core-current	58562b80	FUN_58562b80	760
client-core-current	58562e80	FUN_58562e80	232
client-core-current	58562f70	FUN_58562f70	49
client-core-current	58562fb0	FUN_58562fb0	13
client-core-current	58562fc0	FUN_58562fc0	25
client-core-current	58562fe0	FUN_58562fe0	52
client-core-current	58563020	FUN_58563020	486
client-core-current	58563210	FUN_58563210	291
client-core-current	58563340	FUN_58563340	447
client-core-current	58563500	FUN_58563500	333
client-core-current	58563650	FUN_58563650	103
client-core-current	585636c0	FUN_585636c0	132
client-core-current	58563750	FUN_58563750	933
client-core-current	58563b10	FUN_58563b10	21
client-core-current	58563b30	FUN_58563b30	115
client-core-current	58563bb0	FUN_58563bb0	151
client-core-current	58563c50	FUN_58563c50	41
client-core-current	58563c80	FUN_58563c80	297
client-core-current	58563db0	FUN_58563db0	119
client-core-current	58563e30	FUN_58563e30	355
client-core-current	58563fa0	FUN_58563fa0	264
client-core-current	585640b0	FUN_585640b0	404
client-core-current	58564250	FUN_58564250	132
client-core-current	585642e0	FUN_585642e0	39
client-core-current	58564310	FUN_58564310	227
client-core-current	58564400	FUN_58564400	138
client-core-current	58564490	FUN_58564490	75
client-core-current	585644e0	FUN_585644e0	97
client-core-current	58564550	FUN_58564550	183
client-core-current	58564610	FUN_58564610	34
client-core-current	58564640	FUN_58564640	25
client-core-current	58564660	FUN_58564660	91
client-core-current	585646c0	FUN_585646c0	510
client-core-current	585648c0	FUN_585648c0	104
client-core-current	58564930	FUN_58564930	49
client-core-current	58564970	FUN_58564970	1716
client-core-current	58565030	FUN_58565030	276
client-core-current	58565150	FUN_58565150	130
client-core-current	585651e0	FUN_585651e0	348
client-core-current	58565340	FUN_58565340	2800
client-core-current	58565e30	FUN_58565e30	1210
client-core-current	585662f0	FUN_585662f0	59
client-core-current	58566330	FUN_58566330	172
client-core-current	585663e0	FUN_585663e0	125
client-core-current	58566470	FUN_58566470	800
client-core-current	58566790	FUN_58566790	20
client-core-current	585667b0	FUN_585667b0	478
client-core-current	58566990	FUN_58566990	1229
client-core-current	58566e60	FUN_58566e60	38
client-core-current	58566e90	FUN_58566e90	275
client-core-current	58566fb0	FUN_58566fb0	305
client-core-current	585670f0	FUN_585670f0	25
client-core-current	58567110	FUN_58567110	25
client-core-current	58567130	FUN_58567130	283
client-core-current	58567250	FUN_58567250	900
client-core-current	585675e0	FUN_585675e0	25
client-core-current	58567600	FUN_58567600	16
client-core-current	58567610	FUN_58567610	355
client-core-current	58567780	FUN_58567780	104
client-core-current	585677f0	FUN_585677f0	49
client-core-current	58567830	FUN_58567830	1414
client-core-current	58567dc0	FUN_58567dc0	64
client-core-current	58567e00	FUN_58567e00	158
client-core-current	58567ea0	FUN_58567ea0	20
client-core-current	58567ec0	FUN_58567ec0	29
client-core-current	58567ee0	FUN_58567ee0	46
client-core-current	58567f10	FUN_58567f10	49
client-core-current	58567f50	FUN_58567f50	834
client-core-current	585682a0	FUN_585682a0	52
client-core-current	585682e0	FUN_585682e0	304
client-core-current	58568410	FUN_58568410	39
client-core-current	58568450	FUN_58568450	7160
client-core-current	5856a050	FUN_5856a050	1744
client-core-current	5856a720	FUN_5856a720	20
client-core-current	5856a740	FUN_5856a740	20
client-core-current	5856a760	FUN_5856a760	22
client-core-current	5856a780	FUN_5856a780	20
client-core-current	5856a7a0	FUN_5856a7a0	25
client-core-current	5856a7c0	FUN_5856a7c0	428
client-core-current	5856a970	FUN_5856a970	321
client-core-current	5856aac0	FUN_5856aac0	25
client-core-current	5856aae0	FUN_5856aae0	227
client-core-current	5856abd0	FUN_5856abd0	298
client-core-current	5856ad00	FUN_5856ad00	16
client-core-current	5856ad10	FUN_5856ad10	382
client-core-current	5856ae90	FUN_5856ae90	46
client-core-current	5856aec0	FUN_5856aec0	49
client-core-current	5856af00	FUN_5856af00	48
client-core-current	5856af30	FUN_5856af30	71
client-core-current	5856af80	FUN_5856af80	1913
client-core-current	5856b700	FUN_5856b700	187
client-core-current	5856b7c0	FUN_5856b7c0	104
client-core-current	5856b830	FUN_5856b830	49
client-core-current	5856b870	FUN_5856b870	115
client-core-current	5856b8f0	FUN_5856b8f0	967
client-core-current	5856bcc0	FUN_5856bcc0	184
client-core-current	5856bd80	FUN_5856bd80	35
client-core-current	5856bdb0	FUN_5856bdb0	82
client-core-current	5856be10	FUN_5856be10	31
client-core-current	5856be30	FUN_5856be30	265
client-core-current	5856bf40	FUN_5856bf40	29
client-core-current	5856bf60	FUN_5856bf60	49
client-core-current	5856bfa0	FUN_5856bfa0	144
client-core-current	5856c030	FUN_5856c030	41
client-core-current	5856c060	FUN_5856c060	122
client-core-current	5856c0e0	FUN_5856c0e0	1049
client-core-current	5856c500	FUN_5856c500	35
client-core-current	5856c530	FUN_5856c530	74
client-core-current	5856c580	FUN_5856c580	176
client-core-current	5856c630	FUN_5856c630	29
client-core-current	5856c650	FUN_5856c650	46
client-core-current	5856c680	FUN_5856c680	41
client-core-current	5856c6b0	FUN_5856c6b0	1020
client-core-current	5856cab0	FUN_5856cab0	278
client-core-current	5856cbd0	FUN_5856cbd0	29
client-core-current	5856cbf0	FUN_5856cbf0	49
client-core-current	5856cc30	FUN_5856cc30	32
client-core-current	5856cc50	FUN_5856cc50	15
client-core-current	5856cc60	FUN_5856cc60	32
client-core-current	5856cc80	FUN_5856cc80	332
client-core-current	5856cdd0	FUN_5856cdd0	268
client-core-current	5856cee0	FUN_5856cee0	202
client-core-current	5856cfb0	FUN_5856cfb0	716
client-core-current	5856d280	FUN_5856d280	169
client-core-current	5856d330	FUN_5856d330	151
client-core-current	5856d3d0	FUN_5856d3d0	167
client-core-current	5856d480	FUN_5856d480	384
client-core-current	5856d600	FUN_5856d600	256
client-core-current	5856d700	FUN_5856d700	104
client-core-current	5856d770	FUN_5856d770	46
client-core-current	5856d7a0	FUN_5856d7a0	283
client-core-current	5856d8c0	FUN_5856d8c0	336
client-core-current	5856da20	FUN_5856da20	130
client-core-current	5856dab0	FUN_5856dab0	29
client-core-current	5856dad0	FUN_5856dad0	46
client-core-current	5856db00	FUN_5856db00	181
client-core-current	5856dbc0	FUN_5856dbc0	482
client-core-current	5856ddb0	FUN_5856ddb0	163
client-core-current	5856de60	FUN_5856de60	41
client-core-current	5856de90	FUN_5856de90	100
client-core-current	5856df00	FUN_5856df00	68
client-core-current	5856df50	FUN_5856df50	129
client-core-current	5856dfe0	FUN_5856dfe0	46
client-core-current	5856e010	FUN_5856e010	46
client-core-current	5856e040	FUN_5856e040	134
client-core-current	5856e0d0	FUN_5856e0d0	360
client-core-current	5856e240	FUN_5856e240	353
client-core-current	5856e3b0	FUN_5856e3b0	193
client-core-current	5856e480	FUN_5856e480	107
client-core-current	5856e4f0	FUN_5856e4f0	13
client-core-current	5856e500	FUN_5856e500	13
client-core-current	5856e510	FUN_5856e510	13
client-core-current	5856e520	FUN_5856e520	13
client-core-current	5856e530	WinMain	934
client-core-current	5856e8e0	FUN_5856e8e0	201
client-core-current	5856e9b0	FUN_5856e9b0	38
client-core-current	5856e9e0	FUN_5856e9e0	49
client-core-current	5856ea20	FUN_5856ea20	443
client-core-current	5856ebf0	FUN_5856ebf0	754
client-core-current	5856eef0	FUN_5856eef0	20
client-core-current	5856ef10	FUN_5856ef10	20
client-core-current	5856ef30	FUN_5856ef30	36
client-core-current	5856ef60	FUN_5856ef60	135
client-core-current	5856eff0	FUN_5856eff0	99
client-core-current	5856f060	FUN_5856f060	81
client-core-current	5856f0c0	FUN_5856f0c0	82
client-core-current	5856f120	FUN_5856f120	4366
client-core-current	58570250	FUN_58570250	301
client-core-current	58570380	FUN_58570380	293
client-core-current	585704b0	FUN_585704b0	392
client-core-current	58570650	FUN_58570650	183
client-core-current	58570710	FUN_58570710	41
client-core-current	58570740	FUN_58570740	69
client-core-current	58570790	FUN_58570790	69
client-core-current	585707e0	FUN_585707e0	69
client-core-current	58570830	FUN_58570830	40
client-core-current	58570860	FUN_58570860	40
client-core-current	58570890	FUN_58570890	242
client-core-current	58570990	FUN_58570990	171
client-core-current	58570a40	FUN_58570a40	138
client-core-current	58570ad0	FUN_58570ad0	138
client-core-current	58570b60	FUN_58570b60	45
client-core-current	58570b90	FUN_58570b90	138
client-core-current	58570c20	FUN_58570c20	21
client-core-current	58570c40	FUN_58570c40	25
client-core-current	58570c60	FUN_58570c60	55
client-core-current	58570ca0	FUN_58570ca0	107
client-core-current	58570d10	FUN_58570d10	92
client-core-current	58570d70	FUN_58570d70	113
client-core-current	58570df0	FUN_58570df0	105
client-core-current	58570e60	FUN_58570e60	470
client-core-current	58571040	FUN_58571040	127
client-core-current	58571120	FUN_58571120	46
client-core-current	58571150	FUN_58571150	294
client-core-current	58571280	FUN_58571280	20
client-core-current	585712a0	FUN_585712a0	29
client-core-current	585712c0	FUN_585712c0	81
client-core-current	58571320	FUN_58571320	32
client-core-current	58571340	FUN_58571340	49
client-core-current	58571380	FUN_58571380	284
client-core-current	585714a0	FUN_585714a0	104
client-core-current	58571510	FUN_58571510	67
client-core-current	58571560	FUN_58571560	20
client-core-current	58571580	FUN_58571580	20
client-core-current	585715a0	FUN_585715a0	20
client-core-current	585715c0	FUN_585715c0	21
client-core-current	585715e0	FUN_585715e0	20
client-core-current	58571600	FUN_58571600	50
client-core-current	58571640	FUN_58571640	20
client-core-current	58571660	FUN_58571660	38
client-core-current	58571690	FUN_58571690	18
client-core-current	585716b0	FUN_585716b0	20
client-core-current	585716d0	FUN_585716d0	20
client-core-current	585716f0	FUN_585716f0	19
client-core-current	58571710	FUN_58571710	20
client-core-current	58571730	FUN_58571730	21
client-core-current	58571750	FUN_58571750	21
client-core-current	58571770	FUN_58571770	18
client-core-current	58571790	FUN_58571790	17
client-core-current	585717b0	FUN_585717b0	20
client-core-current	585717d0	FUN_585717d0	20
client-core-current	585717f0	FUN_585717f0	21
client-core-current	58571810	FUN_58571810	20
client-core-current	58571830	FUN_58571830	20
client-core-current	58571850	FUN_58571850	28
client-core-current	58571870	FUN_58571870	21
client-core-current	58571890	FUN_58571890	21
client-core-current	585718b0	FUN_585718b0	26
client-core-current	585718d0	FUN_585718d0	21
client-core-current	585718f0	FUN_585718f0	21
client-core-current	58571910	FUN_58571910	21
client-core-current	58571930	FUN_58571930	20
client-core-current	58571950	FUN_58571950	20
client-core-current	58571970	FUN_58571970	104
client-core-current	585719e0	FUN_585719e0	274
client-core-current	58571b00	FUN_58571b00	15447
client-core-current	5857c8c0	FUN_5857c8c0	37
client-core-current	5857c8f0	FUN_5857c8f0	57
client-core-current	5857c930	FUN_5857c930	51
client-core-current	5857c970	FUN_5857c970	80
client-core-current	5857c9c0	FUN_5857c9c0	59
client-core-current	5857ca00	FUN_5857ca00	39
client-core-current	5857ca30	FUN_5857ca30	148
client-core-current	5857cad0	FUN_5857cad0	160
client-core-current	5857cb70	FUN_5857cb70	43
client-core-current	5857cba0	FUN_5857cba0	47
client-core-current	5857cbd0	FUN_5857cbd0	128
client-core-current	5857cc50	FUN_5857cc50	35
client-core-current	5857cc80	FUN_5857cc80	57
client-core-current	5857ccc0	FUN_5857ccc0	39
client-core-current	5857ccf0	FUN_5857ccf0	51
client-core-current	5857cd30	FUN_5857cd30	43
client-core-current	5857cd60	FUN_5857cd60	46
client-core-current	5857cd90	FUN_5857cd90	41
client-core-current	5857cdc0	FUN_5857cdc0	48
client-core-current	5857cdf0	FUN_5857cdf0	183
client-core-current	5857ceb0	FUN_5857ceb0	81
client-core-current	5857cf10	FUN_5857cf10	41
client-core-current	5857cf40	FUN_5857cf40	44
client-core-current	5857cf70	FUN_5857cf70	41
client-core-current	5857cfa0	FUN_5857cfa0	46
client-core-current	5857cfd0	FUN_5857cfd0	35
client-core-current	5857d000	FUN_5857d000	162
client-core-current	5857d0b0	FUN_5857d0b0	185
client-core-current	5857d170	FUN_5857d170	183
client-core-current	5857d230	FUN_5857d230	183
client-core-current	5857d2f0	FUN_5857d2f0	46
client-core-current	5857d320	FUN_5857d320	51
client-core-current	5857d360	FUN_5857d360	53
client-core-current	5857d3a0	FUN_5857d3a0	81
client-core-current	5857d400	FUN_5857d400	43
client-core-current	5857d430	FUN_5857d430	35
client-core-current	5857d460	FUN_5857d460	107
client-core-current	5857d4d0	FUN_5857d4d0	46
client-core-current	5857d500	FUN_5857d500	65
client-core-current	5857d550	FUN_5857d550	35
client-core-current	5857d580	FUN_5857d580	35
client-core-current	5857d5b0	FUN_5857d5b0	57
client-core-current	5857d5f0	FUN_5857d5f0	57
client-core-current	5857d630	FUN_5857d630	39
client-core-current	5857d660	FUN_5857d660	41
client-core-current	5857d690	FUN_5857d690	43
client-core-current	5857d6c0	FUN_5857d6c0	43
client-core-current	5857d6f0	FUN_5857d6f0	43
client-core-current	5857d720	FUN_5857d720	79
client-core-current	5857d770	FUN_5857d770	121
client-core-current	5857d7f0	FUN_5857d7f0	35
client-core-current	5857d820	FUN_5857d820	57
client-core-current	5857d860	FUN_5857d860	89
client-core-current	5857d8c0	FUN_5857d8c0	42
client-core-current	5857d8f0	FUN_5857d8f0	139
client-core-current	5857d980	FUN_5857d980	73
client-core-current	5857d9d0	FUN_5857d9d0	39
client-core-current	5857da00	FUN_5857da00	167
client-core-current	5857dab0	FUN_5857dab0	77
client-core-current	5857db00	FUN_5857db00	53
client-core-current	5857db40	FUN_5857db40	871
client-core-current	5857dec0	FUN_5857dec0	175
client-core-current	5857df80	FUN_5857df80	52
client-core-current	5857dfc0	FUN_5857dfc0	39
client-core-current	5857dff0	FUN_5857dff0	62
client-core-current	5857e030	FUN_5857e030	39
client-core-current	5857e060	FUN_5857e060	39
client-core-current	5857e090	FUN_5857e090	52
client-core-current	5857e0d0	FUN_5857e0d0	70
client-core-current	5857e120	FUN_5857e120	52
client-core-current	5857e160	FUN_5857e160	182
client-core-current	5857e220	FUN_5857e220	221
client-core-current	5857e300	FUN_5857e300	52
client-core-current	5857e340	FUN_5857e340	52
client-core-current	5857e380	FUN_5857e380	77
client-core-current	5857e3d0	FUN_5857e3d0	57
client-core-current	5857e410	FUN_5857e410	61
client-core-current	5857e450	FUN_5857e450	82
client-core-current	5857e4b0	FUN_5857e4b0	35
client-core-current	5857e4e0	FUN_5857e4e0	39
client-core-current	5857e510	FUN_5857e510	41
client-core-current	5857e540	FUN_5857e540	57
client-core-current	5857e580	FUN_5857e580	39
client-core-current	5857e5b0	FUN_5857e5b0	57
client-core-current	5857e5f0	FUN_5857e5f0	50
client-core-current	5857e630	FUN_5857e630	39
client-core-current	5857e660	FUN_5857e660	89
client-core-current	5857e6c0	FUN_5857e6c0	42
client-core-current	5857e6f0	FUN_5857e6f0	40
client-core-current	5857e720	FUN_5857e720	134
client-core-current	5857e7b0	FUN_5857e7b0	88
client-core-current	5857e810	FUN_5857e810	39
client-core-current	5857e840	FUN_5857e840	41
client-core-current	5857e870	FUN_5857e870	145
client-core-current	5857e910	FUN_5857e910	41
client-core-current	5857e940	FUN_5857e940	41
client-core-current	5857e970	FUN_5857e970	35
client-core-current	5857e9a0	FUN_5857e9a0	39
client-core-current	5857e9d0	FUN_5857e9d0	41
client-core-current	5857ea00	FUN_5857ea00	57
client-core-current	5857ea40	FUN_5857ea40	78
client-core-current	5857ea90	FUN_5857ea90	39
client-core-current	5857eac0	FUN_5857eac0	39
client-core-current	5857eaf0	FUN_5857eaf0	77
client-core-current	5857eb40	FUN_5857eb40	77
client-core-current	5857eb90	FUN_5857eb90	57
client-core-current	5857ebd0	FUN_5857ebd0	40
client-core-current	5857ec00	FUN_5857ec00	65
client-core-current	5857ec50	FUN_5857ec50	35
client-core-current	5857ec80	FUN_5857ec80	120
client-core-current	5857ed00	FUN_5857ed00	120
client-core-current	5857ed80	FUN_5857ed80	35
client-core-current	5857edb0	FUN_5857edb0	35
client-core-current	5857ede0	FUN_5857ede0	35
client-core-current	5857ee10	FUN_5857ee10	39
client-core-current	5857ee40	FUN_5857ee40	186
client-core-current	5857ef00	FUN_5857ef00	39
client-core-current	5857ef30	FUN_5857ef30	39
client-core-current	5857ef60	FUN_5857ef60	57
client-core-current	5857efa0	FUN_5857efa0	52
client-core-current	5857efe0	FUN_5857efe0	36
client-core-current	5857f010	FUN_5857f010	89
client-core-current	5857f070	FUN_5857f070	72
client-core-current	5857f0c0	FUN_5857f0c0	98
client-core-current	5857f130	FUN_5857f130	72
client-core-current	5857f180	FUN_5857f180	1253
client-core-current	5857f670	FUN_5857f670	42
client-core-current	5857f6a0	FUN_5857f6a0	108
client-core-current	5857f710	FUN_5857f710	27
client-core-current	5857f730	FUN_5857f730	25
client-core-current	5857f750	FUN_5857f750	25
client-core-current	5857f770	FUN_5857f770	25
client-core-current	5857f790	FUN_5857f790	64
client-core-current	5857f7d0	FUN_5857f7d0	27
client-core-current	5857f7f0	FUN_5857f7f0	25
client-core-current	5857f810	FUN_5857f810	40
client-core-current	5857f840	FUN_5857f840	25
client-core-current	5857f860	FUN_5857f860	25
client-core-current	5857f880	FUN_5857f880	25
client-core-current	5857f8a0	FUN_5857f8a0	25
client-core-current	5857f8c0	FUN_5857f8c0	25
client-core-current	5857f8e0	FUN_5857f8e0	25
client-core-current	5857f900	FUN_5857f900	25
client-core-current	5857f920	FUN_5857f920	25
client-core-current	5857f940	FUN_5857f940	25
client-core-current	5857f960	FUN_5857f960	25
client-core-current	5857f980	FUN_5857f980	25
client-core-current	5857f9a0	FUN_5857f9a0	25
client-core-current	5857f9c0	FUN_5857f9c0	25
client-core-current	5857f9e0	FUN_5857f9e0	51
client-core-current	5857fa20	FUN_5857fa20	43
client-core-current	5857fa50	FUN_5857fa50	25
client-core-current	5857fa70	FUN_5857fa70	25
client-core-current	5857fa90	FUN_5857fa90	34
client-core-current	5857fac0	FUN_5857fac0	40
client-core-current	5857faf0	FUN_5857faf0	25
client-core-current	5857fb10	FUN_5857fb10	25
client-core-current	5857fb30	FUN_5857fb30	24
client-core-current	5857fb50	FUN_5857fb50	26
client-core-current	5857fb70	FUN_5857fb70	84
client-core-current	5857fbd0	FUN_5857fbd0	161
client-core-current	5857fc80	FUN_5857fc80	149
client-core-current	5857fd20	FUN_5857fd20	32
client-core-current	5857fd40	FUN_5857fd40	59
client-core-current	5857fd80	FUN_5857fd80	35
client-core-current	5857fdb0	FUN_5857fdb0	21
client-core-current	5857fdd0	FUN_5857fdd0	10
client-core-current	5857fde0	FUN_5857fde0	44
client-core-current	5857fe10	FUN_5857fe10	51
client-core-current	5857fe50	FUN_5857fe50	230
client-core-current	5857ff40	FUN_5857ff40	77
client-core-current	5857ffa0	FUN_5857ffa0	46
client-core-current	5857ffd0	FUN_5857ffd0	226
client-core-current	585800c0	FUN_585800c0	10
client-core-current	585800d0	FUN_585800d0	767
client-core-current	585803d0	FUN_585803d0	10165
client-core-current	58582b90	FUN_58582b90	49
client-core-current	58582bd0	FUN_58582bd0	501
client-core-current	58582e80	FUN_58582e80	30
client-core-current	58582ea0	FUN_58582ea0	2901
client-core-current	58583a00	FUN_58583a00	21
client-core-current	58583a20	FUN_58583a20	25
client-core-current	58583a40	FUN_58583a40	62
client-core-current	58583a80	FUN_58583a80	29
client-core-current	58583aa0	FUN_58583aa0	46
client-core-current	58583ad0	FUN_58583ad0	62
client-core-current	58583b10	FUN_58583b10	282
client-core-current	58583c30	FUN_58583c30	71
client-core-current	58583c80	FUN_58583c80	130
client-core-current	58583d10	FUN_58583d10	46
client-core-current	58583d40	FUN_58583d40	49
client-core-current	58583d80	FUN_58583d80	678
client-core-current	58584030	FUN_58584030	52
client-core-current	58584070	FUN_58584070	671
client-core-current	58584320	FUN_58584320	360
client-core-current	58584490	FUN_58584490	158
client-core-current	58584530	FUN_58584530	17
client-core-current	58584550	FUN_58584550	17
client-core-current	58584570	FUN_58584570	538
client-core-current	58584790	FUN_58584790	57
client-core-current	585847d0	FUN_585847d0	599
client-core-current	58584a30	FUN_58584a30	98
client-core-current	58584aa0	FUN_58584aa0	22
client-core-current	58584ac0	FUN_58584ac0	22
client-core-current	58584ae0	FUN_58584ae0	552
client-core-current	58584d30	FUN_58584d30	20
client-core-current	58584d50	FUN_58584d50	49
client-core-current	58584d90	FUN_58584d90	41
client-core-current	58584dc0	FUN_58584dc0	306
client-core-current	58584f00	FUN_58584f00	204
client-core-current	58584fd0	FUN_58584fd0	120
client-core-current	58585050	FUN_58585050	52
client-core-current	58585090	FUN_58585090	64
client-core-current	585850d0	FUN_585850d0	46
client-core-current	58585100	FUN_58585100	489
client-core-current	585852f0	FUN_585852f0	173
client-core-current	585853a0	FUN_585853a0	53
client-core-current	585853e0	FUN_585853e0	193
client-core-current	585854b0	FUN_585854b0	193
client-core-current	58585580	FUN_58585580	71
client-core-current	585855d0	FUN_585855d0	71
client-core-current	58585620	FUN_58585620	94
client-core-current	585856d0	FUN_585856d0	100
client-core-current	58585790	FUN_58585790	64
client-core-current	585857d0	FUN_585857d0	54
client-core-current	58585810	FUN_58585810	54
client-core-current	58585850	FUN_58585850	39
client-core-current	58585880	FUN_58585880	55
client-core-current	585858c0	FUN_585858c0	55
client-core-current	58585900	FUN_58585900	502
client-core-current	58585b00	FUN_58585b00	78
client-core-current	58585b50	FUN_58585b50	30
client-core-current	58585b70	FUN_58585b70	20
client-core-current	58585b90	FUN_58585b90	241
client-core-current	58585c90	FUN_58585c90	29
client-core-current	58585cb0	FUN_58585cb0	29
client-core-current	58585cd0	FUN_58585cd0	49
client-core-current	58585d10	FUN_58585d10	49
client-core-current	58585d50	FUN_58585d50	712
client-core-current	58586020	FUN_58586020	261
client-core-current	58586130	FUN_58586130	26
client-core-current	58586150	FUN_58586150	307
client-core-current	58586290	FUN_58586290	1223
client-core-current	58586760	FUN_58586760	25
client-core-current	58586780	FUN_58586780	487
client-core-current	58586970	FUN_58586970	45
client-core-current	585869a0	FUN_585869a0	96
client-core-current	58586a00	FUN_58586a00	147
client-core-current	58586aa0	FUN_58586aa0	59
client-core-current	58586ae0	FUN_58586ae0	369
client-core-current	58586c60	FUN_58586c60	142
client-core-current	58586cf0	FUN_58586cf0	49
client-core-current	58586d30	FUN_58586d30	148
client-core-current	58586dd0	FUN_58586dd0	516
client-core-current	58586fe0	FUN_58586fe0	26
client-core-current	58587000	FUN_58587000	168
client-core-current	585870b0	FUN_585870b0	538
client-core-current	585872d0	FUN_585872d0	113
client-core-current	58587350	FUN_58587350	82
client-core-current	585873b0	FUN_585873b0	175
client-core-current	58587460	FUN_58587460	121
client-core-current	585874e0	FUN_585874e0	246
client-core-current	585875e0	FUN_585875e0	103
client-core-current	58587650	FUN_58587650	3775
client-core-current	58588510	FUN_58588510	1704
client-core-current	58588bc0	FUN_58588bc0	49
client-core-current	58588c00	FUN_58588c00	334
client-core-current	58588d50	FUN_58588d50	1013
client-core-current	58589150	FUN_58589150	1148
client-core-current	58589670	FUN_58589670	22
client-core-current	58589690	FUN_58589690	92
client-core-current	585896f0	FUN_585896f0	144
client-core-current	58589780	FUN_58589780	529
client-core-current	585899a0	FUN_585899a0	25
client-core-current	585899c0	FUN_585899c0	65
client-core-current	58589a10	FUN_58589a10	29
client-core-current	58589a30	FUN_58589a30	49
client-core-current	58589a70	FUN_58589a70	17
client-core-current	58589a90	FUN_58589a90	981
client-core-current	58589e70	FUN_58589e70	65
client-core-current	58589ec0	FUN_58589ec0	29
client-core-current	58589ee0	FUN_58589ee0	49
client-core-current	58589f20	FUN_58589f20	326
client-core-current	5858a070	FUN_5858a070	40
client-core-current	5858a0a0	FUN_5858a0a0	277
client-core-current	5858a1c0	FUN_5858a1c0	95
client-core-current	5858a220	FUN_5858a220	49
client-core-current	5858a260	FUN_5858a260	25
client-core-current	5858a280	FUN_5858a280	619
client-core-current	5858a500	FUN_5858a500	383
client-core-current	5858a680	FUN_5858a680	104
client-core-current	5858a6f0	FUN_5858a6f0	49
client-core-current	5858a730	FUN_5858a730	713
client-core-current	5858aa00	FUN_5858aa00	158
client-core-current	5858aaa0	FUN_5858aaa0	603
client-core-current	5858ad00	FUN_5858ad00	134
client-core-current	5858ad90	FUN_5858ad90	757
client-core-current	5858b090	FUN_5858b090	567
client-core-current	5858b2d0	FUN_5858b2d0	245
client-core-current	5858b3d0	FUN_5858b3d0	49
client-core-current	5858b410	FUN_5858b410	495
client-core-current	5858b600	FUN_5858b600	125
client-core-current	5858b680	FUN_5858b680	84
client-core-current	5858b6e0	FUN_5858b6e0	1047
client-core-current	5858bb00	FUN_5858bb00	318
client-core-current	5858bc50	FUN_5858bc50	49
client-core-current	5858bc90	FUN_5858bc90	149
client-core-current	5858bd30	FUN_5858bd30	1608
client-core-current	5858c380	FUN_5858c380	28
client-core-current	5858c3a0	FUN_5858c3a0	20
client-core-current	5858c3c0	FUN_5858c3c0	28
client-core-current	5858c3e0	FUN_5858c3e0	364
client-core-current	5858c550	FUN_5858c550	852
client-core-current	5858c900	FUN_5858c900	130
client-core-current	5858c990	FUN_5858c990	1316
client-core-current	5858cec0	FUN_5858cec0	53
client-core-current	5858cf00	FUN_5858cf00	132
client-core-current	5858cf90	FUN_5858cf90	90
client-core-current	5858cff0	FUN_5858cff0	62
client-core-current	5858d030	FUN_5858d030	62
client-core-current	5858d070	FUN_5858d070	62
client-core-current	5858d0b0	FUN_5858d0b0	62
client-core-current	5858d0f0	FUN_5858d0f0	491
client-core-current	5858d2e0	FUN_5858d2e0	71
client-core-current	5858d330	FUN_5858d330	71
client-core-current	5858d380	FUN_5858d380	71
client-core-current	5858d3d0	FUN_5858d3d0	71
client-core-current	5858d420	FUN_5858d420	1034
client-core-current	5858d830	FUN_5858d830	46
client-core-current	5858d860	FUN_5858d860	46
client-core-current	5858d890	FUN_5858d890	46
client-core-current	5858d8c0	FUN_5858d8c0	46
client-core-current	5858d8f0	FUN_5858d8f0	49
client-core-current	5858d930	FUN_5858d930	80
client-core-current	5858d980	FUN_5858d980	288
client-core-current	5858daa0	FUN_5858daa0	1077
client-core-current	5858dee0	FUN_5858dee0	683
client-core-current	5858e190	FUN_5858e190	513
client-core-current	5858e3a0	FUN_5858e3a0	1102
client-core-current	5858e7f0	FUN_5858e7f0	661
client-core-current	5858ea90	FUN_5858ea90	20
client-core-current	5858eab0	FUN_5858eab0	18
client-core-current	5858ead0	FUN_5858ead0	20
client-core-current	5858eaf0	FUN_5858eaf0	140
client-core-current	5858eb80	FUN_5858eb80	2796
client-core-current	5858f690	FUN_5858f690	131
client-core-current	5858f720	FUN_5858f720	280
client-core-current	5858f840	FUN_5858f840	720
client-core-current	5858fb20	FUN_5858fb20	239
client-core-current	5858fc10	FUN_5858fc10	56
client-core-current	5858fc50	FUN_5858fc50	1233
client-core-current	58590130	FUN_58590130	25
client-core-current	58590150	FUN_58590150	34
client-core-current	58590180	FUN_58590180	25
client-core-current	585901a0	FUN_585901a0	22
client-core-current	585901c0	FUN_585901c0	256
client-core-current	585902c0	FUN_585902c0	68
client-core-current	58590310	FUN_58590310	364
client-core-current	58590480	FUN_58590480	91
client-core-current	585904e0	FUN_585904e0	71
client-core-current	58590530	FUN_58590530	46
client-core-current	58590560	FUN_58590560	229
client-core-current	58590650	FUN_58590650	20
client-core-current	58590670	FUN_58590670	109
client-core-current	585906e0	FUN_585906e0	348
client-core-current	58590840	FUN_58590840	34
client-core-current	58590870	FUN_58590870	22
client-core-current	58590890	FUN_58590890	22
client-core-current	585908b0	FUN_585908b0	1392
client-core-current	58590e20	FUN_58590e20	138
client-core-current	58590eb0	FUN_58590eb0	29
client-core-current	58590ed0	FUN_58590ed0	46
client-core-current	58590f00	FUN_58590f00	593
client-core-current	58591160	FUN_58591160	299
client-core-current	58591290	FUN_58591290	51
client-core-current	585912d0	FUN_585912d0	62
client-core-current	58591310	FUN_58591310	35
client-core-current	58591340	FUN_58591340	107
client-core-current	585913d0	FUN_585913d0	6819
client-core-current	58592e80	FUN_58592e80	71
client-core-current	58592ed0	FUN_58592ed0	64
client-core-current	58592f20	FUN_58592f20	22
client-core-current	58592f40	FUN_58592f40	5006
client-core-current	585942e0	FUN_585942e0	46
client-core-current	58594310	FUN_58594310	49
client-core-current	58594350	FUN_58594350	517
client-core-current	58594560	FUN_58594560	659
client-core-current	58594800	FUN_58594800	53
client-core-current	58594840	FUN_58594840	388
client-core-current	585949e0	FUN_585949e0	476
client-core-current	58594bd0	FUN_58594bd0	509
client-core-current	58594de0	FUN_58594de0	509
client-core-current	58594ff0	FUN_58594ff0	546
client-core-current	58595220	FUN_58595220	546
client-core-current	58595450	FUN_58595450	155
client-core-current	585954f0	FUN_585954f0	121
client-core-current	58595570	FUN_58595570	37
client-core-current	585955a0	FUN_585955a0	57
client-core-current	585955e0	FUN_585955e0	296
client-core-current	58595710	FUN_58595710	526
client-core-current	58595920	FUN_58595920	152
client-core-current	585959c0	FUN_585959c0	776
client-core-current	58595cd0	FUN_58595cd0	4257
client-core-current	58596e10	FUN_58596e10	494
client-core-current	58597000	FUN_58597000	266
client-core-current	58597110	FUN_58597110	230
client-core-current	58597200	FUN_58597200	1633
client-core-current	58597870	FUN_58597870	261
client-core-current	58597980	FUN_58597980	239
client-core-current	58597a70	FUN_58597a70	164
client-core-current	58597b20	FUN_58597b20	107
client-core-current	58597b90	FUN_58597b90	246
client-core-current	58597c90	FUN_58597c90	2381
client-core-current	585985e0	FUN_585985e0	209
client-core-current	585986c0	FUN_585986c0	176
client-core-current	58598770	FUN_58598770	70
client-core-current	585987c0	FUN_585987c0	44
client-core-current	585987f0	FUN_585987f0	22
client-core-current	58598810	FUN_58598810	476
client-core-current	585989f0	FUN_585989f0	53
client-core-current	58598a30	FUN_58598a30	279
client-core-current	58598b50	FUN_58598b50	227
client-core-current	58598c40	FUN_58598c40	442
client-core-current	58598e00	FUN_58598e00	8608
client-core-current	5859afa0	FUN_5859afa0	112
client-core-current	5859b010	FUN_5859b010	2083
client-core-current	5859b840	FUN_5859b840	4537
client-core-current	5859ca00	FUN_5859ca00	268
client-core-current	5859cb10	FUN_5859cb10	343
client-core-current	5859cc70	FUN_5859cc70	331
client-core-current	5859cdc0	FUN_5859cdc0	331
client-core-current	5859cf10	FUN_5859cf10	340
client-core-current	5859d070	FUN_5859d070	2938
client-core-current	5859dc00	FUN_5859dc00	305
client-core-current	5859dd40	FUN_5859dd40	185
client-core-current	5859de00	FUN_5859de00	111
client-core-current	5859de70	FUN_5859de70	32
client-core-current	5859de90	FUN_5859de90	25
client-core-current	5859deb0	FUN_5859deb0	27
client-core-current	5859ded0	FUN_5859ded0	227
client-core-current	5859dfc0	FUN_5859dfc0	25
client-core-current	5859dfe0	FUN_5859dfe0	47
client-core-current	5859e010	FUN_5859e010	153
client-core-current	5859e0b0	FUN_5859e0b0	25
client-core-current	5859e0d0	FUN_5859e0d0	152
client-core-current	5859e170	FUN_5859e170	25
client-core-current	5859e190	FUN_5859e190	1324
client-core-current	5859e6c0	FUN_5859e6c0	278
client-core-current	5859e7e0	FUN_5859e7e0	22
client-core-current	5859e800	FUN_5859e800	150
client-core-current	5859e8a0	FUN_5859e8a0	22
client-core-current	5859e8c0	FUN_5859e8c0	19451
client-core-current	585a34c0	FUN_585a34c0	7456
client-core-current	585a51f0	FUN_585a51f0	49
client-core-current	585a5230	FUN_585a5230	4058
client-core-current	585a6250	FUN_585a6250	863
client-core-current	585a65b0	FUN_585a65b0	235
client-core-current	585a66a0	FUN_585a66a0	760
client-core-current	585a69a0	FUN_585a69a0	1623
client-core-current	585a7000	FUN_585a7000	435
client-core-current	585a71c0	FUN_585a71c0	1096
client-core-current	585a7610	FUN_585a7610	740
client-core-current	585a7ac0	FUN_585a7ac0	468
client-core-current	585a7ca0	FUN_585a7ca0	34
client-core-current	585a7cd0	FUN_585a7cd0	1197
client-core-current	585a8190	FUN_585a8190	396
client-core-current	585a8320	FUN_585a8320	414
client-core-current	585a84c0	FUN_585a84c0	952
client-core-current	585a8880	FUN_585a8880	147
client-core-current	585a8920	FUN_585a8920	1051
client-core-current	585a8d50	FUN_585a8d50	1050
client-core-current	585a9170	FUN_585a9170	993
client-core-current	585a9560	FUN_585a9560	372
client-core-current	585a96e0	FUN_585a96e0	297
client-core-current	585a9810	FUN_585a9810	299
client-core-current	585a9940	FUN_585a9940	37
client-core-current	585a9970	FUN_585a9970	764
client-core-current	585abd90	FUN_585abd90	1584
client-core-current	585ac450	FUN_585ac450	1069
client-core-current	585ac880	FUN_585ac880	1908
client-core-current	585ad000	FUN_585ad000	596
client-core-current	585ad260	FUN_585ad260	10508
client-core-current	585afb70	FUN_585afb70	919
client-core-current	585aff10	FUN_585aff10	165
client-core-current	585affc0	FUN_585affc0	165
client-core-current	585b0070	FUN_585b0070	184
client-core-current	585b0130	FUN_585b0130	158
client-core-current	585b01d0	FUN_585b01d0	112
client-core-current	585b0240	FUN_585b0240	36
client-core-current	585b0270	FUN_585b0270	20
client-core-current	585b0290	FUN_585b0290	21
client-core-current	585b02b0	FUN_585b02b0	20
client-core-current	585b02d0	FUN_585b02d0	252
client-core-current	585b03d0	FUN_585b03d0	20
client-core-current	585b03f0	FUN_585b03f0	293
client-core-current	585b0520	FUN_585b0520	50
client-core-current	585b0560	FUN_585b0560	53
client-core-current	585b05a0	FUN_585b05a0	20
client-core-current	585b05c0	FUN_585b05c0	53
client-core-current	585b0600	FUN_585b0600	370
client-core-current	585b0780	FUN_585b0780	818
client-core-current	585b0ac0	FUN_585b0ac0	766
client-core-current	585b0dc0	FUN_585b0dc0	131
client-core-current	585b0e50	FUN_585b0e50	728
client-core-current	585b1130	FUN_585b1130	103
client-core-current	585b11a0	FUN_585b11a0	350
client-core-current	585b1300	FUN_585b1300	340
client-core-current	585b14a0	FUN_585b14a0	908
client-core-current	585b1830	FUN_585b1830	246
client-core-current	585b1930	FUN_585b1930	11193
client-core-current	585b44f0	FUN_585b44f0	1362
client-core-current	585b4a50	FUN_585b4a50	158
client-core-current	585b4af0	FUN_585b4af0	24
client-core-current	585b4b10	FUN_585b4b10	1723
client-core-current	585b51d0	FUN_585b51d0	383
client-core-current	585b5350	FUN_585b5350	91
client-core-current	585b53b0	FUN_585b53b0	168
client-core-current	585b5460	FUN_585b5460	75
client-core-current	585b54b0	FUN_585b54b0	1075
client-core-current	585b58f0	FUN_585b58f0	36
client-core-current	585b5920	FUN_585b5920	2161
client-core-current	585b61b0	FUN_585b61b0	2175
client-core-current	585b6a30	FUN_585b6a30	232
client-core-current	585b6b20	FUN_585b6b20	331
client-core-current	585b6c90	FUN_585b6c90	29
client-core-current	585b6cb0	FUN_585b6cb0	421
client-core-current	585b6e60	FUN_585b6e60	4137
client-core-current	585b7e90	FUN_585b7e90	105
client-core-current	585b7f00	FUN_585b7f00	1116
client-core-current	585b83a0	FUN_585b83a0	25
client-core-current	585b83c0	FUN_585b83c0	25
client-core-current	585b83e0	FUN_585b83e0	65
client-core-current	585b8430	FUN_585b8430	226
client-core-current	585b8520	FUN_585b8520	48
client-core-current	585b8550	FUN_585b8550	91
client-core-current	585b85b0	FUN_585b85b0	197
client-core-current	585b8680	FUN_585b8680	183
client-core-current	585b8740	FUN_585b8740	561
client-core-current	585b8980	FUN_585b8980	40
client-core-current	585b89b0	FUN_585b89b0	456
client-core-current	585b8b80	FUN_585b8b80	148
client-core-current	585b8c20	FUN_585b8c20	455
client-core-current	585b8df0	FUN_585b8df0	74
client-core-current	585b8e40	FUN_585b8e40	305
client-core-current	585b8f80	FUN_585b8f80	827
client-core-current	585b92c0	FUN_585b92c0	158
client-core-current	585b9360	FUN_585b9360	130
client-core-current	585b93f0	FUN_585b93f0	70
client-core-current	585b9440	FUN_585b9440	50
client-core-current	585b9480	FUN_585b9480	93
client-core-current	585b94f0	FUN_585b94f0	62
client-core-current	585b9530	FUN_585b9530	64
client-core-current	585b9570	FUN_585b9570	64
client-core-current	585b95b0	FUN_585b95b0	62
client-core-current	585b95f0	FUN_585b95f0	62
client-core-current	585b9630	FUN_585b9630	45
client-core-current	585b9660	FUN_585b9660	18335
client-core-current	585bde00	FUN_585bde00	26
client-core-current	585bde20	FUN_585bde20	30
client-core-current	585bde40	FUN_585bde40	20
client-core-current	585bde60	FUN_585bde60	20
client-core-current	585bde80	FUN_585bde80	71
client-core-current	585bded0	FUN_585bded0	71
client-core-current	585bdf20	FUN_585bdf20	118
client-core-current	585bdfa0	FUN_585bdfa0	20
client-core-current	585bdfc0	FUN_585bdfc0	7945
client-core-current	585bfed0	FUN_585bfed0	28
client-core-current	585bfef0	FUN_585bfef0	42
client-core-current	585bff20	FUN_585bff20	46
client-core-current	585bff50	FUN_585bff50	46
client-core-current	585bff80	FUN_585bff80	46
client-core-current	585bffb0	FUN_585bffb0	46
client-core-current	585bffe0	FUN_585bffe0	49
client-core-current	585c0020	FUN_585c0020	348
client-core-current	585c0180	FUN_585c0180	304
client-core-current	585c02b0	FUN_585c02b0	51
client-core-current	585c02f0	FUN_585c02f0	29
client-core-current	585c0310	FUN_585c0310	46
client-core-current	585c0340	FUN_585c0340	32
client-core-current	585c0360	FUN_585c0360	106
client-core-current	585c03d0	FUN_585c03d0	834
client-core-current	585c0730	FUN_585c0730	46
client-core-current	585c0760	FUN_585c0760	34
client-core-current	585c0790	FUN_585c0790	63
client-core-current	585c07d0	FUN_585c07d0	2682
client-core-current	585c1290	FUN_585c1290	20
client-core-current	585c12b0	FUN_585c12b0	20
client-core-current	585c12d0	FUN_585c12d0	1266
client-core-current	585c17d0	FUN_585c17d0	17491
client-core-current	585c5ca0	FUN_585c5ca0	1506
client-core-current	585c62b0	FUN_585c62b0	1311
client-core-current	585c6800	FUN_585c6800	959
client-core-current	585c6bd0	FUN_585c6bd0	1189
client-core-current	585c7080	FUN_585c7080	26
client-core-current	585c70a0	FUN_585c70a0	113
client-core-current	585c7130	FUN_585c7130	4775
client-core-current	585c83f0	FUN_585c83f0	110
client-core-current	585c8460	FUN_585c8460	3439
client-core-current	585c91d0	FUN_585c91d0	90
client-core-current	585c9230	FUN_585c9230	62
client-core-current	585c9280	FUN_585c9280	150
client-core-current	585c9320	FUN_585c9320	87
client-core-current	585c9380	FUN_585c9380	20
client-core-current	585c93a0	FUN_585c93a0	37
client-core-current	585c93d0	FUN_585c93d0	64
client-core-current	585c9410	FUN_585c9410	40
client-core-current	585c9440	FUN_585c9440	1625
client-core-current	585c9aa0	FUN_585c9aa0	65
client-core-current	585c9af0	FUN_585c9af0	800
client-core-current	585c9e10	FUN_585c9e10	662
client-core-current	585ca100	FUN_585ca100	921
client-core-current	585ca4a0	FUN_585ca4a0	34
client-core-current	585ca4d0	FUN_585ca4d0	34
client-core-current	585ca500	FUN_585ca500	593
client-core-current	585ca760	FUN_585ca760	288
client-core-current	585ca880	FUN_585ca880	26
client-core-current	585ca8a0	FUN_585ca8a0	925
client-core-current	585cac40	FUN_585cac40	76
client-core-current	585cac90	FUN_585cac90	49
client-core-current	585cacd0	FUN_585cacd0	26
client-core-current	585cacf0	FUN_585cacf0	25
client-core-current	585cad10	FUN_585cad10	20
client-core-current	585cad30	FUN_585cad30	1602
client-core-current	585cb380	FUN_585cb380	1775
client-core-current	585cba70	FUN_585cba70	639
client-core-current	585cbd00	FUN_585cbd00	1449
client-core-current	585cc2c0	FUN_585cc2c0	17750
client-core-current	585d0820	FUN_585d0820	501
client-core-current	585d0a20	FUN_585d0a20	3157
client-core-current	585d1730	FUN_585d1730	1946
client-core-current	585d1ed0	FUN_585d1ed0	428
client-core-current	585d2080	FUN_585d2080	819
client-core-current	585d23c0	FUN_585d23c0	538
client-core-current	585d25e0	FUN_585d25e0	26
client-core-current	585d2600	FUN_585d2600	20
client-core-current	585d2620	FUN_585d2620	19
client-core-current	585d2640	FUN_585d2640	21
client-core-current	585d2660	FUN_585d2660	28
client-core-current	585d2680	FUN_585d2680	43
client-core-current	585d26b0	FUN_585d26b0	17
client-core-current	585d26d0	FUN_585d26d0	17
client-core-current	585d26f0	FUN_585d26f0	20
client-core-current	585d2710	FUN_585d2710	25
client-core-current	585d2730	FUN_585d2730	19
client-core-current	585d2750	FUN_585d2750	25
client-core-current	585d2770	FUN_585d2770	20
client-core-current	585d2790	FUN_585d2790	21
client-core-current	585d27b0	FUN_585d27b0	26
client-core-current	585d27d0	FUN_585d27d0	22
client-core-current	585d27f0	FUN_585d27f0	19
client-core-current	585d2810	FUN_585d2810	21
client-core-current	585d2830	FUN_585d2830	20
client-core-current	585d2850	FUN_585d2850	20
client-core-current	585d2870	FUN_585d2870	42
client-core-current	585d28a0	FUN_585d28a0	17
client-core-current	585d28c0	FUN_585d28c0	28
client-core-current	585d28e0	FUN_585d28e0	20
client-core-current	585d2900	FUN_585d2900	26
client-core-current	585d2920	FUN_585d2920	20
client-core-current	585d2940	FUN_585d2940	20
client-core-current	585d2960	FUN_585d2960	21
client-core-current	585d2980	FUN_585d2980	33
client-core-current	585d29b0	FUN_585d29b0	25
client-core-current	585d29d0	FUN_585d29d0	25
client-core-current	585d29f0	FUN_585d29f0	28
client-core-current	585d2a10	FUN_585d2a10	20
client-core-current	585d2a30	FUN_585d2a30	20
client-core-current	585d2a50	FUN_585d2a50	20
client-core-current	585d2a70	FUN_585d2a70	21
client-core-current	585d2a90	FUN_585d2a90	20
client-core-current	585d2ab0	FUN_585d2ab0	40
client-core-current	585d2ae0	FUN_585d2ae0	265
client-core-current	585d2c10	FUN_585d2c10	21
client-core-current	585d2c30	FUN_585d2c30	20
client-core-current	585d2c50	FUN_585d2c50	25
client-core-current	585d2c70	FUN_585d2c70	28
client-core-current	585d2c90	FUN_585d2c90	28
client-core-current	585d2cb0	FUN_585d2cb0	28
client-core-current	585d2cd0	FUN_585d2cd0	28
client-core-current	585d2cf0	FUN_585d2cf0	20
client-core-current	585d2d10	FUN_585d2d10	27
client-core-current	585d2d30	FUN_585d2d30	31
client-core-current	585d2d50	FUN_585d2d50	20
client-core-current	585d2d70	FUN_585d2d70	30
client-core-current	585d2d90	FUN_585d2d90	30
client-core-current	585d2db0	FUN_585d2db0	29
client-core-current	585d2dd0	FUN_585d2dd0	20
client-core-current	585d2df0	FUN_585d2df0	17
client-core-current	585d2e10	FUN_585d2e10	20
client-core-current	585d2e30	FUN_585d2e30	29
client-core-current	585d2e50	FUN_585d2e50	28
client-core-current	585d2e70	FUN_585d2e70	28
client-core-current	585d2e90	FUN_585d2e90	20
client-core-current	585d2eb0	FUN_585d2eb0	25
client-core-current	585d2ed0	FUN_585d2ed0	30
client-core-current	585d2f00	FUN_585d2f00	874
client-core-current	585d3270	FUN_585d3270	23
client-core-current	585d3290	FUN_585d3290	20
client-core-current	585d32b0	FUN_585d32b0	20
client-core-current	585d32d0	FUN_585d32d0	27
client-core-current	585d32f0	FUN_585d32f0	5042
client-core-current	585d4720	FUN_585d4720	317
client-core-current	585d4860	FUN_585d4860	20
client-core-current	585d4880	FUN_585d4880	26
client-core-current	585d48a0	FUN_585d48a0	20
client-core-current	585d48c0	FUN_585d48c0	261
client-core-current	585d49d0	FUN_585d49d0	20
client-core-current	585d49f0	FUN_585d49f0	20
client-core-current	585d4a10	FUN_585d4a10	20
client-core-current	585d4a30	FUN_585d4a30	43
client-core-current	585d4a60	FUN_585d4a60	39
client-core-current	585d4a90	FUN_585d4a90	62
client-core-current	585d4ad0	FUN_585d4ad0	122
client-core-current	585d4b50	FUN_585d4b50	44
client-core-current	585d4b80	FUN_585d4b80	44
client-core-current	585d4bb0	FUN_585d4bb0	110
client-core-current	585d4c20	FUN_585d4c20	235
client-core-current	585d4d10	FUN_585d4d10	25
client-core-current	585d4d30	FUN_585d4d30	314
client-core-current	585d4e70	FUN_585d4e70	419
client-core-current	585d5030	FUN_585d5030	569
client-core-current	585d5270	FUN_585d5270	17
client-core-current	585d5290	FUN_585d5290	125
client-core-current	585d5340	FUN_585d5340	4071
client-core-current	585d6350	FUN_585d6350	224
client-core-current	585d6430	FUN_585d6430	609
client-core-current	585d66a0	FUN_585d66a0	1906
client-core-current	585d6e20	FUN_585d6e20	33
client-core-current	585d6ee0	FUN_585d6ee0	217
client-core-current	585d6fc0	FUN_585d6fc0	1597
client-core-current	585d7600	FUN_585d7600	2213
client-core-current	585d7eb0	FUN_585d7eb0	133
client-core-current	585d7f40	FUN_585d7f40	281
client-core-current	585d8060	FUN_585d8060	406
client-core-current	585d8220	FUN_585d8220	472
client-core-current	585d8400	FUN_585d8400	1567
client-core-current	585d8a20	FUN_585d8a20	721
client-core-current	585d8d00	FUN_585d8d00	580
client-core-current	585d8f50	FUN_585d8f50	140
client-core-current	585d8fe0	FUN_585d8fe0	1058
client-core-current	585d9410	FUN_585d9410	329
client-core-current	585d9560	FUN_585d9560	378
client-core-current	585d96e0	FUN_585d96e0	1497
client-core-current	585d9cc0	FUN_585d9cc0	26
client-core-current	585d9ce0	FUN_585d9ce0	19693
client-core-current	585dea10	FUN_585dea10	520
client-core-current	585dec20	FUN_585dec20	1202
client-core-current	585df0e0	FUN_585df0e0	465
client-core-current	585df2c0	FUN_585df2c0	700
client-core-current	585df580	FUN_585df580	654
client-core-current	585df810	FUN_585df810	228
client-core-current	585df900	FUN_585df900	12456
client-core-current	585e29b0	FUN_585e29b0	3384
client-core-current	585e36f0	FUN_585e36f0	562
client-core-current	585e3930	FUN_585e3930	744
client-core-current	585e3c20	FUN_585e3c20	3132
client-core-current	585e4870	FUN_585e4870	116
client-core-current	585e48f0	FUN_585e48f0	103
client-core-current	585e4960	FUN_585e4960	59
client-core-current	585e49a0	FUN_585e49a0	478
client-core-current	585e4b80	FUN_585e4b80	56
client-core-current	585e4bc0	FUN_585e4bc0	526
client-core-current	585e4dd0	FUN_585e4dd0	56
client-core-current	585e4e10	FUN_585e4e10	45
client-core-current	585e4e40	FUN_585e4e40	45
client-core-current	585e4e70	FUN_585e4e70	19
client-core-current	585e4e90	FUN_585e4e90	38
client-core-current	585e4ec0	FUN_585e4ec0	102
client-core-current	585e4f30	FUN_585e4f30	28
client-core-current	585e4f50	FUN_585e4f50	473
client-core-current	585e5130	FUN_585e5130	161
client-core-current	585e51e0	FUN_585e51e0	24
client-core-current	585e5200	FUN_585e5200	366
client-core-current	585e5370	FUN_585e5370	30
client-core-current	585e5390	FUN_585e5390	25
client-core-current	585e53b0	FUN_585e53b0	221
client-core-current	585e5490	FUN_585e5490	79
client-core-current	585e54e0	FUN_585e54e0	219
client-core-current	585e55c0	FUN_585e55c0	30
client-core-current	585e55e0	FUN_585e55e0	82
client-core-current	585e5640	FUN_585e5640	37
client-core-current	585e5670	FUN_585e5670	84
client-core-current	585e56d0	FUN_585e56d0	53
client-core-current	585e5710	FUN_585e5710	25
client-core-current	585e5730	FUN_585e5730	25
client-core-current	585e5750	FUN_585e5750	30
client-core-current	585e5770	FUN_585e5770	25
client-core-current	585e5790	FUN_585e5790	5591
client-core-current	585e6d70	FUN_585e6d70	65
client-core-current	585e6dc0	FUN_585e6dc0	34
client-core-current	585e6df0	FUN_585e6df0	41
client-core-current	585e6e20	FUN_585e6e20	84
client-core-current	585e6e80	FUN_585e6e80	24
client-core-current	585e6ea0	FUN_585e6ea0	186
client-core-current	585e6f60	FUN_585e6f60	333
client-core-current	585e70b0	FUN_585e70b0	40
client-core-current	585e70e0	FUN_585e70e0	41
client-core-current	585e7110	FUN_585e7110	22
client-core-current	585e7130	FUN_585e7130	25
client-core-current	585e7150	FUN_585e7150	25
client-core-current	585e7170	FUN_585e7170	193
client-core-current	585e7240	FUN_585e7240	340
client-core-current	585e73a0	FUN_585e73a0	37
client-core-current	585e73d0	FUN_585e73d0	38
client-core-current	585e7400	FUN_585e7400	34
client-core-current	585e7430	FUN_585e7430	34
client-core-current	585e7460	FUN_585e7460	37
client-core-current	585e7490	FUN_585e7490	34
client-core-current	585e74c0	FUN_585e74c0	25
client-core-current	585e74e0	FUN_585e74e0	64
client-core-current	585e7520	FUN_585e7520	964
client-core-current	585e7900	FUN_585e7900	25
client-core-current	585e7920	FUN_585e7920	56
client-core-current	585e7960	FUN_585e7960	61
client-core-current	585e79a0	FUN_585e79a0	457
client-core-current	585e7b90	FUN_585e7b90	530
client-core-current	585e7db0	FUN_585e7db0	339
client-core-current	585e7f10	FUN_585e7f10	1449
client-core-current	585e84e0	FUN_585e84e0	44
client-core-current	585e8510	FUN_585e8510	72
client-core-current	585e8560	FUN_585e8560	105
client-core-current	585e85d0	FUN_585e85d0	2462
client-core-current	585e8f70	FUN_585e8f70	99
client-core-current	585e8fe0	FUN_585e8fe0	890
client-core-current	585e9360	FUN_585e9360	25
client-core-current	585e9380	FUN_585e9380	25
client-core-current	585e93a0	FUN_585e93a0	326
client-core-current	585e94f0	FUN_585e94f0	472
client-core-current	585e96d0	FUN_585e96d0	2273
client-core-current	585e9fc0	FUN_585e9fc0	44
client-core-current	585e9ff0	FUN_585e9ff0	29
client-core-current	585ea010	FUN_585ea010	25
client-core-current	585ea030	FUN_585ea030	46
client-core-current	585ea060	FUN_585ea060	191
client-core-current	585ea120	FUN_585ea120	352
client-core-current	585ea280	FUN_585ea280	415
client-core-current	585ea420	FUN_585ea420	723
client-core-current	585ea700	FUN_585ea700	73
client-core-current	585ea750	FUN_585ea750	34
client-core-current	585ea780	FUN_585ea780	34
client-core-current	585ea7b0	FUN_585ea7b0	819
client-core-current	585eaaf0	FUN_585eaaf0	4056
client-core-current	585ebad0	FUN_585ebad0	6529
client-core-current	585ed460	FUN_585ed460	613
client-core-current	585ed6d0	FUN_585ed6d0	53
client-core-current	585ed710	FUN_585ed710	2256
client-core-current	585edfe0	FUN_585edfe0	142
client-core-current	585ee070	FUN_585ee070	487
client-core-current	585ee260	FUN_585ee260	1139
client-core-current	585ee6e0	FUN_585ee6e0	116
client-core-current	585ee760	FUN_585ee760	74
client-core-current	585ee7b0	FUN_585ee7b0	103
client-core-current	585ee820	FUN_585ee820	24
client-core-current	585ee840	FUN_585ee840	97
client-core-current	585ee8b0	FUN_585ee8b0	165
client-core-current	585ee960	FUN_585ee960	20
client-core-current	585ee980	FUN_585ee980	28
client-core-current	585ee9a0	FUN_585ee9a0	32
client-core-current	585ee9c0	FUN_585ee9c0	35
client-core-current	585ee9f0	FUN_585ee9f0	107
client-core-current	585eea60	FUN_585eea60	2982
client-core-current	585ef610	FUN_585ef610	48
client-core-current	585ef640	FUN_585ef640	1342
client-core-current	585efb80	FUN_585efb80	46
client-core-current	585efbb0	FUN_585efbb0	49
client-core-current	585efbf0	FUN_585efbf0	125
client-core-current	585efc70	FUN_585efc70	637
client-core-current	585efef0	FUN_585efef0	319
client-core-current	585f0030	FUN_585f0030	59
client-core-current	585f0070	FUN_585f0070	399
client-core-current	585f0200	FUN_585f0200	62
client-core-current	585f0240	FUN_585f0240	160
client-core-current	585f02e0	FUN_585f02e0	2847
client-core-current	585f0eb0	FUN_585f0eb0	427
client-core-current	585f1060	FUN_585f1060	111
client-core-current	585f10d0	FUN_585f10d0	20
client-core-current	585f10f0	FUN_585f10f0	19
client-core-current	585f1110	FUN_585f1110	20
client-core-current	585f1130	FUN_585f1130	26
client-core-current	585f1150	FUN_585f1150	20
client-core-current	585f1170	FUN_585f1170	81
client-core-current	585f11d0	FUN_585f11d0	35
client-core-current	585f1200	FUN_585f1200	20
client-core-current	585f1220	FUN_585f1220	59
client-core-current	585f1cd0	FUN_585f1cd0	62
client-core-current	585f1d10	FUN_585f1d10	91
client-core-current	585f1d70	FUN_585f1d70	418
client-core-current	585f1f20	FUN_585f1f20	895
client-core-current	585f22f0	FUN_585f22f0	20
client-core-current	585f2310	FUN_585f2310	20
client-core-current	585f2330	FUN_585f2330	602
client-core-current	585f2980	FUN_585f2980	108
client-core-current	585f29f0	FUN_585f29f0	45
client-core-current	585f2a20	FUN_585f2a20	1027
client-core-current	585f2e90	FUN_585f2e90	522
client-core-current	585f30a0	FUN_585f30a0	371
client-core-current	585f3220	FUN_585f3220	4802
client-core-current	585f4550	FUN_585f4550	135
client-core-current	585f45e0	FUN_585f45e0	305
client-core-current	585f4720	FUN_585f4720	234
client-core-current	585f4810	FUN_585f4810	91
client-core-current	585f4870	FUN_585f4870	140
client-core-current	585f4930	FUN_585f4930	40
client-core-current	585f4960	FUN_585f4960	84
client-core-current	585f49c0	FUN_585f49c0	25
client-core-current	585f49e0	FUN_585f49e0	35
client-core-current	585f4a10	FUN_585f4a10	39
client-core-current	585f4a40	FUN_585f4a40	328
client-core-current	585f4b90	FUN_585f4b90	33
client-core-current	585f4bc0	FUN_585f4bc0	49
client-core-current	585f4c00	FUN_585f4c00	23
client-core-current	585f4c20	FUN_585f4c20	1621
client-core-current	585f5280	FUN_585f5280	25
client-core-current	585f52a0	FUN_585f52a0	232
client-core-current	585f5390	FUN_585f5390	1382
client-core-current	585f5900	FUN_585f5900	235
client-core-current	585f59f0	FUN_585f59f0	98
client-core-current	585f5a60	FUN_585f5a60	95
client-core-current	585f5ac0	FUN_585f5ac0	137
client-core-current	585f5b50	FUN_585f5b50	168
client-core-current	585f5c00	FUN_585f5c00	113
client-core-current	585f5c80	FUN_585f5c80	168
client-core-current	585f5d30	FUN_585f5d30	983
client-core-current	585f6110	FUN_585f6110	1549
client-core-current	585f6720	FUN_585f6720	370
client-core-current	585f68a0	FUN_585f68a0	25
client-core-current	585f68c0	FUN_585f68c0	35
client-core-current	585f68f0	FUN_585f68f0	21
client-core-current	585f6910	FUN_585f6910	150
client-core-current	585f69b0	FUN_585f69b0	25
client-core-current	585f69d0	FUN_585f69d0	25
client-core-current	585f69f0	FUN_585f69f0	40
client-core-current	585f6a20	FUN_585f6a20	40
client-core-current	585f6a50	FUN_585f6a50	9631
client-core-current	585f8ff0	FUN_585f8ff0	4314
client-core-current	585fa0d0	FUN_585fa0d0	49
client-core-current	585fa110	FUN_585fa110	34
client-core-current	585fa140	FUN_585fa140	34
client-core-current	585fa170	FUN_585fa170	34
client-core-current	585fa1a0	FUN_585fa1a0	34
client-core-current	585fa1d0	FUN_585fa1d0	281
client-core-current	585fa2f0	FUN_585fa2f0	281
client-core-current	585fa410	FUN_585fa410	210
client-core-current	585fa4f0	FUN_585fa4f0	59
client-core-current	585fa530	FUN_585fa530	157
client-core-current	585fa5d0	FUN_585fa5d0	2075
client-core-current	585fae10	FUN_585fae10	39
client-core-current	585fae40	FUN_585fae40	954
client-core-current	585fb200	FUN_585fb200	1022
client-core-current	585fb600	FUN_585fb600	442
client-core-current	585fb7c0	FUN_585fb7c0	26
client-core-current	585fb7e0	FUN_585fb7e0	20
client-core-current	585fb800	FUN_585fb800	20
client-core-current	585fb820	FUN_585fb820	19
client-core-current	585fb840	FUN_585fb840	19
client-core-current	585fb860	FUN_585fb860	20
client-core-current	585fb880	FUN_585fb880	20
client-core-current	585fb8a0	FUN_585fb8a0	20
client-core-current	585fb8c0	FUN_585fb8c0	20
client-core-current	585fb8e0	FUN_585fb8e0	20
client-core-current	585fb900	FUN_585fb900	25
client-core-current	585fb920	FUN_585fb920	26
client-core-current	585fb940	FUN_585fb940	20
client-core-current	585fb960	FUN_585fb960	26
client-core-current	585fb980	FUN_585fb980	20
client-core-current	585fb9a0	FUN_585fb9a0	418
client-core-current	585fbb50	FUN_585fbb50	20
client-core-current	585fbb70	FUN_585fbb70	21
client-core-current	585fbb90	FUN_585fbb90	4681
client-core-current	585fce60	FUN_585fce60	533
client-core-current	585fd080	FUN_585fd080	1053
client-core-current	585fd4a0	FUN_585fd4a0	960
client-core-current	585fd860	FUN_585fd860	1898
client-core-current	585fdfd0	FUN_585fdfd0	23
client-core-current	585fdff0	FUN_585fdff0	452
client-core-current	585fe1c0	FUN_585fe1c0	214
client-core-current	585fe2a0	FUN_585fe2a0	57
client-core-current	585fe2e0	FUN_585fe2e0	1540
client-core-current	585fe8f0	FUN_585fe8f0	50
client-core-current	585fe930	FUN_585fe930	2137
client-core-current	585ff190	FUN_585ff190	1105
client-core-current	585ff5f0	FUN_585ff5f0	3084
client-core-current	58600200	FUN_58600200	2421
client-core-current	58600b80	FUN_58600b80	44
client-core-current	58600bb0	FUN_58600bb0	64
client-core-current	58600bf0	FUN_58600bf0	3222
client-core-current	58601890	FUN_58601890	775
client-core-current	58601ba0	FUN_58601ba0	221
client-core-current	58601c80	FUN_58601c80	243
client-core-current	58601d80	FUN_58601d80	9625
client-core-current	58604320	FUN_58604320	3988
client-core-current	586052c0	FUN_586052c0	49
client-core-current	58605300	FUN_58605300	117
client-core-current	58605380	FUN_58605380	19
client-core-current	586053a0	FUN_586053a0	19
client-core-current	586053c0	FUN_586053c0	26
client-core-current	586053e0	FUN_586053e0	20
client-core-current	58605400	FUN_58605400	37
client-core-current	58605430	FUN_58605430	37
client-core-current	58605460	FUN_58605460	20
client-core-current	58605480	FUN_58605480	20
client-core-current	586054a0	FUN_586054a0	20
client-core-current	586054c0	FUN_586054c0	20
client-core-current	586054e0	FUN_586054e0	26
client-core-current	58605500	FUN_58605500	26
client-core-current	58605520	FUN_58605520	26
client-core-current	58605540	FUN_58605540	28
client-core-current	58605560	FUN_58605560	34
client-core-current	58605590	FUN_58605590	26
client-core-current	586055b0	FUN_586055b0	26
client-core-current	586055d0	FUN_586055d0	209
client-core-current	586056b0	FUN_586056b0	209
client-core-current	58605790	FUN_58605790	21
client-core-current	586057b0	FUN_586057b0	26
client-core-current	586057d0	FUN_586057d0	26
client-core-current	586057f0	FUN_586057f0	26
client-core-current	58605810	FUN_58605810	30
client-core-current	58605830	FUN_58605830	30
client-core-current	58605850	FUN_58605850	17
client-core-current	58605870	FUN_58605870	79
client-core-current	586058c0	FUN_586058c0	79
client-core-current	58605910	FUN_58605910	2735
client-core-current	586063c0	FUN_586063c0	103
client-core-current	58606430	FUN_58606430	570
client-core-current	58606670	FUN_58606670	1036
client-core-current	58606a80	FUN_58606a80	1036
client-core-current	58606e90	FUN_58606e90	397
client-core-current	58607020	FUN_58607020	556
client-core-current	58607250	FUN_58607250	1231
client-core-current	58607720	FUN_58607720	698
client-core-current	586079e0	FUN_586079e0	7245
client-core-current	58609630	FUN_58609630	1046
client-core-current	58609a50	FUN_58609a50	911
client-core-current	58609de0	FUN_58609de0	407
client-core-current	58609f80	FUN_58609f80	49
client-core-current	58609fd0	FUN_58609fd0	116
client-core-current	5860a050	FUN_5860a050	103
client-core-current	5860a0c0	FUN_5860a0c0	244
client-core-current	5860a1c0	FUN_5860a1c0	174
client-core-current	5860a270	FUN_5860a270	23
client-core-current	5860a290	FUN_5860a290	283
client-core-current	5860a3b0	FUN_5860a3b0	173
client-core-current	5860a460	FUN_5860a460	159
client-core-current	5860a500	FUN_5860a500	545
client-core-current	5860a730	FUN_5860a730	223
client-core-current	5860a810	FUN_5860a810	46
client-core-current	5860a840	FUN_5860a840	179
client-core-current	5860a900	FUN_5860a900	41
client-core-current	5860a930	FUN_5860a930	269
client-core-current	5860aa40	FUN_5860aa40	210
client-core-current	5860ab20	FUN_5860ab20	188
client-core-current	5860abe0	FUN_5860abe0	432
client-core-current	5860ada0	FUN_5860ada0	740
client-core-current	5860b090	FUN_5860b090	10183
client-core-current	5860d860	FUN_5860d860	4572
client-core-current	5860ea40	FUN_5860ea40	49
client-core-current	5860ea80	FUN_5860ea80	9473
client-core-current	58610f90	FUN_58610f90	283
client-core-current	586110b0	FUN_586110b0	264
client-core-current	586111c0	FUN_586111c0	2092
client-core-current	586119f0	FUN_586119f0	2637
client-core-current	58612450	FUN_58612450	605
client-core-current	586126b0	FUN_586126b0	25
client-core-current	586126d0	FUN_586126d0	304
client-core-current	58612800	FUN_58612800	1413
client-core-current	58612d90	FUN_58612d90	22
client-core-current	58612db0	FUN_58612db0	22
client-core-current	58612dd0	FUN_58612dd0	318
client-core-current	58612f10	FUN_58612f10	22
client-core-current	58612f30	FUN_58612f30	196
client-core-current	58613010	FUN_58613010	29
client-core-current	58613030	FUN_58613030	659
client-core-current	586132e0	FUN_586132e0	22
client-core-current	58613300	FUN_58613300	264
client-core-current	58613410	FUN_58613410	2177
client-core-current	58613ca0	FUN_58613ca0	608
client-core-current	58613f00	FUN_58613f00	49
client-core-current	58613f40	FUN_58613f40	69
client-core-current	58613f90	FUN_58613f90	1348
client-core-current	58614510	FUN_58614510	277
client-core-current	58614630	FUN_58614630	55
client-core-current	58614670	FUN_58614670	55
client-core-current	586146b0	FUN_586146b0	142
client-core-current	58614740	FUN_58614740	95
client-core-current	586147a0	FUN_586147a0	1608
client-core-current	58614e00	FUN_58614e00	292
client-core-current	58614f30	FUN_58614f30	791
client-core-current	58615250	FUN_58615250	389
client-core-current	586153e0	FUN_586153e0	49
client-core-current	58615420	FUN_58615420	824
client-core-current	58615760	FUN_58615760	208
client-core-current	58615830	FUN_58615830	965
client-core-current	58615c00	FUN_58615c00	222
client-core-current	58615ce0	FUN_58615ce0	359
client-core-current	58615e50	FUN_58615e50	159
client-core-current	58615ef0	FUN_58615ef0	46
client-core-current	58615f20	FUN_58615f20	1627
client-core-current	58616580	FUN_58616580	34
client-core-current	586165b0	FUN_586165b0	311
client-core-current	586166f0	FUN_586166f0	159
client-core-current	58616790	FUN_58616790	46
client-core-current	586167c0	FUN_586167c0	1116
client-core-current	58616c20	FUN_58616c20	3306
client-core-current	58617910	FUN_58617910	1057
client-core-current	58617d40	FUN_58617d40	49
client-core-current	58617d80	FUN_58617d80	418
client-core-current	58617f30	FUN_58617f30	178
client-core-current	58617ff0	FUN_58617ff0	273
client-core-current	58618110	FUN_58618110	70
client-core-current	58618160	FUN_58618160	1284
client-core-current	58618670	FUN_58618670	321
client-core-current	586187c0	FUN_586187c0	1218
client-core-current	58618c90	FUN_58618c90	2039
client-core-current	58619490	FUN_58619490	355
client-core-current	58619600	FUN_58619600	293
client-core-current	58619730	FUN_58619730	733
client-core-current	58619a30	FUN_58619a30	1018
client-core-current	58619e30	FUN_58619e30	427
client-core-current	58619fe0	FUN_58619fe0	46
client-core-current	5861a010	FUN_5861a010	139
client-core-current	5861a0a0	FUN_5861a0a0	98
client-core-current	5861a110	FUN_5861a110	2482
client-core-current	5861aad0	FUN_5861aad0	1179
client-core-current	5861af70	FUN_5861af70	49
client-core-current	5861afb0	FUN_5861afb0	83
client-core-current	5861b010	FUN_5861b010	99
client-core-current	5861b080	FUN_5861b080	1183
client-core-current	5861b530	FUN_5861b530	365
client-core-current	5861b6a0	FUN_5861b6a0	86
client-core-current	5861b700	FUN_5861b700	635
client-core-current	5861b980	FUN_5861b980	2509
client-core-current	5861c370	FUN_5861c370	59
client-core-current	5861c3b0	FUN_5861c3b0	294
client-core-current	5861c4e0	FUN_5861c4e0	25
client-core-current	5861c500	FUN_5861c500	25
client-core-current	5861c520	FUN_5861c520	25
client-core-current	5861c540	FUN_5861c540	25
client-core-current	5861c560	FUN_5861c560	21
client-core-current	5861c580	FUN_5861c580	25
client-core-current	5861c5a0	FUN_5861c5a0	82
client-core-current	5861c600	FUN_5861c600	435
client-core-current	5861c7c0	FUN_5861c7c0	841
client-core-current	5861cb10	FUN_5861cb10	31
client-core-current	5861cb30	FUN_5861cb30	242
client-core-current	5861cc30	FUN_5861cc30	459
client-core-current	5861ce00	FUN_5861ce00	603
client-core-current	5861d060	FUN_5861d060	911
client-core-current	5861d400	FUN_5861d400	144
client-core-current	5861d490	FUN_5861d490	83
client-core-current	5861d4f0	FUN_5861d4f0	437
client-core-current	5861d6b0	FUN_5861d6b0	40
client-core-current	5861d6e0	FUN_5861d6e0	738
client-core-current	5861d9d0	FUN_5861d9d0	228
client-core-current	5861dac0	FUN_5861dac0	211
client-core-current	5861dba0	FUN_5861dba0	25
client-core-current	5861dbc0	FUN_5861dbc0	149
client-core-current	5861dc60	FUN_5861dc60	64
client-core-current	5861dca0	FUN_5861dca0	41
client-core-current	5861dcd0	FUN_5861dcd0	287
client-core-current	5861ddf0	FUN_5861ddf0	2331
client-core-current	5861e710	FUN_5861e710	618
client-core-current	5861e980	FUN_5861e980	49
client-core-current	5861e9c0	FUN_5861e9c0	950
client-core-current	5861ed80	FUN_5861ed80	57
client-core-current	5861edc0	FUN_5861edc0	142
client-core-current	5861ee50	FUN_5861ee50	89
client-core-current	5861eeb0	FUN_5861eeb0	1469
client-core-current	5861f470	FUN_5861f470	126
client-core-current	5861f4f0	FUN_5861f4f0	168
client-core-current	5861f5a0	FUN_5861f5a0	138
client-core-current	5861f630	FUN_5861f630	513
client-core-current	5861f840	FUN_5861f840	1653
client-core-current	5861fec0	FUN_5861fec0	525
client-core-current	586200d0	FUN_586200d0	45
client-core-current	58620100	FUN_58620100	24
client-core-current	58620120	FUN_58620120	177
client-core-current	586201e0	FUN_586201e0	47
client-core-current	58620210	FUN_58620210	218
client-core-current	586202f0	FUN_586202f0	254
client-core-current	58620400	FUN_58620400	2316
client-core-current	58620d10	FUN_58620d10	618
client-core-current	58620f80	FUN_58620f80	49
client-core-current	58620fc0	FUN_58620fc0	916
client-core-current	58621360	FUN_58621360	57
client-core-current	586213a0	FUN_586213a0	262
client-core-current	586214b0	FUN_586214b0	1530
client-core-current	58621ab0	FUN_58621ab0	161
client-core-current	58621b60	FUN_58621b60	144
client-core-current	58621bf0	FUN_58621bf0	513
client-core-current	58621e00	FUN_58621e00	1592
client-core-current	58622440	FUN_58622440	466
client-core-current	58622620	FUN_58622620	45
client-core-current	58622650	FUN_58622650	24
client-core-current	58622670	FUN_58622670	177
client-core-current	58622730	FUN_58622730	47
client-core-current	58622760	FUN_58622760	263
client-core-current	58622870	FUN_58622870	127
client-core-current	58622900	FUN_58622900	2521
client-core-current	586232e0	FUN_586232e0	976
client-core-current	586236b0	FUN_586236b0	49
client-core-current	586236f0	FUN_586236f0	151
client-core-current	58623790	FUN_58623790	31
client-core-current	586237b0	FUN_586237b0	142
client-core-current	58623840	FUN_58623840	163
client-core-current	586238f0	FUN_586238f0	1628
client-core-current	58623f80	FUN_58623f80	231
client-core-current	58624080	FUN_58624080	35
client-core-current	586240b0	FUN_586240b0	28
client-core-current	586240d0	FUN_586240d0	573
client-core-current	58624310	FUN_58624310	535
client-core-current	58624530	FUN_58624530	1074
client-core-current	58624970	FUN_58624970	101
client-core-current	586249e0	FUN_586249e0	83
client-core-current	58624a40	FUN_58624a40	205
client-core-current	58624b10	FUN_58624b10	16357
client-core-current	58628b00	FUN_58628b00	6576
client-core-current	5862a4b0	FUN_5862a4b0	49
client-core-current	5862a4f0	FUN_5862a4f0	63
client-core-current	5862a530	FUN_5862a530	267
client-core-current	5862a640	FUN_5862a640	286
client-core-current	5862a7e0	FUN_5862a7e0	496
client-core-current	5862a9e0	FUN_5862a9e0	101
client-core-current	5862aa60	FUN_5862aa60	36
client-core-current	5862aa90	FUN_5862aa90	712
client-core-current	5862ad60	FUN_5862ad60	262
client-core-current	5862ae70	FUN_5862ae70	19
client-core-current	5862ae90	FUN_5862ae90	316
client-core-current	5862afd0	FUN_5862afd0	68
client-core-current	5862b020	FUN_5862b020	54
client-core-current	5862b060	FUN_5862b060	108
client-core-current	5862b0d0	FUN_5862b0d0	1370
client-core-current	5862b630	FUN_5862b630	695
client-core-current	5862b8f0	FUN_5862b8f0	885
client-core-current	5862bc70	FUN_5862bc70	57
client-core-current	5862bcb0	FUN_5862bcb0	20
client-core-current	5862bcd0	FUN_5862bcd0	54
client-core-current	5862bd10	FUN_5862bd10	68
client-core-current	5862bd60	FUN_5862bd60	54
client-core-current	5862bda0	FUN_5862bda0	55
client-core-current	5862bde0	FUN_5862bde0	68
client-core-current	5862be30	FUN_5862be30	54
client-core-current	5862be70	FUN_5862be70	118
client-core-current	5862bef0	FUN_5862bef0	2053
client-core-current	5862c700	FUN_5862c700	1013
client-core-current	5862cb10	FUN_5862cb10	262
client-core-current	5862cc20	FUN_5862cc20	54
client-core-current	5862cc60	FUN_5862cc60	235
client-core-current	5862cd50	FUN_5862cd50	64
client-core-current	5862cd90	FUN_5862cd90	53
client-core-current	5862cdd0	FUN_5862cdd0	165
client-core-current	5862ce80	FUN_5862ce80	147
client-core-current	5862cf20	FUN_5862cf20	1492
client-core-current	5862d500	FUN_5862d500	810
client-core-current	5862d830	FUN_5862d830	303
client-core-current	5862d960	FUN_5862d960	386
client-core-current	5862daf0	FUN_5862daf0	73
client-core-current	5862db40	FUN_5862db40	53
client-core-current	5862db80	FUN_5862db80	2106
client-core-current	5862e3c0	FUN_5862e3c0	199
client-core-current	5862e490	FUN_5862e490	310
client-core-current	5862e5d0	FUN_5862e5d0	3314
client-core-current	5862f2d0	FUN_5862f2d0	1489
client-core-current	5862f8b0	FUN_5862f8b0	49
client-core-current	5862f8f0	FUN_5862f8f0	246
client-core-current	5862f9f0	FUN_5862f9f0	679
client-core-current	5862fca0	FUN_5862fca0	4210
client-core-current	58630d20	FUN_58630d20	25
client-core-current	58630d40	FUN_58630d40	21
client-core-current	58630d60	FUN_58630d60	22
client-core-current	58630d80	FUN_58630d80	54
client-core-current	58630dc0	FUN_58630dc0	804
client-core-current	586310f0	FUN_586310f0	1107
client-core-current	58631560	FUN_58631560	1620
client-core-current	58631bc0	FUN_58631bc0	1265
client-core-current	586320c0	FUN_586320c0	228
client-core-current	586321b0	FUN_586321b0	8135
client-core-current	58634180	FUN_58634180	4215
client-core-current	58635200	FUN_58635200	49
client-core-current	58635240	FUN_58635240	352
client-core-current	586353a0	FUN_586353a0	345
client-core-current	58635500	FUN_58635500	317
client-core-current	58635640	FUN_58635640	246
client-core-current	58635740	FUN_58635740	1653
client-core-current	58635e10	FUN_58635e10	914
client-core-current	586361b0	FUN_586361b0	906
client-core-current	58636540	FUN_58636540	400
client-core-current	586366d0	FUN_586366d0	1084
client-core-current	58636b10	FUN_58636b10	446
client-core-current	58636cd0	FUN_58636cd0	475
client-core-current	58636eb0	FUN_58636eb0	577
client-core-current	58637100	FUN_58637100	679
client-core-current	586373b0	FUN_586373b0	113
client-core-current	58637430	FUN_58637430	189
client-core-current	586374f0	FUN_586374f0	354
client-core-current	58637660	FUN_58637660	889
client-core-current	586379e0	FUN_586379e0	592
client-core-current	58637c30	FUN_58637c30	884
client-core-current	58637fb0	FUN_58637fb0	998
client-core-current	586383a0	FUN_586383a0	713
client-core-current	58638670	FUN_58638670	235
client-core-current	58638760	FUN_58638760	813
client-core-current	58638a90	FUN_58638a90	367
client-core-current	58638c00	FUN_58638c00	327
client-core-current	58638d50	FUN_58638d50	323
client-core-current	58638ea0	FUN_58638ea0	435
client-core-current	58639060	FUN_58639060	516
client-core-current	58639270	FUN_58639270	6820
client-core-current	5863ad20	FUN_5863ad20	3382
client-core-current	5863ba60	FUN_5863ba60	49
client-core-current	5863baa0	FUN_5863baa0	78
client-core-current	5863baf0	FUN_5863baf0	282
client-core-current	5863bc10	FUN_5863bc10	282
client-core-current	5863bd30	FUN_5863bd30	221
client-core-current	5863be10	FUN_5863be10	1173
client-core-current	5863c2b0	FUN_5863c2b0	1173
client-core-current	5863c750	FUN_5863c750	182
client-core-current	5863c810	FUN_5863c810	109
client-core-current	5863c880	FUN_5863c880	2612
client-core-current	5863d2c0	FUN_5863d2c0	468
client-core-current	5863d4a0	FUN_5863d4a0	202
client-core-current	5863d570	FUN_5863d570	1814
client-core-current	5863dc90	FUN_5863dc90	70
client-core-current	5863dce0	FUN_5863dce0	25
client-core-current	5863dd00	FUN_5863dd00	3384
client-core-current	5863ea40	FUN_5863ea40	1754
client-core-current	5863f120	FUN_5863f120	49
client-core-current	5863f160	FUN_5863f160	245
client-core-current	5863f260	FUN_5863f260	1496
client-core-current	5863f840	FUN_5863f840	4630
client-core-current	58640a60	FUN_58640a60	245
client-core-current	58640b60	FUN_58640b60	297
client-core-current	58640c90	FUN_58640c90	354
client-core-current	58640e00	FUN_58640e00	695
client-core-current	586410c0	FUN_586410c0	212
client-core-current	586411a0	FUN_586411a0	224
client-core-current	58641280	FUN_58641280	340
client-core-current	586413e0	FUN_586413e0	1167
client-core-current	58641870	FUN_58641870	526
client-core-current	58641a80	FUN_58641a80	49
client-core-current	58641ac0	FUN_58641ac0	86
client-core-current	58641b20	FUN_58641b20	103
client-core-current	58641b90	FUN_58641b90	475
client-core-current	58641d70	FUN_58641d70	117
client-core-current	58641df0	FUN_58641df0	117
client-core-current	58641e70	FUN_58641e70	19
client-core-current	58641e90	FUN_58641e90	62
client-core-current	58641ed0	FUN_58641ed0	113
client-core-current	58641f50	FUN_58641f50	92
client-core-current	58641fb0	FUN_58641fb0	113
client-core-current	58642030	FUN_58642030	105
client-core-current	586420a0	FUN_586420a0	482
client-core-current	58642290	FUN_58642290	40
client-core-current	586422c0	FUN_586422c0	31
client-core-current	58642320	FUN_58642320	229
client-core-current	58642410	FUN_58642410	133
client-core-current	58642500	FUN_58642500	53
client-core-current	58642540	FUN_58642540	11215
client-core-current	58645110	FUN_58645110	20
client-core-current	58645130	FUN_58645130	6677
client-core-current	58646b50	FUN_58646b50	81
client-core-current	58646bb0	FUN_58646bb0	53
client-core-current	58646bf0	FUN_58646bf0	27
client-core-current	58646c10	FUN_58646c10	42
client-core-current	58646c40	FUN_58646c40	49
client-core-current	58646c80	FUN_58646c80	847
client-core-current	58646fe0	FUN_58646fe0	560
client-core-current	58647210	FUN_58647210	75
client-core-current	58647260	FUN_58647260	4187
client-core-current	586482c0	FUN_586482c0	1813
client-core-current	58648a00	FUN_58648a00	374
client-core-current	58648b80	FUN_58648b80	167
client-core-current	58648c30	FUN_58648c30	170
client-core-current	58648ce0	FUN_58648ce0	166
client-core-current	58648d90	FUN_58648d90	59
client-core-current	58648dd0	FUN_58648dd0	20
client-core-current	58648df0	FUN_58648df0	21
client-core-current	58648e10	FUN_58648e10	602
client-core-current	58649070	FUN_58649070	2291
client-core-current	58649980	FUN_58649980	385
client-core-current	58649b10	FUN_58649b10	257
client-core-current	58649c20	FUN_58649c20	107
client-core-current	58649c90	FUN_58649c90	64
client-core-current	58649cd0	FUN_58649cd0	248
client-core-current	58649dd0	FUN_58649dd0	2501
client-core-current	5864a7a0	FUN_5864a7a0	386
client-core-current	5864a930	FUN_5864a930	52
client-core-current	5864a970	FUN_5864a970	62
client-core-current	5864a9b0	FUN_5864a9b0	25
client-core-current	5864a9d0	FUN_5864a9d0	417
client-core-current	5864ab80	FUN_5864ab80	84
client-core-current	5864abe0	FUN_5864abe0	163
client-core-current	5864ac90	FUN_5864ac90	155
client-core-current	5864ad30	FUN_5864ad30	34
client-core-current	5864ad60	FUN_5864ad60	38
client-core-current	5864ad90	FUN_5864ad90	30
client-core-current	5864adb0	FUN_5864adb0	209
client-core-current	5864ae90	FUN_5864ae90	10
client-core-current	5864aea0	FUN_5864aea0	59
client-core-current	5864aee0	FUN_5864aee0	26
client-core-current	5864af00	FUN_5864af00	58
client-core-current	5864af40	FUN_5864af40	38
client-core-current	5864af70	FUN_5864af70	11669
client-core-current	5864dd10	FUN_5864dd10	6847
client-core-current	5864f7d0	FUN_5864f7d0	49
client-core-current	5864f810	FUN_5864f810	379
client-core-current	5864f990	FUN_5864f990	3532
client-core-current	58650760	FUN_58650760	1795
client-core-current	58650e90	FUN_58650e90	374
client-core-current	58651010	FUN_58651010	166
client-core-current	586510c0	FUN_586510c0	45
client-core-current	586510f0	FUN_586510f0	975
client-core-current	586514c0	FUN_586514c0	2586
client-core-current	58651f00	FUN_58651f00	385
client-core-current	58652090	FUN_58652090	107
client-core-current	58652100	FUN_58652100	64
client-core-current	58652140	FUN_58652140	248
client-core-current	58652240	FUN_58652240	827
client-core-current	58652580	FUN_58652580	680
client-core-current	58652830	FUN_58652830	673
client-core-current	58652ae0	FUN_58652ae0	52
client-core-current	58652b20	FUN_58652b20	1061
client-core-current	58652f50	FUN_58652f50	427
client-core-current	58653100	FUN_58653100	46
client-core-current	58653130	FUN_58653130	24
client-core-current	58653150	FUN_58653150	328
client-core-current	586532a0	FUN_586532a0	214
client-core-current	58653380	FUN_58653380	542
client-core-current	586535a0	FUN_586535a0	168
client-core-current	58653650	FUN_58653650	396
client-core-current	586537e0	FUN_586537e0	6958
client-core-current	58655310	FUN_58655310	2488
client-core-current	58655cd0	FUN_58655cd0	49
client-core-current	58655d10	FUN_58655d10	499
client-core-current	58655f10	FUN_58655f10	135
client-core-current	58655fa0	FUN_58655fa0	6791
client-core-current	58657a30	FUN_58657a30	308
client-core-current	58657b70	FUN_58657b70	292
client-core-current	58658380	FUN_58658380	289
client-core-current	586584b0	FUN_586584b0	432
client-core-current	58658670	FUN_58658670	693
client-core-current	58658930	FUN_58658930	1302
client-core-current	58658e50	FUN_58658e50	289
client-core-current	58658f80	FUN_58658f80	2082
client-core-current	586597b0	FUN_586597b0	118
client-core-current	58659830	FUN_58659830	120
client-core-current	586598b0	FUN_586598b0	603
client-core-current	58659b10	FUN_58659b10	9866
client-core-current	5865c1a0	FUN_5865c1a0	3718
client-core-current	5865d030	FUN_5865d030	49
client-core-current	5865d070	FUN_5865d070	403
client-core-current	5865d210	FUN_5865d210	402
client-core-current	5865d3b0	FUN_5865d3b0	289
client-core-current	5865d4e0	FUN_5865d4e0	721
client-core-current	58660240	FUN_58660240	2453
client-core-current	58660c00	FUN_58660c00	426
client-core-current	58660db0	FUN_58660db0	565
client-core-current	58660ff0	FUN_58660ff0	252
client-core-current	586610f0	FUN_586610f0	233
client-core-current	586611e0	FUN_586611e0	94
client-core-current	58661240	FUN_58661240	94
client-core-current	586612a0	FUN_586612a0	289
client-core-current	586613d0	FUN_586613d0	21
client-core-current	586613f0	FUN_586613f0	21
client-core-current	58661410	FUN_58661410	868
client-core-current	58661780	FUN_58661780	526
client-core-current	58661990	FUN_58661990	1394
client-core-current	58661f10	FUN_58661f10	1850
client-core-current	58662670	FUN_58662670	1850
client-core-current	58662dd0	FUN_58662dd0	68
client-core-current	58662e20	FUN_58662e20	68
client-core-current	58662e70	FUN_58662e70	354
client-core-current	58662fe0	FUN_58662fe0	311
client-core-current	58663120	FUN_58663120	25
client-core-current	58663140	FUN_58663140	25
client-core-current	58663160	FUN_58663160	50
client-core-current	586631a0	FUN_586631a0	264
client-core-current	586632b0	FUN_586632b0	25
client-core-current	586632d0	FUN_586632d0	25
client-core-current	586632f0	FUN_586632f0	131
client-core-current	58663380	FUN_58663380	2192
client-core-current	58663c10	FUN_58663c10	1150
client-core-current	58664090	FUN_58664090	49
client-core-current	586640d0	FUN_586640d0	82
client-core-current	58664130	FUN_58664130	49
client-core-current	58664170	FUN_58664170	302
client-core-current	586642a0	FUN_586642a0	98
client-core-current	58664310	FUN_58664310	1159
client-core-current	586647a0	FUN_586647a0	132
client-core-current	58664830	FUN_58664830	971
client-core-current	58664c10	FUN_58664c10	2988
client-core-current	58665820	FUN_58665820	3826
client-core-current	58666720	FUN_58666720	1761
client-core-current	58666e10	FUN_58666e10	49
client-core-current	58666e50	FUN_58666e50	407
client-core-current	58666ff0	FUN_58666ff0	397
client-core-current	58667180	FUN_58667180	131
client-core-current	58667210	FUN_58667210	68
client-core-current	58667260	FUN_58667260	68
client-core-current	586672b0	FUN_586672b0	274
client-core-current	586673d0	FUN_586673d0	72
client-core-current	58667420	FUN_58667420	969
client-core-current	586677f0	FUN_586677f0	2593
client-core-current	58668240	FUN_58668240	437
client-core-current	58668400	FUN_58668400	437
client-core-current	586685c0	FUN_586685c0	250
client-core-current	586686c0	FUN_586686c0	224
client-core-current	586687a0	FUN_586687a0	88
client-core-current	58668800	FUN_58668800	88
client-core-current	58668860	FUN_58668860	739
client-core-current	58668b50	FUN_58668b50	83
client-core-current	58668bb0	FUN_58668bb0	609
client-core-current	58668e20	FUN_58668e20	89
client-core-current	58668e80	FUN_58668e80	155
client-core-current	58668f20	FUN_58668f20	458
client-core-current	586690f0	FUN_586690f0	141
client-core-current	58669180	FUN_58669180	387
client-core-current	58669310	FUN_58669310	1304
client-core-current	58669830	FUN_58669830	659
client-core-current	58669ad0	FUN_58669ad0	62
client-core-current	58669b10	FUN_58669b10	149
client-core-current	58669bb0	FUN_58669bb0	667
client-core-current	58669e50	FUN_58669e50	354
client-core-current	58669fc0	FUN_58669fc0	123
client-core-current	5866a040	FUN_5866a040	323
client-core-current	5866a190	FUN_5866a190	335
client-core-current	5866a2e0	FUN_5866a2e0	264
client-core-current	5866a3f0	FUN_5866a3f0	1357
client-core-current	5866a940	FUN_5866a940	607
client-core-current	5866aba0	FUN_5866aba0	49
client-core-current	5866abe0	FUN_5866abe0	281
client-core-current	5866ad00	FUN_5866ad00	68
client-core-current	5866ad50	FUN_5866ad50	845
client-core-current	5866b0b0	FUN_5866b0b0	927
client-core-current	5866b450	FUN_5866b450	242
client-core-current	5866b550	FUN_5866b550	1108
client-core-current	5866b9b0	FUN_5866b9b0	1316
client-core-current	5866bee0	FUN_5866bee0	1740
client-core-current	5866c5b0	FUN_5866c5b0	607
client-core-current	5866c810	FUN_5866c810	49
client-core-current	5866c850	FUN_5866c850	189
client-core-current	5866c910	FUN_5866c910	1744
client-core-current	5866d000	FUN_5866d000	77
client-core-current	5866d050	FUN_5866d050	1326
client-core-current	5866d580	FUN_5866d580	482
client-core-current	5866d770	FUN_5866d770	543
client-core-current	5866d990	FUN_5866d990	360
client-core-current	5866db00	FUN_5866db00	49
client-core-current	5866db40	FUN_5866db40	614
client-core-current	5866ddb0	FUN_5866ddb0	243
client-core-current	5866dec0	FUN_5866dec0	460
client-core-current	5866e090	FUN_5866e090	113
client-core-current	5866e110	FUN_5866e110	3709
client-core-current	5866ef90	FUN_5866ef90	1705
client-core-current	5866f640	FUN_5866f640	49
client-core-current	5866f680	FUN_5866f680	83
client-core-current	5866f6e0	FUN_5866f6e0	877
client-core-current	5866fa50	FUN_5866fa50	981
client-core-current	5866fe30	FUN_5866fe30	290
client-core-current	5866ff60	FUN_5866ff60	714
client-core-current	58670230	FUN_58670230	766
client-core-current	58670530	FUN_58670530	71
client-core-current	58670580	FUN_58670580	130
client-core-current	58670610	FUN_58670610	191
client-core-current	586706d0	FUN_586706d0	1703
client-core-current	58670d80	FUN_58670d80	1034
client-core-current	58671190	FUN_58671190	49
client-core-current	586711d0	FUN_586711d0	122
client-core-current	58671250	FUN_58671250	57
client-core-current	58671290	FUN_58671290	233
client-core-current	58671380	FUN_58671380	41
client-core-current	586713b0	FUN_586713b0	197
client-core-current	58671480	FUN_58671480	31
client-core-current	586714a0	FUN_586714a0	200
client-core-current	58671570	FUN_58671570	3548
client-core-current	58672350	FUN_58672350	74
client-core-current	586723a0	FUN_586723a0	2934
client-core-current	58672f20	FUN_58672f20	1224
client-core-current	586733f0	FUN_586733f0	49
client-core-current	58673430	FUN_58673430	116
client-core-current	586734b0	FUN_586734b0	134
client-core-current	58673540	FUN_58673540	34
client-core-current	58673570	FUN_58673570	29
client-core-current	58673590	FUN_58673590	25
client-core-current	586735b0	FUN_586735b0	22
client-core-current	586735d0	FUN_586735d0	20
client-core-current	586735f0	FUN_586735f0	18
client-core-current	58673800	FUN_58673800	1120
client-core-current	58673c70	FUN_58673c70	919
client-core-current	58674010	FUN_58674010	12664
client-core-current	586771d0	FUN_586771d0	2483
client-core-current	58677be0	FUN_58677be0	7795
client-core-current	58679a60	FUN_58679a60	2868
client-core-current	5867a5a0	FUN_5867a5a0	49
client-core-current	5867a5e0	FUN_5867a5e0	50
client-core-current	5867a620	FUN_5867a620	588
client-core-current	5867a870	FUN_5867a870	1267
client-core-current	5867ad70	FUN_5867ad70	3478
client-core-current	5867bca0	FUN_5867bca0	159
client-core-current	5867bd40	FUN_5867bd40	20
client-core-current	5867bd60	FUN_5867bd60	20
client-core-current	5867bd80	FUN_5867bd80	21
client-core-current	5867bda0	FUN_5867bda0	20
client-core-current	5867bdc0	FUN_5867bdc0	20
client-core-current	5867bde0	FUN_5867bde0	76
client-core-current	5867be30	FUN_5867be30	200
client-core-current	5867bf00	FUN_5867bf00	186
client-core-current	5867bfc0	FUN_5867bfc0	197
client-core-current	5867c090	FUN_5867c090	4835
client-core-current	5867d380	FUN_5867d380	1428
client-core-current	5867d920	FUN_5867d920	190
client-core-current	5867d9e0	FUN_5867d9e0	130
client-core-current	5867da70	FUN_5867da70	2848
client-core-current	5867e5a0	FUN_5867e5a0	702
client-core-current	5867e860	FUN_5867e860	236
client-core-current	5867e950	FUN_5867e950	901
client-core-current	5867ece0	FUN_5867ece0	511
client-core-current	5867eee0	FUN_5867eee0	25
client-core-current	5867ef00	FUN_5867ef00	221
client-core-current	5867efe0	FUN_5867efe0	38
client-core-current	5867f010	FUN_5867f010	25
client-core-current	5867f030	FUN_5867f030	37
client-core-current	5867f060	FUN_5867f060	233
client-core-current	5867f150	FUN_5867f150	266
client-core-current	5867f260	FUN_5867f260	88
client-core-current	5867f2c0	FUN_5867f2c0	198
client-core-current	5867f390	FUN_5867f390	63
client-core-current	5867f3d0	FUN_5867f3d0	472
client-core-current	5867f5b0	FUN_5867f5b0	116
client-core-current	5867f630	FUN_5867f630	1533
client-core-current	5867fc30	FUN_5867fc30	311
client-core-current	5867fd70	FUN_5867fd70	104
client-core-current	5867fde0	FUN_5867fde0	49
client-core-current	5867fe20	FUN_5867fe20	79
client-core-current	5867fe70	FUN_5867fe70	5121
client-core-current	58681280	FUN_58681280	2901
client-core-current	58681de0	FUN_58681de0	49
client-core-current	58681e20	FUN_58681e20	127
client-core-current	58681ea0	FUN_58681ea0	1092
client-core-current	586822f0	FUN_586822f0	765
client-core-current	586825f0	FUN_586825f0	221
client-core-current	586826d0	FUN_586826d0	515
client-core-current	586828e0	FUN_586828e0	2369
client-core-current	58683250	FUN_58683250	2505
client-core-current	58683c80	FUN_58683c80	374
client-core-current	58683e00	FUN_58683e00	20
client-core-current	58683e20	FUN_58683e20	89
client-core-current	58683e80	FUN_58683e80	89
client-core-current	58683ee0	FUN_58683ee0	29
client-core-current	58683f00	FUN_58683f00	834
client-core-current	58684250	FUN_58684250	127
client-core-current	586842d0	FUN_586842d0	279
client-core-current	586843f0	FUN_586843f0	870
client-core-current	58684760	FUN_58684760	576
client-core-current	586849a0	FUN_586849a0	116
client-core-current	58684a20	FUN_58684a20	337
client-core-current	58684b80	FUN_58684b80	29
client-core-current	58684ba0	FUN_58684ba0	59
client-core-current	58684be0	FUN_58684be0	151
client-core-current	58684c80	FUN_58684c80	97
client-core-current	58684cf0	FUN_58684cf0	636
client-core-current	58685060	FUN_58685060	223
client-core-current	58685140	FUN_58685140	92
client-core-current	586851a0	FUN_586851a0	1343
client-core-current	586856e0	FUN_586856e0	321
client-core-current	58685830	FUN_58685830	1467
client-core-current	58685df0	FUN_58685df0	49
client-core-current	58685e30	FUN_58685e30	59
client-core-current	58685e70	FUN_58685e70	2317
client-core-current	58686780	FUN_58686780	694
client-core-current	58686a40	FUN_58686a40	304
client-core-current	58686b70	FUN_58686b70	49
client-core-current	58686bb0	FUN_58686bb0	175
client-core-current	58686c60	FUN_58686c60	353
client-core-current	58686dd0	FUN_58686dd0	20
client-core-current	58686df0	FUN_58686df0	19
client-core-current	58686e10	FUN_58686e10	19
client-core-current	58686e30	FUN_58686e30	127
client-core-current	58686eb0	FUN_58686eb0	69
client-core-current	58686f00	FUN_58686f00	267
client-core-current	58687010	FUN_58687010	836
client-core-current	58687360	FUN_58687360	6386
client-core-current	58688c60	FUN_58688c60	1985
client-core-current	58689430	FUN_58689430	49
client-core-current	58689470	FUN_58689470	109
client-core-current	586894e0	FUN_586894e0	835
client-core-current	58689830	FUN_58689830	355
client-core-current	586899a0	FUN_586899a0	109
client-core-current	58689a10	FUN_58689a10	1392
client-core-current	58689f90	FUN_58689f90	810
client-core-current	5868a2c0	FUN_5868a2c0	668
client-core-current	5868a560	FUN_5868a560	1218
client-core-current	5868aa30	FUN_5868aa30	6366
client-core-current	5868c310	FUN_5868c310	3677
client-core-current	5868d170	FUN_5868d170	49
client-core-current	5868d1b0	FUN_5868d1b0	127
client-core-current	5868d230	FUN_5868d230	323
client-core-current	5868d380	FUN_5868d380	757
client-core-current	5868d680	FUN_5868d680	1063
client-core-current	5868dab0	FUN_5868dab0	765
client-core-current	5868ddb0	FUN_5868ddb0	115
client-core-current	5868de30	FUN_5868de30	117
client-core-current	5868deb0	FUN_5868deb0	275
client-core-current	5868dfd0	FUN_5868dfd0	26
client-core-current	5868dff0	FUN_5868dff0	515
client-core-current	5868e200	FUN_5868e200	1339
client-core-current	5868e770	FUN_5868e770	897
client-core-current	5868eb20	FUN_5868eb20	226
client-core-current	5868ec10	FUN_5868ec10	253
client-core-current	5868ed10	FUN_5868ed10	355
client-core-current	5868ee80	FUN_5868ee80	446
client-core-current	5868f040	FUN_5868f040	39
client-core-current	5868f070	FUN_5868f070	89
client-core-current	5868f0d0	FUN_5868f0d0	89
client-core-current	5868f130	FUN_5868f130	29
client-core-current	5868f150	FUN_5868f150	61
client-core-current	5868f190	FUN_5868f190	827
client-core-current	5868f4d0	FUN_5868f4d0	127
client-core-current	5868f550	FUN_5868f550	321
client-core-current	5868f6a0	FUN_5868f6a0	63
client-core-current	5868f6e0	FUN_5868f6e0	2085
client-core-current	5868ff10	FUN_5868ff10	2075
client-core-current	58690730	FUN_58690730	744
client-core-current	58690a20	FUN_58690a20	116
client-core-current	58690aa0	FUN_58690aa0	337
client-core-current	58690c00	FUN_58690c00	29
client-core-current	58690c20	FUN_58690c20	59
client-core-current	58690c60	FUN_58690c60	151
client-core-current	58690d00	FUN_58690d00	97
client-core-current	58690d70	FUN_58690d70	787
client-core-current	58691150	FUN_58691150	311
client-core-current	58691290	FUN_58691290	92
client-core-current	586912f0	FUN_586912f0	1347
client-core-current	58691840	FUN_58691840	270
client-core-current	58691950	FUN_58691950	1319
client-core-current	58691e80	FUN_58691e80	65
client-core-current	58691ed0	FUN_58691ed0	59
client-core-current	58691f10	FUN_58691f10	25
client-core-current	58691f30	FUN_58691f30	97
client-core-current	58691fa0	FUN_58691fa0	77
client-core-current	58691ff0	FUN_58691ff0	98
client-core-current	58692060	FUN_58692060	2404
client-core-current	586929d0	FUN_586929d0	656
client-core-current	58692c60	FUN_58692c60	250
client-core-current	58692d60	FUN_58692d60	49
client-core-current	58692da0	FUN_58692da0	40
client-core-current	58692dd0	FUN_58692dd0	426
client-core-current	58692f80	FUN_58692f80	100
client-core-current	58692ff0	FUN_58692ff0	42
client-core-current	58693020	FUN_58693020	55
client-core-current	58693060	FUN_58693060	171
client-core-current	58693110	FUN_58693110	189
client-core-current	586931d0	FUN_586931d0	6164
client-core-current	586949f0	FUN_586949f0	3022
client-core-current	586955c0	FUN_586955c0	49
client-core-current	58695600	FUN_58695600	364
client-core-current	58695770	FUN_58695770	177
client-core-current	58695840	FUN_58695840	6629
client-core-current	58697230	FUN_58697230	108
client-core-current	586972a0	FUN_586972a0	18
client-core-current	586972c0	FUN_586972c0	18
client-core-current	586972e0	FUN_586972e0	697
client-core-current	586975c0	FUN_586975c0	76
client-core-current	58697610	FUN_58697610	337
client-core-current	58697770	FUN_58697770	162
client-core-current	58697820	FUN_58697820	8785
client-core-current	58699a80	FUN_58699a80	6764
client-core-current	5869b4f0	FUN_5869b4f0	2287
client-core-current	5869bde0	FUN_5869bde0	49
client-core-current	5869be20	FUN_5869be20	268
client-core-current	5869bf30	FUN_5869bf30	78
client-core-current	5869bf80	FUN_5869bf80	804
client-core-current	5869c2c0	FUN_5869c2c0	355
client-core-current	5869c430	FUN_5869c430	654
client-core-current	5869c6e0	FUN_5869c6e0	353
client-core-current	5869c850	FUN_5869c850	51
client-core-current	5869c890	FUN_5869c890	2920
client-core-current	5869d400	FUN_5869d400	25
client-core-current	5869d420	FUN_5869d420	46
client-core-current	5869d450	FUN_5869d450	218
client-core-current	5869d530	FUN_5869d530	2175
client-core-current	5869ddb0	FUN_5869ddb0	909
client-core-current	5869e140	FUN_5869e140	49
client-core-current	5869e180	FUN_5869e180	275
client-core-current	5869e2a0	FUN_5869e2a0	298
client-core-current	5869e3d0	FUN_5869e3d0	777
client-core-current	5869e6e0	FUN_5869e6e0	381
client-core-current	5869e860	FUN_5869e860	348
client-core-current	5869e9c0	FUN_5869e9c0	418
client-core-current	5869eb70	FUN_5869eb70	614
client-core-current	5869ede0	FUN_5869ede0	439
client-core-current	5869efa0	FUN_5869efa0	135
client-core-current	5869f030	FUN_5869f030	29
client-core-current	5869f050	FUN_5869f050	46
client-core-current	5869f080	FUN_5869f080	73
client-core-current	5869f0d0	FUN_5869f0d0	280
client-core-current	5869f1f0	FUN_5869f1f0	11823
client-core-current	586a2020	FUN_586a2020	5803
client-core-current	586a36d0	FUN_586a36d0	49
client-core-current	586a3710	FUN_586a3710	128
client-core-current	586a3790	FUN_586a3790	103
client-core-current	586a3800	FUN_586a3800	437
client-core-current	586a39c0	FUN_586a39c0	358
client-core-current	586a3b30	FUN_586a3b30	175
client-core-current	586a3bf0	FUN_586a3bf0	13051
client-core-current	586a6ef0	FUN_586a6ef0	38
client-core-current	586a6f20	FUN_586a6f20	306
client-core-current	586a7060	FUN_586a7060	127
client-core-current	586a70e0	FUN_586a70e0	3329
client-core-current	586a7df0	FUN_586a7df0	1986
client-core-current	586a85c0	FUN_586a85c0	49
client-core-current	586a8600	FUN_586a8600	127
client-core-current	586a8680	FUN_586a8680	41
client-core-current	586a86b0	FUN_586a86b0	19
client-core-current	586a86d0	FUN_586a86d0	2110
client-core-current	586a8f10	FUN_586a8f10	603
client-core-current	586a9170	FUN_586a9170	24
client-core-current	586a9190	FUN_586a9190	303
client-core-current	586a92c0	FUN_586a92c0	1324
client-core-current	586a97f0	FUN_586a97f0	5991
client-core-current	586aaf60	FUN_586aaf60	2651
client-core-current	586ab9c0	FUN_586ab9c0	73
client-core-current	586aba10	FUN_586aba10	49
client-core-current	586aba50	FUN_586aba50	935
client-core-current	586abe00	FUN_586abe00	95
client-core-current	586abe60	FUN_586abe60	188
client-core-current	586abf20	FUN_586abf20	609
client-core-current	586ac190	FUN_586ac190	392
client-core-current	586ac320	FUN_586ac320	133
client-core-current	586ac3b0	FUN_586ac3b0	173
client-core-current	586ac460	FUN_586ac460	22
client-core-current	586ac480	FUN_586ac480	22
client-core-current	586ac4a0	FUN_586ac4a0	41
client-core-current	586ac4d0	FUN_586ac4d0	152
client-core-current	586ac570	FUN_586ac570	108
client-core-current	586ac5e0	FUN_586ac5e0	466
client-core-current	586ac7c0	FUN_586ac7c0	162
client-core-current	586ac870	FUN_586ac870	25
client-core-current	586ac890	FUN_586ac890	166
client-core-current	586ac940	FUN_586ac940	1563
client-core-current	586acf60	FUN_586acf60	331
client-core-current	586ad0b0	FUN_586ad0b0	637
client-core-current	586ad340	FUN_586ad340	228
client-core-current	586ad430	FUN_586ad430	374
client-core-current	586ad5b0	FUN_586ad5b0	200
client-core-current	586ad680	FUN_586ad680	347
client-core-current	586ad7e0	FUN_586ad7e0	56
client-core-current	586ad820	FUN_586ad820	1010
client-core-current	586adc20	FUN_586adc20	469
client-core-current	586ade00	FUN_586ade00	46
client-core-current	586ade30	FUN_586ade30	187
client-core-current	586adef0	FUN_586adef0	502
client-core-current	586ae0f0	FUN_586ae0f0	296
client-core-current	586ae220	FUN_586ae220	281
client-core-current	586ae340	FUN_586ae340	204
client-core-current	586ae410	FUN_586ae410	274
client-core-current	586ae530	FUN_586ae530	827
client-core-current	586ae870	FUN_586ae870	408
client-core-current	586aea10	FUN_586aea10	46
client-core-current	586aea40	FUN_586aea40	852
client-core-current	586aeda0	FUN_586aeda0	1208
client-core-current	586af290	FUN_586af290	398
client-core-current	586af420	FUN_586af420	102
client-core-current	586af490	FUN_586af490	128
client-core-current	586af510	FUN_586af510	3839
client-core-current	586b0410	FUN_586b0410	1606
client-core-current	586b0a60	FUN_586b0a60	49
client-core-current	586b0aa0	FUN_586b0aa0	220
client-core-current	586b0b80	FUN_586b0b80	1180
client-core-current	586b10c0	FUN_586b10c0	233
client-core-current	586b11b0	FUN_586b11b0	1258
client-core-current	586b16a0	FUN_586b16a0	1451
client-core-current	586b1c50	FUN_586b1c50	1969
client-core-current	586b2410	FUN_586b2410	648
client-core-current	586b26a0	FUN_586b26a0	49
client-core-current	586b26e0	FUN_586b26e0	99
client-core-current	586b2750	FUN_586b2750	359
client-core-current	586b28c0	FUN_586b28c0	99
client-core-current	586b2930	FUN_586b2930	2126
client-core-current	586b3180	FUN_586b3180	154
client-core-current	586b3220	FUN_586b3220	201
client-core-current	586b32f0	FUN_586b32f0	570
client-core-current	586b3530	FUN_586b3530	1480
client-core-current	586b3b00	FUN_586b3b00	691
client-core-current	586b3dc0	FUN_586b3dc0	49
client-core-current	586b3e00	FUN_586b3e00	135
client-core-current	586b3f00	FUN_586b3f00	3104
client-core-current	586b4b50	FUN_586b4b50	42
client-core-current	586b4b80	FUN_586b4b80	78
client-core-current	586b4bd0	FUN_586b4bd0	322
client-core-current	586b4d20	FUN_586b4d20	2175
client-core-current	586b55a0	FUN_586b55a0	938
client-core-current	586b5950	FUN_586b5950	49
client-core-current	586b5990	FUN_586b5990	376
client-core-current	586b5b10	FUN_586b5b10	1083
client-core-current	586b5f50	FUN_586b5f50	4561
client-core-current	586b7150	FUN_586b7150	798
client-core-current	586b7470	FUN_586b7470	393
client-core-current	586b7600	FUN_586b7600	49
client-core-current	586b7640	FUN_586b7640	27
client-core-current	586b7660	FUN_586b7660	341
client-core-current	586b77c0	FUN_586b77c0	1833
client-core-current	586b7ef0	FUN_586b7ef0	19
client-core-current	586b7f10	FUN_586b7f10	64
client-core-current	586b7f50	FUN_586b7f50	193
client-core-current	586b8020	FUN_586b8020	113
client-core-current	586b80a0	FUN_586b80a0	71
client-core-current	586b80f0	FUN_586b80f0	92
client-core-current	586b8150	FUN_586b8150	113
client-core-current	586b81d0	FUN_586b81d0	105
client-core-current	586b8240	FUN_586b8240	482
client-core-current	586b8430	FUN_586b8430	40
client-core-current	586b8460	FUN_586b8460	31
client-core-current	586b84c0	FUN_586b84c0	133
client-core-current	586b85b0	FUN_586b85b0	132
client-core-current	586b8640	FUN_586b8640	18
client-core-current	586b8660	FUN_586b8660	57
client-core-current	586b86a0	FUN_586b86a0	55
client-core-current	586b86e0	FUN_586b86e0	55
client-core-current	586b8730	FUN_586b8730	12999
client-core-current	586bba00	FUN_586bba00	30
client-core-current	586bba20	FUN_586bba20	20
client-core-current	586bba40	FUN_586bba40	4654
client-core-current	586bcc70	FUN_586bcc70	81
client-core-current	586bccd0	FUN_586bccd0	30
client-core-current	586bccf0	FUN_586bccf0	42
client-core-current	586bcd20	FUN_586bcd20	28
client-core-current	586bcd40	FUN_586bcd40	49
client-core-current	586bcd80	FUN_586bcd80	314
client-core-current	586bcec0	FUN_586bcec0	431
client-core-current	586bd070	FUN_586bd070	476
client-core-current	586bd250	FUN_586bd250	303
client-core-current	586bd380	FUN_586bd380	472
client-core-current	586bd560	FUN_586bd560	547
client-core-current	586bd7b0	FUN_586bd7b0	254
client-core-current	586bd8b0	FUN_586bd8b0	371
client-core-current	586bda30	FUN_586bda30	1783
client-core-current	586be180	FUN_586be180	1195
client-core-current	586be630	FUN_586be630	968
client-core-current	586bea00	FUN_586bea00	926
client-core-current	586beda0	FUN_586beda0	1312
client-core-current	586bf2c0	FUN_586bf2c0	1212
client-core-current	586bf780	FUN_586bf780	2187
client-core-current	586c0040	FUN_586c0040	2549
client-core-current	586c0a40	FUN_586c0a40	180
client-core-current	586c0b00	FUN_586c0b00	327
client-core-current	586c0c50	FUN_586c0c50	658
client-core-current	586c0ef0	FUN_586c0ef0	1565
client-core-current	586c1510	FUN_586c1510	216
client-core-current	586c15f0	FUN_586c15f0	2013
client-core-current	586c1dd0	FUN_586c1dd0	3167
client-core-current	586c2a40	FUN_586c2a40	198
client-core-current	586c2b10	FUN_586c2b10	356
client-core-current	586c2c80	FUN_586c2c80	276
client-core-current	586c2da0	FUN_586c2da0	1846
client-core-current	586c34e0	FUN_586c34e0	382
client-core-current	586c3660	FUN_586c3660	357
client-core-current	586c37d0	FUN_586c37d0	205
client-core-current	586c38a0	FUN_586c38a0	194
client-core-current	586c3970	FUN_586c3970	38
client-core-current	586c39a0	FUN_586c39a0	149
client-core-current	586c3a40	FUN_586c3a40	302
client-core-current	586c3b70	FUN_586c3b70	286
client-core-current	586c3c90	FUN_586c3c90	290
client-core-current	586c3dc0	FUN_586c3dc0	274
client-core-current	586c3ee0	FUN_586c3ee0	138
client-core-current	586c3f70	FUN_586c3f70	483
client-core-current	586c4160	FUN_586c4160	644
client-core-current	586c4450	FUN_586c4450	214
client-core-current	586c4530	FUN_586c4530	1198
client-core-current	586c49e0	FUN_586c49e0	260
client-core-current	586c4af0	FUN_586c4af0	241
client-core-current	586c4bf0	FUN_586c4bf0	33
client-core-current	586c4c20	FUN_586c4c20	67
client-core-current	586c4c70	FUN_586c4c70	168
client-core-current	586c4d20	FUN_586c4d20	1862
client-core-current	586c5470	FUN_586c5470	397
client-core-current	586c5600	FUN_586c5600	27
client-core-current	586c5620	FUN_586c5620	66
client-core-current	586c5670	FUN_586c5670	933
client-core-current	586c5a20	FUN_586c5a20	292
client-core-current	586c5b60	FUN_586c5b60	791
client-core-current	586c5e90	FUN_586c5e90	3262
client-core-current	586c6bd0	FUN_586c6bd0	1082
client-core-current	586c7010	FUN_586c7010	1954
client-core-current	586c77c0	FUN_586c77c0	1153
client-core-current	586c7c50	FUN_586c7c50	2245
client-core-current	586c8580	FUN_586c8580	828
client-core-current	586c88c0	FUN_586c88c0	51
client-core-current	586c8900	FUN_586c8900	45
client-core-current	586c8930	FUN_586c8930	97
client-core-current	586c89a0	FUN_586c89a0	84
client-core-current	586c8a00	FUN_586c8a00	163
client-core-current	586c8ab0	FUN_586c8ab0	85
client-core-current	586c8b10	FUN_586c8b10	155
client-core-current	586c8bb0	FUN_586c8bb0	34
client-core-current	586c8be0	FUN_586c8be0	38
client-core-current	586c8c10	FUN_586c8c10	30
client-core-current	586c8c30	FUN_586c8c30	209
client-core-current	586c8d10	FUN_586c8d10	10
client-core-current	586c8d20	FUN_586c8d20	59
client-core-current	586c8d60	FUN_586c8d60	26
client-core-current	586c8d80	FUN_586c8d80	38
client-core-current	586c8db0	FUN_586c8db0	89
client-core-current	586c8e10	FUN_586c8e10	3772
client-core-current	586c9cd0	FUN_586c9cd0	1405
client-core-current	586ca250	FUN_586ca250	49
client-core-current	586ca290	FUN_586ca290	247
client-core-current	586ca390	FUN_586ca390	806
client-core-current	586ca6c0	FUN_586ca6c0	336
client-core-current	586ca840	FUN_586ca840	570
client-core-current	586caa80	FUN_586caa80	487
client-core-current	586cac70	FUN_586cac70	1011
client-core-current	586cb070	FUN_586cb070	25
client-core-current	586cb090	FUN_586cb090	293
client-core-current	586cb1c0	FUN_586cb1c0	7559
client-core-current	586ccf50	FUN_586ccf50	2395
client-core-current	586cd8b0	FUN_586cd8b0	49
client-core-current	586cd8f0	FUN_586cd8f0	200
client-core-current	586cd9c0	FUN_586cd9c0	112
client-core-current	586cda30	FUN_586cda30	39
client-core-current	586cda60	FUN_586cda60	81
client-core-current	586cdac0	FUN_586cdac0	1163
client-core-current	586cdf50	FUN_586cdf50	124
client-core-current	586cdfd0	FUN_586cdfd0	124
client-core-current	586ce050	FUN_586ce050	214
client-core-current	586ce130	FUN_586ce130	120
client-core-current	586ce1b0	FUN_586ce1b0	278
client-core-current	586ce2d0	FUN_586ce2d0	24
client-core-current	586ce2f0	FUN_586ce2f0	94
client-core-current	586ce350	FUN_586ce350	1534
client-core-current	586ce950	FUN_586ce950	801
client-core-current	586cece0	FUN_586cece0	235
client-core-current	586cedd0	FUN_586cedd0	44
client-core-current	586cee00	FUN_586cee00	122
client-core-current	586cee80	FUN_586cee80	58
client-core-current	586ceec0	FUN_586ceec0	54
client-core-current	586cef00	FUN_586cef00	112
client-core-current	586cef70	FUN_586cef70	342
client-core-current	586cf0d0	FUN_586cf0d0	118
client-core-current	586cf150	FUN_586cf150	2396
client-core-current	586cfab0	FUN_586cfab0	887
client-core-current	586cfe30	FUN_586cfe30	49
client-core-current	586cfe70	FUN_586cfe70	66
client-core-current	586cfec0	FUN_586cfec0	229
client-core-current	586cffb0	FUN_586cffb0	63
client-core-current	586d0000	FUN_586d0000	2229
client-core-current	586d08c0	FUN_586d08c0	1292
client-core-current	586d0dd0	FUN_586d0dd0	684
client-core-current	586d1090	FUN_586d1090	49
client-core-current	586d10d0	FUN_586d10d0	321
client-core-current	586d1220	FUN_586d1220	608
client-core-current	586d1480	FUN_586d1480	1472
client-core-current	586d1a70	FUN_586d1a70	19
client-core-current	586d1a90	FUN_586d1a90	421
client-core-current	586d1c40	FUN_586d1c40	1061
client-core-current	586d2070	FUN_586d2070	163
client-core-current	586d2120	FUN_586d2120	1215
client-core-current	586d2600	FUN_586d2600	122
client-core-current	586d2680	FUN_586d2680	112
client-core-current	586d26f0	FUN_586d26f0	9452
client-core-current	586d4be0	FUN_586d4be0	3827
client-core-current	586d5ae0	FUN_586d5ae0	49
client-core-current	586d5b20	FUN_586d5b20	103
client-core-current	586d5b90	FUN_586d5b90	128
client-core-current	586d5c10	FUN_586d5c10	53
client-core-current	586d5c50	FUN_586d5c50	337
client-core-current	586d5db0	FUN_586d5db0	359
client-core-current	586d5f20	FUN_586d5f20	1563
client-core-current	586dd4e0	FUN_586dd4e0	129
client-core-current	586dd570	FUN_586dd570	129
client-core-current	586dd600	FUN_586dd600	410
client-core-current	586dd7a0	FUN_586dd7a0	42
client-core-current	586dd7d0	FUN_586dd7d0	129
client-core-current	586dd860	FUN_586dd860	129
client-core-current	586dd8f0	FUN_586dd8f0	572
client-core-current	586ddb30	FUN_586ddb30	1841
client-core-current	586de270	FUN_586de270	489
client-core-current	586de460	FUN_586de460	172
client-core-current	586de510	FUN_586de510	621
client-core-current	586de780	FUN_586de780	523
client-core-current	586de990	FUN_586de990	471
client-core-current	586deb70	FUN_586deb70	252
client-core-current	586dec70	FUN_586dec70	2116
client-core-current	586df4c0	FUN_586df4c0	2745
client-core-current	586dffb0	FUN_586dffb0	661
client-core-current	586e0260	FUN_586e0260	206
client-core-current	586e0330	FUN_586e0330	26
client-core-current	586e0350	FUN_586e0350	427
client-core-current	586e0500	FUN_586e0500	1880
client-core-current	586e0c60	FUN_586e0c60	223
client-core-current	586e0d40	FUN_586e0d40	318
client-core-current	586e0e80	FUN_586e0e80	50
client-core-current	586e0ec0	FUN_586e0ec0	37
client-core-current	586e0ef0	FUN_586e0ef0	2884
client-core-current	586e1a40	FUN_586e1a40	358
client-core-current	586e1bc0	FUN_586e1bc0	204
client-core-current	586e1c90	FUN_586e1c90	358
client-core-current	586e1e00	FUN_586e1e00	56
client-core-current	586e1e40	FUN_586e1e40	356
client-core-current	586e1fc0	FUN_586e1fc0	202
client-core-current	586e2090	FUN_586e2090	50
client-core-current	586e20d0	FUN_586e20d0	238
client-core-current	586e21c0	FUN_586e21c0	485
client-core-current	586e23b0	FUN_586e23b0	238
client-core-current	586e24a0	FUN_586e24a0	824
client-core-current	586e27e0	FUN_586e27e0	387
client-core-current	586e2970	FUN_586e2970	49
client-core-current	586e29b0	FUN_586e29b0	189
client-core-current	586e2a70	FUN_586e2a70	40
client-core-current	586e2aa0	FUN_586e2aa0	1827
client-core-current	586e31d0	FUN_586e31d0	743
client-core-current	586e34c0	FUN_586e34c0	49
client-core-current	586e3500	FUN_586e3500	358
client-core-current	586e3670	FUN_586e3670	758
client-core-current	586e3970	FUN_586e3970	55
client-core-current	586e39b0	FUN_586e39b0	25
client-core-current	586e39d0	FUN_586e39d0	49
client-core-current	586e3a10	FUN_586e3a10	552
client-core-current	586e3c40	FUN_586e3c40	43
client-core-current	586e3c70	FUN_586e3c70	138
client-core-current	586e3d00	FUN_586e3d00	67
client-core-current	586e3d50	FUN_586e3d50	1111
client-core-current	586e41b0	FUN_586e41b0	394
client-core-current	586e4340	FUN_586e4340	49
client-core-current	586e4380	FUN_586e4380	133
client-core-current	586e4410	FUN_586e4410	788
client-core-current	586e4740	FUN_586e4740	61
client-core-current	586e4780	FUN_586e4780	58
client-core-current	586e47c0	FUN_586e47c0	22
client-core-current	586e47e0	FUN_586e47e0	22
client-core-current	586e4800	FUN_586e4800	26
client-core-current	586e4820	FUN_586e4820	26
client-core-current	586e4840	FUN_586e4840	25
client-core-current	586e4860	FUN_586e4860	466
client-core-current	586e4a40	FUN_586e4a40	183
client-core-current	586e4b00	FUN_586e4b00	915
client-core-current	586e5900	FUN_586e5900	62
client-core-current	586e5940	FUN_586e5940	685
client-core-current	586e5bf0	FUN_586e5bf0	241
client-core-current	586e5cf0	FUN_586e5cf0	99
client-core-current	586e5d60	FUN_586e5d60	2043
client-core-current	586e6560	FUN_586e6560	928
client-core-current	586e6900	FUN_586e6900	49
client-core-current	586e6940	FUN_586e6940	138
client-core-current	586e69d0	FUN_586e69d0	317
client-core-current	586e6b10	FUN_586e6b10	1611
client-core-current	586e7180	FUN_586e7180	117
client-core-current	586e7200	FUN_586e7200	302
client-core-current	586e7360	FUN_586e7360	129
client-core-current	586e73f0	FUN_586e73f0	50
client-core-current	586e7430	FUN_586e7430	464
client-core-current	586e7600	FUN_586e7600	661
client-core-current	586e78a0	FUN_586e78a0	19
client-core-current	586e78c0	FUN_586e78c0	237
client-core-current	586e79b0	FUN_586e79b0	95
client-core-current	586e7a20	FUN_586e7a20	92
client-core-current	586e7a80	FUN_586e7a80	92
client-core-current	586e7ae0	FUN_586e7ae0	137
client-core-current	586e7b70	FUN_586e7b70	105
client-core-current	586e7be0	FUN_586e7be0	482
client-core-current	586e7dd0	FUN_586e7dd0	40
client-core-current	586e7e00	FUN_586e7e00	229
client-core-current	586e7ef0	FUN_586e7ef0	229
client-core-current	586e7fe0	FUN_586e7fe0	190
client-core-current	586e80a0	FUN_586e80a0	177
client-core-current	586e8160	FUN_586e8160	55
client-core-current	586e81a0	FUN_586e81a0	55
client-core-current	586e81e0	FUN_586e81e0	16
client-core-current	586e81f0	FUN_586e81f0	124
client-core-current	586e8270	FUN_586e8270	3336
client-core-current	586e8f80	FUN_586e8f80	37
client-core-current	586e8fb0	FUN_586e8fb0	37
client-core-current	586e8fe0	FUN_586e8fe0	23
client-core-current	586e9000	FUN_586e9000	30
client-core-current	586e9020	FUN_586e9020	39
client-core-current	586e9050	FUN_586e9050	20
client-core-current	586e9070	FUN_586e9070	921
client-core-current	586e9410	FUN_586e9410	81
client-core-current	586e9470	FUN_586e9470	53
client-core-current	586e94b0	FUN_586e94b0	53
client-core-current	586e94f0	FUN_586e94f0	30
client-core-current	586e9510	FUN_586e9510	49
client-core-current	586e9550	FUN_586e9550	46
client-core-current	586e9580	FUN_586e9580	603
client-core-current	586e97e0	FUN_586e97e0	152
client-core-current	586e9880	FUN_586e9880	619
client-core-current	586e9af0	FUN_586e9af0	2890
client-core-current	586ea670	FUN_586ea670	105
client-core-current	586ea6e0	FUN_586ea6e0	669
client-core-current	586ea980	FUN_586ea980	203
client-core-current	586eaa50	FUN_586eaa50	2777
client-core-current	586eb530	FUN_586eb530	264
client-core-current	586eb640	FUN_586eb640	233
client-core-current	586eb730	FUN_586eb730	216
client-core-current	586eb810	FUN_586eb810	57
client-core-current	586eb850	FUN_586eb850	45
client-core-current	586eb880	FUN_586eb880	97
client-core-current	586eb8f0	FUN_586eb8f0	84
client-core-current	586eb950	FUN_586eb950	163
client-core-current	586eba00	FUN_586eba00	155
client-core-current	586ebaa0	FUN_586ebaa0	34
client-core-current	586ebad0	FUN_586ebad0	38
client-core-current	586ebb00	FUN_586ebb00	113
client-core-current	586ebb80	FUN_586ebb80	113
client-core-current	586ebc00	FUN_586ebc00	30
client-core-current	586ebc20	FUN_586ebc20	10
client-core-current	586ebc30	FUN_586ebc30	59
client-core-current	586ebc70	FUN_586ebc70	26
client-core-current	586ebc90	FUN_586ebc90	58
client-core-current	586ebcd0	FUN_586ebcd0	58
client-core-current	586ebd10	FUN_586ebd10	38
client-core-current	586ebd40	FUN_586ebd40	2689
client-core-current	586ec7d0	FUN_586ec7d0	1100
client-core-current	586ecc20	FUN_586ecc20	49
client-core-current	586ecc60	FUN_586ecc60	69
client-core-current	586eccb0	FUN_586eccb0	725
client-core-current	586ecf90	FUN_586ecf90	71
client-core-current	586ecfe0	FUN_586ecfe0	1602
client-core-current	586ed630	FUN_586ed630	301
client-core-current	586ed760	FUN_586ed760	130
client-core-current	586ed7f0	FUN_586ed7f0	976
client-core-current	586edbe0	FUN_586edbe0	615
client-core-current	586ede50	FUN_586ede50	600
client-core-current	586ee0b0	FUN_586ee0b0	985
client-core-current	586ee4a0	FUN_586ee4a0	780
client-core-current	586ee7b0	FUN_586ee7b0	2703
client-core-current	586ef640	FUN_586ef640	2417
client-core-current	586effe0	FUN_586effe0	1779
client-core-current	586f06e0	FUN_586f06e0	625
client-core-current	586f0960	FUN_586f0960	49
client-core-current	586f09a0	FUN_586f09a0	150
client-core-current	586f0a40	FUN_586f0a40	545
client-core-current	586f0c70	FUN_586f0c70	33
client-core-current	586f0ca0	FUN_586f0ca0	73
client-core-current	586f0cf0	FUN_586f0cf0	188
client-core-current	586f0db0	FUN_586f0db0	68
client-core-current	586f0e00	FUN_586f0e00	71
client-core-current	586f0e50	FUN_586f0e50	14479
client-core-current	586f46e0	FUN_586f46e0	4994
client-core-current	586f5a70	FUN_586f5a70	49
client-core-current	586f5ab0	FUN_586f5ab0	479
client-core-current	586f5c90	FUN_586f5c90	467
client-core-current	586f5e70	FUN_586f5e70	479
client-core-current	586f6050	FUN_586f6050	211
client-core-current	586f6130	FUN_586f6130	1275
client-core-current	586f6630	FUN_586f6630	2887
client-core-current	586f7180	FUN_586f7180	503
client-core-current	586f7420	FUN_586f7420	322
client-core-current	586f7660	FUN_586f7660	122
client-core-current	586f76e0	FUN_586f76e0	106
client-core-current	586f7750	FUN_586f7750	692
client-core-current	586f7a10	FUN_586f7a10	1532
client-core-current	586f8010	FUN_586f8010	826
client-core-current	586f8350	FUN_586f8350	117
client-core-current	586f83d0	FUN_586f83d0	175
client-core-current	586f8480	FUN_586f8480	713
client-core-current	586f8750	FUN_586f8750	86
client-core-current	586f87b0	FUN_586f87b0	263
client-core-current	586f88c0	FUN_586f88c0	5193
client-core-current	586f9d10	FUN_586f9d10	1491
client-core-current	586fa2f0	FUN_586fa2f0	826
client-core-current	586fa630	FUN_586fa630	113
client-core-current	586fa6b0	FUN_586fa6b0	934
client-core-current	586faa60	FUN_586faa60	427
client-core-current	586fac10	FUN_586fac10	46
client-core-current	586fac40	FUN_586fac40	44
client-core-current	586fac70	FUN_586fac70	2588
client-core-current	586fb690	FUN_586fb690	1267
client-core-current	586fbb90	FUN_586fbb90	49
client-core-current	586fbbd0	FUN_586fbbd0	125
client-core-current	586fbc50	FUN_586fbc50	1198
client-core-current	586fc100	FUN_586fc100	115
client-core-current	586fc180	FUN_586fc180	2678
client-core-current	586fcc00	FUN_586fcc00	108
client-core-current	586fcc70	FUN_586fcc70	7643
client-core-current	586fea50	FUN_586fea50	3250
client-core-current	586ff710	FUN_586ff710	49
client-core-current	586ff750	FUN_586ff750	345
client-core-current	586ff8b0	FUN_586ff8b0	724
client-core-current	586ffb90	FUN_586ffb90	911
client-core-current	586fff20	FUN_586fff20	127
client-core-current	586fffa0	FUN_586fffa0	1889
client-core-current	58700890	FUN_58700890	250
client-core-current	58700990	FUN_58700990	126
client-core-current	58700a10	FUN_58700a10	311
client-core-current	58700b50	FUN_58700b50	256
client-core-current	58700c70	FUN_58700c70	26
client-core-current	58700c90	FUN_58700c90	188
client-core-current	58700d50	FUN_58700d50	510
client-core-current	58700f50	FUN_58700f50	22
client-core-current	58701970	FUN_58701970	292
client-core-current	58701aa0	FUN_58701aa0	27
client-core-current	58701ac0	FUN_58701ac0	2550
client-core-current	587024c0	FUN_587024c0	34
client-core-current	587024f0	FUN_587024f0	31
client-core-current	58702510	FUN_58702510	164
client-core-current	587025c0	FUN_587025c0	431
client-core-current	58702770	FUN_58702770	306
client-core-current	587028b0	FUN_587028b0	602
client-core-current	58702b10	FUN_58702b10	206
client-core-current	58702be0	FUN_58702be0	1261
client-core-current	587030d0	FUN_587030d0	92
client-core-current	58703130	FUN_58703130	48
client-core-current	58703160	FUN_58703160	146
client-core-current	58703200	FUN_58703200	85
client-core-current	58703260	FUN_58703260	40
client-core-current	58703290	FUN_58703290	25
client-core-current	587032b0	FUN_587032b0	41
client-core-current	587032e0	FUN_587032e0	172
client-core-current	58703390	FUN_58703390	85
client-core-current	587033f0	FUN_587033f0	735
client-core-current	587036d0	FUN_587036d0	108
client-core-current	58703740	FUN_58703740	1631
client-core-current	58703da0	FUN_58703da0	616
client-core-current	58704010	FUN_58704010	49
client-core-current	58704050	FUN_58704050	20
client-core-current	58704070	FUN_58704070	368
client-core-current	587041e0	FUN_587041e0	627
client-core-current	58704460	FUN_58704460	219
client-core-current	58704540	FUN_58704540	97
client-core-current	587045b0	FUN_587045b0	834
client-core-current	58704900	FUN_58704900	38
client-core-current	58704930	FUN_58704930	17
client-core-current	58704950	FUN_58704950	20
client-core-current	58704970	FUN_58704970	1809
client-core-current	58705090	FUN_58705090	526
client-core-current	587052a0	FUN_587052a0	49
client-core-current	587052e0	FUN_587052e0	69
client-core-current	58705330	FUN_58705330	405
client-core-current	587054d0	FUN_587054d0	847
client-core-current	58705830	FUN_58705830	154
client-core-current	587058d0	FUN_587058d0	201
client-core-current	587059a0	FUN_587059a0	3275
client-core-current	58706670	FUN_58706670	1782
client-core-current	58706d70	FUN_58706d70	49
client-core-current	58706db0	FUN_58706db0	51
client-core-current	58706df0	FUN_58706df0	207
client-core-current	58706ec0	FUN_58706ec0	949
client-core-current	58707280	FUN_58707280	1106
client-core-current	587076e0	FUN_587076e0	2788
client-core-current	587081d0	FUN_587081d0	587
client-core-current	58708420	FUN_58708420	831
client-core-current	58708760	FUN_58708760	223
client-core-current	58708840	FUN_58708840	49
client-core-current	58708880	FUN_58708880	217
client-core-current	58708960	FUN_58708960	176
client-core-current	58708a10	FUN_58708a10	480
client-core-current	58708c30	FUN_58708c30	839
client-core-current	58708f80	FUN_58708f80	264
client-core-current	58709090	FUN_58709090	1131
client-core-current	58709500	FUN_58709500	1091
client-core-current	58709950	FUN_58709950	491
client-core-current	58709b40	FUN_58709b40	46
client-core-current	58709b70	FUN_58709b70	71
client-core-current	58709bc0	FUN_58709bc0	68
client-core-current	58709c10	FUN_58709c10	261
client-core-current	58709d20	FUN_58709d20	586
client-core-current	58709f70	FUN_58709f70	142
client-core-current	5870a000	FUN_5870a000	692
client-core-current	5870a2c0	FUN_5870a2c0	463
client-core-current	5870a490	FUN_5870a490	363
client-core-current	5870a600	FUN_5870a600	49
client-core-current	5870a640	FUN_5870a640	51
client-core-current	5870a680	FUN_5870a680	87
client-core-current	5870a6e0	FUN_5870a6e0	364
client-core-current	5870a850	FUN_5870a850	144
client-core-current	5870a8e0	FUN_5870a8e0	41
client-core-current	5870a910	FUN_5870a910	4121
client-core-current	5870b930	FUN_5870b930	1877
client-core-current	5870c090	FUN_5870c090	49
client-core-current	5870c0d0	FUN_5870c0d0	116
client-core-current	5870c150	FUN_5870c150	323
client-core-current	5870c2a0	FUN_5870c2a0	502
client-core-current	5870c4a0	FUN_5870c4a0	2270
client-core-current	5870cde0	FUN_5870cde0	108
client-core-current	5870ce50	FUN_5870ce50	16939
client-core-current	58711080	FUN_58711080	104
client-core-current	587110f0	FUN_587110f0	436
client-core-current	587112b0	FUN_587112b0	406
client-core-current	58711450	FUN_58711450	123
client-core-current	587114d0	FUN_587114d0	347
client-core-current	58711630	FUN_58711630	257
client-core-current	58711740	FUN_58711740	4002
client-core-current	58712730	FUN_58712730	2050
client-core-current	58712f40	FUN_58712f40	1981
client-core-current	58713700	FUN_58713700	931
client-core-current	58713ab0	FUN_58713ab0	49
client-core-current	58713af0	FUN_58713af0	77
client-core-current	58713b40	FUN_58713b40	1137
client-core-current	58713fc0	FUN_58713fc0	1622
client-core-current	58714620	FUN_58714620	615
client-core-current	58714890	FUN_58714890	49
client-core-current	587148d0	FUN_587148d0	193
client-core-current	587149a0	FUN_587149a0	631
client-core-current	58714c20	FUN_58714c20	441
client-core-current	58714de0	FUN_58714de0	87
client-core-current	58714e40	FUN_58714e40	1544
client-core-current	58715450	FUN_58715450	777
client-core-current	58715760	FUN_58715760	49
client-core-current	587157a0	FUN_587157a0	105
client-core-current	58715810	FUN_58715810	231
client-core-current	58715900	FUN_58715900	55
client-core-current	58715940	FUN_58715940	51
client-core-current	58715980	FUN_58715980	82
client-core-current	587159e0	FUN_587159e0	193
client-core-current	58715ab0	FUN_58715ab0	564
client-core-current	58715cf0	FUN_58715cf0	51
client-core-current	58715d30	FUN_58715d30	345
client-core-current	58715e90	FUN_58715e90	1460
client-core-current	58716450	FUN_58716450	887
client-core-current	587167f0	FUN_587167f0	386
client-core-current	58716980	FUN_58716980	1103
client-core-current	58716dd0	FUN_58716dd0	11703
client-core-current	58719b90	FUN_58719b90	4966
client-core-current	5871af00	FUN_5871af00	49
client-core-current	5871af40	FUN_5871af40	201
client-core-current	5871b010	FUN_5871b010	201
client-core-current	5871b0e0	FUN_5871b0e0	1151
client-core-current	5871b560	FUN_5871b560	3149
client-core-current	5871c1c0	FUN_5871c1c0	4544
client-core-current	5871d3e0	FUN_5871d3e0	759
client-core-current	5871d6e0	FUN_5871d6e0	701
client-core-current	5871d9a0	FUN_5871d9a0	21
client-core-current	5871d9c0	FUN_5871d9c0	21
client-core-current	5871d9e0	FUN_5871d9e0	20
client-core-current	5871da00	FUN_5871da00	204
client-core-current	5871dad0	FUN_5871dad0	746
client-core-current	5871ddc0	FUN_5871ddc0	375
client-core-current	5871df40	FUN_5871df40	393
client-core-current	5871e0d0	FUN_5871e0d0	2414
client-core-current	5871ea40	FUN_5871ea40	669
client-core-current	5871ece0	FUN_5871ece0	1328
client-core-current	5871f210	FUN_5871f210	367
client-core-current	5871f390	FUN_5871f390	393
client-core-current	5871f520	FUN_5871f520	166
client-core-current	5871f5d0	FUN_5871f5d0	895
client-core-current	5871f960	FUN_5871f960	1300
client-core-current	5871fe80	FUN_5871fe80	1358
client-core-current	587203d0	FUN_587203d0	62
client-core-current	58720410	FUN_58720410	555
client-core-current	58720640	FUN_58720640	525
client-core-current	58720850	FUN_58720850	38
client-core-current	58720880	FUN_58720880	38
client-core-current	587208b0	FUN_587208b0	94
client-core-current	58720910	FUN_58720910	132
client-core-current	587209a0	FUN_587209a0	1645
client-core-current	58721010	FUN_58721010	43
client-core-current	58721040	FUN_58721040	2392
client-core-current	587219a0	FUN_587219a0	689
client-core-current	58721c60	FUN_58721c60	49
client-core-current	58721ca0	FUN_58721ca0	350
client-core-current	58721e00	FUN_58721e00	779
client-core-current	58722110	FUN_58722110	278
client-core-current	58722230	FUN_58722230	582
client-core-current	58722480	FUN_58722480	1441
client-core-current	58722a50	FUN_58722a50	1745
client-core-current	58723130	FUN_58723130	725
client-core-current	58723410	FUN_58723410	49
client-core-current	58723450	FUN_58723450	332
client-core-current	587235a0	FUN_587235a0	275
client-core-current	587236c0	FUN_587236c0	2368
client-core-current	58724010	FUN_58724010	1019
client-core-current	58724410	FUN_58724410	777
client-core-current	58724720	FUN_58724720	322
client-core-current	58724870	FUN_58724870	138
client-core-current	58724900	FUN_58724900	167
client-core-current	587249b0	FUN_587249b0	143
client-core-current	58724a50	FUN_58724a50	145
client-core-current	58724af0	FUN_58724af0	223
client-core-current	58724be0	FUN_58724be0	690
client-core-current	58724ea0	FUN_58724ea0	116
client-core-current	58724f20	FUN_58724f20	320
client-core-current	58725060	FUN_58725060	2496
client-core-current	58725a20	FUN_58725a20	1059
client-core-current	58725e50	FUN_58725e50	49
client-core-current	58725e90	FUN_58725e90	255
client-core-current	58725f90	FUN_58725f90	322
client-core-current	587260e0	FUN_587260e0	2641
client-core-current	58726b40	FUN_58726b40	911
client-core-current	58726ed0	FUN_58726ed0	720
client-core-current	587271a0	FUN_587271a0	60
client-core-current	587271e0	FUN_587271e0	221
client-core-current	587272c0	FUN_587272c0	461
client-core-current	58727490	FUN_58727490	22
client-core-current	587274b0	FUN_587274b0	22
client-core-current	587274d0	FUN_587274d0	201
client-core-current	587275a0	FUN_587275a0	158
client-core-current	58727650	FUN_58727650	211
client-core-current	58727730	FUN_58727730	158
client-core-current	587277e0	FUN_587277e0	158
client-core-current	58727890	FUN_58727890	158
client-core-current	58727940	FUN_58727940	39
client-core-current	58727970	FUN_58727970	191
client-core-current	58727a30	FUN_58727a30	161
client-core-current	58727ae0	FUN_58727ae0	763
client-core-current	58727de0	FUN_58727de0	25
client-core-current	58727e00	FUN_58727e00	213
client-core-current	58727ef0	FUN_58727ef0	6681
client-core-current	58729910	FUN_58729910	3912
client-core-current	5872a860	FUN_5872a860	49
client-core-current	5872a8a0	FUN_5872a8a0	962
client-core-current	5872ac70	FUN_5872ac70	107
client-core-current	5872ace0	FUN_5872ace0	538
client-core-current	5872af00	FUN_5872af00	578
client-core-current	5872b150	FUN_5872b150	445
client-core-current	5872b310	FUN_5872b310	287
client-core-current	5872b430	FUN_5872b430	112
client-core-current	5872b4a0	FUN_5872b4a0	3356
client-core-current	5872c1c0	FUN_5872c1c0	21
client-core-current	5872c1e0	FUN_5872c1e0	712
client-core-current	5872c4b0	FUN_5872c4b0	351
client-core-current	5872c610	FUN_5872c610	46
client-core-current	5872c640	FUN_5872c640	163
client-core-current	5872c6f0	FUN_5872c6f0	221
client-core-current	5872c7d0	FUN_5872c7d0	58
client-core-current	5872c810	FUN_5872c810	33
client-core-current	5872c840	FUN_5872c840	58
client-core-current	5872c880	FUN_5872c880	29
client-core-current	5872c8a0	FUN_5872c8a0	46
client-core-current	5872c8d0	FUN_5872c8d0	2102
client-core-current	5872d130	FUN_5872d130	411
client-core-current	5872d2d0	FUN_5872d2d0	39
client-core-current	5872d300	FUN_5872d300	20
client-core-current	5872d320	FUN_5872d320	17138
client-core-current	587317b0	FUN_587317b0	25
client-core-current	587317d0	FUN_587317d0	13027
client-core-current	58734b80	FUN_58734b80	126
client-core-current	58734c00	FUN_58734c00	230
client-core-current	58734cf0	FUN_58734cf0	46
client-core-current	58734d20	FUN_58734d20	196
client-core-current	58734df0	FUN_58734df0	156
client-core-current	58734e90	FUN_58734e90	416
client-core-current	58735040	FUN_58735040	171
client-core-current	587350f0	FUN_587350f0	204
client-core-current	587351c0	FUN_587351c0	62
client-core-current	58735200	FUN_58735200	49
client-core-current	58735240	FUN_58735240	109
client-core-current	587352b0	FUN_587352b0	42
client-core-current	587352e0	FUN_587352e0	20
client-core-current	58735300	FUN_58735300	49
client-core-current	58735340	FUN_58735340	309
client-core-current	58735480	FUN_58735480	2644
client-core-current	58735ee0	FUN_58735ee0	1372
client-core-current	58736440	FUN_58736440	49
client-core-current	58736480	FUN_58736480	445
client-core-current	58736640	FUN_58736640	1649
client-core-current	58736cc0	FUN_58736cc0	908
client-core-current	58737050	FUN_58737050	1504
client-core-current	58737630	FUN_58737630	764
client-core-current	58737930	FUN_58737930	49
client-core-current	58737970	FUN_58737970	593
client-core-current	58737bd0	FUN_58737bd0	184
client-core-current	58737c90	FUN_58737c90	370
client-core-current	58737e10	FUN_58737e10	521
client-core-current	58738020	FUN_58738020	591
client-core-current	58738270	FUN_58738270	210
client-core-current	58738350	FUN_58738350	12222
client-core-current	5873b310	FUN_5873b310	2680
client-core-current	5873bd90	FUN_5873bd90	49
client-core-current	5873bdd0	FUN_5873bdd0	202
client-core-current	5873bea0	FUN_5873bea0	1248
client-core-current	5873c380	FUN_5873c380	1250
client-core-current	5873c8a0	FUN_5873c8a0	41
client-core-current	5873c8d0	FUN_5873c8d0	20
client-core-current	5873c8f0	FUN_5873c8f0	290
client-core-current	5873ca20	FUN_5873ca20	220
client-core-current	5873cb00	FUN_5873cb00	49
client-core-current	5873cb40	FUN_5873cb40	438
client-core-current	5873cd00	FUN_5873cd00	177
client-core-current	5873cdc0	FUN_5873cdc0	25
client-core-current	5873cde0	FUN_5873cde0	224
client-core-current	5873cec0	FUN_5873cec0	3114
client-core-current	5873daf0	FUN_5873daf0	179
client-core-current	5873dbf0	FUN_5873dbf0	73
client-core-current	5873dc40	FUN_5873dc40	1155
client-core-current	5873e0e0	FUN_5873e0e0	1052
client-core-current	5873e500	FUN_5873e500	248
client-core-current	5873e600	FUN_5873e600	29
client-core-current	5873e620	FUN_5873e620	46
client-core-current	5873e650	FUN_5873e650	33
client-core-current	5873e680	FUN_5873e680	486
client-core-current	5873e870	FUN_5873e870	110
client-core-current	5873e8e0	FUN_5873e8e0	248
client-core-current	5873e9e0	FUN_5873e9e0	405
client-core-current	5873eb80	FUN_5873eb80	46
client-core-current	5873ebb0	FUN_5873ebb0	1211
client-core-current	5873f090	FUN_5873f090	539
client-core-current	5873f2b0	FUN_5873f2b0	77
client-core-current	5873f300	FUN_5873f300	668
client-core-current	5873f5a0	FUN_5873f5a0	673
client-core-current	5873f850	FUN_5873f850	49
client-core-current	5873f890	FUN_5873f890	335
client-core-current	5873f9e0	FUN_5873f9e0	372
client-core-current	5873fb60	FUN_5873fb60	173
client-core-current	5873fc20	FUN_5873fc20	748
client-core-current	5873ff10	FUN_5873ff10	48
client-core-current	5873ff40	FUN_5873ff40	269
client-core-current	58740050	FUN_58740050	663
client-core-current	58740300	FUN_58740300	248
client-core-current	58740400	FUN_58740400	405
client-core-current	587405a0	FUN_587405a0	46
client-core-current	587405d0	FUN_587405d0	286
client-core-current	58740810	FUN_58740810	544
client-core-current	58740a30	FUN_58740a30	64
client-core-current	58740a70	FUN_58740a70	81
client-core-current	58740ad0	FUN_58740ad0	340
client-core-current	58740c30	FUN_58740c30	405
client-core-current	58740dd0	FUN_58740dd0	46
client-core-current	58740e00	FUN_58740e00	474
client-core-current	58740fe0	FUN_58740fe0	829
client-core-current	58741320	FUN_58741320	197
client-core-current	587413f0	FUN_587413f0	46
client-core-current	58741420	FUN_58741420	232
client-core-current	58741510	FUN_58741510	576
client-core-current	58741760	FUN_58741760	23
client-core-current	58741780	FUN_58741780	18
client-core-current	587417a0	FUN_587417a0	21
client-core-current	587417c0	FUN_587417c0	784
client-core-current	58741ad0	FUN_58741ad0	48
client-core-current	58741b00	FUN_58741b00	29
client-core-current	58741b20	FUN_58741b20	25
client-core-current	58741b40	FUN_58741b40	25
client-core-current	58741b60	FUN_58741b60	25
client-core-current	58741b80	FUN_58741b80	25
client-core-current	58741ba0	FUN_58741ba0	492
client-core-current	58741d90	FUN_58741d90	53
client-core-current	58741dd0	FUN_58741dd0	469
client-core-current	58741fb0	FUN_58741fb0	46
client-core-current	58741fe0	FUN_58741fe0	448
client-core-current	587421a0	FUN_587421a0	2264
client-core-current	58742a80	FUN_58742a80	1090
client-core-current	58742ed0	FUN_58742ed0	49
client-core-current	58742f10	FUN_58742f10	235
client-core-current	58743000	FUN_58743000	217
client-core-current	587430e0	FUN_587430e0	419
client-core-current	58743290	FUN_58743290	983
client-core-current	58743670	FUN_58743670	785
client-core-current	587439a0	FUN_587439a0	320
client-core-current	58743ae0	FUN_58743ae0	1293
client-core-current	58743ff0	FUN_58743ff0	64
client-core-current	58744030	FUN_58744030	83
client-core-current	58744090	FUN_58744090	248
client-core-current	58744190	FUN_58744190	405
client-core-current	58744330	FUN_58744330	46
client-core-current	58744360	FUN_58744360	108
client-core-current	587443d0	FUN_587443d0	473
client-core-current	587445b0	FUN_587445b0	64
client-core-current	587445f0	FUN_587445f0	204
client-core-current	587446c0	FUN_587446c0	405
client-core-current	58744860	FUN_58744860	46
client-core-current	58744890	FUN_58744890	41
client-core-current	587448c0	FUN_587448c0	509
client-core-current	58744ac0	FUN_58744ac0	944
client-core-current	58744e70	FUN_58744e70	469
client-core-current	58745050	FUN_58745050	46
client-core-current	58745080	FUN_58745080	461
client-core-current	58745250	FUN_58745250	617
client-core-current	587454c0	FUN_587454c0	224
client-core-current	587455a0	FUN_587455a0	324
client-core-current	587456f0	FUN_587456f0	125
client-core-current	58745770	FUN_58745770	87
client-core-current	587457d0	FUN_587457d0	96
client-core-current	58745830	FUN_58745830	233
client-core-current	58745920	FUN_58745920	1068
client-core-current	58745d50	FUN_58745d50	786
client-core-current	58746070	FUN_58746070	49
client-core-current	587460b0	FUN_587460b0	364
client-core-current	58746220	FUN_58746220	739
client-core-current	58746510	FUN_58746510	912
client-core-current	587468a0	FUN_587468a0	634
client-core-current	58746b20	FUN_58746b20	507
client-core-current	58746d20	FUN_58746d20	49
client-core-current	58746d60	FUN_58746d60	300
client-core-current	58746e90	FUN_58746e90	1907
client-core-current	58747620	FUN_58747620	75
client-core-current	58747670	FUN_58747670	1032
client-core-current	58747a90	FUN_58747a90	75
client-core-current	58747ae0	FUN_58747ae0	101
client-core-current	58747b50	FUN_58747b50	248
client-core-current	58747c50	FUN_58747c50	405
client-core-current	58747df0	FUN_58747df0	46
client-core-current	58747e20	FUN_58747e20	486
client-core-current	58748010	FUN_58748010	161
client-core-current	587480c0	FUN_587480c0	53
client-core-current	58748100	FUN_58748100	469
client-core-current	587482e0	FUN_587482e0	46
client-core-current	58748310	FUN_58748310	418
client-core-current	587484c0	FUN_587484c0	248
client-core-current	587485c0	FUN_587485c0	29
client-core-current	587485e0	FUN_587485e0	46
client-core-current	58748610	FUN_58748610	486
client-core-current	58748800	FUN_58748800	96
client-core-current	58748860	FUN_58748860	29
client-core-current	58748880	FUN_58748880	49
client-core-current	587488c0	FUN_587488c0	614
client-core-current	58748b30	FUN_58748b30	20
client-core-current	58748b50	FUN_58748b50	112
client-core-current	58748bd0	FUN_58748bd0	116
client-core-current	58748c50	FUN_58748c50	240
client-core-current	58748d40	FUN_58748d40	82
client-core-current	58748da0	FUN_58748da0	49
client-core-current	58748de0	FUN_58748de0	58
client-core-current	58748e20	FUN_58748e20	48
client-core-current	58748e50	FUN_58748e50	406
client-core-current	58748ff0	FUN_58748ff0	143
client-core-current	58749080	FUN_58749080	32
client-core-current	587490a0	FUN_587490a0	20
client-core-current	587490c0	FUN_587490c0	46
client-core-current	587490f0	FUN_587490f0	20
client-core-current	58749110	FUN_58749110	40
client-core-current	58749140	FUN_58749140	1298
client-core-current	58749660	FUN_58749660	462
client-core-current	58749840	FUN_58749840	49
client-core-current	58749880	FUN_58749880	301
client-core-current	587499b0	FUN_587499b0	37
client-core-current	587499e0	FUN_587499e0	677
client-core-current	58749c90	FUN_58749c90	1803
client-core-current	5874a5c0	FUN_5874a5c0	751
client-core-current	5874e5f0	FUN_5874e5f0	1743
client-core-current	5874ecc0	FUN_5874ecc0	49
client-core-current	5874ed00	FUN_5874ed00	261
client-core-current	5874ee10	FUN_5874ee10	25
client-core-current	5874ee30	FUN_5874ee30	259
client-core-current	5874ef40	FUN_5874ef40	256
client-core-current	5874f040	FUN_5874f040	73
client-core-current	5874f090	FUN_5874f090	49
client-core-current	5874f0d0	FUN_5874f0d0	83
client-core-current	5874f130	FUN_5874f130	3905
client-core-current	58750080	FUN_58750080	5409
client-core-current	587515b0	FUN_587515b0	2044
client-core-current	58751dd0	FUN_58751dd0	247
client-core-current	58751ed0	FUN_58751ed0	158
client-core-current	58751f70	FUN_58751f70	137
client-core-current	58752000	FUN_58752000	363
client-core-current	587521a0	FUN_587521a0	198
client-core-current	58752290	FUN_58752290	145
client-core-current	58752350	FUN_58752350	74
client-core-current	587523a0	FUN_587523a0	876
client-core-current	58752710	FUN_58752710	269
client-core-current	58752820	FUN_58752820	57
client-core-current	58752860	FUN_58752860	226
client-core-current	58752950	FUN_58752950	189
client-core-current	58752a10	FUN_58752a10	134
client-core-current	58752aa0	FUN_58752aa0	5395
client-core-current	58754030	FUN_58754030	55
client-core-current	58754070	FUN_58754070	613
client-core-current	587542e0	FUN_587542e0	129
client-core-current	58754370	FUN_58754370	195
client-core-current	58754440	FUN_58754440	195
client-core-current	58754510	FUN_58754510	52
client-core-current	58754550	FUN_58754550	195
client-core-current	58754620	FUN_58754620	195
client-core-current	587546f0	FUN_587546f0	209
client-core-current	587547d0	FUN_587547d0	180
client-core-current	58754890	FUN_58754890	636
client-core-current	58754b10	FUN_58754b10	425
client-core-current	58754cc0	FUN_58754cc0	447
client-core-current	58754e80	FUN_58754e80	856
client-core-current	587551e0	FUN_587551e0	994
client-core-current	587555d0	FUN_587555d0	195
client-core-current	587556a0	FUN_587556a0	1267
client-core-current	58755ba0	FUN_58755ba0	614
client-core-current	58755e10	FUN_58755e10	99
client-core-current	58755e80	FUN_58755e80	81
client-core-current	58755ee0	FUN_58755ee0	29
client-core-current	58755f00	FUN_58755f00	49
client-core-current	58755f40	FUN_58755f40	866
client-core-current	587562b0	FUN_587562b0	424
client-core-current	58756460	FUN_58756460	457
client-core-current	58756630	FUN_58756630	49
client-core-current	58756670	FUN_58756670	177
client-core-current	58756730	FUN_58756730	511
client-core-current	58756930	FUN_58756930	20
client-core-current	58756950	FUN_58756950	486
client-core-current	58756b40	FUN_58756b40	19
client-core-current	58756b60	FUN_58756b60	19
client-core-current	58756b80	FUN_58756b80	296
client-core-current	58756cb0	FUN_58756cb0	705
client-core-current	58756f80	FUN_58756f80	851
client-core-current	587572e0	FUN_587572e0	366
client-core-current	58757450	FUN_58757450	83
client-core-current	587574b0	FUN_587574b0	64
client-core-current	587574f0	FUN_587574f0	62
client-core-current	58757540	FUN_58757540	20252
client-core-current	5875c4b0	FUN_5875c4b0	20
client-core-current	5875c4d0	FUN_5875c4d0	71
client-core-current	5875c520	FUN_5875c520	5156
client-core-current	5875d950	FUN_5875d950	46
client-core-current	5875d980	FUN_5875d980	46
client-core-current	5875d9b0	FUN_5875d9b0	49
client-core-current	5875d9f0	FUN_5875d9f0	431
client-core-current	5875dba0	FUN_5875dba0	304
client-core-current	5875dcd0	FUN_5875dcd0	73
client-core-current	5875dd20	FUN_5875dd20	78
client-core-current	5875dd70	FUN_5875dd70	82
client-core-current	5875ddd0	FUN_5875ddd0	82
client-core-current	5875de30	FUN_5875de30	289
client-core-current	5875df70	FUN_5875df70	157
client-core-current	5875e010	FUN_5875e010	268
client-core-current	5875e120	FUN_5875e120	129
client-core-current	5875e1b0	FUN_5875e1b0	94
client-core-current	5875e210	FUN_5875e210	660
client-core-current	5875e4b0	FUN_5875e4b0	20
client-core-current	5875e4d0	FUN_5875e4d0	19
client-core-current	5875e4f0	FUN_5875e4f0	4192
client-core-current	5875f550	FUN_5875f550	301
client-core-current	5875f680	FUN_5875f680	43
client-core-current	5875f6b0	FUN_5875f6b0	1377
client-core-current	5875fc20	FUN_5875fc20	1505
client-core-current	58760210	FUN_58760210	356
client-core-current	58760380	FUN_58760380	1158
client-core-current	58760810	FUN_58760810	451
client-core-current	587609e0	FUN_587609e0	86
client-core-current	58760a40	FUN_58760a40	305
client-core-current	58760b80	FUN_58760b80	217
client-core-current	58760c60	FUN_58760c60	36
client-core-current	58760c90	FUN_58760c90	631
client-core-current	58760f10	FUN_58760f10	228
client-core-current	58761000	FUN_58761000	201
client-core-current	587610d0	FUN_587610d0	20
client-core-current	587610f0	FUN_587610f0	20
client-core-current	58761110	FUN_58761110	70
client-core-current	58761160	FUN_58761160	26
client-core-current	58761180	FUN_58761180	442
client-core-current	58761340	FUN_58761340	20
client-core-current	58761360	FUN_58761360	20
client-core-current	58761380	FUN_58761380	159
client-core-current	58761420	FUN_58761420	799
client-core-current	58761740	FUN_58761740	20
client-core-current	58761760	FUN_58761760	50
client-core-current	587617a0	FUN_587617a0	598
client-core-current	58761a00	FUN_58761a00	408
client-core-current	58761ba0	FUN_58761ba0	732
client-core-current	58761e80	FUN_58761e80	188
client-core-current	58761f40	FUN_58761f40	250
client-core-current	58762040	FUN_58762040	20
client-core-current	58762060	FUN_58762060	20
client-core-current	58762080	FUN_58762080	110
client-core-current	587620f0	FUN_587620f0	297
client-core-current	58762220	FUN_58762220	317
client-core-current	58762370	FUN_58762370	20
client-core-current	58762390	FUN_58762390	502
client-core-current	58762590	FUN_58762590	314
client-core-current	587626d0	FUN_587626d0	77
client-core-current	58762720	FUN_58762720	132
client-core-current	587627b0	FUN_587627b0	49
client-core-current	587627f0	FUN_587627f0	561
client-core-current	58762a30	FUN_58762a30	243
client-core-current	58762b30	FUN_58762b30	170
client-core-current	58762be0	FUN_58762be0	221
client-core-current	58762cc0	FUN_58762cc0	775
client-core-current	58762fd0	FUN_58762fd0	385
client-core-current	58763160	FUN_58763160	675
client-core-current	58763410	FUN_58763410	349
client-core-current	58763570	FUN_58763570	3020
client-core-current	58764140	FUN_58764140	415
client-core-current	587642e0	FUN_587642e0	44
client-core-current	58764310	FUN_58764310	1789
client-core-current	58764a10	FUN_58764a10	391
client-core-current	58764ba0	FUN_58764ba0	398
client-core-current	58764d30	FUN_58764d30	542
client-core-current	58764f50	FUN_58764f50	124
client-core-current	58764fd0	FUN_58764fd0	647
client-core-current	58765260	FUN_58765260	2519
client-core-current	58765c40	FUN_58765c40	8617
client-core-current	58767df0	FUN_58767df0	1447
client-core-current	587683a0	FUN_587683a0	59
client-core-current	587683e0	FUN_587683e0	3117
client-core-current	58769010	FUN_58769010	223
client-core-current	587690f0	FUN_587690f0	19
client-core-current	58769110	FUN_58769110	99
client-core-current	58769180	FUN_58769180	1040
client-core-current	58769590	FUN_58769590	125
client-core-current	58769610	FUN_58769610	19
client-core-current	58769630	FUN_58769630	494
client-core-current	58769820	FUN_58769820	87
client-core-current	58769880	FUN_58769880	146
client-core-current	58769920	FUN_58769920	182
client-core-current	587699e0	FUN_587699e0	32
client-core-current	58769a00	FUN_58769a00	86
client-core-current	58769a60	FUN_58769a60	458
client-core-current	58769c30	FUN_58769c30	879
client-core-current	58769fa0	FUN_58769fa0	1332
client-core-current	5876a4e0	FUN_5876a4e0	5659
client-core-current	5876bbb0	FUN_5876bbb0	213
client-core-current	5876bc90	FUN_5876bc90	118
client-core-current	5876bd10	FUN_5876bd10	928
client-core-current	5876c0b0	FUN_5876c0b0	25
client-core-current	5876c0d0	FUN_5876c0d0	27
client-core-current	5876c0f0	FUN_5876c0f0	938
client-core-current	5876c4a0	FUN_5876c4a0	66
client-core-current	5876c4f0	FUN_5876c4f0	226
client-core-current	5876c5e0	FUN_5876c5e0	25
client-core-current	5876c600	FUN_5876c600	563
client-core-current	5876c840	FUN_5876c840	34
client-core-current	5876c870	FUN_5876c870	38
client-core-current	5876c8a0	FUN_5876c8a0	67
client-core-current	5876c8f0	FUN_5876c8f0	643
client-core-current	5876cb80	FUN_5876cb80	1423
client-core-current	5876d110	FUN_5876d110	183
client-core-current	5876d1d0	FUN_5876d1d0	70
client-core-current	5876d220	FUN_5876d220	887
client-core-current	5876d5a0	FUN_5876d5a0	245
client-core-current	5876d6a0	FUN_5876d6a0	649
client-core-current	5876d930	FUN_5876d930	68
client-core-current	5876d980	FUN_5876d980	212
client-core-current	5876da60	FUN_5876da60	125
client-core-current	5876dae0	FUN_5876dae0	113
client-core-current	5876db60	FUN_5876db60	43
client-core-current	5876db90	FUN_5876db90	455
client-core-current	5876dd80	FUN_5876dd80	83
client-core-current	5876dde0	FUN_5876dde0	22
client-core-current	5876de00	FUN_5876de00	1733
client-core-current	5876e4d0	FUN_5876e4d0	25
client-core-current	5876e4f0	FUN_5876e4f0	25
client-core-current	5876e510	FUN_5876e510	189
client-core-current	5876e5d0	FUN_5876e5d0	41
client-core-current	5876e600	FUN_5876e600	173
client-core-current	5876e6b0	FUN_5876e6b0	25
client-core-current	5876e6d0	FUN_5876e6d0	401
client-core-current	5876e870	FUN_5876e870	155
client-core-current	5876e910	FUN_5876e910	342
client-core-current	5876ea70	FUN_5876ea70	25
client-core-current	5876ea90	FUN_5876ea90	58
client-core-current	5876ead0	FUN_5876ead0	50
client-core-current	5876eb10	FUN_5876eb10	33
client-core-current	5876eb40	FUN_5876eb40	1955
client-core-current	5876f2f0	FUN_5876f2f0	112
client-core-current	5876f360	FUN_5876f360	112
client-core-current	5876f3d0	FUN_5876f3d0	423
client-core-current	5876f590	FUN_5876f590	3553
client-core-current	58770390	FUN_58770390	204
client-core-current	58770460	FUN_58770460	109
client-core-current	587704d0	FUN_587704d0	40
client-core-current	58770500	FUN_58770500	34
client-core-current	58770530	FUN_58770530	642
client-core-current	587707c0	FUN_587707c0	159
client-core-current	58770860	FUN_58770860	114
client-core-current	587708e0	FUN_587708e0	29
client-core-current	58770900	FUN_58770900	46
client-core-current	58770930	FUN_58770930	718
client-core-current	58770c00	FUN_58770c00	51
client-core-current	58770c40	FUN_58770c40	72
client-core-current	58770c90	FUN_58770c90	29
client-core-current	58770cb0	FUN_58770cb0	46
client-core-current	58770ce0	FUN_58770ce0	350
client-core-current	58770e40	FUN_58770e40	295
client-core-current	58770f70	FUN_58770f70	100
client-core-current	58770fe0	FUN_58770fe0	49
client-core-current	58771020	FUN_58771020	66
client-core-current	58771070	FUN_58771070	1381
client-core-current	587715e0	FUN_587715e0	851
client-core-current	58771940	FUN_58771940	223
client-core-current	58771a20	FUN_58771a20	86
client-core-current	58771a80	FUN_58771a80	49
client-core-current	58771ac0	FUN_58771ac0	301
client-core-current	58771c00	FUN_58771c00	98
client-core-current	58771c70	FUN_58771c70	249
client-core-current	58771d80	FUN_58771d80	266
client-core-current	58771ea0	FUN_58771ea0	137
client-core-current	58771f30	FUN_58771f30	7527
client-core-current	58773ca0	FUN_58773ca0	3666
client-core-current	58774b00	FUN_58774b00	49
client-core-current	58774b40	FUN_58774b40	120
client-core-current	58774bc0	FUN_58774bc0	3021
client-core-current	58775790	FUN_58775790	20
client-core-current	587757b0	FUN_587757b0	106
client-core-current	58775820	FUN_58775820	799
client-core-current	58775b50	FUN_58775b50	5396
client-core-current	58777070	FUN_58777070	3636
client-core-current	58777eb0	FUN_58777eb0	8065
client-core-current	58779e40	FUN_58779e40	3402
client-core-current	5877ab90	FUN_5877ab90	49
client-core-current	5877abd0	FUN_5877abd0	741
client-core-current	5877aec0	FUN_5877aec0	608
client-core-current	5877b140	FUN_5877b140	280
client-core-current	5877b260	FUN_5877b260	206
client-core-current	5877b330	FUN_5877b330	1568
client-core-current	5877b960	FUN_5877b960	938
client-core-current	5877bd30	FUN_5877bd30	1260
client-core-current	5877c220	FUN_5877c220	913
client-core-current	5877c5c0	FUN_5877c5c0	211
client-core-current	5877c6a0	FUN_5877c6a0	932
client-core-current	5877ca50	FUN_5877ca50	3506
client-core-current	5877d810	FUN_5877d810	751
client-core-current	5877db00	FUN_5877db00	1092
client-core-current	5877df50	FUN_5877df50	69
client-core-current	5877dfa0	FUN_5877dfa0	1057
client-core-current	5877e3d0	FUN_5877e3d0	2789
client-core-current	5877eed0	FUN_5877eed0	1432
client-core-current	5877f470	FUN_5877f470	44
client-core-current	5877f4a0	FUN_5877f4a0	1714
client-core-current	5877fb60	FUN_5877fb60	232
client-core-current	5877fc50	FUN_5877fc50	46
client-core-current	5877fc80	FUN_5877fc80	21
client-core-current	5877fca0	FUN_5877fca0	1464
client-core-current	58780260	FUN_58780260	294
client-core-current	58780390	FUN_58780390	21
client-core-current	587803b0	FUN_587803b0	184
client-core-current	58780470	FUN_58780470	29
client-core-current	58780490	FUN_58780490	49
client-core-current	587804d0	FUN_587804d0	103
client-core-current	58780540	FUN_58780540	23
client-core-current	58780560	FUN_58780560	49
client-core-current	587805a0	FUN_587805a0	158
client-core-current	58780640	FUN_58780640	130
client-core-current	587806d0	FUN_587806d0	70
client-core-current	58780720	FUN_58780720	50
client-core-current	58780760	FUN_58780760	93
client-core-current	587807d0	FUN_587807d0	43
client-core-current	58780800	FUN_58780800	56
client-core-current	58780840	FUN_58780840	62
client-core-current	58780880	FUN_58780880	45
client-core-current	587808b0	FUN_587808b0	168
client-core-current	58780960	FUN_58780960	71
client-core-current	587809b0	FUN_587809b0	48
client-core-current	587809e0	FUN_587809e0	118
client-core-current	58780a60	FUN_58780a60	20
client-core-current	58780a80	FUN_58780a80	116
client-core-current	58780b00	FUN_58780b00	46
client-core-current	58780b30	FUN_58780b30	46
client-core-current	58780b60	FUN_58780b60	55
client-core-current	58780ba0	FUN_58780ba0	295
client-core-current	58780cd0	FUN_58780cd0	34
client-core-current	58780d00	FUN_58780d00	251
client-core-current	58780e00	FUN_58780e00	23
client-core-current	58780e20	FUN_58780e20	340
client-core-current	58780f80	FUN_58780f80	60
client-core-current	58780fc0	FUN_58780fc0	220
client-core-current	587810a0	FUN_587810a0	372
client-core-current	58781220	FUN_58781220	82
client-core-current	58781280	FUN_58781280	117
client-core-current	58781300	FUN_58781300	74
client-core-current	58781350	FUN_58781350	102
client-core-current	587813c0	FUN_587813c0	68
client-core-current	58781410	FUN_58781410	174
client-core-current	587814c0	FUN_587814c0	148
client-core-current	58781560	FUN_58781560	233
client-core-current	58781650	FUN_58781650	121
client-core-current	587816d0	FUN_587816d0	498
client-core-current	587818d0	FUN_587818d0	127
client-core-current	58781950	FUN_58781950	268
client-core-current	58781a60	FUN_58781a60	116
client-core-current	58781ae0	FUN_58781ae0	47
client-core-current	58781b10	FUN_58781b10	74
client-core-current	58781b60	FUN_58781b60	34
client-core-current	58781b90	FUN_58781b90	97
client-core-current	58781c00	FUN_58781c00	25
client-core-current	58781c20	FUN_58781c20	33
client-core-current	58781c50	FUN_58781c50	10
client-core-current	58781c60	FUN_58781c60	59
client-core-current	58781ca0	FUN_58781ca0	32
client-core-current	58781cc0	FUN_58781cc0	113
client-core-current	58781d40	FUN_58781d40	29
client-core-current	58781d60	FUN_58781d60	49
client-core-current	58781da0	FUN_58781da0	318
client-core-current	58781ee0	FUN_58781ee0	1275
client-core-current	587823e0	FUN_587823e0	277
client-core-current	58782500	FUN_58782500	49
client-core-current	58782540	FUN_58782540	888
client-core-current	587828c0	FUN_587828c0	149
client-core-current	58782960	FUN_58782960	37
client-core-current	58782bc0	FUN_58782bc0	311
client-core-current	58784200	FUN_58784200	562
client-core-current	58784440	FUN_58784440	83
client-core-current	587844a0	FUN_587844a0	400
client-core-current	58784630	FUN_58784630	61
client-core-current	58784670	FUN_58784670	43
client-core-current	587846a0	FUN_587846a0	20
client-core-current	587846c0	FUN_587846c0	46
client-core-current	587846f0	FUN_587846f0	241
client-core-current	587847f0	FUN_587847f0	73
client-core-current	58784840	FUN_58784840	197
client-core-current	58784910	FUN_58784910	46
client-core-current	58784940	FUN_58784940	149
client-core-current	587849e0	FUN_587849e0	202
client-core-current	58784ab0	FUN_58784ab0	37
client-core-current	58784ae0	FUN_58784ae0	22
client-core-current	58784b00	FUN_58784b00	203
client-core-current	58784be0	FUN_58784be0	206
client-core-current	58784cb0	FUN_58784cb0	52
client-core-current	58784cf0	FUN_58784cf0	389
client-core-current	58784e80	FUN_58784e80	558
client-core-current	587850b0	FUN_587850b0	94
client-core-current	58785110	FUN_58785110	266
client-core-current	58785220	FUN_58785220	20
client-core-current	58785240	FUN_58785240	44
client-core-current	58785270	FUN_58785270	86
client-core-current	587852d0	FUN_587852d0	287
client-core-current	587853f0	FUN_587853f0	287
client-core-current	58785510	FUN_58785510	283
client-core-current	58785630	FUN_58785630	114
client-core-current	587856b0	FUN_587856b0	160
client-core-current	58785750	FUN_58785750	96
client-core-current	587857b0	FUN_587857b0	34
client-core-current	587857e0	FUN_587857e0	68
client-core-current	58785830	FUN_58785830	63
client-core-current	58785870	FUN_58785870	45
client-core-current	587858a0	FUN_587858a0	117
client-core-current	58785920	FUN_58785920	165
client-core-current	587859d0	FUN_587859d0	167
client-core-current	58785a80	FUN_58785a80	151
client-core-current	58785b20	FUN_58785b20	33
client-core-current	58785b50	FUN_58785b50	20
client-core-current	58785b70	FUN_58785b70	46
client-core-current	58785ba0	FUN_58785ba0	228
client-core-current	58785cc0	FUN_58785cc0	110
client-core-current	58785d30	FUN_58785d30	88
client-core-current	58785d90	FUN_58785d90	138
client-core-current	58785e30	FUN_58785e30	648
client-core-current	58786120	FUN_58786120	92
client-core-current	58786180	FUN_58786180	25
client-core-current	587861a0	FUN_587861a0	196
client-core-current	58786270	FUN_58786270	34
client-core-current	587862a0	FUN_587862a0	180
client-core-current	58786360	FUN_58786360	40
client-core-current	58786390	FUN_58786390	843
client-core-current	587866e0	FUN_587866e0	323
client-core-current	58786830	FUN_58786830	49
client-core-current	58786870	FUN_58786870	98
client-core-current	587868e0	FUN_587868e0	224
client-core-current	587869c0	FUN_587869c0	361
client-core-current	58786b30	FUN_58786b30	33
client-core-current	58786b60	FUN_58786b60	133
client-core-current	58786bf0	FUN_58786bf0	51
client-core-current	58786c30	FUN_58786c30	268
client-core-current	58786d40	FUN_58786d40	200
client-core-current	58786e10	FUN_58786e10	161
client-core-current	58786ec0	FUN_58786ec0	29
client-core-current	58786ee0	FUN_58786ee0	49
client-core-current	58786f20	FUN_58786f20	25
client-core-current	58786f40	FUN_58786f40	56
client-core-current	58786f80	FUN_58786f80	42
client-core-current	58786fb0	FUN_58786fb0	41
client-core-current	58786fe0	FUN_58786fe0	41
client-core-current	58787010	FUN_58787010	1303
client-core-current	58787530	FUN_58787530	542
client-core-current	58787750	FUN_58787750	49
client-core-current	58787790	FUN_58787790	131
client-core-current	58787820	FUN_58787820	36
client-core-current	58787850	FUN_58787850	482
client-core-current	58787a40	FUN_58787a40	364
client-core-current	58787bb0	FUN_58787bb0	95
client-core-current	58787c10	FUN_58787c10	36
client-core-current	58787c40	FUN_58787c40	222
client-core-current	58787d20	FUN_58787d20	38
client-core-current	58787d50	FUN_58787d50	205
client-core-current	58787e20	FUN_58787e20	39
client-core-current	58787e50	FUN_58787e50	43
client-core-current	58787e80	FUN_58787e80	15
client-core-current	58787e90	FUN_58787e90	91
client-core-current	58787ef0	FUN_58787ef0	20
client-core-current	58787f10	FUN_58787f10	46
client-core-current	58787f40	FUN_58787f40	329
client-core-current	587880a0	FUN_587880a0	2222
client-core-current	58788950	FUN_58788950	1304
client-core-current	58788e70	FUN_58788e70	49
client-core-current	58788eb0	FUN_58788eb0	3560
client-core-current	58789d20	FUN_58789d20	83
client-core-current	58789d80	FUN_58789d80	2203
client-core-current	5878a620	FUN_5878a620	779
client-core-current	5878a930	FUN_5878a930	49
client-core-current	5878a970	FUN_5878a970	132
client-core-current	5878aa00	FUN_5878aa00	17
client-core-current	5878aa20	FUN_5878aa20	76
client-core-current	5878aa70	FUN_5878aa70	142
client-core-current	5878ab10	FUN_5878ab10	289
client-core-current	5878ac50	FUN_5878ac50	89
client-core-current	5878acb0	FUN_5878acb0	306
client-core-current	5878adf0	FUN_5878adf0	33
client-core-current	5878ae20	FUN_5878ae20	25
client-core-current	5878ae40	FUN_5878ae40	190
client-core-current	5878af00	FUN_5878af00	467
client-core-current	5878b0e0	FUN_5878b0e0	400
client-core-current	5878b270	FUN_5878b270	355
client-core-current	5878b3e0	FUN_5878b3e0	585
client-core-current	5878b630	FUN_5878b630	248
client-core-current	5878b730	FUN_5878b730	33
client-core-current	5878b760	FUN_5878b760	75
client-core-current	5878b7b0	FUN_5878b7b0	19
client-core-current	5878b7d0	FUN_5878b7d0	66
client-core-current	5878b820	FUN_5878b820	46
client-core-current	5878b850	FUN_5878b850	108
client-core-current	5878b8c0	FUN_5878b8c0	57
client-core-current	5878b900	FUN_5878b900	23
client-core-current	5878b920	FUN_5878b920	21
client-core-current	5878b940	FUN_5878b940	47
client-core-current	5878b970	FUN_5878b970	336
client-core-current	5878bac0	FUN_5878bac0	42
client-core-current	5878baf0	FUN_5878baf0	18
client-core-current	5878bb10	FUN_5878bb10	24
client-core-current	5878bb30	FUN_5878bb30	74
client-core-current	5878bbd0	FUN_5878bbd0	27
client-core-current	5878bbf0	FUN_5878bbf0	64
client-core-current	5878bc30	FUN_5878bc30	62
client-core-current	5878bc70	FUN_5878bc70	130
client-core-current	5878bd00	FUN_5878bd00	62
client-core-current	5878bd40	FUN_5878bd40	33
client-core-current	5878bd70	FUN_5878bd70	80
client-core-current	5878bdc0	FUN_5878bdc0	23
client-core-current	5878bde0	FUN_5878bde0	35
client-core-current	5878be10	FUN_5878be10	32
client-core-current	5878be30	FUN_5878be30	80
client-core-current	5878be80	FUN_5878be80	20
client-core-current	5878bea0	FUN_5878bea0	32
client-core-current	5878bec0	FUN_5878bec0	46
client-core-current	5878bef0	FUN_5878bef0	177
client-core-current	5878bfb0	FUN_5878bfb0	23
client-core-current	5878bfd0	FUN_5878bfd0	79
client-core-current	5878c020	FUN_5878c020	62
client-core-current	5878c060	FUN_5878c060	72
client-core-current	5878c0b0	FUN_5878c0b0	19
client-core-current	5878c0d0	FUN_5878c0d0	25
client-core-current	5878c0f0	FUN_5878c0f0	38
client-core-current	5878c120	FUN_5878c120	677
client-core-current	5878c3d0	FUN_5878c3d0	22
client-core-current	5878c3f0	FUN_5878c3f0	22
client-core-current	5878c410	FUN_5878c410	22
client-core-current	5878c430	FUN_5878c430	22
client-core-current	5878c450	FUN_5878c450	22
client-core-current	5878c470	FUN_5878c470	27
client-core-current	5878c490	FUN_5878c490	201
client-core-current	5878c560	FUN_5878c560	65
client-core-current	5878c5b0	FUN_5878c5b0	54
client-core-current	5878c5f0	FUN_5878c5f0	68
client-core-current	5878c640	FUN_5878c640	13
client-core-current	5878c650	FUN_5878c650	34
client-core-current	5878c680	FUN_5878c680	24
client-core-current	5878c6a0	FUN_5878c6a0	32
client-core-current	5878c6c0	FUN_5878c6c0	46
client-core-current	5878c6f0	FUN_5878c6f0	21
client-core-current	5878c710	FUN_5878c710	19
client-core-current	5878c730	FUN_5878c730	10
client-core-current	5878c740	FUN_5878c740	59
client-core-current	5878c780	FUN_5878c780	20
client-core-current	5878c7a0	FUN_5878c7a0	185
client-core-current	5878c860	FUN_5878c860	193
client-core-current	5878c930	FUN_5878c930	34
client-core-current	5878c960	FUN_5878c960	34
client-core-current	5878c990	FUN_5878c990	348
client-core-current	5878caf0	FUN_5878caf0	104
client-core-current	5878cb60	FUN_5878cb60	49
client-core-current	5878cba0	FUN_5878cba0	753
client-core-current	5878cea0	FUN_5878cea0	116
client-core-current	5878cf20	FUN_5878cf20	56
client-core-current	5878cf60	FUN_5878cf60	336
client-core-current	5878d0b0	FUN_5878d0b0	133
client-core-current	5878d140	FUN_5878d140	46
client-core-current	5878d170	FUN_5878d170	219
client-core-current	5878d250	FUN_5878d250	1865
client-core-current	5878d9a0	FUN_5878d9a0	959
client-core-current	5878dd60	FUN_5878dd60	49
client-core-current	5878dda0	FUN_5878dda0	267
client-core-current	5878deb0	FUN_5878deb0	1424
client-core-current	5878e440	FUN_5878e440	336
client-core-current	5878e5a0	FUN_5878e5a0	22
client-core-current	5878e5c0	FUN_5878e5c0	22
client-core-current	5878e5e0	FUN_5878e5e0	22
client-core-current	5878e600	FUN_5878e600	64
client-core-current	5878e640	FUN_5878e640	23
client-core-current	5878e660	FUN_5878e660	23
client-core-current	5878e680	FUN_5878e680	412
client-core-current	5878e820	FUN_5878e820	195
client-core-current	5878e8f0	FUN_5878e8f0	74
client-core-current	5878e940	FUN_5878e940	338
client-core-current	5878eaa0	FUN_5878eaa0	1181
client-core-current	5878ef40	FUN_5878ef40	351
client-core-current	5878f0a0	FUN_5878f0a0	1748
client-core-current	5878f840	FUN_5878f840	49
client-core-current	5878f880	FUN_5878f880	428
client-core-current	5878fa30	FUN_5878fa30	48
client-core-current	5878fa60	FUN_5878fa60	243
client-core-current	5878fb60	FUN_5878fb60	175
client-core-current	5878fc10	FUN_5878fc10	49
client-core-current	5878fc50	FUN_5878fc50	71
client-core-current	5878fca0	FUN_5878fca0	114
client-core-current	5878fd20	FUN_5878fd20	145
client-core-current	5878fdc0	FUN_5878fdc0	92
client-core-current	5878fe20	FUN_5878fe20	52
client-core-current	5878fe60	FUN_5878fe60	125
client-core-current	5878fee0	FUN_5878fee0	219
client-core-current	5878ffc0	FUN_5878ffc0	221
client-core-current	587900a0	FUN_587900a0	190
client-core-current	58790160	FUN_58790160	841
client-core-current	587904b0	FUN_587904b0	127
client-core-current	58790530	FUN_58790530	64
client-core-current	58790570	FUN_58790570	163
client-core-current	58790620	FUN_58790620	82
client-core-current	58790680	FUN_58790680	101
client-core-current	587906f0	FUN_587906f0	25
client-core-current	58790710	FUN_58790710	70
client-core-current	58790760	FUN_58790760	88
client-core-current	587907c0	FUN_587907c0	25
client-core-current	587907e0	FUN_587907e0	71
client-core-current	58790830	FUN_58790830	305
client-core-current	58790970	FUN_58790970	104
client-core-current	587909e0	FUN_587909e0	49
client-core-current	58790a20	FUN_58790a20	107
client-core-current	58790a90	FUN_58790a90	121
client-core-current	58790b10	FUN_58790b10	43
client-core-current	58790b40	FUN_58790b40	25
client-core-current	58790b60	FUN_58790b60	25
client-core-current	58790b80	FUN_58790b80	43
client-core-current	58790bb0	FUN_58790bb0	30
client-core-current	58790bd0	FUN_58790bd0	1331
client-core-current	58791110	FUN_58791110	517
client-core-current	58791320	FUN_58791320	49
client-core-current	58791360	FUN_58791360	573
client-core-current	587915a0	FUN_587915a0	268
client-core-current	587916b0	FUN_587916b0	323
client-core-current	58791800	FUN_58791800	535
client-core-current	58791a20	FUN_58791a20	189
client-core-current	58791ae0	FUN_58791ae0	42
client-core-current	58791b10	FUN_58791b10	42
client-core-current	58791b40	FUN_58791b40	35
client-core-current	58791b70	FUN_58791b70	31
client-core-current	58791b90	FUN_58791b90	68
client-core-current	58791be0	FUN_58791be0	20
client-core-current	58791c00	FUN_58791c00	49
client-core-current	58791c40	FUN_58791c40	56
client-core-current	58791c80	FUN_58791c80	46
client-core-current	58791cb0	FUN_58791cb0	56
client-core-current	58791cf0	FUN_58791cf0	75
client-core-current	58791d40	FUN_58791d40	225
client-core-current	58791e30	FUN_58791e30	52
client-core-current	58791e70	FUN_58791e70	31
client-core-current	58791e90	FUN_58791e90	88
client-core-current	58791ef0	FUN_58791ef0	675
client-core-current	587921a0	FUN_587921a0	287
client-core-current	587922c0	FUN_587922c0	46
client-core-current	587922f0	FUN_587922f0	161
client-core-current	587923a0	FUN_587923a0	29
client-core-current	587923c0	FUN_587923c0	49
client-core-current	58792400	FUN_58792400	56
client-core-current	58792440	FUN_58792440	42
client-core-current	58792470	FUN_58792470	41
client-core-current	587924a0	FUN_587924a0	41
client-core-current	587924d0	FUN_587924d0	561
client-core-current	58792710	FUN_58792710	494
client-core-current	58792900	FUN_58792900	46
client-core-current	58792930	FUN_58792930	44
client-core-current	58792960	FUN_58792960	28
client-core-current	58792980	FUN_58792980	49
client-core-current	587929c0	FUN_587929c0	141
client-core-current	58792a50	FUN_58792a50	685
client-core-current	58792d00	FUN_58792d00	239
client-core-current	58792e00	FUN_58792e00	112
client-core-current	58792e70	FUN_58792e70	172
client-core-current	58792f20	FUN_58792f20	203
client-core-current	58792ff0	FUN_58792ff0	137
client-core-current	58793080	FUN_58793080	87
client-core-current	587930e0	FUN_587930e0	157
client-core-current	58793180	FUN_58793180	544
client-core-current	587933a0	FUN_587933a0	385
client-core-current	58793530	FUN_58793530	327
client-core-current	58793680	FUN_58793680	269
client-core-current	58793790	FUN_58793790	24
client-core-current	587937b0	FUN_587937b0	370
client-core-current	58793930	FUN_58793930	287
client-core-current	58793a50	FUN_58793a50	51
client-core-current	58793a90	FUN_58793a90	77
client-core-current	58793ae0	FUN_58793ae0	77
client-core-current	58793b30	FUN_58793b30	3728
client-core-current	587949c0	FUN_587949c0	1484
client-core-current	58794f90	FUN_58794f90	49
client-core-current	58794fd0	FUN_58794fd0	331
client-core-current	58795120	FUN_58795120	345
client-core-current	58795280	FUN_58795280	71
client-core-current	587952d0	FUN_587952d0	67
client-core-current	58795320	FUN_58795320	161
client-core-current	587953d0	FUN_587953d0	59
client-core-current	58795410	FUN_58795410	29
client-core-current	58795430	FUN_58795430	46
client-core-current	587966e0	FUN_587966e0	43
client-core-current	58796710	FUN_58796710	20
client-core-current	58796730	FUN_58796730	46
client-core-current	58796760	FUN_58796760	33
client-core-current	58796790	FUN_58796790	19
client-core-current	587967b0	FUN_587967b0	59
client-core-current	587967f0	FUN_587967f0	108
client-core-current	58796860	FUN_58796860	92
client-core-current	587968c0	FUN_587968c0	113
client-core-current	58796940	FUN_58796940	105
client-core-current	587969b0	FUN_587969b0	472
client-core-current	58796b90	FUN_58796b90	128
client-core-current	58796c70	FUN_58796c70	50
client-core-current	58796cb0	FUN_58796cb0	60
client-core-current	58796cf0	FUN_58796cf0	48
client-core-current	58796d20	FUN_58796d20	39
client-core-current	58796d50	FUN_58796d50	20
client-core-current	58796d70	FUN_58796d70	20
client-core-current	58796d90	FUN_58796d90	81
client-core-current	58796df0	FUN_58796df0	32
client-core-current	58796e10	FUN_58796e10	49
client-core-current	58796e50	FUN_58796e50	84
client-core-current	58796eb0	FUN_58796eb0	162
client-core-current	58796f60	FUN_58796f60	150
client-core-current	58797000	FUN_58797000	116
client-core-current	58797080	FUN_58797080	491
client-core-current	58797270	FUN_58797270	34
client-core-current	587972a0	FUN_587972a0	158
client-core-current	58797340	FUN_58797340	59
client-core-current	58797380	FUN_58797380	26
client-core-current	587973a0	FUN_587973a0	73
client-core-current	587973f0	FUN_587973f0	394
client-core-current	58797580	FUN_58797580	95
client-core-current	587975f0	FUN_587975f0	92
client-core-current	58797650	FUN_58797650	137
client-core-current	587976e0	FUN_587976e0	105
client-core-current	58797750	FUN_58797750	482
client-core-current	58797940	FUN_58797940	177
client-core-current	58797a00	FUN_58797a00	55
client-core-current	58797a40	FUN_58797a40	55
client-core-current	58797a80	FUN_58797a80	16
client-core-current	58797a90	FUN_58797a90	130
client-core-current	58797b20	FUN_58797b20	37
client-core-current	58797b50	FUN_58797b50	37
client-core-current	58797b80	FUN_58797b80	23
client-core-current	58797ba0	FUN_58797ba0	39
client-core-current	58797bd0	FUN_58797bd0	20
client-core-current	58797bf0	FUN_58797bf0	44
client-core-current	58797c20	FUN_58797c20	81
client-core-current	58797c80	FUN_58797c80	46
client-core-current	58797cb0	FUN_58797cb0	46
client-core-current	58797ce0	FUN_58797ce0	503
client-core-current	58797ee0	FUN_58797ee0	73
client-core-current	58797f30	FUN_58797f30	100
client-core-current	58797fa0	FUN_58797fa0	163
client-core-current	58798050	FUN_58798050	155
client-core-current	587980f0	FUN_587980f0	113
client-core-current	58798170	FUN_58798170	26
client-core-current	5879818a	FUN_5879818a	6
client-core-current	58798190	FUN_58798190	6
client-core-current	58798196	FUN_58798196	6
client-core-current	587981a0	FUN_587981a0	246
client-core-current	587982a0	FUN_587982a0	178
client-core-current	58798360	FUN_58798360	459
client-core-current	58798530	FUN_58798530	83
client-core-current	58798590	FUN_58798590	193
client-core-current	58798660	FUN_58798660	235
client-core-current	58798750	FUN_58798750	220
client-core-current	58798830	FUN_58798830	120
client-core-current	587988b0	FUN_587988b0	126
client-core-current	58798930	FUN_58798930	66
client-core-current	58798980	FUN_58798980	126
client-core-current	58798a00	FUN_58798a00	66
client-core-current	58798a50	FUN_58798a50	205
client-core-current	58798b20	FUN_58798b20	98
client-core-current	58798b90	FUN_58798b90	218
client-core-current	58798c70	FUN_58798c70	224
client-core-current	58798d70	FUN_58798d70	94
client-core-current	58798de0	FUN_58798de0	19
client-core-current	58798e00	FUN_58798e00	20
client-core-current	58798e20	FUN_58798e20	36
client-core-current	58798e50	FUN_58798e50	116
client-core-current	58798ed0	FUN_58798ed0	90
client-core-current	58798f30	FUN_58798f30	23
client-core-current	58798f50	FUN_58798f50	37
client-core-current	58798f80	FUN_58798f80	111
client-core-current	58799000	FUN_58799000	66
client-core-current	58799050	FUN_58799050	231
client-core-current	58799140	FUN_58799140	57
client-core-current	58799180	FUN_58799180	41
client-core-current	587991b0	FUN_587991b0	50
client-core-current	587991f0	FUN_587991f0	227
client-core-current	587992e0	FUN_587992e0	50
client-core-current	58799320	FUN_58799320	83
client-core-current	58799380	FUN_58799380	102
client-core-current	587993f0	FUN_587993f0	246
client-core-current	587994f0	FUN_587994f0	59
client-core-current	58799530	FUN_58799530	65
client-core-current	58799580	FUN_58799580	489
client-core-current	58799770	FUN_58799770	196
client-core-current	58799850	FUN_58799850	235
client-core-current	58799960	FUN_58799960	388
client-core-current	58799b00	FUN_58799b00	383
client-core-current	58799ca0	FUN_58799ca0	319
client-core-current	58799e00	FUN_58799e00	438
client-core-current	58799fd0	FUN_58799fd0	62
client-core-current	5879a010	FUN_5879a010	387
client-core-current	5879a1c0	FUN_5879a1c0	228
client-core-current	5879a2b0	FUN_5879a2b0	34
client-core-current	5879a2e0	FUN_5879a2e0	295
client-core-current	5879a410	FUN_5879a410	62
client-core-current	5879a450	FUN_5879a450	749
client-core-current	5879a740	FUN_5879a740	90
client-core-current	5879a7a0	FUN_5879a7a0	31
client-core-current	5879a7c0	FUN_5879a7c0	8
client-core-current	5879a7d0	FUN_5879a7d0	8
client-core-current	5879a7e0	FUN_5879a7e0	112
client-core-current	5879a850	FUN_5879a850	139
client-core-current	5879a8e0	FUN_5879a8e0	82
client-core-current	5879a940	FUN_5879a940	654
client-core-current	5879abd0	FUN_5879abd0	62
client-core-current	5879ac30	FUN_5879ac30	237
client-core-current	5879ad30	FUN_5879ad30	32
client-core-current	5879ad60	FUN_5879ad60	32
client-core-current	5879ad90	FUN_5879ad90	5
client-core-current	5879adb0	FUN_5879adb0	639
client-core-current	5879af66	Catch_All@5879af66	25
client-core-current	5879b050	FUN_5879b050	378
client-core-current	5879b1ca	Catch_All@5879b1ca	25
client-core-current	5879b1e9	FUN_5879b1e9	177
client-core-current	5879b2a0	FUN_5879b2a0	46
client-core-current	5879b2d0	FUN_5879b2d0	76
client-core-current	5879b320	FUN_5879b320	99
client-core-current	5879b390	FUN_5879b390	13
client-core-current	5879b3a0	FUN_5879b3a0	7
client-core-current	5879b3b0	FUN_5879b3b0	25
client-core-current	5879b3d0	FUN_5879b3d0	8
client-core-current	5879b3e0	FUN_5879b3e0	84
client-core-current	5879b4a0	FUN_5879b4a0	47
client-core-current	5879b4d0	FUN_5879b4d0	311
client-core-current	5879b610	FUN_5879b610	102
client-core-current	5879b680	FUN_5879b680	25
client-core-current	5879b6a0	FUN_5879b6a0	381
client-core-current	5879b820	FUN_5879b820	1753
client-core-current	5879bf00	FUN_5879bf00	50
client-core-current	5879bf40	FUN_5879bf40	499
client-core-current	5879c140	FUN_5879c140	183
client-core-current	5879c200	FUN_5879c200	1747
client-core-current	5879c930	FUN_5879c930	684
client-core-current	5879cbe0	FUN_5879cbe0	42
client-core-current	5879cc10	FUN_5879cc10	204
client-core-current	5879cce0	FUN_5879cce0	119
client-core-current	5879cd60	FUN_5879cd60	74
client-core-current	5879cea0	FUN_5879cea0	1021
client-core-current	5879d2a0	FUN_5879d2a0	444
client-core-current	5879d460	FUN_5879d460	270
client-core-current	5879d570	FUN_5879d570	48
client-core-current	5879d5a0	FUN_5879d5a0	523
client-core-current	5879d7b0	FUN_5879d7b0	1059
client-core-current	5879dc00	FUN_5879dc00	98
client-core-current	5879dc70	FUN_5879dc70	50
client-core-current	5879dcb0	FUN_5879dcb0	177
client-core-current	5879dd70	FUN_5879dd70	246
client-core-current	5879de70	FUN_5879de70	19
client-core-current	5879de90	FUN_5879de90	347
client-core-current	5879e010	FUN_5879e010	338
client-core-current	5879e170	FUN_5879e170	56
client-core-current	5879e1b0	FUN_5879e1b0	960
client-core-current	5879e590	FUN_5879e590	858
client-core-current	5879e8f0	FUN_5879e8f0	392
client-core-current	5879ea80	FUN_5879ea80	161
client-core-current	5879eb30	FUN_5879eb30	89
client-core-current	5879eb90	FUN_5879eb90	89
client-core-current	5879ebf0	FUN_5879ebf0	143
client-core-current	5879ec80	FUN_5879ec80	32
client-core-current	5879ecb0	FUN_5879ecb0	54
client-core-current	5879ecf0	FUN_5879ecf0	152
client-core-current	5879ed90	FUN_5879ed90	146
client-core-current	5879ee30	FUN_5879ee30	74
client-core-current	5879ee80	FUN_5879ee80	38
client-core-current	5879eeb0	FUN_5879eeb0	267
client-core-current	5879efc0	FUN_5879efc0	327
client-core-current	5879f120	FUN_5879f120	291
client-core-current	5879f250	FUN_5879f250	136
client-core-current	5879f2e0	FUN_5879f2e0	37
client-core-current	5879f310	FUN_5879f310	61
client-core-current	5879f350	FUN_5879f350	30
client-core-current	5879f370	FUN_5879f370	183
client-core-current	5879f430	FUN_5879f430	74
client-core-current	5879f480	FUN_5879f480	72
client-core-current	5879f4d0	FUN_5879f4d0	166
client-core-current	5879f580	FUN_5879f580	48
client-core-current	5879f5b0	FUN_5879f5b0	105
client-core-current	5879f620	FUN_5879f620	511
client-core-current	5879f9b0	FUN_5879f9b0	252
client-core-current	5879fb60	FUN_5879fb60	50
client-core-current	5879fba0	FUN_5879fba0	542
client-core-current	5879fdc0	FUN_5879fdc0	70
client-core-current	5879fe10	FUN_5879fe10	1300
client-core-current	587a0330	FUN_587a0330	61
client-core-current	587a06c0	FUN_587a06c0	248
client-core-current	587a07c0	FUN_587a07c0	542
client-core-current	587a09e0	FUN_587a09e0	16
client-core-current	587a09f0	FUN_587a09f0	25
client-core-current	587a0a10	thunk_FUN_587a2920	5
client-core-current	587a0a80	FUN_587a0a80	146
client-core-current	587a0b40	FUN_587a0b40	287
client-core-current	587a0c60	FUN_587a0c60	204
client-core-current	587a0eb0	FUN_587a0eb0	51
client-core-current	587a0ef0	FUN_587a0ef0	100
client-core-current	587a0f60	FUN_587a0f60	73
client-core-current	587a0fb0	FUN_587a0fb0	74
client-core-current	587a11c0	FUN_587a11c0	510
client-core-current	587a13c0	FUN_587a13c0	53
client-core-current	587a1400	FUN_587a1400	596
client-core-current	587a19e0	FUN_587a19e0	112
client-core-current	587a1c10	FUN_587a1c10	770
client-core-current	587a1f20	FUN_587a1f20	118
client-core-current	587a1fa0	FUN_587a1fa0	823
client-core-current	587a22e0	FUN_587a22e0	622
client-core-current	587a2550	FUN_587a2550	580
client-core-current	587a27a0	FUN_587a27a0	43
client-core-current	587a27d0	FUN_587a27d0	334
client-core-current	587a2920	FUN_587a2920	35
client-core-current	587a2950	FUN_587a2950	455
client-core-current	587a2b20	FUN_587a2b20	625
client-core-current	587a2da0	FUN_587a2da0	388
client-core-current	587a2f30	FUN_587a2f30	392
client-core-current	587a30c0	FUN_587a30c0	404
client-core-current	587a3260	FUN_587a3260	91
client-core-current	587a32c0	FUN_587a32c0	799
client-core-current	587a3630	FUN_587a3630	276
client-core-current	587a3750	FUN_587a3750	634
client-core-current	587a39d0	FUN_587a39d0	253
client-core-current	587a3ad0	FUN_587a3ad0	150
client-core-current	587a3b70	FUN_587a3b70	211
client-core-current	587a3c50	FUN_587a3c50	177
client-core-current	587a3d10	FUN_587a3d10	72
client-core-current	587a3d60	FUN_587a3d60	176
client-core-current	587a3e10	FUN_587a3e10	146
client-core-current	587a3eb0	FUN_587a3eb0	110
client-core-current	587a3f20	FUN_587a3f20	156
client-core-current	587a3fc0	FUN_587a3fc0	415
client-core-current	587a4160	FUN_587a4160	1662
client-core-current	587a47e0	FUN_587a47e0	335
client-core-current	587a4930	FUN_587a4930	149
client-core-current	587a49d0	FUN_587a49d0	201
client-core-current	587a4aa0	FUN_587a4aa0	400
client-core-current	587a4c40	FUN_587a4c40	658
client-core-current	587a4ef0	FUN_587a4ef0	62
client-core-current	587a5060	FUN_587a5060	201
client-core-current	587a5130	FUN_587a5130	792
client-core-current	587a5450	FUN_587a5450	240
client-core-current	587a5540	FUN_587a5540	222
client-core-current	587a5620	FUN_587a5620	280
client-core-current	587a5740	FUN_587a5740	499
client-core-current	587a5940	FUN_587a5940	144
client-core-current	587a59d0	FUN_587a59d0	108
client-core-current	587a5a40	FUN_587a5a40	355
client-core-current	587a5bb0	FUN_587a5bb0	284
client-core-current	587a5cd0	FUN_587a5cd0	277
client-core-current	587a5df0	FUN_587a5df0	567
client-core-current	587a6030	FUN_587a6030	604
client-core-current	587a6290	FUN_587a6290	213
client-core-current	587a6370	FUN_587a6370	330
client-core-current	587a64e0	FUN_587a64e0	196
client-core-current	587a65b0	FUN_587a65b0	71
client-core-current	587a6600	FUN_587a6600	369
client-core-current	587a6780	FUN_587a6780	53
client-core-current	587a67c0	FUN_587a67c0	33
client-core-current	587a6850	FUN_587a6850	21
client-core-current	587a6870	FUN_587a6870	80
client-core-current	587a68c0	FUN_587a68c0	28
client-core-current	587a68e0	FUN_587a68e0	85
client-core-current	587a6940	FUN_587a6940	132
client-core-current	587a69d0	FUN_587a69d0	44
client-core-current	587a6a00	FUN_587a6a00	58
client-core-current	587a6aa0	FUN_587a6aa0	37
client-core-current	587a6ad0	FUN_587a6ad0	61
client-core-current	587a6b10	FUN_587a6b10	201
client-core-current	587a6be0	FUN_587a6be0	39
client-core-current	587a6c10	FUN_587a6c10	324
client-core-current	587a6d60	FUN_587a6d60	615
client-core-current	587a6fd0	FUN_587a6fd0	286
client-core-current	587a70f0	FUN_587a70f0	499
client-core-current	587a72f0	FUN_587a72f0	28
client-core-current	587a7310	FUN_587a7310	420
client-core-current	587a7870	FUN_587a7870	736
client-core-current	587a84f0	FUN_587a84f0	630
client-core-current	587a8770	FUN_587a8770	104
client-core-current	587a87e0	FUN_587a87e0	197
client-core-current	587a88b0	FUN_587a88b0	493
client-core-current	587a8d40	FUN_587a8d40	307
client-core-current	587a8e80	FUN_587a8e80	578
client-core-current	587a9270	FUN_587a9270	207
client-core-current	587a9490	FUN_587a9490	532
client-core-current	587a96b0	FUN_587a96b0	597
client-core-current	587a9930	FUN_587a9930	362
client-core-current	587a9aa0	FUN_587a9aa0	582
client-core-current	587a9cf0	FUN_587a9cf0	421
client-core-current	587a9ea0	FUN_587a9ea0	268
client-core-current	587aa130	FUN_587aa130	121
client-core-current	587aa1b0	FUN_587aa1b0	191
client-core-current	587aa270	FUN_587aa270	193
client-core-current	587aa340	FUN_587aa340	202
client-core-current	587aa410	FUN_587aa410	65
client-core-current	587aa460	FUN_587aa460	40
client-core-current	587aa490	FUN_587aa490	435
client-core-current	587aa650	FUN_587aa650	535
client-core-current	587aa870	FUN_587aa870	17
client-core-current	587aa890	FUN_587aa890	66
client-core-current	587aa8e0	FUN_587aa8e0	387
client-core-current	587aaa70	FUN_587aaa70	95
client-core-current	587aaad0	FUN_587aaad0	124
client-core-current	587aab50	FUN_587aab50	98
client-core-current	587aabc0	FUN_587aabc0	3
client-core-current	587aabd0	FUN_587aabd0	52
client-core-current	587aac10	FUN_587aac10	768
client-core-current	587aaf10	FUN_587aaf10	55
client-core-current	587aaf50	FUN_587aaf50	1489
client-core-current	587ab6e0	FUN_587ab6e0	1039
client-core-current	587abf40	FUN_587abf40	1408
client-core-current	587ac4c0	FUN_587ac4c0	2544
client-core-current	587aceb0	FUN_587aceb0	290
client-core-current	587acfe0	FUN_587acfe0	579
client-core-current	587ad230	FUN_587ad230	406
client-core-current	587ad3d0	FUN_587ad3d0	494
client-core-current	587ad5c0	FUN_587ad5c0	837
client-core-current	587ad910	FUN_587ad910	556
client-core-current	587adb40	FUN_587adb40	75
client-core-current	587adb90	FUN_587adb90	394
client-core-current	587add20	FUN_587add20	42
client-core-current	587add50	FUN_587add50	121
client-core-current	587addd0	FUN_587addd0	108
client-core-current	587ade40	FUN_587ade40	6241
client-core-current	587af730	FUN_587af730	358
client-core-current	587af8a0	FUN_587af8a0	299
client-core-current	587af9d0	FUN_587af9d0	169
client-core-current	587afa80	FUN_587afa80	240
client-core-current	587afb70	thunk_FUN_587afb80	5
client-core-current	587afb80	FUN_587afb80	1044
client-core-current	587affa0	thunk_FUN_587affb0	5
client-core-current	587affb0	FUN_587affb0	624
client-core-current	587b0250	FUN_587b0250	224
client-core-current	587b0330	thunk_FUN_587b0880	5
client-core-current	587b0340	FUN_587b0340	973
client-core-current	587b0710	FUN_587b0710	100
client-core-current	587b0780	FUN_587b0780	242
client-core-current	587b0880	FUN_587b0880	117
client-core-current	587b0900	FUN_587b0900	106
client-core-current	587b0970	FUN_587b0970	639
client-core-current	587b0bf0	FUN_587b0bf0	1249
client-core-current	587b10e0	FUN_587b10e0	535
client-core-current	587b1300	FUN_587b1300	132
client-core-current	587b1390	FUN_587b1390	199
client-core-current	587b1460	FUN_587b1460	242
client-core-current	587b1560	FUN_587b1560	570
client-core-current	587b17a0	FUN_587b17a0	1327
client-core-current	587b1cd0	FUN_587b1cd0	33
client-core-current	587b1d00	FUN_587b1d00	1443
client-core-current	587b22b0	FUN_587b22b0	1074
client-core-current	587b26f0	FUN_587b26f0	17
client-core-current	587b2710	FUN_587b2710	50
client-core-current	587b2750	FUN_587b2750	57
client-core-current	587b2790	FUN_587b2790	59
client-core-current	587b27d0	FUN_587b27d0	7
client-core-current	587b27e0	FUN_587b27e0	26
client-core-current	587b2800	FUN_587b2800	292
client-core-current	587b2930	FUN_587b2930	26
client-core-current	587b2950	FUN_587b2950	245
client-core-current	587b2a50	FUN_587b2a50	396
client-core-current	587b2be0	FUN_587b2be0	144
client-core-current	587b2c70	FUN_587b2c70	707
client-core-current	587b2f40	FUN_587b2f40	103
client-core-current	587b2fc0	FUN_587b2fc0	398
client-core-current	587b3160	FUN_587b3160	398
client-core-current	587b3300	FUN_587b3300	88
client-core-current	587b3360	FUN_587b3360	3144
client-core-current	587b3fd0	FUN_587b3fd0	116
client-core-current	587b4050	FUN_587b4050	303
client-core-current	587b4180	FUN_587b4180	84
client-core-current	587b41e0	FUN_587b41e0	78
client-core-current	587b4230	FUN_587b4230	75
client-core-current	587b4280	FUN_587b4280	61
client-core-current	587b42c0	FUN_587b42c0	47
client-core-current	587b42f0	FUN_587b42f0	28
client-core-current	587b4310	FUN_587b4310	57
client-core-current	587b4350	FUN_587b4350	58
client-core-current	587b4390	FUN_587b4390	58
client-core-current	587b43d0	FUN_587b43d0	51
client-core-current	587b4410	FUN_587b4410	309
client-core-current	587b4550	FUN_587b4550	105
client-core-current	587b45c0	FUN_587b45c0	41
client-core-current	587b45f0	FUN_587b45f0	63
client-core-current	587b4630	FUN_587b4630	105
client-core-current	587b46a0	FUN_587b46a0	105
client-core-current	587b4710	FUN_587b4710	630
client-core-current	587b4990	FUN_587b4990	461
client-core-current	587b4b60	FUN_587b4b60	94
client-core-current	587b4bd0	FUN_587b4bd0	46
client-core-current	587b4c00	FUN_587b4c00	215
client-core-current	587b4ce0	FUN_587b4ce0	198
client-core-current	587b4db0	FUN_587b4db0	123
client-core-current	587b4e30	FUN_587b4e30	421
client-core-current	587b4fe0	FUN_587b4fe0	179
client-core-current	587b50a0	FUN_587b50a0	133
client-core-current	587b5130	FUN_587b5130	158
client-core-current	587b51d0	FUN_587b51d0	109
client-core-current	587b5240	FUN_587b5240	101
client-core-current	587b52b0	FUN_587b52b0	101
client-core-current	587b5320	FUN_587b5320	271
client-core-current	587b5430	FUN_587b5430	151
client-core-current	587b54d0	FUN_587b54d0	43
client-core-current	587b5500	FUN_587b5500	28
client-core-current	587b5520	FUN_587b5520	28
client-core-current	587b5540	FUN_587b5540	98
client-core-current	587b55b0	FUN_587b55b0	98
client-core-current	587b5620	FUN_587b5620	133
client-core-current	587b56b0	FUN_587b56b0	113
client-core-current	587b5730	FUN_587b5730	113
client-core-current	587b57b0	FUN_587b57b0	22
client-core-current	587b57d0	FUN_587b57d0	29
client-core-current	587b57f0	FUN_587b57f0	99
client-core-current	587b5860	FUN_587b5860	77
client-core-current	587b58b0	FUN_587b58b0	29
client-core-current	587b58d0	FUN_587b58d0	29
client-core-current	587b58f0	FUN_587b58f0	29
client-core-current	587b5910	FUN_587b5910	29
client-core-current	587b5930	FUN_587b5930	418
client-core-current	587b5af0	FUN_587b5af0	33
client-core-current	587b5b20	FUN_587b5b20	190
client-core-current	587b5be0	FUN_587b5be0	449
client-core-current	587b5db0	FUN_587b5db0	388
client-core-current	587b5f40	FUN_587b5f40	378
client-core-current	587b60c0	FUN_587b60c0	43
client-core-current	587b60f0	FUN_587b60f0	42
client-core-current	587b6120	FUN_587b6120	20
client-core-current	587b6140	FUN_587b6140	29
client-core-current	587b6160	FUN_587b6160	52
client-core-current	587b61a0	FUN_587b61a0	46
client-core-current	587b61d0	FUN_587b61d0	46
client-core-current	587b6200	FUN_587b6200	123
client-core-current	587b6280	FUN_587b6280	671
client-core-current	587b6520	FUN_587b6520	13
client-core-current	587b6530	FUN_587b6530	462
client-core-current	587b6700	FUN_587b6700	72
client-core-current	587b6750	FUN_587b6750	282
client-core-current	587b6870	FUN_587b6870	106
client-core-current	587b68e0	FUN_587b68e0	44
client-core-current	587b6910	FUN_587b6910	825
client-core-current	587b6c50	FUN_587b6c50	163
client-core-current	587b6d00	FUN_587b6d00	46
client-core-current	587b6d30	FUN_587b6d30	49
client-core-current	587b6d70	FUN_587b6d70	15037
client-core-current	587ba830	FUN_587ba830	272
client-core-current	587ba940	FUN_587ba940	48
client-core-current	587ba970	FUN_587ba970	239
client-core-current	587baa60	FUN_587baa60	169
client-core-current	587bab10	FUN_587bab10	49
client-core-current	587bab50	FUN_587bab50	144
client-core-current	587babf0	FUN_587babf0	268
client-core-current	587bad00	FUN_587bad00	30
client-core-current	587bad20	FUN_587bad20	30
client-core-current	587bad40	FUN_587bad40	616
client-core-current	587bafb0	FUN_587bafb0	475
client-core-current	587bb190	FUN_587bb190	40
client-core-current	587bb1c0	FUN_587bb1c0	144
client-core-current	587bb260	FUN_587bb260	54
client-core-current	587bb2a0	FUN_587bb2a0	29
client-core-current	587bb2c0	FUN_587bb2c0	46
client-core-current	587bb2f0	FUN_587bb2f0	267
client-core-current	587bb410	FUN_587bb410	123
client-core-current	587bb490	FUN_587bb490	136
client-core-current	587bb520	FUN_587bb520	80
client-core-current	587bb580	FUN_587bb580	46
client-core-current	587bb5b0	FUN_587bb5b0	624
client-core-current	587bb820	FUN_587bb820	222
client-core-current	587bb900	FUN_587bb900	41
client-core-current	587bb930	FUN_587bb930	51
client-core-current	587bb970	FUN_587bb970	107
client-core-current	587bb9e0	FUN_587bb9e0	25
client-core-current	587bba00	FUN_587bba00	198
client-core-current	587bbad0	FUN_587bbad0	109
client-core-current	587bbb40	FUN_587bbb40	89
client-core-current	587bbba0	FUN_587bbba0	365
client-core-current	587bbd10	FUN_587bbd10	75
client-core-current	587bbd60	FUN_587bbd60	94
client-core-current	587bbdc0	FUN_587bbdc0	343
client-core-current	587bbf20	FUN_587bbf20	93
client-core-current	587bbf80	FUN_587bbf80	73
client-core-current	587bbfd0	FUN_587bbfd0	80
client-core-current	587bc030	FUN_587bc030	46
client-core-current	587bc060	FUN_587bc060	46
client-core-current	587bc090	FUN_587bc090	3199
client-core-current	587bcd20	FUN_587bcd20	232
client-core-current	587bce10	FUN_587bce10	477
client-core-current	587bcff0	FUN_587bcff0	1303
client-core-current	587bd510	FUN_587bd510	65
client-core-current	587bd560	FUN_587bd560	74
client-core-current	587bd5b0	FUN_587bd5b0	30
client-core-current	587bd5d0	FUN_587bd5d0	1298
client-core-current	587bdaf0	FUN_587bdaf0	51
client-core-current	587bdb30	FUN_587bdb30	926
client-core-current	587bded0	FUN_587bded0	53
client-core-current	587bdf10	FUN_587bdf10	80
client-core-current	587bdf70	FUN_587bdf70	45
client-core-current	587bdfa0	FUN_587bdfa0	104
client-core-current	587be010	FUN_587be010	29
client-core-current	587be030	FUN_587be030	46
client-core-current	587be060	FUN_587be060	512
client-core-current	587be280	FUN_587be280	183
client-core-current	587be340	FUN_587be340	195
client-core-current	587be420	FUN_587be420	90
client-core-current	587be480	FUN_587be480	218
client-core-current	587be560	FUN_587be560	44
client-core-current	587be590	FUN_587be590	224
client-core-current	587be680	FUN_587be680	286
client-core-current	587be7a0	FUN_587be7a0	72
client-core-current	587be7f0	FUN_587be7f0	224
client-core-current	587be8d0	FUN_587be8d0	82
client-core-current	587be930	FUN_587be930	49
client-core-current	587be970	FUN_587be970	49
client-core-current	587be9b0	FUN_587be9b0	260
client-core-current	587beac0	FUN_587beac0	43
client-core-current	587beaf0	FUN_587beaf0	73
client-core-current	587beb40	FUN_587beb40	4000
client-core-current	587bfb30	FUN_587bfb30	122
client-core-current	587bfbb0	FUN_587bfbb0	196
client-core-current	587bfc80	FUN_587bfc80	1430
client-core-current	587c0220	FUN_587c0220	84
client-core-current	587c0280	FUN_587c0280	72
client-core-current	587c02d0	FUN_587c02d0	271
client-core-current	587c03e0	FUN_587c03e0	20
client-core-current	587c0400	FUN_587c0400	80
client-core-current	587c0460	FUN_587c0460	46
client-core-current	587c0490	FUN_587c0490	49
client-core-current	587c04d0	FUN_587c04d0	78
client-core-current	587c0520	FUN_587c0520	508
client-core-current	587c0720	FUN_587c0720	397
client-core-current	587c08c0	FUN_587c08c0	170
client-core-current	587c0970	FUN_587c0970	486
client-core-current	587c0b60	FUN_587c0b60	89
client-core-current	587c0bc0	FUN_587c0bc0	79
client-core-current	587c0c10	FUN_587c0c10	89
client-core-current	587c0c70	FUN_587c0c70	79
client-core-current	587c0cc0	FUN_587c0cc0	72
client-core-current	587c0d10	FUN_587c0d10	228
client-core-current	587c0e30	FUN_587c0e30	70
client-core-current	587c0e80	FUN_587c0e80	72
client-core-current	587c0ed0	FUN_587c0ed0	800
client-core-current	587c11f0	FUN_587c11f0	236
client-core-current	587c12e0	FUN_587c12e0	155
client-core-current	587c1380	FUN_587c1380	126
client-core-current	587c1400	FUN_587c1400	84
client-core-current	587c1460	FUN_587c1460	70
client-core-current	587c14b0	FUN_587c14b0	22
client-core-current	587c14d0	FUN_587c14d0	179
client-core-current	587c1590	FUN_587c1590	99
client-core-current	587c1600	FUN_587c1600	258
client-core-current	587c1710	FUN_587c1710	79
client-core-current	587c1760	FUN_587c1760	78
client-core-current	587c17b0	FUN_587c17b0	126
client-core-current	587c1830	FUN_587c1830	78
client-core-current	587c1880	FUN_587c1880	425
client-core-current	587c1a30	FUN_587c1a30	151
client-core-current	587c1ad0	FUN_587c1ad0	49
client-core-current	587c1b10	FUN_587c1b10	85
client-core-current	587c1b70	FUN_587c1b70	2053
client-core-current	587c2380	FUN_587c2380	1196
client-core-current	587c2840	FUN_587c2840	657
client-core-current	587c2e00	FUN_587c2e00	71
client-core-current	587c2e50	FUN_587c2e50	29
client-core-current	587c2e70	FUN_587c2e70	49
client-core-current	587c2eb0	FUN_587c2eb0	841
client-core-current	587c3200	FUN_587c3200	189
client-core-current	587c32c0	FUN_587c32c0	345
client-core-current	587c3420	FUN_587c3420	46
client-core-current	587c3450	FUN_587c3450	294
client-core-current	587c3580	FUN_587c3580	570
client-core-current	587c37c0	FUN_587c37c0	173
client-core-current	587c3870	FUN_587c3870	183
client-core-current	587c3930	FUN_587c3930	47
client-core-current	587c3960	FUN_587c3960	63
client-core-current	587c39a0	FUN_587c39a0	47
client-core-current	587c39d0	FUN_587c39d0	115
client-core-current	587c3a50	FUN_587c3a50	106
client-core-current	587c3ac0	FUN_587c3ac0	35
client-core-current	587c3af0	FUN_587c3af0	46
client-core-current	587c3b20	FUN_587c3b20	189
client-core-current	587c3be0	FUN_587c3be0	366
client-core-current	587c3d50	FUN_587c3d50	75
client-core-current	587c3da0	FUN_587c3da0	20
client-core-current	587c3dc0	FUN_587c3dc0	46
client-core-current	587c3df0	FUN_587c3df0	313
client-core-current	587c3f30	FUN_587c3f30	259
client-core-current	587c4040	FUN_587c4040	211
client-core-current	587c4120	FUN_587c4120	49
client-core-current	587c4160	FUN_587c4160	130
client-core-current	587c41f0	FUN_587c41f0	30
client-core-current	587c4210	FUN_587c4210	71
client-core-current	587c4260	FUN_587c4260	30
client-core-current	587c4280	FUN_587c4280	746
client-core-current	587c4570	FUN_587c4570	696
client-core-current	587c4830	FUN_587c4830	134
client-core-current	587c48c0	FUN_587c48c0	471
client-core-current	587c4aa0	FUN_587c4aa0	130
client-core-current	587c4b30	FUN_587c4b30	45
client-core-current	587c4b60	FUN_587c4b60	31
client-core-current	587c4b80	FUN_587c4b80	45
client-core-current	587c4bb0	FUN_587c4bb0	31
client-core-current	587c4bd0	FUN_587c4bd0	45
client-core-current	587c4c00	FUN_587c4c00	31
client-core-current	587c4c20	FUN_587c4c20	45
client-core-current	587c4c50	FUN_587c4c50	31
client-core-current	587c4c70	FUN_587c4c70	46
client-core-current	587c4ca0	FUN_587c4ca0	73
client-core-current	587c4cf0	FUN_587c4cf0	71
client-core-current	587c4d40	FUN_587c4d40	46
client-core-current	587c4d70	FUN_587c4d70	46
client-core-current	587c4da0	FUN_587c4da0	46
client-core-current	587c4dd0	FUN_587c4dd0	46
client-core-current	587c4e00	FUN_587c4e00	46
client-core-current	587c4e30	FUN_587c4e30	543
client-core-current	587c5060	FUN_587c5060	73
client-core-current	587c50b0	FUN_587c50b0	431
client-core-current	587c5270	FUN_587c5270	383
client-core-current	587c5400	FUN_587c5400	105
client-core-current	587c5470	FUN_587c5470	29
client-core-current	587c5490	FUN_587c5490	49
client-core-current	587c54d0	FUN_587c54d0	194
client-core-current	587c55a0	FUN_587c55a0	311
client-core-current	587c56e0	FUN_587c56e0	134
client-core-current	587c5770	FUN_587c5770	133
client-core-current	587c5800	FUN_587c5800	49
client-core-current	587c5840	FUN_587c5840	46
client-core-current	587c5870	FUN_587c5870	676
client-core-current	587c5b20	FUN_587c5b20	362
client-core-current	587c5c90	FUN_587c5c90	137
client-core-current	587c5d20	FUN_587c5d20	725
client-core-current	587c6000	FUN_587c6000	417
client-core-current	587c61b0	FUN_587c61b0	2387
client-core-current	587c6b10	FUN_587c6b10	86
client-core-current	587c6b70	FUN_587c6b70	144
client-core-current	587c6c00	FUN_587c6c00	84
client-core-current	587c6c60	FUN_587c6c60	142
client-core-current	587c6cf0	FUN_587c6cf0	301
client-core-current	587c6e20	FUN_587c6e20	80
client-core-current	587c6e80	FUN_587c6e80	100
client-core-current	587c6ef0	FUN_587c6ef0	46
client-core-current	587c6f20	FUN_587c6f20	49
client-core-current	587c6f60	FUN_587c6f60	218
client-core-current	587c7040	FUN_587c7040	335
client-core-current	587c71a0	FUN_587c71a0	2426
client-core-current	587c7b20	FUN_587c7b20	30
client-core-current	587c7b40	FUN_587c7b40	111
client-core-current	587c7bb0	FUN_587c7bb0	71
client-core-current	587c7c00	FUN_587c7c00	29
client-core-current	587c7c20	FUN_587c7c20	49
client-core-current	587c7c60	FUN_587c7c60	966
client-core-current	587c8030	FUN_587c8030	216
client-core-current	587c8110	FUN_587c8110	74
client-core-current	587c8160	FUN_587c8160	29
client-core-current	587c8180	FUN_587c8180	46
client-core-current	587c81b0	FUN_587c81b0	221
client-core-current	587c8290	FUN_587c8290	64
client-core-current	587c82d0	FUN_587c82d0	66
client-core-current	587c8320	FUN_587c8320	300
client-core-current	587c8450	FUN_587c8450	50
client-core-current	587c8490	FUN_587c8490	198
client-core-current	587c8560	FUN_587c8560	224
client-core-current	587c8640	FUN_587c8640	13
client-core-current	587c8650	FUN_587c8650	174
client-core-current	587c8700	FUN_587c8700	224
client-core-current	587c87e0	FUN_587c87e0	46
client-core-current	587c8810	FUN_587c8810	195
client-core-current	587c88e0	FUN_587c88e0	13
client-core-current	587c88f0	FUN_587c88f0	50
client-core-current	587c8930	FUN_587c8930	76
client-core-current	587c8980	FUN_587c8980	45
client-core-current	587c89b0	FUN_587c89b0	54
client-core-current	587c89f0	FUN_587c89f0	29
client-core-current	587c8a10	FUN_587c8a10	46
client-core-current	587c8a40	FUN_587c8a40	376
client-core-current	587c8bc0	FUN_587c8bc0	35
client-core-current	587c8bf0	FUN_587c8bf0	29
client-core-current	587c8c10	FUN_587c8c10	46
client-core-current	587c8c40	FUN_587c8c40	200
client-core-current	587c8d10	FUN_587c8d10	140
client-core-current	587c8db0	FUN_587c8db0	46
client-core-current	587c8de0	FUN_587c8de0	896
client-core-current	587c9160	FUN_587c9160	54
client-core-current	587c91a0	FUN_587c91a0	604
client-core-current	587c9400	FUN_587c9400	687
client-core-current	587c96b0	FUN_587c96b0	143
client-core-current	587c9740	FUN_587c9740	31
client-core-current	587c9760	FUN_587c9760	150
client-core-current	587c9800	FUN_587c9800	52
client-core-current	587c9840	FUN_587c9840	45
client-core-current	587c9870	FUN_587c9870	63
client-core-current	587c98b0	FUN_587c98b0	46
client-core-current	587c98f0	FUN_587c98f0	15823
client-core-current	587cd6d0	FUN_587cd6d0	7710
client-core-current	587cf4f0	FUN_587cf4f0	45
client-core-current	587cf520	FUN_587cf520	63
client-core-current	587cf560	FUN_587cf560	46
client-core-current	587cf590	FUN_587cf590	16012
client-core-current	587d3420	FUN_587d3420	7797
client-core-current	587d52a0	FUN_587d52a0	45
client-core-current	587d52d0	FUN_587d52d0	63
client-core-current	587d5310	FUN_587d5310	46
client-core-current	587d5340	FUN_587d5340	6836
client-core-current	587d6e20	FUN_587d6e20	4843
client-core-current	587d8110	FUN_587d8110	37
client-core-current	587d8140	FUN_587d8140	29
client-core-current	587d8160	FUN_587d8160	46
client-core-current	587d8190	FUN_587d8190	5067
client-core-current	587d9560	FUN_587d9560	4595
client-core-current	587da760	FUN_587da760	45
client-core-current	587da790	FUN_587da790	63
client-core-current	587da7d0	FUN_587da7d0	46
client-core-current	587da810	FUN_587da810	36208
client-core-current	587e3580	FUN_587e3580	14774
client-core-current	587e6f40	FUN_587e6f40	45
client-core-current	587e6f70	FUN_587e6f70	63
client-core-current	587e6fb0	FUN_587e6fb0	46
client-core-current	587e6fe0	FUN_587e6fe0	36630
client-core-current	587eff20	FUN_587eff20	14863
client-core-current	587f3930	FUN_587f3930	45
client-core-current	587f3960	FUN_587f3960	63
client-core-current	587f39a0	FUN_587f39a0	46
client-core-current	587f39d0	FUN_587f39d0	16940
client-core-current	587f7c00	FUN_587f7c00	11855
client-core-current	587faa50	FUN_587faa50	37
client-core-current	587faa80	FUN_587faa80	29
client-core-current	587faaa0	FUN_587faaa0	46
client-core-current	587faad0	FUN_587faad0	12482
client-core-current	587fdba0	FUN_587fdba0	11807
client-core-current	588009c0	FUN_588009c0	45
client-core-current	588009f0	FUN_588009f0	63
client-core-current	58800a30	FUN_58800a30	46
client-core-current	58800a60	FUN_58800a60	36733
client-core-current	588099f0	FUN_588099f0	14711
client-core-current	5880d370	FUN_5880d370	45
client-core-current	5880d3a0	FUN_5880d3a0	63
client-core-current	5880d3e0	FUN_5880d3e0	46
client-core-current	5880d420	FUN_5880d420	37154
client-core-current	58816550	FUN_58816550	14793
client-core-current	58819f20	FUN_58819f20	45
client-core-current	58819f50	FUN_58819f50	63
client-core-current	58819f90	FUN_58819f90	46
client-core-current	58819fc0	FUN_58819fc0	17246
client-core-current	5881e330	FUN_5881e330	12063
client-core-current	58821250	FUN_58821250	37
client-core-current	58821280	FUN_58821280	29
client-core-current	588212a0	FUN_588212a0	46
client-core-current	588212d0	FUN_588212d0	12821
client-core-current	588244f0	FUN_588244f0	12054
client-core-current	58827410	FUN_58827410	84
client-core-current	58827470	FUN_58827470	29
client-core-current	58827490	FUN_58827490	46
client-core-current	588274c0	FUN_588274c0	70
client-core-current	58827510	FUN_58827510	81
client-core-current	58827580	FUN_58827580	63
client-core-current	588275d0	FUN_588275d0	137
client-core-current	58827660	FUN_58827660	256
client-core-current	58827770	FUN_58827770	29
client-core-current	58827790	FUN_58827790	420
client-core-current	58827940	FUN_58827940	29
client-core-current	58827960	FUN_58827960	829
client-core-current	58827ca0	FUN_58827ca0	233
client-core-current	58827d90	FUN_58827d90	233
client-core-current	58827e80	FUN_58827e80	3659
client-core-current	58828cd0	FUN_58828cd0	96
client-core-current	58828d30	FUN_58828d30	29
client-core-current	58828d50	FUN_58828d50	829
client-core-current	58829090	FUN_58829090	3659
client-core-current	58829ee0	FUN_58829ee0	80
client-core-current	58829f40	FUN_58829f40	949
client-core-current	5882a300	FUN_5882a300	53
client-core-current	5882a340	FUN_5882a340	2640
client-core-current	5882ada0	FUN_5882ada0	110
client-core-current	5882ae10	FUN_5882ae10	29
client-core-current	5882ae30	FUN_5882ae30	869
client-core-current	5882b1a0	FUN_5882b1a0	2125
client-core-current	5882ba00	FUN_5882ba00	29
client-core-current	5882ba20	FUN_5882ba20	190
client-core-current	5882bae0	FUN_5882bae0	388
client-core-current	5882bc70	FUN_5882bc70	263
client-core-current	5882bd80	FUN_5882bd80	161
client-core-current	5882be30	FUN_5882be30	46
client-core-current	5882be60	FUN_5882be60	148
client-core-current	5882bf00	FUN_5882bf00	56
client-core-current	5882bf40	FUN_5882bf40	757
client-core-current	5882c240	FUN_5882c240	245
client-core-current	5882c340	FUN_5882c340	62
client-core-current	5882c380	FUN_5882c380	180
client-core-current	5882c440	FUN_5882c440	123
client-core-current	5882c4c0	FUN_5882c4c0	20
client-core-current	5882c4e0	FUN_5882c4e0	60
client-core-current	5882c520	FUN_5882c520	1092
client-core-current	5882c970	FUN_5882c970	18
client-core-current	5882c990	FUN_5882c990	685
client-core-current	5882cc40	FUN_5882cc40	61
client-core-current	5882cc80	FUN_5882cc80	22
client-core-current	5882cca0	FUN_5882cca0	68
client-core-current	5882ccf0	FUN_5882ccf0	375
client-core-current	5882ce70	FUN_5882ce70	140
client-core-current	5882cf00	FUN_5882cf00	29
client-core-current	5882cf20	FUN_5882cf20	49
client-core-current	5882cf60	FUN_5882cf60	522
client-core-current	5882d170	FUN_5882d170	61
client-core-current	5882d1b0	FUN_5882d1b0	29
client-core-current	5882d1d0	FUN_5882d1d0	49
client-core-current	5882d210	FUN_5882d210	214
client-core-current	5882d2f0	FUN_5882d2f0	58
client-core-current	5882d330	FUN_5882d330	386
client-core-current	5882d4c0	FUN_5882d4c0	62
client-core-current	5882d510	FUN_5882d510	42
client-core-current	5882d540	FUN_5882d540	49
client-core-current	5882d580	FUN_5882d580	110
client-core-current	5882d5f0	FUN_5882d5f0	128
client-core-current	5882d670	FUN_5882d670	70
client-core-current	5882d6c0	FUN_5882d6c0	67
client-core-current	5882d710	FUN_5882d710	365
client-core-current	5882d8c0	FUN_5882d8c0	86
client-core-current	5882d920	FUN_5882d920	204
client-core-current	5882d9f0	FUN_5882d9f0	46
client-core-current	5882da20	FUN_5882da20	328
client-core-current	5882dba0	FUN_5882dba0	45
client-core-current	5882dbd0	FUN_5882dbd0	388
client-core-current	5882dd60	FUN_5882dd60	760
client-core-current	5882e060	FUN_5882e060	1029
client-core-current	5882e530	FUN_5882e530	31
client-core-current	5882e550	FUN_5882e550	100
client-core-current	5882e5b4	FUN_5882e5b4	83
client-core-current	5882e607	FUN_5882e607	35
client-core-current	5882e62a	FUN_5882e62a	22
client-core-current	5882e640	FUN_5882e640	38
client-core-current	5882e666	FUN_5882e666	30
client-core-current	5882e684	FUN_5882e684	27
client-core-current	5882e69f	FUN_5882e69f	31
client-core-current	5882e6be	FUN_5882e6be	27
client-core-current	5882e6d9	FUN_5882e6d9	27
client-core-current	5882e6f4	FUN_5882e6f4	31
client-core-current	5882e713	FUN_5882e713	31
client-core-current	5882e743	FUN_5882e743	45
client-core-current	5882e770	FUN_5882e770	28
client-core-current	5882e78d	FUN_5882e78d	31
client-core-current	5882e7ad	FUN_5882e7ad	31
client-core-current	5882e7cd	FUN_5882e7cd	31
client-core-current	5882e7f0	FUN_5882e7f0	34
client-core-current	5882e820	FUN_5882e820	37
client-core-current	5882e850	FUN_5882e850	90
client-core-current	5882e8b0	FUN_5882e8b0	636
client-core-current	5882eb30	FUN_5882eb30	462
client-core-current	5882ed00	FUN_5882ed00	531
client-core-current	5882ef20	FUN_5882ef20	553
client-core-current	5882f150	FUN_5882f150	309
client-core-current	5882f290	FUN_5882f290	51
client-core-current	5882f2d0	FUN_5882f2d0	362
client-core-current	5882f440	FUN_5882f440	366
client-core-current	5882f5b0	FUN_5882f5b0	170
client-core-current	5882f660	FUN_5882f660	95
client-core-current	5882f6c0	FUN_5882f6c0	767
client-core-current	5882f9c0	FUN_5882f9c0	294
client-core-current	5882faf0	FUN_5882faf0	264
client-core-current	5882fc00	FUN_5882fc00	277
client-core-current	5882fd20	FUN_5882fd20	550
client-core-current	5882ff50	FUN_5882ff50	576
client-core-current	58830190	FUN_58830190	91
client-core-current	588301f0	FUN_588301f0	83
client-core-current	58830250	FUN_58830250	83
client-core-current	588302b0	FUN_588302b0	201
client-core-current	58830380	FUN_58830380	9
client-core-current	58830390	FUN_58830390	27
client-core-current	588303b0	FUN_588303b0	27
client-core-current	588303d0	FUN_588303d0	9
client-core-current	588303e0	FUN_588303e0	9
client-core-current	588303f0	FUN_588303f0	9
client-core-current	58830426	FUN_58830426	49
client-core-current	5883047e	FUN_5883047e	40
client-core-current	5883049d	thunk_FUN_5884f1eb	5
client-core-current	588304a2	FUN_588304a2	37
client-core-current	588304c7	FUN_588304c7	65
client-core-current	5883055d	FUN_5883055d	32
client-core-current	5883057d	FUN_5883057d	73
client-core-current	588305c6	FUN_588305c6	34
client-core-current	588305e8	FUN_588305e8	45
client-core-current	58830615	FUN_58830615	6
client-core-current	5883061b	FUN_5883061b	141
client-core-current	588306a8	FUN_588306a8	113
client-core-current	58830719	FUN_58830719	76
client-core-current	58830765	FUN_58830765	26
client-core-current	5883077f	FUN_5883077f	35
client-core-current	588307a2	FUN_588307a2	40
client-core-current	588307ca	FUN_588307ca	59
client-core-current	58830805	FUN_58830805	45
client-core-current	58830832	FUN_58830832	110
client-core-current	588308a0	FUN_588308a0	236
client-core-current	5883098c	FUN_5883098c	115
client-core-current	588309ff	FUN_588309ff	236
client-core-current	58830aeb	FUN_58830aeb	76
client-core-current	58830b37	FUN_58830b37	51
client-core-current	58830b6a	FUN_58830b6a	64
client-core-current	58830baa	FUN_58830baa	124
client-core-current	58830c2b	FUN_58830c2b	26
client-core-current	58830c45	FUN_58830c45	20
client-core-current	58830c99	FUN_58830c99	133
client-core-current	58830d1e	FUN_58830d1e	9
client-core-current	58830d27	FUN_58830d27	14
client-core-current	58830d35	FUN_58830d35	21
client-core-current	58830d4a	FUN_58830d4a	14
client-core-current	58830d58	FUN_58830d58	14
client-core-current	58830d66	FUN_58830d66	99
client-core-current	58830dce	FUN_58830dce	47
client-core-current	58830dfd	FUN_58830dfd	25
client-core-current	58830e16	FUN_58830e16	464
client-core-current	58830fe6	FUN_58830fe6	30
client-core-current	58831004	FUN_58831004	76
client-core-current	58831034	FUN_58831034	14
client-core-current	58831042	FUN_58831042	9
client-core-current	5883104b	thunk_FUN_5886cc10	5
client-core-current	58831050	__security_check_cookie	14
client-core-current	5883105e	FUN_5883105e	35
client-core-current	58831081	thunk_FUN_5886cc10	5
client-core-current	58831086	FUN_58831086	40
client-core-current	588310ae	FUN_588310ae	251
client-core-current	588311a9	FUN_588311a9	13
client-core-current	588311b6	FUN_588311b6	208
client-core-current	58831290	thunk_FUN_588312a0	5
client-core-current	588312a0	FUN_588312a0	17
client-core-current	588312b1	FUN_588312b1	107
client-core-current	58831320	FUN_58831320	30
client-core-current	5883133e	FUN_5883133e	141
client-core-current	588313d0	FUN_588313d0	105
client-core-current	58831440	FUN_58831440	116
client-core-current	588314c0	FUN_588314c0	162
client-core-current	58831570	FUN_58831570	47
client-core-current	588315a0	FUN_588315a0	121
client-core-current	588315e8	FUN_588315e8	54
client-core-current	58831650	FUN_58831650	73
client-core-current	588316a0	FUN_588316a0	66
client-core-current	588316e2	FUN_588316e2	66
client-core-current	58831724	FUN_58831724	50
client-core-current	58831756	FUN_58831756	43
client-core-current	58831781	FUN_58831781	14
client-core-current	5883178f	FUN_5883178f	31
client-core-current	588317ae	FUN_588317ae	13
client-core-current	588317bb	FUN_588317bb	52
client-core-current	588317ef	FUN_588317ef	50
client-core-current	58831812	FUN_58831812	13
client-core-current	5883181f	FUN_5883181f	57
client-core-current	58831858	FUN_58831858	134
client-core-current	588318df	FUN_588318df	129
client-core-current	58831976	FUN_58831976	29
client-core-current	58831993	FUN_58831993	40
client-core-current	588319bb	FUN_588319bb	46
client-core-current	588319e9	FUN_588319e9	21
client-core-current	588319fe	FUN_588319fe	46
client-core-current	58831a2c	FUN_58831a2c	81
client-core-current	58831a7d	FUN_58831a7d	82
client-core-current	58831acf	FUN_58831acf	21
client-core-current	58831af0	__alloca_probe	43
client-core-current	58831b20	FUN_58831b20	33
client-core-current	58831b50	FUN_58831b50	52
client-core-current	58831b84	FUN_58831b84	14
client-core-current	58831ba0	FUN_58831ba0	104
client-core-current	58831c10	FUN_58831c10	117
client-core-current	58831c85	FUN_58831c85	90
client-core-current	58831ce5	FUN_58831ce5	20
client-core-current	58831cf9	FUN_58831cf9	108
client-core-current	58831d71	FUN_58831d71	16
client-core-current	58831d81	FUN_58831d81	76
client-core-current	58831e11	FUN_58831e11	83
client-core-current	58831e64	FUN_58831e64	252
client-core-current	58831f4a	FUN_58831f4a	10
client-core-current	58831f6e	FUN_58831f6e	160
client-core-current	5883200a	FUN_5883200a	10
client-core-current	58832017	FUN_58832017	6
client-core-current	58832025	FUN_58832025	234
client-core-current	58832133	FUN_58832133	43
client-core-current	5883215e	FUN_5883215e	35
client-core-current	58832181	FUN_58832181	96
client-core-current	588321e7	FUN_588321e7	20
client-core-current	588321fb	FUN_588321fb	794
client-core-current	58832515	__EH_epilog3	20
client-core-current	58832529	FUN_58832529	15
client-core-current	58832538	FUN_58832538	51
client-core-current	5883256b	FUN_5883256b	54
client-core-current	588325a1	FUN_588325a1	54
client-core-current	588325e0	__alloca_probe_16	22
client-core-current	588325f6	__alloca_probe_8	22
client-core-current	58832629	FUN_58832629	4
client-core-current	5883262d	FUN_5883262d	12
client-core-current	58832639	FUN_58832639	277
client-core-current	5883274e	FUN_5883274e	11
client-core-current	58832760	FUN_58832760	69
client-core-current	588327b0	__SEH_epilog4	20
client-core-current	588327c4	FUN_588327c4	77
client-core-current	58832811	FUN_58832811	75
client-core-current	5883285c	FUN_5883285c	12
client-core-current	58832868	FUN_58832868	12
client-core-current	58832874	FUN_58832874	29
client-core-current	58832891	FUN_58832891	6
client-core-current	58832897	FUN_58832897	44
client-core-current	588328c3	FUN_588328c3	44
client-core-current	588328ef	FUN_588328ef	6
client-core-current	588328f5	FUN_588328f5	6
client-core-current	588328fb	FUN_588328fb	6
client-core-current	58832901	FUN_58832901	6
client-core-current	58832907	FUN_58832907	6
client-core-current	5883290d	FUN_5883290d	6
client-core-current	58832913	FUN_58832913	6
client-core-current	58832919	FUN_58832919	1
client-core-current	5883291a	FUN_5883291a	65
client-core-current	5883295b	FUN_5883295b	25
client-core-current	58832974	FUN_58832974	92
client-core-current	588329d0	FUN_588329d0	260
client-core-current	58832ad4	FUN_58832ad4	36
client-core-current	58832af8	FUN_58832af8	36
client-core-current	58832b1c	FUN_58832b1c	22
client-core-current	58832b32	FUN_58832b32	16
client-core-current	58832b42	FUN_58832b42	72
client-core-current	58832b8a	FUN_58832b8a	53
client-core-current	58832bbf	FUN_58832bbf	1033
client-core-current	58832fc8	FUN_58832fc8	143
client-core-current	58833057	FUN_58833057	141
client-core-current	588330e4	FUN_588330e4	115
client-core-current	58833157	FUN_58833157	320
client-core-current	58833297	FUN_58833297	269
client-core-current	588335b4	FUN_588335b4	172
client-core-current	58833660	FUN_58833660	831
client-core-current	5883399f	FUN_5883399f	224
client-core-current	58833a7f	FUN_58833a7f	1507
client-core-current	58834062	FUN_58834062	247
client-core-current	58834159	FUN_58834159	132
client-core-current	588341dd	FUN_588341dd	198
client-core-current	588345ad	FUN_588345ad	359
client-core-current	58834714	FUN_58834714	263
client-core-current	5883481b	FUN_5883481b	420
client-core-current	588349bf	FUN_588349bf	316
client-core-current	58834afb	FUN_58834afb	1743
client-core-current	58835250	FUN_58835250	183
client-core-current	58835307	FUN_58835307	101
client-core-current	5883536c	FUN_5883536c	301
client-core-current	5883549a	FUN_5883549a	349
client-core-current	588355f7	FUN_588355f7	182
client-core-current	588356ad	FUN_588356ad	290
client-core-current	588357cf	FUN_588357cf	317
client-core-current	5883590c	FUN_5883590c	82
client-core-current	5883595e	FUN_5883595e	77
client-core-current	588359ab	FUN_588359ab	79
client-core-current	588359fa	FUN_588359fa	19
client-core-current	58835a0d	FUN_58835a0d	388
client-core-current	58835b91	FUN_58835b91	381
client-core-current	58835d10	FUN_58835d10	1011
client-core-current	58836103	FUN_58836103	105
client-core-current	5883616c	FUN_5883616c	640
client-core-current	588363ec	FUN_588363ec	115
client-core-current	5883645f	FUN_5883645f	315
client-core-current	5883659a	FUN_5883659a	572
client-core-current	588367d6	FUN_588367d6	191
client-core-current	58836895	FUN_58836895	3
client-core-current	58836898	FUN_58836898	66
client-core-current	588368da	FUN_588368da	370
client-core-current	58836a4c	FUN_58836a4c	93
client-core-current	58836aa9	FUN_58836aa9	128
client-core-current	58836b29	FUN_58836b29	109
client-core-current	58836b96	FUN_58836b96	647
client-core-current	58836e7b	FUN_58836e7b	1605
client-core-current	588374c0	FUN_588374c0	8128
client-core-current	58839480	FUN_58839480	165
client-core-current	58839525	FUN_58839525	232
client-core-current	5883960d	FUN_5883960d	60
client-core-current	58839649	FUN_58839649	476
client-core-current	58839825	FUN_58839825	747
client-core-current	58839b10	FUN_58839b10	275
client-core-current	58839c23	FUN_58839c23	283
client-core-current	58839d3e	FUN_58839d3e	382
client-core-current	58839ebc	FUN_58839ebc	184
client-core-current	58839f74	FUN_58839f74	190
client-core-current	5883a032	FUN_5883a032	88
client-core-current	5883a08a	FUN_5883a08a	331
client-core-current	5883a1d5	FUN_5883a1d5	117
client-core-current	5883a24a	FUN_5883a24a	98
client-core-current	5883a2ac	FUN_5883a2ac	75
client-core-current	5883a2f7	FUN_5883a2f7	94
client-core-current	5883a355	FUN_5883a355	34
client-core-current	5883a377	FUN_5883a377	65
client-core-current	5883a3b8	FUN_5883a3b8	18
client-core-current	5883a3ca	FUN_5883a3ca	18
client-core-current	5883a3dc	FUN_5883a3dc	206
client-core-current	5883a4aa	FUN_5883a4aa	225
client-core-current	5883a58b	FUN_5883a58b	47
client-core-current	5883a5ba	FUN_5883a5ba	47
client-core-current	5883a5e9	FUN_5883a5e9	23
client-core-current	5883a600	FUN_5883a600	99
client-core-current	5883a663	FUN_5883a663	49
client-core-current	5883a694	FUN_5883a694	50
client-core-current	5883a6c6	FUN_5883a6c6	51
client-core-current	5883a6f9	FUN_5883a6f9	36
client-core-current	5883a71d	FUN_5883a71d	45
client-core-current	5883a74a	FUN_5883a74a	47
client-core-current	5883a779	FUN_5883a779	66
client-core-current	5883a7bb	Catch_All@5883a7bb	24
client-core-current	5883a7d4	FUN_5883a7d4	39
client-core-current	5883a7fb	FUN_5883a7fb	37
client-core-current	5883a820	FUN_5883a820	146
client-core-current	5883a8b2	FUN_5883a8b2	292
client-core-current	5883a9d7	FUN_5883a9d7	213
client-core-current	5883aa96	Catch_All@5883aa96	20
client-core-current	5883aac0	FUN_5883aac0	43
client-core-current	5883aaeb	FUN_5883aaeb	39
client-core-current	5883ab12	FUN_5883ab12	39
client-core-current	5883ab39	FUN_5883ab39	29
client-core-current	5883ab56	FUN_5883ab56	35
client-core-current	5883ab79	FUN_5883ab79	47
client-core-current	5883aba8	FUN_5883aba8	59
client-core-current	5883abe3	FUN_5883abe3	10
client-core-current	5883abed	FUN_5883abed	28
client-core-current	5883ac09	FUN_5883ac09	7
client-core-current	5883ac10	FUN_5883ac10	7
client-core-current	5883ac17	FUN_5883ac17	68
client-core-current	5883ac5b	FUN_5883ac5b	35
client-core-current	5883ac7e	FUN_5883ac7e	43
client-core-current	5883ae5b	FUN_5883ae5b	103
client-core-current	5883aec2	FUN_5883aec2	65
client-core-current	5883af03	FUN_5883af03	220
client-core-current	5883afdf	FUN_5883afdf	88
client-core-current	5883b037	FUN_5883b037	45
client-core-current	5883b064	FUN_5883b064	53
client-core-current	5883b099	FUN_5883b099	64
client-core-current	5883b0d9	FUN_5883b0d9	25
client-core-current	5883b0f3	FUN_5883b0f3	25
client-core-current	5883b10d	FUN_5883b10d	97
client-core-current	5883b16e	Catch_All@5883b16e	36
client-core-current	5883b19b	FUN_5883b19b	83
client-core-current	5883b1ee	Catch_All@5883b1ee	21
client-core-current	5883b204	FUN_5883b204	33
client-core-current	5883b225	FUN_5883b225	67
client-core-current	5883b268	FUN_5883b268	95
client-core-current	5883b2c8	FUN_5883b2c8	59
client-core-current	5883b303	FUN_5883b303	68
client-core-current	5883b347	FUN_5883b347	70
client-core-current	5883b38d	FUN_5883b38d	85
client-core-current	5883b3e2	FUN_5883b3e2	87
client-core-current	5883b61d	FUN_5883b61d	158
client-core-current	5883b6bc	FUN_5883b6bc	162
client-core-current	5883b75f	FUN_5883b75f	150
client-core-current	5883b7f5	FUN_5883b7f5	77
client-core-current	5883b843	FUN_5883b843	121
client-core-current	5883b8bc	FUN_5883b8bc	81
client-core-current	5883b90d	FUN_5883b90d	45
client-core-current	5883b93a	FUN_5883b93a	34
client-core-current	5883b95c	FUN_5883b95c	79
client-core-current	5883b9ab	FUN_5883b9ab	618
client-core-current	5883bc15	FUN_5883bc15	63
client-core-current	5883bf8f	FUN_5883bf8f	25
client-core-current	5883bfa8	FUN_5883bfa8	292
client-core-current	5883c0cd	FUN_5883c0cd	239
client-core-current	5883c1bd	FUN_5883c1bd	24
client-core-current	5883c1d5	FUN_5883c1d5	43
client-core-current	5883c200	FUN_5883c200	50
client-core-current	5883c240	FUN_5883c240	26
client-core-current	5883c25a	FUN_5883c25a	26
client-core-current	5883c274	FUN_5883c274	44
client-core-current	5883c2a0	FUN_5883c2a0	44
client-core-current	5883c2cc	FUN_5883c2cc	43
client-core-current	5883c2f7	FUN_5883c2f7	27
client-core-current	5883c312	FUN_5883c312	31
client-core-current	5883c331	FUN_5883c331	34
client-core-current	5883c353	FUN_5883c353	451
client-core-current	5883c516	FUN_5883c516	451
client-core-current	5883c6d9	FUN_5883c6d9	125
client-core-current	5883c756	FUN_5883c756	231
client-core-current	5883c83e	FUN_5883c83e	111
client-core-current	5883c8ad	FUN_5883c8ad	488
client-core-current	5883ca95	FUN_5883ca95	100
client-core-current	5883caf9	FUN_5883caf9	137
client-core-current	5883cb82	FUN_5883cb82	37
client-core-current	5883cba7	FUN_5883cba7	25
client-core-current	5883cbc0	FUN_5883cbc0	156
client-core-current	5883cc5c	thunk_FUN_5883cc61	5
client-core-current	5883cc61	FUN_5883cc61	113
client-core-current	5883d212	FUN_5883d212	4
client-core-current	5883d216	FUN_5883d216	7
client-core-current	5883d21d	FUN_5883d21d	7
client-core-current	5883d224	FUN_5883d224	7
client-core-current	5883d22b	FUN_5883d22b	7
client-core-current	5883d232	FUN_5883d232	4
client-core-current	5883d236	FUN_5883d236	276
client-core-current	5883d34a	FUN_5883d34a	1092
client-core-current	5883d7b0	FUN_5883d7b0	108
client-core-current	5883d81c	FUN_5883d81c	133
client-core-current	5883d8a1	FUN_5883d8a1	127
client-core-current	5883d920	FUN_5883d920	133
client-core-current	5883d9a5	FUN_5883d9a5	165
client-core-current	5883da4a	FUN_5883da4a	21
client-core-current	5883da5f	FUN_5883da5f	111
client-core-current	5883dace	FUN_5883dace	93
client-core-current	5883db2b	FUN_5883db2b	1483
client-core-current	5883e0f6	FUN_5883e0f6	59
client-core-current	5883e131	FUN_5883e131	111
client-core-current	5883e1a0	FUN_5883e1a0	829
client-core-current	5883e4dd	FUN_5883e4dd	135
client-core-current	5883e564	FUN_5883e564	139
client-core-current	5883e5ef	FUN_5883e5ef	44
client-core-current	5883e61b	FUN_5883e61b	351
client-core-current	5883e77a	FUN_5883e77a	63
client-core-current	5883e7b9	FUN_5883e7b9	126
client-core-current	5883e837	FUN_5883e837	326
client-core-current	5883e97d	FUN_5883e97d	924
client-core-current	5883ed19	FUN_5883ed19	260
client-core-current	5883ee1d	FUN_5883ee1d	102
client-core-current	5883ee83	FUN_5883ee83	90
client-core-current	5883eedd	FUN_5883eedd	143
client-core-current	5883ef6c	Catch_All@5883ef6c	36
client-core-current	5883ef96	FUN_5883ef96	24
client-core-current	5883efb2	FUN_5883efb2	153
client-core-current	5883f04b	Catch_All@5883f04b	36
client-core-current	5883f075	FUN_5883f075	27
client-core-current	5883f094	FUN_5883f094	43
client-core-current	5883f0bf	FUN_5883f0bf	41
client-core-current	5883f0e8	FUN_5883f0e8	41
client-core-current	5883f111	FUN_5883f111	230
client-core-current	5883f1f7	FUN_5883f1f7	31
client-core-current	5883f216	FUN_5883f216	125
client-core-current	5883f293	FUN_5883f293	23
client-core-current	5883f2aa	FUN_5883f2aa	98
client-core-current	5883f30c	FUN_5883f30c	86
client-core-current	5883f362	FUN_5883f362	27
client-core-current	5883f37d	FUN_5883f37d	61
client-core-current	5883f3ba	FUN_5883f3ba	111
client-core-current	5883f429	FUN_5883f429	112
client-core-current	5883f499	FUN_5883f499	115
client-core-current	5883f50c	FUN_5883f50c	75
client-core-current	5883f557	FUN_5883f557	695
client-core-current	5883f80e	FUN_5883f80e	382
client-core-current	5883f98c	FUN_5883f98c	685
client-core-current	5883fc39	FUN_5883fc39	26
client-core-current	5883fc53	FUN_5883fc53	194
client-core-current	5883fd63	FUN_5883fd63	1855
client-core-current	588404a2	FUN_588404a2	1141
client-core-current	58840917	FUN_58840917	1234
client-core-current	58840de9	FUN_58840de9	1089
client-core-current	5884122a	FUN_5884122a	1587
client-core-current	588418b3	FUN_588418b3	141
client-core-current	58841987	FUN_58841987	26
client-core-current	588419a1	FUN_588419a1	140
client-core-current	58841a2d	FUN_58841a2d	1349
client-core-current	58841fbe	FUN_58841fbe	67
client-core-current	58842001	FUN_58842001	209
client-core-current	58842120	FUN_58842120	3479
client-core-current	58842eb7	FUN_58842eb7	206
client-core-current	58842fd3	FUN_58842fd3	4445
client-core-current	58844130	FUN_58844130	213
client-core-current	58844253	FUN_58844253	2541
client-core-current	58844c42	FUN_58844c42	22
client-core-current	58844c58	FUN_58844c58	82
client-core-current	58844caa	FUN_58844caa	261
client-core-current	58844daf	Catch_All@58844daf	36
client-core-current	58844dd9	FUN_58844dd9	29
client-core-current	58844dfa	FUN_58844dfa	81
client-core-current	58844e4b	FUN_58844e4b	102
client-core-current	58844eb1	FUN_58844eb1	136
client-core-current	58844f39	FUN_58844f39	125
client-core-current	58844fb6	FUN_58844fb6	355
client-core-current	58845119	FUN_58845119	1738
client-core-current	58845516	Catch_All@58845516	178
client-core-current	588455ce	FUN_588455ce	682
client-core-current	588459bf	Catch_All@588459bf	122
client-core-current	58845a3f	FUN_58845a3f	224
client-core-current	58845cad	FUN_58845cad	78
client-core-current	58845cfb	FUN_58845cfb	387
client-core-current	58845e7e	FUN_58845e7e	642
client-core-current	58846100	FUN_58846100	203
client-core-current	588461cb	Catch_All@588461cb	40
client-core-current	588461f9	FUN_588461f9	634
client-core-current	58846477	FUN_58846477	478
client-core-current	58846655	FUN_58846655	383
client-core-current	588467d4	FUN_588467d4	75
client-core-current	5884681f	FUN_5884681f	117
client-core-current	58846894	FUN_58846894	65
client-core-current	588468d5	FUN_588468d5	74
client-core-current	5884691f	FUN_5884691f	264
client-core-current	58846a27	FUN_58846a27	218
client-core-current	58846b01	FUN_58846b01	112
client-core-current	58846b71	FUN_58846b71	9
client-core-current	58846b7a	FUN_58846b7a	28
client-core-current	58846b96	FUN_58846b96	31
client-core-current	58846bb5	FUN_58846bb5	9
client-core-current	58846bbe	FUN_58846bbe	9
client-core-current	58846bc7	FUN_58846bc7	9
client-core-current	58846bd0	FUN_58846bd0	9
client-core-current	58846bd9	FUN_58846bd9	9
client-core-current	58846be2	FUN_58846be2	46
client-core-current	58846c10	FUN_58846c10	28
client-core-current	58846c2c	FUN_58846c2c	26
client-core-current	58846c46	FUN_58846c46	37
client-core-current	58846c6b	FUN_58846c6b	44
client-core-current	58846cd3	FUN_58846cd3	7390
client-core-current	588489b2	FUN_588489b2	442
client-core-current	58848b6c	FUN_58848b6c	165
client-core-current	58848c11	FUN_58848c11	647
client-core-current	58848eba	FUN_58848eba	29
client-core-current	58848ed7	FUN_58848ed7	176
client-core-current	58848f87	FUN_58848f87	31
client-core-current	58848fa6	FUN_58848fa6	1306
client-core-current	588494c0	FUN_588494c0	208
client-core-current	58849590	FUN_58849590	23
client-core-current	588495a7	FUN_588495a7	87
client-core-current	588495fe	FUN_588495fe	87
client-core-current	58849655	FUN_58849655	334
client-core-current	588497a3	FUN_588497a3	108
client-core-current	5884980f	FUN_5884980f	507
client-core-current	58849a0a	FUN_58849a0a	192
client-core-current	58849aca	FUN_58849aca	150
client-core-current	58849b60	FUN_58849b60	61
client-core-current	58849b9d	FUN_58849b9d	35
client-core-current	58849bc0	FUN_58849bc0	205
client-core-current	58849c8d	FUN_58849c8d	102
client-core-current	58849cf3	FUN_58849cf3	519
client-core-current	58849efa	FUN_58849efa	365
client-core-current	5884a067	FUN_5884a067	283
client-core-current	5884a182	FUN_5884a182	240
client-core-current	5884a272	FUN_5884a272	606
client-core-current	5884a4d0	FUN_5884a4d0	413
client-core-current	5884a66d	FUN_5884a66d	754
client-core-current	5884a95f	FUN_5884a95f	591
client-core-current	5884abae	FUN_5884abae	180
client-core-current	5884ac62	FUN_5884ac62	330
client-core-current	5884adac	FUN_5884adac	434
client-core-current	5884af5e	FUN_5884af5e	528
client-core-current	5884b16e	FUN_5884b16e	169
client-core-current	5884b217	FUN_5884b217	64
client-core-current	5884b257	FUN_5884b257	208
client-core-current	5884b327	FUN_5884b327	127
client-core-current	5884b3a6	FUN_5884b3a6	70
client-core-current	5884b3ec	FUN_5884b3ec	309
client-core-current	5884b521	FUN_5884b521	470
client-core-current	5884b6f7	FUN_5884b6f7	160
client-core-current	5884b797	FUN_5884b797	117
client-core-current	5884b80c	FUN_5884b80c	270
client-core-current	5884b91a	FUN_5884b91a	190
client-core-current	5884b9d8	FUN_5884b9d8	85
client-core-current	5884ba2d	FUN_5884ba2d	201
client-core-current	5884baf6	FUN_5884baf6	832
client-core-current	5884be36	FUN_5884be36	375
client-core-current	5884bfad	FUN_5884bfad	274
client-core-current	5884c0bf	FUN_5884c0bf	551
client-core-current	5884c2e6	FUN_5884c2e6	145
client-core-current	5884c377	FUN_5884c377	225
client-core-current	5884c458	FUN_5884c458	212
client-core-current	5884c52c	FUN_5884c52c	178
client-core-current	5884c5de	FUN_5884c5de	389
client-core-current	5884c763	FUN_5884c763	97
client-core-current	5884c7c4	FUN_5884c7c4	39
client-core-current	5884c7eb	FUN_5884c7eb	21
client-core-current	5884c800	FUN_5884c800	29
client-core-current	5884c81d	FUN_5884c81d	107
client-core-current	5884c890	FUN_5884c890	1335
client-core-current	5884ce10	FUN_5884ce10	346
client-core-current	5884cf6a	FUN_5884cf6a	110
client-core-current	5884cfd9	FUN_5884cfd9	96
client-core-current	5884d039	FUN_5884d039	255
client-core-current	5884d138	FUN_5884d138	43
client-core-current	5884d168	FUN_5884d168	84
client-core-current	5884d1bc	FUN_5884d1bc	49
client-core-current	5884d1ed	FUN_5884d1ed	36
client-core-current	5884d211	FUN_5884d211	71
client-core-current	5884d259	FUN_5884d259	154
client-core-current	5884d2f8	FUN_5884d2f8	54
client-core-current	5884d32e	FUN_5884d32e	37
client-core-current	5884d360	FUN_5884d360	99
client-core-current	5884d3c3	FUN_5884d3c3	34
client-core-current	5884d3e5	FUN_5884d3e5	109
client-core-current	5884d452	FUN_5884d452	4929
client-core-current	5884e840	FUN_5884e840	311
client-core-current	5884e980	FUN_5884e980	173
client-core-current	5884ea30	FUN_5884ea30	619
client-core-current	5884ec9b	FUN_5884ec9b	18
client-core-current	5884ecb0	FUN_5884ecb0	149
client-core-current	5884ed50	FUN_5884ed50	50
client-core-current	5884ed90	FUN_5884ed90	350
client-core-current	5884eeee	FUN_5884eeee	149
client-core-current	5884ef96	FUN_5884ef96	13
client-core-current	5884efa3	FUN_5884efa3	87
client-core-current	5884effb	FUN_5884effb	38
client-core-current	5884f021	FUN_5884f021	37
client-core-current	5884f046	FUN_5884f046	85
client-core-current	5884f0ae	Unwind@5884f0ae	5
client-core-current	5884f0c0	FUN_5884f0c0	110
client-core-current	5884f12e	FUN_5884f12e	189
client-core-current	5884f1eb	FUN_5884f1eb	20
client-core-current	5884f1ff	FUN_5884f1ff	31
client-core-current	5884f21e	FUN_5884f21e	11
client-core-current	5884f229	FUN_5884f229	8
client-core-current	5884f231	FUN_5884f231	23
client-core-current	5884f248	FUN_5884f248	8
client-core-current	5884f250	FUN_5884f250	60
client-core-current	5884f28c	FUN_5884f28c	35
client-core-current	5884f2af	FUN_5884f2af	162
client-core-current	5884f351	FUN_5884f351	654
client-core-current	5884f5df	FUN_5884f5df	28
client-core-current	5884f5fb	FUN_5884f5fb	43
client-core-current	5884f626	FUN_5884f626	14
client-core-current	5884f634	FUN_5884f634	146
client-core-current	5884f6c6	FUN_5884f6c6	56
client-core-current	5884f6fe	FUN_5884f6fe	51
client-core-current	5884f731	FUN_5884f731	30
client-core-current	5884f74f	FUN_5884f74f	308
client-core-current	5884f88d	FUN_5884f88d	143
client-core-current	5884f929	FUN_5884f929	129
client-core-current	5884f9aa	FUN_5884f9aa	930
client-core-current	5884fd4d	FUN_5884fd4d	309
client-core-current	5884fe83	FUN_5884fe83	142
client-core-current	5884ff11	FUN_5884ff11	258
client-core-current	58850013	FUN_58850013	9
client-core-current	5885001c	FUN_5885001c	27
client-core-current	58850037	FUN_58850037	30
client-core-current	58850055	FUN_58850055	31
client-core-current	58850074	FUN_58850074	176
client-core-current	588501c8	FUN_588501c8	123
client-core-current	58850243	FUN_58850243	40
client-core-current	58850266	Catch_All@58850266	20
client-core-current	58850285	FUN_58850285	74
client-core-current	588502cf	FUN_588502cf	24
client-core-current	588502e7	FUN_588502e7	201
client-core-current	588503bb	FUN_588503bb	20
client-core-current	588503d5	FUN_588503d5	153
client-core-current	5885046f	FUN_5885046f	16
client-core-current	5885047f	FUN_5885047f	19
client-core-current	58850492	FUN_58850492	11
client-core-current	588504a0	FUN_588504a0	76
client-core-current	588504ec	FUN_588504ec	48
client-core-current	5885051c	FUN_5885051c	45
client-core-current	58850550	FUN_58850550	196
client-core-current	58850670	FUN_58850670	151
client-core-current	58850710	FUN_58850710	12
client-core-current	58850720	FUN_58850720	31
client-core-current	58850740	FUN_58850740	3
client-core-current	58850750	FUN_58850750	159
client-core-current	58850840	FUN_58850840	23
client-core-current	58850860	FUN_58850860	25
client-core-current	58850880	FUN_58850880	26
client-core-current	588508a0	FUN_588508a0	23
client-core-current	588508b7	FUN_588508b7	60
client-core-current	588508f3	FUN_588508f3	47
client-core-current	58850922	FUN_58850922	160
client-core-current	588509c2	FUN_588509c2	75
client-core-current	58850a0d	FUN_58850a0d	59
client-core-current	58850a48	FUN_58850a48	59
client-core-current	58850a83	FUN_58850a83	59
client-core-current	58850abe	FUN_58850abe	62
client-core-current	58850afc	FUN_58850afc	71
client-core-current	58850b43	FUN_58850b43	28
client-core-current	58850b60	FUN_58850b60	29
client-core-current	58850b7d	FUN_58850b7d	14
client-core-current	58850b8b	FUN_58850b8b	57
client-core-current	58850be0	FUN_58850be0	133
client-core-current	58850c6c	FUN_58850c6c	33
client-core-current	58850c8d	FUN_58850c8d	18
client-core-current	58850c9f	FUN_58850c9f	72
client-core-current	58850ce7	FUN_58850ce7	60
client-core-current	58850d23	FUN_58850d23	41
client-core-current	58850d4c	FUN_58850d4c	70
client-core-current	58850d92	FUN_58850d92	28
client-core-current	58850daf	FUN_58850daf	313
client-core-current	58850ee8	FUN_58850ee8	15
client-core-current	58850ef7	FUN_58850ef7	55
client-core-current	58850f2e	FUN_58850f2e	124
client-core-current	58850fab	FUN_58850fab	16
client-core-current	58850fbb	FUN_58850fbb	28
client-core-current	58850fd9	FUN_58850fd9	52
client-core-current	5885100d	FUN_5885100d	15
client-core-current	58851020	FUN_58851020	14
client-core-current	58851030	FUN_58851030	67
client-core-current	58851080	FUN_58851080	10
client-core-current	58851090	FUN_58851090	201
client-core-current	588510e0	FUN_588510e0	67
client-core-current	58851130	FUN_58851130	67
client-core-current	58851180	FUN_58851180	139
client-core-current	58851210	FUN_58851210	250
client-core-current	58851253	FUN_58851253	157
client-core-current	588512f3	FUN_588512f3	23
client-core-current	5885130a	FUN_5885130a	11
client-core-current	58851315	FUN_58851315	71
client-core-current	5885135c	FUN_5885135c	137
client-core-current	588513eb	FUN_588513eb	8
client-core-current	588513f3	FUN_588513f3	142
client-core-current	58851481	FUN_58851481	48
client-core-current	588514b1	FUN_588514b1	76
client-core-current	58851500	FUN_58851500	12
client-core-current	5885150c	FUN_5885150c	257
client-core-current	5885160d	FUN_5885160d	372
client-core-current	58851781	FUN_58851781	387
client-core-current	58851904	FUN_58851904	372
client-core-current	58851a78	FUN_58851a78	159
client-core-current	58851b17	FUN_58851b17	154
client-core-current	58851bb1	FUN_58851bb1	24
client-core-current	58851bc9	FUN_58851bc9	25
client-core-current	58851be2	FUN_58851be2	128
client-core-current	58851c62	FUN_58851c62	129
client-core-current	58851ce3	FUN_58851ce3	52
client-core-current	58851d17	FUN_58851d17	49
client-core-current	58851d48	FUN_58851d48	78
client-core-current	58851d96	FUN_58851d96	27
client-core-current	58851db1	FUN_58851db1	531
client-core-current	58851fc4	FUN_58851fc4	1508
client-core-current	588525a8	FUN_588525a8	30
client-core-current	588525c6	FUN_588525c6	397
client-core-current	58852753	FUN_58852753	402
client-core-current	588528e5	FUN_588528e5	397
client-core-current	58852a72	FUN_58852a72	402
client-core-current	58852c04	FUN_58852c04	397
client-core-current	58852d91	FUN_58852d91	402
client-core-current	58852f23	FUN_58852f23	98
client-core-current	58852f85	FUN_58852f85	113
client-core-current	58852ff6	FUN_58852ff6	127
client-core-current	58853075	FUN_58853075	149
client-core-current	5885310a	FUN_5885310a	124
client-core-current	58853186	FUN_58853186	139
client-core-current	58853211	FUN_58853211	116
client-core-current	58853285	FUN_58853285	128
client-core-current	58853305	FUN_58853305	146
client-core-current	58853397	FUN_58853397	165
client-core-current	5885343c	FUN_5885343c	134
client-core-current	588534c2	FUN_588534c2	146
client-core-current	58853554	FUN_58853554	103
client-core-current	588535bb	FUN_588535bb	108
client-core-current	58853627	FUN_58853627	26
client-core-current	58853641	FUN_58853641	36
client-core-current	58853665	FUN_58853665	156
client-core-current	58853701	FUN_58853701	106
client-core-current	5885376b	FUN_5885376b	59
client-core-current	588537a6	FUN_588537a6	61
client-core-current	588537e3	FUN_588537e3	60
client-core-current	5885381f	FUN_5885381f	98
client-core-current	58853881	FUN_58853881	120
client-core-current	588538f9	FUN_588538f9	122
client-core-current	58853973	FUN_58853973	645
client-core-current	58853c1b	FUN_58853c1b	710
client-core-current	58853f03	FUN_58853f03	692
client-core-current	588541d7	FUN_588541d7	565
client-core-current	5885442f	FUN_5885442f	345
client-core-current	58854588	FUN_58854588	345
client-core-current	588546e1	FUN_588546e1	394
client-core-current	5885486b	FUN_5885486b	1010
client-core-current	58854c62	FUN_58854c62	1082
client-core-current	588550a1	FUN_588550a1	1297
client-core-current	588555b7	FUN_588555b7	49
client-core-current	5885560b	FUN_5885560b	115
client-core-current	5885567e	FUN_5885567e	116
client-core-current	588556f2	FUN_588556f2	439
client-core-current	588558a9	FUN_588558a9	461
client-core-current	58855a76	FUN_58855a76	140
client-core-current	58855b02	FUN_58855b02	165
client-core-current	58855ba7	FUN_58855ba7	133
client-core-current	58855c2c	FUN_58855c2c	29
client-core-current	58855c49	FUN_58855c49	29
client-core-current	58855c66	FUN_58855c66	22
client-core-current	58855c7c	FUN_58855c7c	22
client-core-current	58855c92	FUN_58855c92	115
client-core-current	58855d05	FUN_58855d05	117
client-core-current	58855d7a	FUN_58855d7a	193
client-core-current	58855e40	FUN_58855e40	41
client-core-current	58855e69	FUN_58855e69	46
client-core-current	58855ea0	FUN_58855ea0	91
client-core-current	58855efb	FUN_58855efb	27
client-core-current	58855f16	FUN_58855f16	56
client-core-current	58855f4e	FUN_58855f4e	49
client-core-current	58855f7f	FUN_58855f7f	135
client-core-current	58856006	FUN_58856006	34
client-core-current	58856028	FUN_58856028	58
client-core-current	58856062	FUN_58856062	44
client-core-current	5885608e	FUN_5885608e	111
client-core-current	588560fd	FUN_588560fd	121
client-core-current	58856176	FUN_58856176	127
client-core-current	588561f5	FUN_588561f5	34
client-core-current	58856217	FUN_58856217	164
client-core-current	588562bb	FUN_588562bb	68
client-core-current	588562ff	FUN_588562ff	65
client-core-current	58856340	FUN_58856340	65
client-core-current	58856381	FUN_58856381	65
client-core-current	588563c2	FUN_588563c2	159
client-core-current	58856461	FUN_58856461	178
client-core-current	58856513	FUN_58856513	191
client-core-current	588565d2	FUN_588565d2	112
client-core-current	58856642	FUN_58856642	114
client-core-current	588566b4	FUN_588566b4	115
client-core-current	58856727	FUN_58856727	51
client-core-current	5885675a	FUN_5885675a	51
client-core-current	5885678d	FUN_5885678d	32
client-core-current	588567ad	FUN_588567ad	468
client-core-current	58856981	FUN_58856981	29
client-core-current	5885699e	FUN_5885699e	143
client-core-current	58856a33	FUN_58856a33	8
client-core-current	58856a3b	FUN_58856a3b	129
client-core-current	58856abc	FUN_58856abc	65
client-core-current	58856afd	FUN_58856afd	587
client-core-current	58856d48	FUN_58856d48	1571
client-core-current	5885736b	FUN_5885736b	688
client-core-current	5885761b	FUN_5885761b	87
client-core-current	58857672	FUN_58857672	70
client-core-current	588576b8	FUN_588576b8	70
client-core-current	588576fe	FUN_588576fe	76
client-core-current	5885774a	FUN_5885774a	70
client-core-current	58857790	FUN_58857790	143
client-core-current	5885781f	FUN_5885781f	65
client-core-current	58857860	FUN_58857860	12
client-core-current	5885786c	FUN_5885786c	27
client-core-current	58857887	FUN_58857887	196
client-core-current	5885796f	FUN_5885796f	185
client-core-current	58857a2d	FUN_58857a2d	46
client-core-current	58857a5b	FUN_58857a5b	66
client-core-current	58857a9d	FUN_58857a9d	125
client-core-current	58857b1f	FUN_58857b1f	15
client-core-current	58857b3d	FUN_58857b3d	22
client-core-current	58857b53	FUN_58857b53	7
client-core-current	58857b5a	FUN_58857b5a	22
client-core-current	58857b70	FUN_58857b70	233
client-core-current	58857c59	FUN_58857c59	63
client-core-current	58857c98	FUN_58857c98	63
client-core-current	58857cd7	FUN_58857cd7	130
client-core-current	58857d59	FUN_58857d59	23
client-core-current	58857d70	FUN_58857d70	163
client-core-current	58857e91	FUN_58857e91	55
client-core-current	58857ec8	FUN_58857ec8	87
client-core-current	58857f1f	FUN_58857f1f	80
client-core-current	58857f6f	FUN_58857f6f	131
client-core-current	58857ff2	FUN_58857ff2	14
client-core-current	58858000	FUN_58858000	178
client-core-current	588580b2	FUN_588580b2	198
client-core-current	58858178	FUN_58858178	29
client-core-current	58858195	FUN_58858195	29
client-core-current	588581b2	FUN_588581b2	231
client-core-current	58858299	FUN_58858299	288
client-core-current	588583ba	FUN_588583ba	279
client-core-current	588584d2	FUN_588584d2	126
client-core-current	58858550	FUN_58858550	179
client-core-current	58858604	FUN_58858604	36
client-core-current	58858628	FUN_58858628	63
client-core-current	58858667	FUN_58858667	26
client-core-current	58858681	FUN_58858681	60
client-core-current	588586bd	FUN_588586bd	63
client-core-current	588586fc	FUN_588586fc	33
client-core-current	5885871d	FUN_5885871d	38
client-core-current	58858743	FUN_58858743	27
client-core-current	5885875e	FUN_5885875e	110
client-core-current	588587cc	FUN_588587cc	194
client-core-current	5885888e	FUN_5885888e	198
client-core-current	58858954	FUN_58858954	263
client-core-current	58858a5b	FUN_58858a5b	263
client-core-current	58858b62	FUN_58858b62	26
client-core-current	58858b7c	FUN_58858b7c	29
client-core-current	58858b99	FUN_58858b99	29
client-core-current	58858bb6	FUN_58858bb6	102
client-core-current	58858c1c	FUN_58858c1c	303
client-core-current	58858d4b	FUN_58858d4b	26
client-core-current	58858d65	FUN_58858d65	39
client-core-current	58858d8c	FUN_58858d8c	60
client-core-current	58858dc8	FUN_58858dc8	33
client-core-current	58858de9	FUN_58858de9	92
client-core-current	58858e45	FUN_58858e45	127
client-core-current	58858ec4	FUN_58858ec4	20
client-core-current	58858ed8	FUN_58858ed8	28
client-core-current	58858ef4	FUN_58858ef4	159
client-core-current	58858f93	FUN_58858f93	86
client-core-current	58858fe9	FUN_58858fe9	225
client-core-current	588590ca	FUN_588590ca	87
client-core-current	58859121	FUN_58859121	11
client-core-current	58859130	FUN_58859130	352
client-core-current	58859290	FUN_58859290	290
client-core-current	588593c0	FUN_588593c0	469
client-core-current	588595a0	FUN_588595a0	70
client-core-current	588595f0	FUN_588595f0	11
client-core-current	58859600	thunk_FUN_5886cc10	5
client-core-current	58859610	FUN_58859610	11
client-core-current	58859620	FUN_58859620	108
client-core-current	58859690	FUN_58859690	106
client-core-current	58859700	FUN_58859700	32
client-core-current	58859720	FUN_58859720	270
client-core-current	58859830	FUN_58859830	114
client-core-current	588598b0	FUN_588598b0	449
client-core-current	58859a71	FUN_58859a71	40
client-core-current	58859aa0	FUN_58859aa0	7
client-core-current	58859ab0	FUN_58859ab0	232
client-core-current	58859c60	FUN_58859c60	16
client-core-current	58859cbc	FUN_58859cbc	70
client-core-current	58859d02	FUN_58859d02	20
client-core-current	58859d16	FUN_58859d16	20
client-core-current	58859d2a	FUN_58859d2a	128
client-core-current	58859daa	FUN_58859daa	12
client-core-current	58859db6	FUN_58859db6	160
client-core-current	58859e56	FUN_58859e56	12
client-core-current	58859e62	FUN_58859e62	81
client-core-current	58859eb6	FUN_58859eb6	12
client-core-current	58859ec2	FUN_58859ec2	76
client-core-current	58859f0e	FUN_58859f0e	49
client-core-current	58859f3f	FUN_58859f3f	35
client-core-current	58859f62	FUN_58859f62	105
client-core-current	58859fcb	FUN_58859fcb	101
client-core-current	5885a030	FUN_5885a030	9
client-core-current	5885a039	FUN_5885a039	83
client-core-current	5885a08c	FUN_5885a08c	60
client-core-current	5885a0c8	FUN_5885a0c8	11
client-core-current	5885a0d3	FUN_5885a0d3	267
client-core-current	5885a1e4	FUN_5885a1e4	8
client-core-current	5885a1ec	FUN_5885a1ec	89
client-core-current	5885a245	FUN_5885a245	294
client-core-current	5885a371	FUN_5885a371	8
client-core-current	5885a379	FUN_5885a379	45
client-core-current	5885a3a6	FUN_5885a3a6	52
client-core-current	5885a3da	FUN_5885a3da	59
client-core-current	5885a415	FUN_5885a415	130
client-core-current	5885a497	FUN_5885a497	157
client-core-current	5885a537	FUN_5885a537	10
client-core-current	5885a541	FUN_5885a541	217
client-core-current	5885a61a	FUN_5885a61a	236
client-core-current	5885a706	FUN_5885a706	58
client-core-current	5885a740	FUN_5885a740	58
client-core-current	5885a77a	FUN_5885a77a	76
client-core-current	5885a7c9	FUN_5885a7c9	12
client-core-current	5885a7d5	FUN_5885a7d5	76
client-core-current	5885a821	FUN_5885a821	119
client-core-current	5885a898	FUN_5885a898	404
client-core-current	5885aa2c	FUN_5885aa2c	58
client-core-current	5885aa66	FUN_5885aa66	76
client-core-current	5885aab5	FUN_5885aab5	12
client-core-current	5885aac1	FUN_5885aac1	160
client-core-current	5885ab61	FUN_5885ab61	150
client-core-current	5885abf7	FUN_5885abf7	51
client-core-current	5885ac2a	FUN_5885ac2a	58
client-core-current	5885ac64	FUN_5885ac64	244
client-core-current	5885ad58	FUN_5885ad58	101
client-core-current	5885adc3	FUN_5885adc3	8
client-core-current	5885adcb	FUN_5885adcb	656
client-core-current	5885b05c	FUN_5885b05c	11
client-core-current	5885b067	FUN_5885b067	100
client-core-current	5885b0cb	FUN_5885b0cb	80
client-core-current	5885b11b	FUN_5885b11b	1055
client-core-current	5885b53b	FUN_5885b53b	19
client-core-current	5885b5f0	FUN_5885b5f0	250
client-core-current	5885b633	FUN_5885b633	106
client-core-current	5885b69d	FUN_5885b69d	76
client-core-current	5885b6ec	FUN_5885b6ec	12
client-core-current	5885b6f8	FUN_5885b6f8	33
client-core-current	5885b719	FUN_5885b719	63
client-core-current	5885b758	FUN_5885b758	66
client-core-current	5885b79a	FUN_5885b79a	180
client-core-current	5885b84e	FUN_5885b84e	33
client-core-current	5885b86f	FUN_5885b86f	33
client-core-current	5885b890	FUN_5885b890	33
client-core-current	5885b8b1	FUN_5885b8b1	33
client-core-current	5885b8d2	FUN_5885b8d2	30
client-core-current	5885b8f0	FUN_5885b8f0	138
client-core-current	5885b97a	FUN_5885b97a	138
client-core-current	5885ba04	FUN_5885ba04	138
client-core-current	5885ba8e	FUN_5885ba8e	138
client-core-current	5885bb18	FUN_5885bb18	1133
client-core-current	5885bf85	FUN_5885bf85	1133
client-core-current	5885c3f2	FUN_5885c3f2	187
client-core-current	5885c4ad	FUN_5885c4ad	187
client-core-current	5885c568	FUN_5885c568	264
client-core-current	5885c670	FUN_5885c670	264
client-core-current	5885c778	FUN_5885c778	58
client-core-current	5885c7b2	FUN_5885c7b2	58
client-core-current	5885c7ec	FUN_5885c7ec	58
client-core-current	5885c826	FUN_5885c826	58
client-core-current	5885c860	FUN_5885c860	285
client-core-current	5885c9a8	FUN_5885c9a8	249
client-core-current	5885cacc	FUN_5885cacc	756
client-core-current	5885cdc0	FUN_5885cdc0	92
client-core-current	5885ce1c	FUN_5885ce1c	756
client-core-current	5885d110	FUN_5885d110	92
client-core-current	5885d16c	FUN_5885d16c	104
client-core-current	5885d1d4	FUN_5885d1d4	104
client-core-current	5885d23c	FUN_5885d23c	108
client-core-current	5885d2a8	FUN_5885d2a8	108
client-core-current	5885d314	FUN_5885d314	384
client-core-current	5885d494	FUN_5885d494	364
client-core-current	5885d600	FUN_5885d600	396
client-core-current	5885d78c	FUN_5885d78c	376
client-core-current	5885d904	FUN_5885d904	55
client-core-current	5885d93b	FUN_5885d93b	47
client-core-current	5885d96a	FUN_5885d96a	53
client-core-current	5885d99f	FUN_5885d99f	53
client-core-current	5885d9d4	FUN_5885d9d4	59
client-core-current	5885da0f	FUN_5885da0f	59
client-core-current	5885da4a	FUN_5885da4a	74
client-core-current	5885da94	FUN_5885da94	61
client-core-current	5885dad1	FUN_5885dad1	49
client-core-current	5885db02	FUN_5885db02	73
client-core-current	5885db4b	FUN_5885db4b	68
client-core-current	5885db8f	FUN_5885db8f	42
client-core-current	5885dbb9	FUN_5885dbb9	128
client-core-current	5885dc39	FUN_5885dc39	42
client-core-current	5885dc63	FUN_5885dc63	280
client-core-current	5885dd7b	FUN_5885dd7b	36
client-core-current	5885dda0	FUN_5885dda0	36
client-core-current	5885ddc5	FUN_5885ddc5	64
client-core-current	5885de05	FUN_5885de05	921
client-core-current	5885e19e	FUN_5885e19e	413
client-core-current	5885e33b	FUN_5885e33b	53
client-core-current	5885e370	FUN_5885e370	7423
client-core-current	5886006f	FUN_5886006f	177
client-core-current	58860120	FUN_58860120	23
client-core-current	58860140	FUN_58860140	1239
client-core-current	58860617	FUN_58860617	63
client-core-current	58860656	FUN_58860656	65
client-core-current	58860697	FUN_58860697	22
client-core-current	588606ad	FUN_588606ad	80
client-core-current	588606fd	FUN_588606fd	80
client-core-current	5886074d	FUN_5886074d	55
client-core-current	5886079b	FUN_5886079b	23
client-core-current	588607b2	FUN_588607b2	139
client-core-current	5886083d	FUN_5886083d	133
client-core-current	588608ee	FUN_588608ee	76
client-core-current	58860962	FUN_58860962	76
client-core-current	588609d6	FUN_588609d6	48
client-core-current	58860a06	FUN_58860a06	48
client-core-current	58860a36	FUN_58860a36	101
client-core-current	58860a9b	FUN_58860a9b	101
client-core-current	58860b00	FUN_58860b00	54
client-core-current	58860b36	FUN_58860b36	54
client-core-current	58860b6c	FUN_58860b6c	87
client-core-current	58860bc3	FUN_58860bc3	78
client-core-current	58860c11	FUN_58860c11	66
client-core-current	58860c53	FUN_58860c53	66
client-core-current	58860c95	FUN_58860c95	72
client-core-current	58860cdd	FUN_58860cdd	72
client-core-current	58860d25	FUN_58860d25	29
client-core-current	58860d42	FUN_58860d42	29
client-core-current	58860d5f	FUN_58860d5f	37
client-core-current	58860d84	FUN_58860d84	380
client-core-current	58860f00	FUN_58860f00	148
client-core-current	58860f94	FUN_58860f94	277
client-core-current	588610a9	FUN_588610a9	82
client-core-current	588610fb	FUN_588610fb	30
client-core-current	58861119	FUN_58861119	336
client-core-current	58861269	FUN_58861269	43
client-core-current	58861294	FUN_58861294	33
client-core-current	588612b5	FUN_588612b5	35
client-core-current	588612d8	FUN_588612d8	49
client-core-current	5886132b	FUN_5886132b	71
client-core-current	58861372	FUN_58861372	71
client-core-current	588613b9	FUN_588613b9	30
client-core-current	588613d7	FUN_588613d7	31
client-core-current	588613f6	FUN_588613f6	28
client-core-current	58861412	FUN_58861412	33
client-core-current	58861433	FUN_58861433	33
client-core-current	58861454	FUN_58861454	34
client-core-current	58861476	FUN_58861476	118
client-core-current	588614ec	FUN_588614ec	109
client-core-current	58861559	FUN_58861559	111
client-core-current	588615c8	FUN_588615c8	111
client-core-current	58861637	FUN_58861637	133
client-core-current	588616bc	FUN_588616bc	36
client-core-current	588616e0	FUN_588616e0	522
client-core-current	588618f0	FUN_588618f0	94
client-core-current	58861950	FUN_58861950	23
client-core-current	58861970	FUN_58861970	169
client-core-current	58861a19	FUN_58861a19	105
client-core-current	58861a90	FUN_58861a90	40
client-core-current	58861ac0	FUN_58861ac0	120
client-core-current	58861b40	FUN_58861b40	288
client-core-current	58861c60	FUN_58861c60	254
client-core-current	58861d5e	FUN_58861d5e	254
client-core-current	58861e5c	FUN_58861e5c	48
client-core-current	58861e8c	FUN_58861e8c	48
client-core-current	58861ebc	FUN_58861ebc	174
client-core-current	58861f6a	FUN_58861f6a	142
client-core-current	58862000	FUN_58862000	260
client-core-current	58862050	FUN_58862050	681
client-core-current	588621a0	FUN_588621a0	28
client-core-current	588621c0	FUN_588621c0	43
client-core-current	588621f0	FUN_588621f0	31
client-core-current	58862210	FUN_58862210	193
client-core-current	588622e0	FUN_588622e0	85
client-core-current	58862335	FUN_58862335	127
client-core-current	588623b4	FUN_588623b4	95
client-core-current	58862413	FUN_58862413	35
client-core-current	58862436	FUN_58862436	36
client-core-current	5886245a	FUN_5886245a	21
client-core-current	5886246f	FUN_5886246f	21
client-core-current	58862484	FUN_58862484	58
client-core-current	588624be	FUN_588624be	67
client-core-current	58862501	FUN_58862501	331
client-core-current	5886264c	FUN_5886264c	185
client-core-current	58862705	FUN_58862705	11
client-core-current	58862710	FUN_58862710	68
client-core-current	58862760	FUN_58862760	2887
client-core-current	588633cd	FUN_588633cd	113
client-core-current	5886343e	FUN_5886343e	128
client-core-current	588634be	FUN_588634be	1064
client-core-current	588638e6	FUN_588638e6	178
client-core-current	58863998	FUN_58863998	260
client-core-current	58863a9c	FUN_58863a9c	60
client-core-current	58863ad8	FUN_58863ad8	60
client-core-current	58863b14	FUN_58863b14	38
client-core-current	58863b3a	FUN_58863b3a	19
client-core-current	58863b50	FUN_58863b50	109
client-core-current	58863bd0	FUN_58863bd0	11
client-core-current	58863c1c	FUN_58863c1c	23
client-core-current	58863c64	FUN_58863c64	23
client-core-current	58863c7b	FUN_58863c7b	14
client-core-current	58863c92	FUN_58863c92	76
client-core-current	58863ce1	FUN_58863ce1	12
client-core-current	58863ced	FUN_58863ced	350
client-core-current	58863e4c	FUN_58863e4c	154
client-core-current	58863ee7	FUN_58863ee7	56
client-core-current	58863f1f	FUN_58863f1f	36
client-core-current	58863f50	FUN_58863f50	132
client-core-current	58863fe0	FUN_58863fe0	132
client-core-current	58864070	FUN_58864070	132
client-core-current	588640f4	FUN_588640f4	37
client-core-current	58864119	FUN_58864119	39
client-core-current	58864140	FUN_58864140	37
client-core-current	58864165	FUN_58864165	1124
client-core-current	588645d0	FUN_588645d0	100
client-core-current	58864640	FUN_58864640	11
client-core-current	58864650	FUN_58864650	30
client-core-current	58864670	FUN_58864670	44
client-core-current	588646b0	FUN_588646b0	15
client-core-current	588646d0	FUN_588646d0	75
client-core-current	5886471e	FUN_5886471e	9
client-core-current	5886478c	FUN_5886478c	9
client-core-current	588647ad	FUN_588647ad	31
client-core-current	588647d0	FUN_588647d0	310
client-core-current	58864910	FUN_58864910	809
client-core-current	58864c40	FUN_58864c40	35
client-core-current	58864c70	FUN_58864c70	785
client-core-current	58864fa0	FUN_58864fa0	49
client-core-current	58864fe0	FUN_58864fe0	255
client-core-current	588650df	FUN_588650df	32
client-core-current	588650ff	FUN_588650ff	326
client-core-current	58865245	FUN_58865245	317
client-core-current	58865382	FUN_58865382	370
client-core-current	588654f4	FUN_588654f4	79
client-core-current	58865543	FUN_58865543	11
client-core-current	5886554e	FUN_5886554e	44
client-core-current	5886557a	FUN_5886557a	90
client-core-current	588655d4	FUN_588655d4	85
client-core-current	58865629	FUN_58865629	228
client-core-current	5886570e	FUN_5886570e	290
client-core-current	58865831	FUN_58865831	47
client-core-current	58865860	FUN_58865860	129
client-core-current	588658e1	FUN_588658e1	27
client-core-current	588658fc	FUN_588658fc	27
client-core-current	58865917	thunk_FUN_5886554e	5
client-core-current	5886596d	thunk_FUN_5886557a	5
client-core-current	58865972	FUN_58865972	76
client-core-current	588659c1	FUN_588659c1	12
client-core-current	588659cd	FUN_588659cd	76
client-core-current	58865a1c	FUN_58865a1c	12
client-core-current	58865a28	FUN_58865a28	275
client-core-current	58865b3b	FUN_58865b3b	218
client-core-current	58865c15	FUN_58865c15	22
client-core-current	58865c2b	FUN_58865c2b	57
client-core-current	58865c69	FUN_58865c69	41
client-core-current	58865c92	FUN_58865c92	51
client-core-current	58865d2b	FUN_58865d2b	23
client-core-current	58865d92	FUN_58865d92	46
client-core-current	58865dc0	FUN_58865dc0	18
client-core-current	58865dd2	FUN_58865dd2	11
client-core-current	58865ddd	FUN_58865ddd	8
client-core-current	58865de5	FUN_58865de5	48
client-core-current	58865e15	FUN_58865e15	18
client-core-current	58865e27	FUN_58865e27	52
client-core-current	58865e63	FUN_58865e63	43
client-core-current	58865e8e	FUN_58865e8e	46
client-core-current	58865ec0	FUN_58865ec0	161
client-core-current	58865f70	FUN_58865f70	254
client-core-current	58866080	FUN_58866080	38
client-core-current	588660b0	FUN_588660b0	70
client-core-current	58866100	FUN_58866100	41
client-core-current	58866130	FUN_58866130	242
client-core-current	58866230	FUN_58866230	115
client-core-current	588662a8	FUN_588662a8	23
client-core-current	588662bf	FUN_588662bf	229
client-core-current	588663a4	FUN_588663a4	23
client-core-current	588663bb	FUN_588663bb	418
client-core-current	5886655d	FUN_5886655d	23
client-core-current	58866574	FUN_58866574	265
client-core-current	5886667d	FUN_5886667d	29
client-core-current	5886669a	FUN_5886669a	26
client-core-current	588666b4	FUN_588666b4	210
client-core-current	58866786	FUN_58866786	23
client-core-current	5886679d	FUN_5886679d	238
client-core-current	5886688b	FUN_5886688b	24
client-core-current	588668a3	FUN_588668a3	190
client-core-current	58866961	FUN_58866961	24
client-core-current	58866979	FUN_58866979	114
client-core-current	588669f0	FUN_588669f0	91
client-core-current	58866a4c	FUN_58866a4c	26
client-core-current	58866a66	FUN_58866a66	298
client-core-current	58866b90	FUN_58866b90	26
client-core-current	58866baa	FUN_58866baa	458
client-core-current	58866d80	FUN_58866d80	49
client-core-current	58866dc0	FUN_58866dc0	89
client-core-current	58866e20	FUN_58866e20	343
client-core-current	58866f80	FUN_58866f80	149
client-core-current	58867020	FUN_58867020	67
client-core-current	58867070	FUN_58867070	155
client-core-current	58867110	FUN_58867110	292
client-core-current	58867240	FUN_58867240	522
client-core-current	58867450	FUN_58867450	94
client-core-current	588674b0	FUN_588674b0	169
client-core-current	58867559	FUN_58867559	23
client-core-current	58867570	FUN_58867570	157
client-core-current	5886760d	FUN_5886760d	26
client-core-current	58867627	FUN_58867627	286
client-core-current	58867745	FUN_58867745	131
client-core-current	588677ce	FUN_588677ce	10
client-core-current	588677d8	FUN_588677d8	417
client-core-current	58867979	FUN_58867979	459
client-core-current	58867b44	FUN_58867b44	454
client-core-current	58867d0a	FUN_58867d0a	105
client-core-current	58867d73	FUN_58867d73	54
client-core-current	58867da9	FUN_58867da9	11
client-core-current	58867db4	FUN_58867db4	539
client-core-current	58867fd0	FUN_58867fd0	330
client-core-current	5886811b	FUN_5886811b	119
client-core-current	58868192	FUN_58868192	70
client-core-current	588681d9	FUN_588681d9	658
client-core-current	5886846c	FUN_5886846c	345
client-core-current	588685c6	FUN_588685c6	117
client-core-current	5886863b	FUN_5886863b	65
client-core-current	5886867d	FUN_5886867d	84
client-core-current	588686d1	FUN_588686d1	9
client-core-current	588686da	FUN_588686da	72
client-core-current	58868725	FUN_58868725	9
client-core-current	5886872e	FUN_5886872e	57
client-core-current	58868767	FUN_58868767	9
client-core-current	58868770	FUN_58868770	6
client-core-current	58868776	FUN_58868776	70
client-core-current	588687bc	FUN_588687bc	12
client-core-current	588687c8	FUN_588687c8	95
client-core-current	58868827	FUN_58868827	12
client-core-current	58868833	FUN_58868833	73
client-core-current	5886887c	FUN_5886887c	12
client-core-current	58868888	FUN_58868888	78
client-core-current	588688d6	FUN_588688d6	12
client-core-current	588688e2	FUN_588688e2	153
client-core-current	5886897b	FUN_5886897b	33
client-core-current	5886899c	FUN_5886899c	205
client-core-current	58868a69	FUN_58868a69	168
client-core-current	58868b11	FUN_58868b11	75
client-core-current	58868b5c	FUN_58868b5c	63
client-core-current	58868ba0	FUN_58868ba0	14
client-core-current	58868bae	FUN_58868bae	61
client-core-current	58868bf1	FUN_58868bf1	135
client-core-current	58868c7d	FUN_58868c7d	68
client-core-current	58868cfc	FUN_58868cfc	26
client-core-current	58868d19	FUN_58868d19	65
client-core-current	58868d5a	FUN_58868d5a	12
client-core-current	58868d66	FUN_58868d66	54
client-core-current	58868d9c	FUN_58868d9c	15
client-core-current	58868dab	FUN_58868dab	98
client-core-current	58868e0d	FUN_58868e0d	12
client-core-current	58868e19	FUN_58868e19	73
client-core-current	58868e63	FUN_58868e63	47
client-core-current	58868e93	FUN_58868e93	106
client-core-current	58868efd	FUN_58868efd	254
client-core-current	58868ffb	FUN_58868ffb	67
client-core-current	5886903f	FUN_5886903f	52
client-core-current	58869074	FUN_58869074	95
client-core-current	588690d4	FUN_588690d4	11
client-core-current	588690df	FUN_588690df	39
client-core-current	58869106	FUN_58869106	111
client-core-current	58869176	FUN_58869176	316
client-core-current	588692b3	FUN_588692b3	47
client-core-current	588692e2	FUN_588692e2	981
client-core-current	588696b8	FUN_588696b8	64
client-core-current	588696f9	FUN_588696f9	131
client-core-current	5886977c	FUN_5886977c	412
client-core-current	58869919	FUN_58869919	751
client-core-current	58869c09	FUN_58869c09	944
client-core-current	58869fba	FUN_58869fba	47
client-core-current	58869fe9	FUN_58869fe9	474
client-core-current	5886a1c3	FUN_5886a1c3	62
client-core-current	5886a202	FUN_5886a202	113
client-core-current	5886a274	FUN_5886a274	189
client-core-current	5886a332	FUN_5886a332	111
client-core-current	5886a3a2	FUN_5886a3a2	63
client-core-current	5886a3f0	FUN_5886a3f0	21
client-core-current	5886a405	FUN_5886a405	23
client-core-current	5886a41c	FUN_5886a41c	25
client-core-current	5886a435	FUN_5886a435	67
client-core-current	5886a478	FUN_5886a478	22
client-core-current	5886a48e	FUN_5886a48e	13
client-core-current	5886a49b	FUN_5886a49b	42
client-core-current	5886a4d9	FUN_5886a4d9	163
client-core-current	5886a580	FUN_5886a580	20
client-core-current	5886a594	FUN_5886a594	157
client-core-current	5886a6a4	FUN_5886a6a4	461
client-core-current	5886a871	FUN_5886a871	40
client-core-current	5886a8a0	FUN_5886a8a0	25
client-core-current	5886a8b9	FUN_5886a8b9	2822
client-core-current	5886b480	FUN_5886b480	80
client-core-current	5886b4d0	FUN_5886b4d0	73
client-core-current	5886b519	FUN_5886b519	65
client-core-current	5886b55a	FUN_5886b55a	7
client-core-current	5886b561	FUN_5886b561	327
client-core-current	5886b6a8	FUN_5886b6a8	51
client-core-current	5886b6db	FUN_5886b6db	60
client-core-current	5886b800	FUN_5886b800	24
client-core-current	5886b818	FUN_5886b818	6
client-core-current	5886b81e	FUN_5886b81e	681
client-core-current	5886bb1f	FUN_5886bb1f	147
client-core-current	5886bbc0	FUN_5886bbc0	24
client-core-current	5886bbd8	FUN_5886bbd8	6
client-core-current	5886bbde	FUN_5886bbde	395
client-core-current	5886bdbf	FUN_5886bdbf	147
client-core-current	5886be60	FUN_5886be60	24
client-core-current	5886be78	FUN_5886be78	6
client-core-current	5886be7e	FUN_5886be7e	425
client-core-current	5886c140	FUN_5886c140	24
client-core-current	5886c158	FUN_5886c158	6
client-core-current	5886c15e	FUN_5886c15e	1378
client-core-current	5886c6c0	FUN_5886c6c0	93
client-core-current	5886c720	FUN_5886c720	9
client-core-current	5886c729	FUN_5886c729	59
client-core-current	5886c764	FUN_5886c764	194
client-core-current	5886c826	FUN_5886c826	577
client-core-current	5886ca67	FUN_5886ca67	131
client-core-current	5886caea	FUN_5886caea	27
client-core-current	5886cb05	FUN_5886cb05	31
client-core-current	5886cb24	FUN_5886cb24	32
client-core-current	5886cb44	FUN_5886cb44	34
client-core-current	5886cb66	FUN_5886cb66	34
client-core-current	5886cb88	FUN_5886cb88	54
client-core-current	5886cbbe	FUN_5886cbbe	32
client-core-current	5886cbde	FUN_5886cbde	32
client-core-current	5886cbfe	FUN_5886cbfe	11
client-core-current	5886cc10	FUN_5886cc10	58
client-core-current	5886cc56	FUN_5886cc56	39
client-core-current	5886cc7d	FUN_5886cc7d	130
client-core-current	5886cd02	FUN_5886cd02	12
client-core-current	5886cd0e	FUN_5886cd0e	163
client-core-current	5886cdb1	FUN_5886cdb1	48
client-core-current	5886cde1	FUN_5886cde1	160
client-core-current	5886ce81	FUN_5886ce81	64
client-core-current	5886ced0	FUN_5886ced0	81
client-core-current	5886cf21	FUN_5886cf21	45
client-core-current	5886cf4e	FUN_5886cf4e	49
client-core-current	5886cf7f	FUN_5886cf7f	45
client-core-current	5886cfac	FUN_5886cfac	49
client-core-current	5886cfdd	FUN_5886cfdd	98
client-core-current	5886d03f	FUN_5886d03f	178
client-core-current	5886d0f1	FUN_5886d0f1	828
client-core-current	5886d42d	FUN_5886d42d	144
client-core-current	5886d4bd	FUN_5886d4bd	322
client-core-current	5886d600	FUN_5886d600	137
client-core-current	5886d689	FUN_5886d689	224
client-core-current	5886d769	FUN_5886d769	199
client-core-current	5886d830	FUN_5886d830	148
client-core-current	5886d8c5	FUN_5886d8c5	52
client-core-current	5886d8f9	FUN_5886d8f9	147
client-core-current	5886d98c	FUN_5886d98c	384
client-core-current	5886db0c	FUN_5886db0c	356
client-core-current	5886dc70	FUN_5886dc70	304
client-core-current	5886dda0	FUN_5886dda0	56
client-core-current	5886ddd8	FUN_5886ddd8	65
client-core-current	5886de19	FUN_5886de19	441
client-core-current	5886dfd2	FUN_5886dfd2	171
client-core-current	5886e07d	FUN_5886e07d	44
client-core-current	5886e0a9	FUN_5886e0a9	67
client-core-current	5886e0ec	FUN_5886e0ec	275
client-core-current	5886e1ff	FUN_5886e1ff	21
client-core-current	5886e214	FUN_5886e214	62
client-core-current	5886e252	FUN_5886e252	171
client-core-current	5886e2fd	FUN_5886e2fd	62
client-core-current	5886e33b	FUN_5886e33b	176
client-core-current	5886e527	FUN_5886e527	339
client-core-current	5886e67a	FUN_5886e67a	448
client-core-current	5886e83a	FUN_5886e83a	343
client-core-current	5886e991	FUN_5886e991	125
client-core-current	5886ea0e	FUN_5886ea0e	267
client-core-current	5886eb1f	FUN_5886eb1f	8
client-core-current	5886eb27	FUN_5886eb27	908
client-core-current	5886eeb3	FUN_5886eeb3	395
client-core-current	5886f03e	FUN_5886f03e	11
client-core-current	5886f049	FUN_5886f049	105
client-core-current	5886f0b2	FUN_5886f0b2	203
client-core-current	5886f17d	FUN_5886f17d	18
client-core-current	5886f18f	FUN_5886f18f	19
client-core-current	5886f1a2	FUN_5886f1a2	58
client-core-current	5886f1dc	FUN_5886f1dc	39
client-core-current	5886f210	FUN_5886f210	96
client-core-current	5886f270	FUN_5886f270	34
client-core-current	5886f292	FUN_5886f292	100
client-core-current	5886f2f9	FUN_5886f2f9	12
client-core-current	5886f305	FUN_5886f305	42
client-core-current	5886f32f	FUN_5886f32f	43
client-core-current	5886f35a	FUN_5886f35a	43
client-core-current	5886f385	FUN_5886f385	43
client-core-current	5886f3b0	FUN_5886f3b0	43
client-core-current	5886f3db	FUN_5886f3db	43
client-core-current	5886f406	FUN_5886f406	43
client-core-current	5886f431	FUN_5886f431	43
client-core-current	5886f45c	FUN_5886f45c	43
client-core-current	5886f487	FUN_5886f487	43
client-core-current	5886f4b2	FUN_5886f4b2	43
client-core-current	5886f4dd	FUN_5886f4dd	204
client-core-current	5886f5aa	FUN_5886f5aa	99
client-core-current	5886f60d	FUN_5886f60d	79
client-core-current	5886f65c	FUN_5886f65c	79
client-core-current	5886f6ab	FUN_5886f6ab	31
client-core-current	5886f6ca	FUN_5886f6ca	93
client-core-current	5886f727	FUN_5886f727	84
client-core-current	5886f77b	FUN_5886f77b	12
client-core-current	5886f787	FUN_5886f787	12
client-core-current	5886f793	FUN_5886f793	13
client-core-current	5886f7a0	FUN_5886f7a0	12
client-core-current	5886f7ac	FUN_5886f7ac	12
client-core-current	5886f7b8	FUN_5886f7b8	63
client-core-current	5886f7f7	FUN_5886f7f7	60
client-core-current	5886f833	FUN_5886f833	12
client-core-current	5886f83f	FUN_5886f83f	56
client-core-current	5886f877	FUN_5886f877	63
client-core-current	5886f8b6	FUN_5886f8b6	93
client-core-current	5886f913	FUN_5886f913	49
client-core-current	5886f944	FUN_5886f944	74
client-core-current	5886f98e	FUN_5886f98e	61
client-core-current	5886f9cb	FUN_5886f9cb	11
client-core-current	5886f9d6	FUN_5886f9d6	55
client-core-current	5886fa0d	FUN_5886fa0d	35
client-core-current	5886fa61	FUN_5886fa61	54
client-core-current	5886fa97	FUN_5886fa97	152
client-core-current	5886fb2f	FUN_5886fb2f	42
client-core-current	5886fb59	FUN_5886fb59	144
client-core-current	5886fbe9	FUN_5886fbe9	106
client-core-current	5886fc53	FUN_5886fc53	462
client-core-current	5886fe22	FUN_5886fe22	70
client-core-current	5886fe68	FUN_5886fe68	11
client-core-current	5886fe73	FUN_5886fe73	46
client-core-current	5886fea1	FUN_5886fea1	164
client-core-current	5886ff45	FUN_5886ff45	149
client-core-current	5886ffda	FUN_5886ffda	85
client-core-current	58870030	FUN_58870030	146
client-core-current	58870110	FUN_58870110	19
client-core-current	58870130	FUN_58870130	44
client-core-current	58870160	FUN_58870160	91
client-core-current	588701c0	FUN_588701c0	18
client-core-current	5887027d	FUN_5887027d	147
client-core-current	58870313	FUN_58870313	12
client-core-current	5887031f	FUN_5887031f	125
client-core-current	5887039c	FUN_5887039c	966
client-core-current	58870767	FUN_58870767	104
client-core-current	588707cf	FUN_588707cf	125
client-core-current	5887084c	FUN_5887084c	219
client-core-current	58870927	FUN_58870927	233
client-core-current	58870a10	FUN_58870a10	306
client-core-current	58870b42	FUN_58870b42	55
client-core-current	58870b79	FUN_58870b79	259
client-core-current	58870c82	FUN_58870c82	8
client-core-current	58870c8a	FUN_58870c8a	540
client-core-current	58870ea6	FUN_58870ea6	246
client-core-current	58870f9c	FUN_58870f9c	210
client-core-current	5887106e	FUN_5887106e	143
client-core-current	588710fd	FUN_588710fd	11
client-core-current	58871108	FUN_58871108	276
client-core-current	58871225	FUN_58871225	8
client-core-current	5887122d	FUN_5887122d	131
client-core-current	588712b0	FUN_588712b0	64
client-core-current	588712f0	FUN_588712f0	30
client-core-current	5887130e	FUN_5887130e	64
client-core-current	5887134e	FUN_5887134e	30
client-core-current	5887136c	FUN_5887136c	92
client-core-current	588713fd	FUN_588713fd	6
client-core-current	58871403	FUN_58871403	6
client-core-current	58871409	FUN_58871409	6
client-core-current	5887140f	FUN_5887140f	6
client-core-current	58871415	FUN_58871415	6
client-core-current	5887141b	FUN_5887141b	44
client-core-current	58871447	FUN_58871447	44
client-core-current	58871473	FUN_58871473	44
client-core-current	588714f0	FUN_588714f0	24
client-core-current	5887150e	FUN_5887150e	639
client-core-current	588717ff	FUN_588717ff	193
client-core-current	588718c0	FUN_588718c0	24
client-core-current	588718de	FUN_588718de	614
client-core-current	58871c60	FUN_58871c60	24
client-core-current	58871c78	FUN_58871c78	6
client-core-current	58871c7e	FUN_58871c7e	1334
client-core-current	588721b4	FUN_588721b4	40
client-core-current	588721e0	FUN_588721e0	15
client-core-current	588721ef	FUN_588721ef	493
client-core-current	588723dc	FUN_588723dc	73
client-core-current	58872425	FUN_58872425	45
client-core-current	58872452	FUN_58872452	339
client-core-current	588725a5	FUN_588725a5	55
client-core-current	588725dc	FUN_588725dc	11
client-core-current	58872700	FUN_58872700	24
client-core-current	58872718	FUN_58872718	6
client-core-current	5887271e	FUN_5887271e	590
client-core-current	58872ae0	FUN_58872ae0	539
client-core-current	58872d74	FUN_58872d74	221
client-core-current	58872e51	FUN_58872e51	452
client-core-current	5887301a	FUN_5887301a	61
client-core-current	58873057	FUN_58873057	89
client-core-current	588730b3	FUN_588730b3	12
client-core-current	588730bf	FUN_588730bf	66
client-core-current	58873101	FUN_58873101	40
client-core-current	58873129	FUN_58873129	39
client-core-current	58873150	FUN_58873150	30
client-core-current	5887316e	FUN_5887316e	464
client-core-current	588732f8	FUN_588732f8	16
client-core-current	58873360	FUN_58873360	243
client-core-current	58873460	FUN_58873460	51
client-core-current	588734a0	FUN_588734a0	11
client-core-current	588734b0	FUN_588734b0	105
client-core-current	58873519	FUN_58873519	214
client-core-current	588735ef	FUN_588735ef	673
client-core-current	58873890	FUN_58873890	62
client-core-current	588738ce	FUN_588738ce	224
client-core-current	588739ae	FUN_588739ae	431
client-core-current	58873b5e	FUN_58873b5e	254
client-core-current	58873c60	FUN_58873c60	75
client-core-current	58873cb0	FUN_58873cb0	70
client-core-current	58873d00	FUN_58873d00	425
client-core-current	58873eb0	FUN_58873eb0	29
client-core-current	58873ed0	FUN_58873ed0	15
client-core-current	58873ee0	FUN_58873ee0	57
client-core-current	58873f20	FUN_58873f20	38
client-core-current	58873f50	FUN_58873f50	471
client-core-current	58874130	FUN_58874130	172
client-core-current	588741e0	FUN_588741e0	578
client-core-current	58874430	FUN_58874430	265
client-core-current	58874539	FUN_58874539	24
client-core-current	58874551	FUN_58874551	380
client-core-current	588746ce	FUN_588746ce	176
client-core-current	5887477f	FUN_5887477f	652
client-core-current	58874a0b	FUN_58874a0b	37
client-core-current	58874a30	FUN_58874a30	135
client-core-current	58874ab7	FUN_58874ab7	11
client-core-current	58874ac2	FUN_58874ac2	161
client-core-current	58874b63	FUN_58874b63	65
client-core-current	58874ba4	FUN_58874ba4	12
client-core-current	58874bb0	FUN_58874bb0	131
client-core-current	58874c33	FUN_58874c33	62
client-core-current	58874c71	FUN_58874c71	113
client-core-current	58874ce2	FUN_58874ce2	99
client-core-current	58874d45	FUN_58874d45	421
client-core-current	58874eea	FUN_58874eea	341
client-core-current	5887503f	FUN_5887503f	129
client-core-current	588750be	FUN_588750be	9
client-core-current	588750c7	FUN_588750c7	18
client-core-current	588750df	FUN_588750df	72
client-core-current	58875127	FUN_58875127	19
client-core-current	5887513a	FUN_5887513a	517
client-core-current	5887533f	FUN_5887533f	80
client-core-current	5887538f	FUN_5887538f	24
client-core-current	588753c0	FUN_588753c0	55
client-core-current	588753f7	FUN_588753f7	160
client-core-current	58875497	FUN_58875497	78
client-core-current	588754e5	FUN_588754e5	649
client-core-current	5887576f	FUN_5887576f	189
client-core-current	5887582d	FUN_5887582d	26
client-core-current	58875847	FUN_58875847	88
client-core-current	5887589f	FUN_5887589f	11
client-core-current	588758f6	FUN_588758f6	104
client-core-current	5887595e	FUN_5887595e	49
client-core-current	5887598f	FUN_5887598f	451
client-core-current	58875b52	FUN_58875b52	62
client-core-current	58875b90	FUN_58875b90	309
client-core-current	58875cc5	FUN_58875cc5	155
client-core-current	58875d60	FUN_58875d60	97
client-core-current	58875dc1	FUN_58875dc1	132
client-core-current	58875e45	FUN_58875e45	83
client-core-current	58875e9b	FUN_58875e9b	9
client-core-current	58875ea4	FUN_58875ea4	173
client-core-current	58875f52	FUN_58875f52	11
client-core-current	58875f5d	FUN_58875f5d	125
client-core-current	58875fda	FUN_58875fda	328
client-core-current	58876122	FUN_58876122	41
client-core-current	5887614b	FUN_5887614b	49
client-core-current	5887617c	FUN_5887617c	41
client-core-current	588761a5	FUN_588761a5	129
client-core-current	58876226	FUN_58876226	98
client-core-current	58876286	FUN_58876286	9
client-core-current	5887628f	FUN_5887628f	18
client-core-current	588762a7	FUN_588762a7	80
client-core-current	588762f7	FUN_588762f7	254
client-core-current	588763f5	FUN_588763f5	865
client-core-current	58876756	FUN_58876756	105
client-core-current	588767bf	FUN_588767bf	541
client-core-current	588769dc	FUN_588769dc	37
client-core-current	58876a01	FUN_58876a01	636
client-core-current	58876c7d	FUN_58876c7d	228
client-core-current	58876d61	FUN_58876d61	123
client-core-current	58876de0	FUN_58876de0	302
client-core-current	58876f10	FUN_58876f10	71
client-core-current	58876f60	FUN_58876f60	63
client-core-current	58876f9f	FUN_58876f9f	134
client-core-current	58877026	FUN_58877026	153
client-core-current	588770bf	FUN_588770bf	89
client-core-current	58877118	FUN_58877118	52
client-core-current	5887714c	FUN_5887714c	735
client-core-current	5887742c	FUN_5887742c	185
client-core-current	588774e6	FUN_588774e6	240
client-core-current	588775d6	FUN_588775d6	77
client-core-current	58877623	FUN_58877623	109
client-core-current	58877690	FUN_58877690	526
client-core-current	5887789f	FUN_5887789f	163
client-core-current	58877942	FUN_58877942	75
client-core-current	5887798d	FUN_5887798d	155
client-core-current	58877a28	FUN_58877a28	95
client-core-current	58877a87	FUN_58877a87	44
client-core-current	58877ab3	FUN_58877ab3	596
client-core-current	58877d07	FUN_58877d07	209
client-core-current	58877dd8	FUN_58877dd8	84
client-core-current	58877e2c	FUN_58877e2c	225
client-core-current	58877f0d	FUN_58877f0d	37
client-core-current	58877f32	FUN_58877f32	117
client-core-current	58877fa7	FUN_58877fa7	103
client-core-current	5887800e	FUN_5887800e	496
client-core-current	58878200	FUN_58878200	23
client-core-current	58878217	FUN_58878217	60
client-core-current	58878260	FUN_58878260	117
client-core-current	588782d5	FUN_588782d5	154
client-core-current	588786d0	FUN_588786d0	499
client-core-current	588788d0	FUN_588788d0	277
client-core-current	58878a10	FUN_58878a10	103
client-core-current	58878a80	FUN_58878a80	73
client-core-current	58878ad0	FUN_58878ad0	437
client-core-current	58878c85	FUN_58878c85	143
client-core-current	58878d1a	FUN_58878d1a	70
client-core-current	58878d60	FUN_58878d60	597
client-core-current	58878fb6	FUN_58878fb6	37
client-core-current	58878fdb	FUN_58878fdb	112
client-core-current	5887904b	FUN_5887904b	376
client-core-current	588791c4	FUN_588791c4	170
client-core-current	5887926e	FUN_5887926e	110
client-core-current	588792dc	FUN_588792dc	32
client-core-current	588792fc	FUN_588792fc	811
client-core-current	58879627	FUN_58879627	123
client-core-current	588796a2	FUN_588796a2	53
client-core-current	588796d7	FUN_588796d7	146
client-core-current	5887976c	FUN_5887976c	9
client-core-current	58879775	FUN_58879775	35
client-core-current	58879798	FUN_58879798	146
client-core-current	5887982a	FUN_5887982a	35
client-core-current	5887984d	FUN_5887984d	263
client-core-current	58879957	FUN_58879957	9
client-core-current	58879960	FUN_58879960	145
client-core-current	588799f1	FUN_588799f1	106
client-core-current	58879a60	FUN_58879a60	7
client-core-current	58879a70	FUN_58879a70	47
client-core-current	58879a9f	FUN_58879a9f	35
client-core-current	58879ac2	FUN_58879ac2	142
client-core-current	58879b50	FUN_58879b50	249
client-core-current	58879c49	FUN_58879c49	5325
client-core-current	5887b117	FUN_5887b117	174
client-core-current	5887b1c5	FUN_5887b1c5	20
client-core-current	5887b1d9	FUN_5887b1d9	34
client-core-current	5887b1fb	FUN_5887b1fb	86
client-core-current	5887b251	FUN_5887b251	25
client-core-current	5887b26a	FUN_5887b26a	67
client-core-current	5887b2ad	FUN_5887b2ad	84
client-core-current	5887b301	FUN_5887b301	125
client-core-current	5887b37f	FUN_5887b37f	44
client-core-current	5887b3ab	FUN_5887b3ab	50
client-core-current	5887b3e0	FUN_5887b3e0	23
client-core-current	5887b3f7	FUN_5887b3f7	263
client-core-current	5887b4fe	FUN_5887b4fe	212
client-core-current	5887b5e0	FUN_5887b5e0	1084
client-core-current	5887ba20	FUN_5887ba20	64
client-core-current	5887ba60	FUN_5887ba60	23
client-core-current	5887ba77	FUN_5887ba77	141
client-core-current	5887bb10	FUN_5887bb10	397
client-core-current	5887bc9d	FUN_5887bc9d	125
client-core-current	5887bd1a	FUN_5887bd1a	45
client-core-current	5887bd47	FUN_5887bd47	209
client-core-current	5887be18	FUN_5887be18	77
client-core-current	5887be65	FUN_5887be65	55
client-core-current	5887be9c	FUN_5887be9c	407
client-core-current	5887c033	FUN_5887c033	6
client-core-current	5887c040	FUN_5887c040	108
client-core-current	5887c0b0	FUN_5887c0b0	29
client-core-current	5887c0d0	FUN_5887c0d0	84
client-core-current	5887c130	FUN_5887c130	94
client-core-current	5887c190	FUN_5887c190	675
client-core-current	5887c480	FUN_5887c480	339
client-core-current	5887c4a0	FUN_5887c4a0	221
client-core-current	5887c57d	FUN_5887c57d	31
client-core-current	5887c59c	FUN_5887c59c	31
client-core-current	5887c5bb	FUN_5887c5bb	23
client-core-current	5887c5d2	FUN_5887c5d2	85
client-core-current	5887c627	FUN_5887c627	102
client-core-current	5887c6b0	FUN_5887c6b0	199
client-core-current	5887c780	FUN_5887c780	281
client-core-current	5887c8a0	FUN_5887c8a0	906
client-core-current	5887cc30	FUN_5887cc30	242
client-core-current	5887ce23	FUN_5887ce23	6
client-core-current	5887ce29	FUN_5887ce29	6
client-core-current	5887ce2f	FUN_5887ce2f	6
client-core-current	5887ce35	FUN_5887ce35	6
client-core-current	5887ce3b	FUN_5887ce3b	6
client-core-current	5887ce41	FUN_5887ce41	6
client-core-current	5887ce47	FUN_5887ce47	6
client-core-current	5887ce50	FUN_5887ce50	29
client-core-current	5887ce70	FUN_5887ce70	72
client-core-current	5887cec0	FUN_5887cec0	15
client-core-current	5887ced0	FUN_5887ced0	67
client-core-current	5887cf20	FUN_5887cf20	164
client-core-current	5887cfe0	FUN_5887cfe0	49
client-core-current	5887d020	FUN_5887d020	149
client-core-current	5887d0c0	FUN_5887d0c0	31
client-core-current	5887d0e0	FUN_5887d0e0	170
client-core-current	5887d190	FUN_5887d190	178
client-core-current	5887d250	FUN_5887d250	31
client-core-current	5887d270	FUN_5887d270	223
client-core-current	5887d34f	FUN_5887d34f	154
client-core-current	5887d3e9	FUN_5887d3e9	119
client-core-current	5887d460	Unwind@5887d460	8
client-core-current	5887d468	Unwind@5887d468	18
client-core-current	5887d47a	Unwind@5887d47a	15
client-core-current	5887d489	Unwind@5887d489	15
client-core-current	5887d498	Unwind@5887d498	15
client-core-current	5887d4a7	Unwind@5887d4a7	15
client-core-current	5887d4b6	Unwind@5887d4b6	15
client-core-current	5887d4c5	Unwind@5887d4c5	18
client-core-current	5887d4d7	Unwind@5887d4d7	18
client-core-current	5887d4e9	Unwind@5887d4e9	15
client-core-current	5887d4f8	Unwind@5887d4f8	15
client-core-current	5887d507	Unwind@5887d507	18
client-core-current	5887d519	Unwind@5887d519	18
client-core-current	5887d52b	Unwind@5887d52b	18
client-core-current	5887d53d	Unwind@5887d53d	18
client-core-current	5887d54f	Unwind@5887d54f	18
client-core-current	5887d561	Unwind@5887d561	21
client-core-current	5887d576	Unwind@5887d576	21
client-core-current	5887d58b	Unwind@5887d58b	21
client-core-current	5887d5d0	Unwind@5887d5d0	8
client-core-current	5887d600	Unwind@5887d600	8
client-core-current	5887d630	Unwind@5887d630	8
client-core-current	5887d660	Unwind@5887d660	15
client-core-current	5887d6c0	Unwind@5887d6c0	8
client-core-current	5887d6f0	Unwind@5887d6f0	8
client-core-current	5887d720	Unwind@5887d720	11
client-core-current	5887d72b	Unwind@5887d72b	15
client-core-current	5887d760	Unwind@5887d760	18
client-core-current	5887d7a0	Unwind@5887d7a0	8
client-core-current	5887d7d0	Unwind@5887d7d0	8
client-core-current	5887d7d8	Unwind@5887d7d8	15
client-core-current	5887d7e7	Unwind@5887d7e7	15
client-core-current	5887d7f6	Unwind@5887d7f6	15
client-core-current	5887d805	Unwind@5887d805	15
client-core-current	5887d814	Unwind@5887d814	15
client-core-current	5887d823	Unwind@5887d823	15
client-core-current	5887d832	Unwind@5887d832	18
client-core-current	5887d844	Unwind@5887d844	18
client-core-current	5887d856	Unwind@5887d856	18
client-core-current	5887d868	Unwind@5887d868	15
client-core-current	5887d877	Unwind@5887d877	15
client-core-current	5887d886	Unwind@5887d886	15
client-core-current	5887d895	Unwind@5887d895	15
client-core-current	5887d8a4	Unwind@5887d8a4	15
client-core-current	5887d8b3	Unwind@5887d8b3	18
client-core-current	5887d910	Unwind@5887d910	15
client-core-current	5887d91f	Unwind@5887d91f	15
client-core-current	5887d950	Unwind@5887d950	15
client-core-current	5887d95f	Unwind@5887d95f	18
client-core-current	5887d971	Unwind@5887d971	15
client-core-current	5887d980	Unwind@5887d980	15
client-core-current	5887d9c0	Unwind@5887d9c0	15
client-core-current	5887da00	Unwind@5887da00	21
client-core-current	5887da50	Unwind@5887da50	18
client-core-current	5887da90	Unwind@5887da90	18
client-core-current	5887dad0	Unwind@5887dad0	18
client-core-current	5887db20	Unwind@5887db20	18
client-core-current	5887db70	Unwind@5887db70	18
client-core-current	5887db82	Unwind@5887db82	18
client-core-current	5887db94	Unwind@5887db94	18
client-core-current	5887dbe0	Unwind@5887dbe0	18
client-core-current	5887dc50	Unwind@5887dc50	11
client-core-current	5887dc5b	Unwind@5887dc5b	18
client-core-current	5887dcb0	Unwind@5887dcb0	8
client-core-current	5887dce0	Unwind@5887dce0	8
client-core-current	5887dd10	Unwind@5887dd10	8
client-core-current	5887dd40	Unwind@5887dd40	8
client-core-current	5887dd70	Unwind@5887dd70	8
client-core-current	5887dda0	Unwind@5887dda0	8
client-core-current	5887ddf0	Unwind@5887ddf0	11
client-core-current	5887ddfb	Unwind@5887ddfb	8
client-core-current	5887de30	Unwind@5887de30	8
client-core-current	5887de60	Unwind@5887de60	8
client-core-current	5887de68	Unwind@5887de68	8
client-core-current	5887dea0	Unwind@5887dea0	8
client-core-current	5887ded0	Unwind@5887ded0	8
client-core-current	5887df00	Unwind@5887df00	8
client-core-current	5887df30	Unwind@5887df30	8
client-core-current	5887df60	Unwind@5887df60	8
client-core-current	5887df68	Unwind@5887df68	8
client-core-current	5887dfa0	Unwind@5887dfa0	8
client-core-current	5887dfd0	Unwind@5887dfd0	8
client-core-current	5887e000	Unwind@5887e000	8
client-core-current	5887e030	Unwind@5887e030	8
client-core-current	5887e080	Unwind@5887e080	8
client-core-current	5887e088	Unwind@5887e088	18
client-core-current	5887e0d0	Unwind@5887e0d0	12
client-core-current	5887e100	Unwind@5887e100	8
client-core-current	5887e108	Unwind@5887e108	15
client-core-current	5887e117	Unwind@5887e117	15
client-core-current	5887e150	Unwind@5887e150	18
client-core-current	5887e162	Unwind@5887e162	18
client-core-current	5887e174	Unwind@5887e174	18
client-core-current	5887e186	Unwind@5887e186	18
client-core-current	5887e1d0	Unwind@5887e1d0	8
client-core-current	5887e1d8	Unwind@5887e1d8	15
client-core-current	5887e1e7	Unwind@5887e1e7	15
client-core-current	5887e1f6	Unwind@5887e1f6	15
client-core-current	5887e205	Unwind@5887e205	15
client-core-current	5887e214	Unwind@5887e214	15
client-core-current	5887e223	Unwind@5887e223	18
client-core-current	5887e235	Unwind@5887e235	18
client-core-current	5887e247	Unwind@5887e247	18
client-core-current	5887e259	Unwind@5887e259	18
client-core-current	5887e26b	Unwind@5887e26b	15
client-core-current	5887e27a	Unwind@5887e27a	15
client-core-current	5887e289	Unwind@5887e289	15
client-core-current	5887e298	Unwind@5887e298	18
client-core-current	5887e2aa	Unwind@5887e2aa	18
client-core-current	5887e2bc	Unwind@5887e2bc	21
client-core-current	5887e300	Unwind@5887e300	18
client-core-current	5887e312	Unwind@5887e312	18
client-core-current	5887e324	Unwind@5887e324	18
client-core-current	5887e336	Unwind@5887e336	18
client-core-current	5887e348	Unwind@5887e348	18
client-core-current	5887e35a	Unwind@5887e35a	18
client-core-current	5887e36c	Unwind@5887e36c	18
client-core-current	5887e37e	Unwind@5887e37e	18
client-core-current	5887e390	Unwind@5887e390	18
client-core-current	5887e3a2	Unwind@5887e3a2	18
client-core-current	5887e3b4	Unwind@5887e3b4	18
client-core-current	5887e3c6	Unwind@5887e3c6	18
client-core-current	5887e3d8	Unwind@5887e3d8	18
client-core-current	5887e3ea	Unwind@5887e3ea	18
client-core-current	5887e3fc	Unwind@5887e3fc	21
client-core-current	5887e411	Unwind@5887e411	21
client-core-current	5887e426	Unwind@5887e426	21
client-core-current	5887e460	Unwind@5887e460	12
client-core-current	5887e46c	Unwind@5887e46c	15
client-core-current	5887e4a0	Unwind@5887e4a0	8
client-core-current	5887e4a8	Unwind@5887e4a8	18
client-core-current	5887e4e0	Unwind@5887e4e0	8
client-core-current	5887e4e8	Unwind@5887e4e8	15
client-core-current	5887e520	Unwind@5887e520	8
client-core-current	5887e528	Unwind@5887e528	15
client-core-current	5887e560	Unwind@5887e560	8
client-core-current	5887e568	Unwind@5887e568	15
client-core-current	5887e5a0	Unwind@5887e5a0	8
client-core-current	5887e5a8	Unwind@5887e5a8	15
client-core-current	5887e5b7	Unwind@5887e5b7	15
client-core-current	5887e5f0	Unwind@5887e5f0	8
client-core-current	5887e5f8	Unwind@5887e5f8	15
client-core-current	5887e607	Unwind@5887e607	18
client-core-current	5887e640	Unwind@5887e640	8
client-core-current	5887e648	Unwind@5887e648	15
client-core-current	5887e680	Unwind@5887e680	8
client-core-current	5887e6b0	Unwind@5887e6b0	8
client-core-current	5887e6e0	Unwind@5887e6e0	8
client-core-current	5887e6e8	Unwind@5887e6e8	11
client-core-current	5887e6f3	Unwind@5887e6f3	11
client-core-current	5887e720	Unwind@5887e720	18
client-core-current	5887e770	Unwind@5887e770	18
client-core-current	5887e782	Unwind@5887e782	18
client-core-current	5887e7c0	Unwind@5887e7c0	8
client-core-current	5887e7f0	Unwind@5887e7f0	8
client-core-current	5887e820	Unwind@5887e820	8
client-core-current	5887e850	Unwind@5887e850	8
client-core-current	5887e880	Unwind@5887e880	11
client-core-current	5887e88b	Unwind@5887e88b	11
client-core-current	5887e8c0	Unwind@5887e8c0	18
client-core-current	5887e900	Unwind@5887e900	8
client-core-current	5887e908	Unwind@5887e908	15
client-core-current	5887e917	Unwind@5887e917	18
client-core-current	5887e950	Unwind@5887e950	8
client-core-current	5887e958	Unwind@5887e958	15
client-core-current	5887e990	Unwind@5887e990	11
client-core-current	5887e99b	Unwind@5887e99b	21
client-core-current	5887e9b0	Unwind@5887e9b0	18
client-core-current	5887e9c2	Unwind@5887e9c2	18
client-core-current	5887ea30	Unwind@5887ea30	15
client-core-current	5887ea70	Unwind@5887ea70	18
client-core-current	5887eab0	Unwind@5887eab0	21
client-core-current	5887eac5	Unwind@5887eac5	21
client-core-current	5887eb10	Unwind@5887eb10	8
client-core-current	5887eb18	Unwind@5887eb18	15
client-core-current	5887eb27	Unwind@5887eb27	15
client-core-current	5887eb36	Unwind@5887eb36	15
client-core-current	5887eb45	Unwind@5887eb45	15
client-core-current	5887eb54	Unwind@5887eb54	15
client-core-current	5887eb63	Unwind@5887eb63	15
client-core-current	5887eb72	Unwind@5887eb72	15
client-core-current	5887eb81	Unwind@5887eb81	15
client-core-current	5887eb90	Unwind@5887eb90	18
client-core-current	5887ebe0	Unwind@5887ebe0	11
client-core-current	5887ebeb	Unwind@5887ebeb	11
client-core-current	5887ec30	Unwind@5887ec30	8
client-core-current	5887ec38	Unwind@5887ec38	18
client-core-current	5887ec70	Unwind@5887ec70	18
client-core-current	5887ecb0	Unwind@5887ecb0	8
client-core-current	5887ece0	Unwind@5887ece0	8
client-core-current	5887ece8	Unwind@5887ece8	8
client-core-current	5887ecf0	Unwind@5887ecf0	8
client-core-current	5887ed30	Unwind@5887ed30	8
client-core-current	5887ed38	Unwind@5887ed38	11
client-core-current	5887ed43	Unwind@5887ed43	8
client-core-current	5887ed4b	Unwind@5887ed4b	11
client-core-current	5887ed56	Unwind@5887ed56	8
client-core-current	5887ed5e	Unwind@5887ed5e	11
client-core-current	5887ed69	Unwind@5887ed69	11
client-core-current	5887ed74	Unwind@5887ed74	11
client-core-current	5887ed7f	Unwind@5887ed7f	11
client-core-current	5887ed8a	Unwind@5887ed8a	11
client-core-current	5887ed95	Unwind@5887ed95	11
client-core-current	5887eda0	Unwind@5887eda0	8
client-core-current	5887eda8	Unwind@5887eda8	8
client-core-current	5887edb0	Unwind@5887edb0	11
client-core-current	5887edf0	Unwind@5887edf0	11
client-core-current	5887edfb	Unwind@5887edfb	8
client-core-current	5887ee03	Unwind@5887ee03	11
client-core-current	5887ee0e	Unwind@5887ee0e	8
client-core-current	5887ee16	Unwind@5887ee16	11
client-core-current	5887ee21	Unwind@5887ee21	11
client-core-current	5887ee2c	Unwind@5887ee2c	11
client-core-current	5887ee37	Unwind@5887ee37	11
client-core-current	5887ee42	Unwind@5887ee42	11
client-core-current	5887ee4d	Unwind@5887ee4d	11
client-core-current	5887ee58	Unwind@5887ee58	8
client-core-current	5887ee60	Unwind@5887ee60	8
client-core-current	5887ee68	Unwind@5887ee68	11
client-core-current	5887eeb0	Unwind@5887eeb0	8
client-core-current	5887eeb8	Unwind@5887eeb8	15
client-core-current	5887eec7	Unwind@5887eec7	15
client-core-current	5887eed6	Unwind@5887eed6	15
client-core-current	5887eee5	Unwind@5887eee5	18
client-core-current	5887ef40	Unwind@5887ef40	15
client-core-current	5887ef4f	Unwind@5887ef4f	15
client-core-current	5887ef5e	Unwind@5887ef5e	15
client-core-current	5887ef6d	Unwind@5887ef6d	15
client-core-current	5887ef7c	Unwind@5887ef7c	15
client-core-current	5887efb0	Unwind@5887efb0	18
client-core-current	5887eff0	Unwind@5887eff0	18
client-core-current	5887f002	Unwind@5887f002	18
client-core-current	5887f014	Unwind@5887f014	15
client-core-current	5887f023	Unwind@5887f023	15
client-core-current	5887f032	Unwind@5887f032	15
client-core-current	5887f041	Unwind@5887f041	15
client-core-current	5887f080	Unwind@5887f080	8
client-core-current	5887f088	Unwind@5887f088	15
client-core-current	5887f0c0	Unwind@5887f0c0	18
client-core-current	5887f100	Unwind@5887f100	8
client-core-current	5887f108	Unwind@5887f108	15
client-core-current	5887f140	Unwind@5887f140	18
client-core-current	5887f180	Unwind@5887f180	8
client-core-current	5887f1b0	Unwind@5887f1b0	15
client-core-current	5887f1f0	Unwind@5887f1f0	8
client-core-current	5887f220	Unwind@5887f220	11
client-core-current	5887f260	Unwind@5887f260	11
client-core-current	5887f26b	Unwind@5887f26b	11
client-core-current	5887f276	Unwind@5887f276	11
client-core-current	5887f281	Unwind@5887f281	11
client-core-current	5887f2c0	Unwind@5887f2c0	11
client-core-current	5887f2cb	Unwind@5887f2cb	11
client-core-current	5887f2d6	Unwind@5887f2d6	11
client-core-current	5887f2e1	Unwind@5887f2e1	11
client-core-current	5887f320	Unwind@5887f320	8
client-core-current	5887f360	Unwind@5887f360	11
client-core-current	5887f36b	Unwind@5887f36b	11
client-core-current	5887f376	Unwind@5887f376	11
client-core-current	5887f381	Unwind@5887f381	11
client-core-current	5887f38c	Unwind@5887f38c	11
client-core-current	5887f3d0	Unwind@5887f3d0	8
client-core-current	5887f400	Unwind@5887f400	8
client-core-current	5887f408	Unwind@5887f408	15
client-core-current	5887f440	Unwind@5887f440	8
client-core-current	5887f448	Unwind@5887f448	15
client-core-current	5887f457	Unwind@5887f457	15
client-core-current	5887f466	Unwind@5887f466	15
client-core-current	5887f475	Unwind@5887f475	18
client-core-current	5887f487	Unwind@5887f487	18
client-core-current	5887f499	Unwind@5887f499	18
client-core-current	5887f4ab	Unwind@5887f4ab	18
client-core-current	5887f4bd	Unwind@5887f4bd	18
client-core-current	5887f4cf	Unwind@5887f4cf	18
client-core-current	5887f4e1	Unwind@5887f4e1	18
client-core-current	5887f520	Unwind@5887f520	18
client-core-current	5887f560	Unwind@5887f560	11
client-core-current	5887f56b	Unwind@5887f56b	11
client-core-current	5887f5b0	Unwind@5887f5b0	11
client-core-current	5887f5bb	Unwind@5887f5bb	11
client-core-current	5887f600	Unwind@5887f600	21
client-core-current	5887f615	Unwind@5887f615	21
client-core-current	5887f660	Unwind@5887f660	8
client-core-current	5887f668	Unwind@5887f668	15
client-core-current	5887f6a0	Unwind@5887f6a0	8
client-core-current	5887f6d0	Unwind@5887f6d0	8
client-core-current	5887f700	Unwind@5887f700	8
client-core-current	5887f730	Unwind@5887f730	18
client-core-current	5887f742	Unwind@5887f742	18
client-core-current	5887f780	Unwind@5887f780	15
client-core-current	5887f78f	Unwind@5887f78f	15
client-core-current	5887f7d0	Unwind@5887f7d0	18
client-core-current	5887f810	Unwind@5887f810	8
client-core-current	5887f818	Unwind@5887f818	15
client-core-current	5887f827	Unwind@5887f827	15
client-core-current	5887f836	Unwind@5887f836	18
client-core-current	5887f848	Unwind@5887f848	18
client-core-current	5887f85a	Unwind@5887f85a	18
client-core-current	5887f86c	Unwind@5887f86c	18
client-core-current	5887f87e	Unwind@5887f87e	18
client-core-current	5887f890	Unwind@5887f890	18
client-core-current	5887f8d0	Unwind@5887f8d0	8
client-core-current	5887f8d8	Unwind@5887f8d8	15
client-core-current	5887f8e7	Unwind@5887f8e7	15
client-core-current	5887f8f6	Unwind@5887f8f6	18
client-core-current	5887f908	Unwind@5887f908	18
client-core-current	5887f91a	Unwind@5887f91a	18
client-core-current	5887f92c	Unwind@5887f92c	18
client-core-current	5887f93e	Unwind@5887f93e	18
client-core-current	5887f950	Unwind@5887f950	18
client-core-current	5887f962	Unwind@5887f962	18
client-core-current	5887f974	Unwind@5887f974	18
client-core-current	5887f986	Unwind@5887f986	21
client-core-current	5887f9c0	Unwind@5887f9c0	8
client-core-current	5887f9f0	Unwind@5887f9f0	8
client-core-current	5887fa20	Unwind@5887fa20	11
client-core-current	5887fa2b	Unwind@5887fa2b	11
client-core-current	5887fa36	Unwind@5887fa36	11
client-core-current	5887fa41	Unwind@5887fa41	11
client-core-current	5887fa4c	Unwind@5887fa4c	18
client-core-current	5887fa80	Unwind@5887fa80	15
client-core-current	5887fac0	Unwind@5887fac0	11
client-core-current	5887fb00	Unwind@5887fb00	8
client-core-current	5887fb30	Unwind@5887fb30	8
client-core-current	5887fb38	Unwind@5887fb38	11
client-core-current	5887fb43	Unwind@5887fb43	11
client-core-current	5887fb4e	Unwind@5887fb4e	15
client-core-current	5887fb5d	Unwind@5887fb5d	15
client-core-current	5887fbb0	Unwind@5887fbb0	15
client-core-current	5887fc10	Unwind@5887fc10	8
client-core-current	5887fc18	Unwind@5887fc18	18
client-core-current	5887fc2a	Unwind@5887fc2a	18
client-core-current	5887fc3c	Unwind@5887fc3c	18
client-core-current	5887fc4e	Unwind@5887fc4e	18
client-core-current	5887fc60	Unwind@5887fc60	15
client-core-current	5887fc6f	Unwind@5887fc6f	15
client-core-current	5887fc7e	Unwind@5887fc7e	15
client-core-current	5887fc8d	Unwind@5887fc8d	15
client-core-current	5887fc9c	Unwind@5887fc9c	15
client-core-current	5887fcab	Unwind@5887fcab	15
client-core-current	5887fcba	Unwind@5887fcba	15
client-core-current	5887fcc9	Unwind@5887fcc9	18
client-core-current	5887fcdb	Unwind@5887fcdb	18
client-core-current	5887fced	Unwind@5887fced	18
client-core-current	5887fcff	Unwind@5887fcff	18
client-core-current	5887fd11	Unwind@5887fd11	18
client-core-current	5887fd23	Unwind@5887fd23	18
client-core-current	5887fd35	Unwind@5887fd35	18
client-core-current	5887fd47	Unwind@5887fd47	18
client-core-current	5887fd59	Unwind@5887fd59	18
client-core-current	5887fd6b	Unwind@5887fd6b	18
client-core-current	5887fd7d	Unwind@5887fd7d	18
client-core-current	5887fd8f	Unwind@5887fd8f	21
client-core-current	5887fda4	Unwind@5887fda4	18
client-core-current	5887fdb6	Unwind@5887fdb6	21
client-core-current	5887fdcb	Unwind@5887fdcb	18
client-core-current	5887fddd	Unwind@5887fddd	18
client-core-current	5887fdef	Unwind@5887fdef	21
client-core-current	5887fe04	Unwind@5887fe04	18
client-core-current	5887fe60	Unwind@5887fe60	15
client-core-current	5887fe6f	Unwind@5887fe6f	15
client-core-current	5887fe7e	Unwind@5887fe7e	15
client-core-current	5887feb0	Unwind@5887feb0	8
client-core-current	5887feb8	Unwind@5887feb8	15
client-core-current	5887fef0	Unwind@5887fef0	8
client-core-current	5887ff20	Unwind@5887ff20	11
client-core-current	5887ff50	Unwind@5887ff50	8
client-core-current	5887ff90	Unwind@5887ff90	18
client-core-current	5887ffe0	Unwind@5887ffe0	12
client-core-current	58880010	Unwind@58880010	8
client-core-current	58880040	Unwind@58880040	8
client-core-current	58880070	Unwind@58880070	8
client-core-current	588800a0	Unwind@588800a0	8
client-core-current	588800d0	Unwind@588800d0	11
client-core-current	588800db	Unwind@588800db	11
client-core-current	588800e6	Unwind@588800e6	11
client-core-current	58880120	Unwind@58880120	8
client-core-current	58880128	Unwind@58880128	8
client-core-current	58880160	Unwind@58880160	8
client-core-current	58880168	Unwind@58880168	11
client-core-current	58880173	Unwind@58880173	11
client-core-current	588801b0	Unwind@588801b0	8
client-core-current	588801b8	Unwind@588801b8	11
client-core-current	588801c3	Unwind@588801c3	11
client-core-current	588801ce	Unwind@588801ce	11
client-core-current	588801d9	Unwind@588801d9	11
client-core-current	58880220	Unwind@58880220	8
client-core-current	58880228	Unwind@58880228	11
client-core-current	58880233	Unwind@58880233	11
client-core-current	5888023e	Unwind@5888023e	11
client-core-current	58880249	Unwind@58880249	11
client-core-current	58880290	Unwind@58880290	8
client-core-current	58880298	Unwind@58880298	15
client-core-current	588802d0	Unwind@588802d0	11
client-core-current	58880300	Unwind@58880300	8
client-core-current	58880330	Unwind@58880330	11
client-core-current	5888033b	Unwind@5888033b	8
client-core-current	58880343	Unwind@58880343	11
client-core-current	5888034e	Unwind@5888034e	8
client-core-current	58880390	Unwind@58880390	8
client-core-current	588803c0	Unwind@588803c0	8
client-core-current	588803c8	Unwind@588803c8	8
client-core-current	58880400	Unwind@58880400	28
client-core-current	5888041c	Unwind@5888041c	11
client-core-current	58880450	Unwind@58880450	28
client-core-current	58880490	Unwind@58880490	28
client-core-current	588804d0	Unwind@588804d0	8
client-core-current	58880500	Unwind@58880500	28
client-core-current	5888051c	Unwind@5888051c	11
client-core-current	58880550	Unwind@58880550	8
client-core-current	58880580	Unwind@58880580	8
client-core-current	588805b0	Unwind@588805b0	8
client-core-current	588805b8	Unwind@588805b8	11
client-core-current	588805c3	Unwind@588805c3	11
client-core-current	588805ce	Unwind@588805ce	11
client-core-current	588805d9	Unwind@588805d9	11
client-core-current	588805e4	Unwind@588805e4	11
client-core-current	588805ef	Unwind@588805ef	11
client-core-current	58880620	Unwind@58880620	8
client-core-current	58880660	Unwind@58880660	8
client-core-current	58880690	Unwind@58880690	8
client-core-current	58880698	Unwind@58880698	8
client-core-current	588806d0	Unwind@588806d0	11
client-core-current	58880710	Unwind@58880710	8
client-core-current	58880718	Unwind@58880718	8
client-core-current	58880720	Unwind@58880720	8
client-core-current	58880760	Unwind@58880760	8
client-core-current	58880768	Unwind@58880768	8
client-core-current	588807a0	Unwind@588807a0	11
client-core-current	588807ab	Unwind@588807ab	8
client-core-current	588807e0	Unwind@588807e0	11
client-core-current	58880820	Unwind@58880820	8
client-core-current	58880860	Unwind@58880860	15
client-core-current	5888086f	Unwind@5888086f	25
client-core-current	588808b0	Unwind@588808b0	15
client-core-current	588808bf	Unwind@588808bf	25
client-core-current	58880900	Unwind@58880900	8
client-core-current	58880940	Unwind@58880940	8
client-core-current	58880948	Unwind@58880948	8
client-core-current	58880950	Unwind@58880950	11
client-core-current	5888095b	Unwind@5888095b	8
client-core-current	588809a0	Unwind@588809a0	8
client-core-current	588809a8	Unwind@588809a8	8
client-core-current	58880a00	Unwind@58880a00	8
client-core-current	58880a40	Unwind@58880a40	11
client-core-current	58880a4b	Unwind@58880a4b	8
client-core-current	58880a90	Unwind@58880a90	8
client-core-current	58880ac0	Unwind@58880ac0	8
client-core-current	58880af0	Unwind@58880af0	8
client-core-current	58880b30	Unwind@58880b30	8
client-core-current	58880b60	Unwind@58880b60	8
client-core-current	58880b90	Unwind@58880b90	15
client-core-current	58880bd0	Unwind@58880bd0	14
client-core-current	58880bde	Unwind@58880bde	14
client-core-current	58880bec	Unwind@58880bec	18
client-core-current	58880bfe	Unwind@58880bfe	18
client-core-current	58880c40	Unwind@58880c40	21
client-core-current	58880c55	Unwind@58880c55	21
client-core-current	58880c6a	Unwind@58880c6a	18
client-core-current	58880cb0	Unwind@58880cb0	18
client-core-current	58880cc2	Unwind@58880cc2	18
client-core-current	58880cd4	Unwind@58880cd4	18
client-core-current	58880ce6	Unwind@58880ce6	18
client-core-current	58880d20	Unwind@58880d20	18
client-core-current	58880d32	Unwind@58880d32	18
client-core-current	58880d44	Unwind@58880d44	18
client-core-current	58880d56	Unwind@58880d56	18
client-core-current	58880d68	Unwind@58880d68	18
client-core-current	58880da0	Unwind@58880da0	8
client-core-current	58880da8	Unwind@58880da8	15
client-core-current	58880db7	Unwind@58880db7	15
client-core-current	58880dc6	Unwind@58880dc6	15
client-core-current	58880e00	Unwind@58880e00	21
client-core-current	58880e50	Unwind@58880e50	8
client-core-current	58880e58	Unwind@58880e58	15
client-core-current	58880e67	Unwind@58880e67	15
client-core-current	58880e76	Unwind@58880e76	15
client-core-current	58880e85	Unwind@58880e85	15
client-core-current	58880e94	Unwind@58880e94	15
client-core-current	58880ea3	Unwind@58880ea3	18
client-core-current	58880eb5	Unwind@58880eb5	18
client-core-current	58880ec7	Unwind@58880ec7	18
client-core-current	58880ed9	Unwind@58880ed9	18
client-core-current	58880eeb	Unwind@58880eeb	18
client-core-current	58880efd	Unwind@58880efd	18
client-core-current	58880f0f	Unwind@58880f0f	18
client-core-current	58880f21	Unwind@58880f21	18
client-core-current	58880f33	Unwind@58880f33	18
client-core-current	58880f45	Unwind@58880f45	18
client-core-current	58880f57	Unwind@58880f57	18
client-core-current	58880f69	Unwind@58880f69	18
client-core-current	58880f7b	Unwind@58880f7b	18
client-core-current	58880f8d	Unwind@58880f8d	18
client-core-current	58880f9f	Unwind@58880f9f	18
client-core-current	58880fb1	Unwind@58880fb1	18
client-core-current	58880fc3	Unwind@58880fc3	18
client-core-current	58880fd5	Unwind@58880fd5	18
client-core-current	58880fe7	Unwind@58880fe7	18
client-core-current	58880ff9	Unwind@58880ff9	18
client-core-current	5888100b	Unwind@5888100b	18
client-core-current	5888101d	Unwind@5888101d	18
client-core-current	5888102f	Unwind@5888102f	18
client-core-current	58881041	Unwind@58881041	18
client-core-current	58881053	Unwind@58881053	18
client-core-current	58881065	Unwind@58881065	18
client-core-current	58881077	Unwind@58881077	18
client-core-current	58881089	Unwind@58881089	18
client-core-current	5888109b	Unwind@5888109b	18
client-core-current	588810ad	Unwind@588810ad	18
client-core-current	588810bf	Unwind@588810bf	18
client-core-current	588810d1	Unwind@588810d1	18
client-core-current	588810e3	Unwind@588810e3	18
client-core-current	58881120	Unwind@58881120	8
client-core-current	58881128	Unwind@58881128	15
client-core-current	58881137	Unwind@58881137	15
client-core-current	58881146	Unwind@58881146	15
client-core-current	58881155	Unwind@58881155	15
client-core-current	58881164	Unwind@58881164	15
client-core-current	58881173	Unwind@58881173	15
client-core-current	58881182	Unwind@58881182	15
client-core-current	58881191	Unwind@58881191	15
client-core-current	588811d0	Unwind@588811d0	18
client-core-current	58881210	Unwind@58881210	8
client-core-current	58881218	Unwind@58881218	15
client-core-current	58881227	Unwind@58881227	15
client-core-current	58881260	Unwind@58881260	15
client-core-current	588812a0	Unwind@588812a0	18
client-core-current	588812b2	Unwind@588812b2	18
client-core-current	588812c4	Unwind@588812c4	18
client-core-current	588812d6	Unwind@588812d6	18
client-core-current	58881310	Unwind@58881310	8
client-core-current	58881318	Unwind@58881318	18
client-core-current	5888132a	Unwind@5888132a	15
client-core-current	58881339	Unwind@58881339	15
client-core-current	58881348	Unwind@58881348	15
client-core-current	58881380	Unwind@58881380	18
client-core-current	58881392	Unwind@58881392	18
client-core-current	588813a4	Unwind@588813a4	18
client-core-current	588813b6	Unwind@588813b6	18
client-core-current	588813f0	Unwind@588813f0	8
client-core-current	58881420	Unwind@58881420	8
client-core-current	58881428	Unwind@58881428	15
client-core-current	58881460	Unwind@58881460	28
client-core-current	5888147c	Unwind@5888147c	11
client-core-current	588814b0	Unwind@588814b0	11
client-core-current	588814bb	Unwind@588814bb	14
client-core-current	588814c9	Unwind@588814c9	11
client-core-current	588814d4	Unwind@588814d4	11
client-core-current	58881510	Unwind@58881510	8
client-core-current	58881518	Unwind@58881518	8
client-core-current	58881550	Unwind@58881550	11
client-core-current	5888155b	Unwind@5888155b	8
client-core-current	588815a0	Unwind@588815a0	8
client-core-current	588815d0	Unwind@588815d0	8
client-core-current	58881600	Unwind@58881600	8
client-core-current	58881630	Unwind@58881630	28
client-core-current	5888164c	Unwind@5888164c	11
client-core-current	58881657	Unwind@58881657	11
client-core-current	58881690	Unwind@58881690	8
client-core-current	588816c0	Unwind@588816c0	8
client-core-current	588816f0	Unwind@588816f0	8
client-core-current	588816f8	Unwind@588816f8	11
client-core-current	58881703	Unwind@58881703	8
client-core-current	58881740	Unwind@58881740	8
client-core-current	58881770	Unwind@58881770	8
client-core-current	588817a0	Unwind@588817a0	8
client-core-current	588817a8	Unwind@588817a8	8
client-core-current	588817e0	Unwind@588817e0	11
client-core-current	58881810	Unwind@58881810	8
client-core-current	58881850	Unwind@58881850	12
client-core-current	58881880	Unwind@58881880	12
client-core-current	5888188c	Unwind@5888188c	15
client-core-current	588818c0	Unwind@588818c0	11
client-core-current	588818cb	Unwind@588818cb	11
client-core-current	58881910	Unwind@58881910	8
client-core-current	58881918	Unwind@58881918	8
client-core-current	58881920	Unwind@58881920	8
client-core-current	58881960	Unwind@58881960	8
client-core-current	58881968	Unwind@58881968	8
client-core-current	588819a0	Unwind@588819a0	15
client-core-current	588819af	Unwind@588819af	15
client-core-current	588819e0	Unwind@588819e0	15
client-core-current	588819ef	Unwind@588819ef	15
client-core-current	58881a20	Unwind@58881a20	18
client-core-current	58881a32	Unwind@58881a32	18
client-core-current	58881a70	Unwind@58881a70	18
client-core-current	58881a82	Unwind@58881a82	18
client-core-current	58881ac0	Unwind@58881ac0	8
client-core-current	58881af0	Unwind@58881af0	8
client-core-current	58881af8	Unwind@58881af8	14
client-core-current	58881b06	Unwind@58881b06	15
client-core-current	58881b15	Unwind@58881b15	18
client-core-current	58881b27	Unwind@58881b27	18
client-core-current	58881b39	Unwind@58881b39	18
client-core-current	58881b4b	Unwind@58881b4b	15
client-core-current	58881b5a	Unwind@58881b5a	15
client-core-current	58881b69	Unwind@58881b69	15
client-core-current	58881b78	Unwind@58881b78	15
client-core-current	58881b87	Unwind@58881b87	15
client-core-current	58881b96	Unwind@58881b96	15
client-core-current	58881ba5	Unwind@58881ba5	18
client-core-current	58881bb7	Unwind@58881bb7	18
client-core-current	58881bc9	Unwind@58881bc9	21
client-core-current	58881bde	Unwind@58881bde	21
client-core-current	58881bf3	Unwind@58881bf3	18
client-core-current	58881c05	Unwind@58881c05	21
client-core-current	58881c1a	Unwind@58881c1a	21
client-core-current	58881c2f	Unwind@58881c2f	21
client-core-current	58881c44	Unwind@58881c44	18
client-core-current	58881c56	Unwind@58881c56	18
client-core-current	58881c68	Unwind@58881c68	18
client-core-current	58881c7a	Unwind@58881c7a	18
client-core-current	58881c8c	Unwind@58881c8c	18
client-core-current	58881c9e	Unwind@58881c9e	18
client-core-current	58881d00	Unwind@58881d00	11
client-core-current	58881d0b	Unwind@58881d0b	8
client-core-current	58881d13	Unwind@58881d13	8
client-core-current	58881d1b	Unwind@58881d1b	8
client-core-current	58881d60	Unwind@58881d60	18
client-core-current	58881da0	Unwind@58881da0	11
client-core-current	58881dab	Unwind@58881dab	11
client-core-current	58881df0	Unwind@58881df0	15
client-core-current	58881dff	Unwind@58881dff	15
client-core-current	58881e0e	Unwind@58881e0e	15
client-core-current	58881e1d	Unwind@58881e1d	15
client-core-current	58881e2c	Unwind@58881e2c	18
client-core-current	58881e3e	Unwind@58881e3e	18
client-core-current	58881e50	Unwind@58881e50	18
client-core-current	58881e62	Unwind@58881e62	18
client-core-current	58881e74	Unwind@58881e74	18
client-core-current	58881e86	Unwind@58881e86	18
client-core-current	58881e98	Unwind@58881e98	18
client-core-current	58881eaa	Unwind@58881eaa	18
client-core-current	58881ebc	Unwind@58881ebc	18
client-core-current	58881ece	Unwind@58881ece	18
client-core-current	58881ee0	Unwind@58881ee0	21
client-core-current	58881ef5	Unwind@58881ef5	21
client-core-current	58881f0a	Unwind@58881f0a	21
client-core-current	58881f1f	Unwind@58881f1f	21
client-core-current	58881f34	Unwind@58881f34	21
client-core-current	58881f49	Unwind@58881f49	21
client-core-current	58881f5e	Unwind@58881f5e	21
client-core-current	58881f73	Unwind@58881f73	21
client-core-current	58881f88	Unwind@58881f88	21
client-core-current	58881f9d	Unwind@58881f9d	21
client-core-current	58881fb2	Unwind@58881fb2	21
client-core-current	58881fc7	Unwind@58881fc7	21
client-core-current	58881fdc	Unwind@58881fdc	21
client-core-current	58881ff1	Unwind@58881ff1	21
client-core-current	58882006	Unwind@58882006	21
client-core-current	5888201b	Unwind@5888201b	21
client-core-current	58882030	Unwind@58882030	21
client-core-current	58882045	Unwind@58882045	21
client-core-current	5888205a	Unwind@5888205a	21
client-core-current	5888206f	Unwind@5888206f	21
client-core-current	58882084	Unwind@58882084	21
client-core-current	58882099	Unwind@58882099	21
client-core-current	588820ae	Unwind@588820ae	21
client-core-current	588820c3	Unwind@588820c3	21
client-core-current	588820d8	Unwind@588820d8	21
client-core-current	588820ed	Unwind@588820ed	21
client-core-current	58882102	Unwind@58882102	21
client-core-current	58882117	Unwind@58882117	21
client-core-current	5888212c	Unwind@5888212c	21
client-core-current	58882141	Unwind@58882141	18
client-core-current	58882153	Unwind@58882153	21
client-core-current	58882168	Unwind@58882168	21
client-core-current	5888217d	Unwind@5888217d	21
client-core-current	58882192	Unwind@58882192	21
client-core-current	588821a7	Unwind@588821a7	21
client-core-current	588821bc	Unwind@588821bc	21
client-core-current	588821d1	Unwind@588821d1	21
client-core-current	588821e6	Unwind@588821e6	21
client-core-current	588821fb	Unwind@588821fb	21
client-core-current	58882210	Unwind@58882210	21
client-core-current	58882225	Unwind@58882225	21
client-core-current	5888223a	Unwind@5888223a	21
client-core-current	5888224f	Unwind@5888224f	21
client-core-current	58882264	Unwind@58882264	21
client-core-current	58882279	Unwind@58882279	21
client-core-current	5888228e	Unwind@5888228e	21
client-core-current	588822a3	Unwind@588822a3	21
client-core-current	588822b8	Unwind@588822b8	21
client-core-current	588822cd	Unwind@588822cd	21
client-core-current	588822e2	Unwind@588822e2	21
client-core-current	588822f7	Unwind@588822f7	21
client-core-current	5888230c	Unwind@5888230c	21
client-core-current	58882321	Unwind@58882321	21
client-core-current	58882336	Unwind@58882336	21
client-core-current	5888234b	Unwind@5888234b	21
client-core-current	58882360	Unwind@58882360	21
client-core-current	58882375	Unwind@58882375	21
client-core-current	5888238a	Unwind@5888238a	21
client-core-current	5888239f	Unwind@5888239f	21
client-core-current	588823b4	Unwind@588823b4	21
client-core-current	588823c9	Unwind@588823c9	21
client-core-current	588823de	Unwind@588823de	21
client-core-current	588823f3	Unwind@588823f3	21
client-core-current	58882408	Unwind@58882408	18
client-core-current	5888241a	Unwind@5888241a	18
client-core-current	5888242c	Unwind@5888242c	18
client-core-current	5888243e	Unwind@5888243e	18
client-core-current	58882450	Unwind@58882450	18
client-core-current	58882462	Unwind@58882462	18
client-core-current	58882474	Unwind@58882474	18
client-core-current	58882486	Unwind@58882486	21
client-core-current	5888249b	Unwind@5888249b	21
client-core-current	588824b0	Unwind@588824b0	21
client-core-current	588824c5	Unwind@588824c5	18
client-core-current	588824d7	Unwind@588824d7	18
client-core-current	588824e9	Unwind@588824e9	21
client-core-current	588824fe	Unwind@588824fe	21
client-core-current	58882513	Unwind@58882513	21
client-core-current	58882528	Unwind@58882528	21
client-core-current	5888253d	Unwind@5888253d	21
client-core-current	58882552	Unwind@58882552	18
client-core-current	58882564	Unwind@58882564	21
client-core-current	58882579	Unwind@58882579	18
client-core-current	5888258b	Unwind@5888258b	21
client-core-current	588825a0	Unwind@588825a0	21
client-core-current	588825b5	Unwind@588825b5	21
client-core-current	588825ca	Unwind@588825ca	21
client-core-current	588825df	Unwind@588825df	18
client-core-current	588825f1	Unwind@588825f1	18
client-core-current	58882603	Unwind@58882603	18
client-core-current	58882615	Unwind@58882615	21
client-core-current	5888262a	Unwind@5888262a	21
client-core-current	5888263f	Unwind@5888263f	21
client-core-current	58882654	Unwind@58882654	21
client-core-current	58882669	Unwind@58882669	18
client-core-current	5888267b	Unwind@5888267b	21
client-core-current	58882690	Unwind@58882690	21
client-core-current	588826a5	Unwind@588826a5	21
client-core-current	588826ba	Unwind@588826ba	18
client-core-current	588826cc	Unwind@588826cc	18
client-core-current	588826de	Unwind@588826de	18
client-core-current	58882720	Unwind@58882720	15
client-core-current	5888272f	Unwind@5888272f	15
client-core-current	5888273e	Unwind@5888273e	15
client-core-current	5888274d	Unwind@5888274d	15
client-core-current	5888275c	Unwind@5888275c	18
client-core-current	5888276e	Unwind@5888276e	18
client-core-current	58882780	Unwind@58882780	18
client-core-current	588827c0	Unwind@588827c0	15
client-core-current	58882800	Unwind@58882800	18
client-core-current	58882812	Unwind@58882812	18
client-core-current	58882824	Unwind@58882824	18
client-core-current	58882836	Unwind@58882836	18
client-core-current	58882848	Unwind@58882848	18
client-core-current	5888285a	Unwind@5888285a	18
client-core-current	5888286c	Unwind@5888286c	18
client-core-current	5888287e	Unwind@5888287e	21
client-core-current	58882893	Unwind@58882893	18
client-core-current	588828d0	Unwind@588828d0	18
client-core-current	588828e2	Unwind@588828e2	18
client-core-current	58882920	Unwind@58882920	11
client-core-current	5888292b	Unwind@5888292b	11
client-core-current	58882936	Unwind@58882936	21
client-core-current	58882980	Unwind@58882980	21
client-core-current	588829d0	Unwind@588829d0	8
client-core-current	58882a00	Unwind@58882a00	15
client-core-current	58882a40	Unwind@58882a40	8
client-core-current	58882a48	Unwind@58882a48	15
client-core-current	58882a80	Unwind@58882a80	8
client-core-current	58882ab0	Unwind@58882ab0	15
client-core-current	58882abf	Unwind@58882abf	15
client-core-current	58882af0	Unwind@58882af0	18
client-core-current	58882b30	Unwind@58882b30	18
client-core-current	58882b42	Unwind@58882b42	18
client-core-current	58882b54	Unwind@58882b54	18
client-core-current	58882b66	Unwind@58882b66	18
client-core-current	58882b78	Unwind@58882b78	18
client-core-current	58882b8a	Unwind@58882b8a	18
client-core-current	58882b9c	Unwind@58882b9c	18
client-core-current	58882bae	Unwind@58882bae	18
client-core-current	58882bc0	Unwind@58882bc0	18
client-core-current	58882bd2	Unwind@58882bd2	18
client-core-current	58882be4	Unwind@58882be4	18
client-core-current	58882bf6	Unwind@58882bf6	18
client-core-current	58882c08	Unwind@58882c08	18
client-core-current	58882c1a	Unwind@58882c1a	18
client-core-current	58882c2c	Unwind@58882c2c	18
client-core-current	58882c3e	Unwind@58882c3e	18
client-core-current	58882c50	Unwind@58882c50	18
client-core-current	58882c62	Unwind@58882c62	18
client-core-current	58882cb0	Unwind@58882cb0	15
client-core-current	58882cbf	Unwind@58882cbf	18
client-core-current	58882d00	Unwind@58882d00	8
client-core-current	58882d30	Unwind@58882d30	8
client-core-current	58882d38	Unwind@58882d38	15
client-core-current	58882d47	Unwind@58882d47	15
client-core-current	58882d56	Unwind@58882d56	15
client-core-current	58882d65	Unwind@58882d65	15
client-core-current	58882d74	Unwind@58882d74	18
client-core-current	58882d86	Unwind@58882d86	18
client-core-current	58882d98	Unwind@58882d98	15
client-core-current	58882da7	Unwind@58882da7	15
client-core-current	58882db6	Unwind@58882db6	18
client-core-current	58882dc8	Unwind@58882dc8	18
client-core-current	58882dda	Unwind@58882dda	18
client-core-current	58882dec	Unwind@58882dec	18
client-core-current	58882dfe	Unwind@58882dfe	21
client-core-current	58882e13	Unwind@58882e13	21
client-core-current	58882e28	Unwind@58882e28	18
client-core-current	58882e3a	Unwind@58882e3a	18
client-core-current	58882e4c	Unwind@58882e4c	21
client-core-current	58882e61	Unwind@58882e61	21
client-core-current	58882e76	Unwind@58882e76	18
client-core-current	58882e88	Unwind@58882e88	21
client-core-current	58882e9d	Unwind@58882e9d	21
client-core-current	58882eb2	Unwind@58882eb2	18
client-core-current	58882ec4	Unwind@58882ec4	18
client-core-current	58882ed6	Unwind@58882ed6	21
client-core-current	58882eeb	Unwind@58882eeb	18
client-core-current	58882efd	Unwind@58882efd	18
client-core-current	58882f0f	Unwind@58882f0f	18
client-core-current	58882f21	Unwind@58882f21	18
client-core-current	58882f33	Unwind@58882f33	18
client-core-current	58882f45	Unwind@58882f45	18
client-core-current	58882f57	Unwind@58882f57	18
client-core-current	58882f69	Unwind@58882f69	21
client-core-current	58882f7e	Unwind@58882f7e	21
client-core-current	58882fe0	Unwind@58882fe0	21
client-core-current	58882ff5	Unwind@58882ff5	18
client-core-current	58883007	Unwind@58883007	18
client-core-current	58883050	Unwind@58883050	15
client-core-current	5888305f	Unwind@5888305f	15
client-core-current	5888306e	Unwind@5888306e	15
client-core-current	588830a0	Unwind@588830a0	8
client-core-current	588830a8	Unwind@588830a8	11
client-core-current	588830b3	Unwind@588830b3	11
client-core-current	588830e0	Unwind@588830e0	8
client-core-current	588830e8	Unwind@588830e8	15
client-core-current	588830f7	Unwind@588830f7	15
client-core-current	58883106	Unwind@58883106	15
client-core-current	58883115	Unwind@58883115	18
client-core-current	58883127	Unwind@58883127	18
client-core-current	58883139	Unwind@58883139	18
client-core-current	5888314b	Unwind@5888314b	18
client-core-current	58883190	Unwind@58883190	11
client-core-current	588831c0	Unwind@588831c0	21
client-core-current	588831d5	Unwind@588831d5	21
client-core-current	58883220	Unwind@58883220	8
client-core-current	58883228	Unwind@58883228	15
client-core-current	58883237	Unwind@58883237	18
client-core-current	58883249	Unwind@58883249	15
client-core-current	58883280	Unwind@58883280	18
client-core-current	588832c0	Unwind@588832c0	18
client-core-current	588832d2	Unwind@588832d2	18
client-core-current	588832e4	Unwind@588832e4	18
client-core-current	588832f6	Unwind@588832f6	18
client-core-current	58883330	Unwind@58883330	15
client-core-current	5888333f	Unwind@5888333f	15
client-core-current	5888334e	Unwind@5888334e	15
client-core-current	58883390	Unwind@58883390	15
client-core-current	5888339f	Unwind@5888339f	15
client-core-current	588833ae	Unwind@588833ae	15
client-core-current	588833e0	Unwind@588833e0	15
client-core-current	588833ef	Unwind@588833ef	15
client-core-current	588833fe	Unwind@588833fe	15
client-core-current	5888340d	Unwind@5888340d	15
client-core-current	5888341c	Unwind@5888341c	15
client-core-current	5888342b	Unwind@5888342b	15
client-core-current	5888343a	Unwind@5888343a	18
client-core-current	5888344c	Unwind@5888344c	18
client-core-current	58883490	Unwind@58883490	18
client-core-current	588834a2	Unwind@588834a2	18
client-core-current	588834b4	Unwind@588834b4	18
client-core-current	58883500	Unwind@58883500	17
client-core-current	58883511	Unwind@58883511	17
client-core-current	58883522	Unwind@58883522	21
client-core-current	58883590	Unwind@58883590	14
client-core-current	5888359e	Unwind@5888359e	14
client-core-current	588835ac	Unwind@588835ac	21
client-core-current	588835f0	Unwind@588835f0	18
client-core-current	58883630	Unwind@58883630	18
client-core-current	58883670	Unwind@58883670	11
client-core-current	5888367b	Unwind@5888367b	18
client-core-current	588836d0	Unwind@588836d0	21
client-core-current	58883720	Unwind@58883720	8
client-core-current	58883728	Unwind@58883728	15
client-core-current	58883760	Unwind@58883760	18
client-core-current	58883772	Unwind@58883772	18
client-core-current	58883784	Unwind@58883784	18
client-core-current	58883796	Unwind@58883796	21
client-core-current	588837ab	Unwind@588837ab	21
client-core-current	588837f0	Unwind@588837f0	15
client-core-current	588837ff	Unwind@588837ff	15
client-core-current	5888380e	Unwind@5888380e	15
client-core-current	5888381d	Unwind@5888381d	15
client-core-current	58883850	Unwind@58883850	8
client-core-current	58883858	Unwind@58883858	18
client-core-current	58883890	Unwind@58883890	21
client-core-current	588838a5	Unwind@588838a5	21
client-core-current	588838ba	Unwind@588838ba	21
client-core-current	588838cf	Unwind@588838cf	21
client-core-current	588838e4	Unwind@588838e4	21
client-core-current	588838f9	Unwind@588838f9	21
client-core-current	58883940	Unwind@58883940	15
client-core-current	58883980	Unwind@58883980	8
client-core-current	588839c0	Unwind@588839c0	8
client-core-current	588839c8	Unwind@588839c8	15
client-core-current	588839d7	Unwind@588839d7	15
client-core-current	58883a10	Unwind@58883a10	8
client-core-current	58883a40	Unwind@58883a40	15
client-core-current	58883a4f	Unwind@58883a4f	15
client-core-current	58883a80	Unwind@58883a80	8
client-core-current	58883ab0	Unwind@58883ab0	18
client-core-current	58883ac2	Unwind@58883ac2	11
client-core-current	58883acd	Unwind@58883acd	11
client-core-current	58883ad8	Unwind@58883ad8	11
client-core-current	58883ae3	Unwind@58883ae3	18
client-core-current	58883af5	Unwind@58883af5	21
client-core-current	58883b0a	Unwind@58883b0a	21
client-core-current	58883b50	Unwind@58883b50	11
client-core-current	58883b90	Unwind@58883b90	8
client-core-current	58883b98	Unwind@58883b98	15
client-core-current	58883ba7	Unwind@58883ba7	15
client-core-current	58883bb6	Unwind@58883bb6	18
client-core-current	58883bc8	Unwind@58883bc8	18
client-core-current	58883c00	Unwind@58883c00	8
client-core-current	58883c08	Unwind@58883c08	15
client-core-current	58883c40	Unwind@58883c40	8
client-core-current	58883c70	Unwind@58883c70	8
client-core-current	58883ca0	Unwind@58883ca0	8
client-core-current	58883cd0	Unwind@58883cd0	18
client-core-current	58883ce2	Unwind@58883ce2	15
client-core-current	58883cf1	Unwind@58883cf1	15
client-core-current	58883d30	Unwind@58883d30	8
client-core-current	58883d38	Unwind@58883d38	8
client-core-current	58883d70	Unwind@58883d70	8
client-core-current	58883d78	Unwind@58883d78	15
client-core-current	58883db0	Unwind@58883db0	8
client-core-current	58883db8	Unwind@58883db8	18
client-core-current	58883dca	Unwind@58883dca	15
client-core-current	58883dd9	Unwind@58883dd9	15
client-core-current	58883de8	Unwind@58883de8	15
client-core-current	58883df7	Unwind@58883df7	15
client-core-current	58883e06	Unwind@58883e06	15
client-core-current	58883e15	Unwind@58883e15	18
client-core-current	58883e27	Unwind@58883e27	18
client-core-current	58883e39	Unwind@58883e39	18
client-core-current	58883e4b	Unwind@58883e4b	18
client-core-current	58883e5d	Unwind@58883e5d	18
client-core-current	58883e6f	Unwind@58883e6f	18
client-core-current	58883e81	Unwind@58883e81	18
client-core-current	58883e93	Unwind@58883e93	21
client-core-current	58883ea8	Unwind@58883ea8	21
client-core-current	58883ebd	Unwind@58883ebd	21
client-core-current	58883ed2	Unwind@58883ed2	21
client-core-current	58883ee7	Unwind@58883ee7	21
client-core-current	58883efc	Unwind@58883efc	21
client-core-current	58883f11	Unwind@58883f11	21
client-core-current	58883f50	Unwind@58883f50	8
client-core-current	58883f58	Unwind@58883f58	15
client-core-current	58883f90	Unwind@58883f90	8
client-core-current	58883f98	Unwind@58883f98	15
client-core-current	58883fd0	Unwind@58883fd0	15
client-core-current	58884010	Unwind@58884010	15
client-core-current	5888401f	Unwind@5888401f	15
client-core-current	58884050	Unwind@58884050	8
client-core-current	58884058	Unwind@58884058	15
client-core-current	58884067	Unwind@58884067	15
client-core-current	588840a0	Unwind@588840a0	8
client-core-current	588840a8	Unwind@588840a8	15
client-core-current	588840b7	Unwind@588840b7	15
client-core-current	588840c6	Unwind@588840c6	15
client-core-current	58884120	Unwind@58884120	11
client-core-current	5888412b	Unwind@5888412b	11
client-core-current	58884136	Unwind@58884136	14
client-core-current	58884144	Unwind@58884144	14
client-core-current	588841a0	Unwind@588841a0	15
client-core-current	588841af	Unwind@588841af	15
client-core-current	588841e0	Unwind@588841e0	15
client-core-current	588841ef	Unwind@588841ef	18
client-core-current	58884230	Unwind@58884230	15
client-core-current	58884270	Unwind@58884270	15
client-core-current	5888427f	Unwind@5888427f	18
client-core-current	58884291	Unwind@58884291	18
client-core-current	588842d0	Unwind@588842d0	18
client-core-current	588842e2	Unwind@588842e2	18
client-core-current	58884320	Unwind@58884320	21
client-core-current	58884370	Unwind@58884370	15
client-core-current	588843b0	Unwind@588843b0	18
client-core-current	588843c2	Unwind@588843c2	18
client-core-current	588843d4	Unwind@588843d4	18
client-core-current	58884410	Unwind@58884410	8
client-core-current	58884418	Unwind@58884418	18
client-core-current	5888442a	Unwind@5888442a	15
client-core-current	58884439	Unwind@58884439	15
client-core-current	58884448	Unwind@58884448	15
client-core-current	58884457	Unwind@58884457	18
client-core-current	58884469	Unwind@58884469	15
client-core-current	58884478	Unwind@58884478	15
client-core-current	58884487	Unwind@58884487	21
client-core-current	5888449c	Unwind@5888449c	21
client-core-current	588844b1	Unwind@588844b1	21
client-core-current	588844c6	Unwind@588844c6	21
client-core-current	588844db	Unwind@588844db	18
client-core-current	588844ed	Unwind@588844ed	18
client-core-current	588844ff	Unwind@588844ff	18
client-core-current	58884511	Unwind@58884511	18
client-core-current	58884523	Unwind@58884523	21
client-core-current	58884538	Unwind@58884538	21
client-core-current	5888454d	Unwind@5888454d	21
client-core-current	58884562	Unwind@58884562	21
client-core-current	58884577	Unwind@58884577	15
client-core-current	588845d0	Unwind@588845d0	18
client-core-current	58884610	Unwind@58884610	18
client-core-current	58884650	Unwind@58884650	18
client-core-current	58884662	Unwind@58884662	15
client-core-current	58884671	Unwind@58884671	15
client-core-current	58884680	Unwind@58884680	15
client-core-current	5888468f	Unwind@5888468f	15
client-core-current	5888469e	Unwind@5888469e	15
client-core-current	588846ad	Unwind@588846ad	15
client-core-current	588846f0	Unwind@588846f0	15
client-core-current	588846ff	Unwind@588846ff	15
client-core-current	5888470e	Unwind@5888470e	15
client-core-current	5888471d	Unwind@5888471d	15
client-core-current	5888472c	Unwind@5888472c	15
client-core-current	5888473b	Unwind@5888473b	15
client-core-current	5888474a	Unwind@5888474a	15
client-core-current	58884759	Unwind@58884759	15
client-core-current	58884768	Unwind@58884768	15
client-core-current	58884777	Unwind@58884777	18
client-core-current	58884789	Unwind@58884789	18
client-core-current	5888479b	Unwind@5888479b	18
client-core-current	588847ad	Unwind@588847ad	18
client-core-current	588847bf	Unwind@588847bf	18
client-core-current	588847d1	Unwind@588847d1	18
client-core-current	588847e3	Unwind@588847e3	18
client-core-current	588847f5	Unwind@588847f5	18
client-core-current	58884807	Unwind@58884807	18
client-core-current	58884819	Unwind@58884819	21
client-core-current	5888482e	Unwind@5888482e	18
client-core-current	58884840	Unwind@58884840	18
client-core-current	58884852	Unwind@58884852	18
client-core-current	58884864	Unwind@58884864	18
client-core-current	58884876	Unwind@58884876	18
client-core-current	58884888	Unwind@58884888	18
client-core-current	588848c0	Unwind@588848c0	18
client-core-current	58884900	Unwind@58884900	8
client-core-current	58884930	Unwind@58884930	11
client-core-current	5888493b	Unwind@5888493b	21
client-core-current	58884950	Unwind@58884950	21
client-core-current	58884965	Unwind@58884965	21
client-core-current	5888497a	Unwind@5888497a	21
client-core-current	5888498f	Unwind@5888498f	21
client-core-current	588849a4	Unwind@588849a4	21
client-core-current	588849b9	Unwind@588849b9	21
client-core-current	588849ce	Unwind@588849ce	21
client-core-current	588849e3	Unwind@588849e3	21
client-core-current	588849f8	Unwind@588849f8	21
client-core-current	58884a0d	Unwind@58884a0d	21
client-core-current	58884a22	Unwind@58884a22	21
client-core-current	58884a37	Unwind@58884a37	21
client-core-current	58884a4c	Unwind@58884a4c	21
client-core-current	58884a61	Unwind@58884a61	21
client-core-current	58884a76	Unwind@58884a76	21
client-core-current	58884a8b	Unwind@58884a8b	18
client-core-current	58884a9d	Unwind@58884a9d	18
client-core-current	58884aaf	Unwind@58884aaf	18
client-core-current	58884ac1	Unwind@58884ac1	18
client-core-current	58884ad3	Unwind@58884ad3	18
client-core-current	58884ae5	Unwind@58884ae5	18
client-core-current	58884af7	Unwind@58884af7	18
client-core-current	58884b09	Unwind@58884b09	18
client-core-current	58884b1b	Unwind@58884b1b	18
client-core-current	58884b2d	Unwind@58884b2d	21
client-core-current	58884b42	Unwind@58884b42	21
client-core-current	58884b57	Unwind@58884b57	21
client-core-current	58884b6c	Unwind@58884b6c	18
client-core-current	58884b7e	Unwind@58884b7e	18
client-core-current	58884b90	Unwind@58884b90	21
client-core-current	58884ba5	Unwind@58884ba5	18
client-core-current	58884bb7	Unwind@58884bb7	18
client-core-current	58884bc9	Unwind@58884bc9	18
client-core-current	58884bdb	Unwind@58884bdb	21
client-core-current	58884bf0	Unwind@58884bf0	21
client-core-current	58884c05	Unwind@58884c05	18
client-core-current	58884c17	Unwind@58884c17	18
client-core-current	58884c29	Unwind@58884c29	18
client-core-current	58884c3b	Unwind@58884c3b	18
client-core-current	58884c4d	Unwind@58884c4d	21
client-core-current	58884c62	Unwind@58884c62	21
client-core-current	58884c77	Unwind@58884c77	21
client-core-current	58884c8c	Unwind@58884c8c	21
client-core-current	58884ca1	Unwind@58884ca1	21
client-core-current	58884cb6	Unwind@58884cb6	18
client-core-current	58884cc8	Unwind@58884cc8	18
client-core-current	58884cda	Unwind@58884cda	18
client-core-current	58884cec	Unwind@58884cec	18
client-core-current	58884cfe	Unwind@58884cfe	18
client-core-current	58884d10	Unwind@58884d10	18
client-core-current	58884d22	Unwind@58884d22	21
client-core-current	58884d37	Unwind@58884d37	21
client-core-current	58884d4c	Unwind@58884d4c	18
client-core-current	58884d5e	Unwind@58884d5e	18
client-core-current	58884d70	Unwind@58884d70	21
client-core-current	58884d85	Unwind@58884d85	21
client-core-current	58884d9a	Unwind@58884d9a	18
client-core-current	58884dac	Unwind@58884dac	21
client-core-current	58884dc1	Unwind@58884dc1	18
client-core-current	58884dd3	Unwind@58884dd3	21
client-core-current	58884de8	Unwind@58884de8	21
client-core-current	58884dfd	Unwind@58884dfd	18
client-core-current	58884e0f	Unwind@58884e0f	18
client-core-current	58884e21	Unwind@58884e21	18
client-core-current	58884e33	Unwind@58884e33	18
client-core-current	58884e45	Unwind@58884e45	18
client-core-current	58884e57	Unwind@58884e57	18
client-core-current	58884e69	Unwind@58884e69	18
client-core-current	58884e7b	Unwind@58884e7b	18
client-core-current	58884e8d	Unwind@58884e8d	18
client-core-current	58884e9f	Unwind@58884e9f	18
client-core-current	58884eb1	Unwind@58884eb1	18
client-core-current	58884ec3	Unwind@58884ec3	18
client-core-current	58884ed5	Unwind@58884ed5	18
client-core-current	58884ee7	Unwind@58884ee7	18
client-core-current	58884ef9	Unwind@58884ef9	18
client-core-current	58884f0b	Unwind@58884f0b	18
client-core-current	58884f1d	Unwind@58884f1d	18
client-core-current	58884f2f	Unwind@58884f2f	18
client-core-current	58884f41	Unwind@58884f41	18
client-core-current	58884f53	Unwind@58884f53	18
client-core-current	58884f65	Unwind@58884f65	18
client-core-current	58884f77	Unwind@58884f77	18
client-core-current	58884f89	Unwind@58884f89	18
client-core-current	58884f9b	Unwind@58884f9b	18
client-core-current	58884fad	Unwind@58884fad	18
client-core-current	58885010	Unwind@58885010	18
client-core-current	58885050	Unwind@58885050	18
client-core-current	58885062	Unwind@58885062	18
client-core-current	58885074	Unwind@58885074	18
client-core-current	58885086	Unwind@58885086	18
client-core-current	58885098	Unwind@58885098	15
client-core-current	588850a7	Unwind@588850a7	15
client-core-current	588850b6	Unwind@588850b6	21
client-core-current	588850cb	Unwind@588850cb	18
client-core-current	588850dd	Unwind@588850dd	18
client-core-current	588850ef	Unwind@588850ef	18
client-core-current	58885101	Unwind@58885101	18
client-core-current	58885113	Unwind@58885113	18
client-core-current	58885125	Unwind@58885125	18
client-core-current	58885137	Unwind@58885137	18
client-core-current	58885149	Unwind@58885149	18
client-core-current	5888515b	Unwind@5888515b	21
client-core-current	58885170	Unwind@58885170	21
client-core-current	58885185	Unwind@58885185	21
client-core-current	5888519a	Unwind@5888519a	21
client-core-current	588851af	Unwind@588851af	18
client-core-current	588851c1	Unwind@588851c1	18
client-core-current	588851d3	Unwind@588851d3	21
client-core-current	588851e8	Unwind@588851e8	18
client-core-current	588851fa	Unwind@588851fa	18
client-core-current	5888520c	Unwind@5888520c	18
client-core-current	5888521e	Unwind@5888521e	18
client-core-current	58885230	Unwind@58885230	18
client-core-current	58885242	Unwind@58885242	18
client-core-current	58885254	Unwind@58885254	18
client-core-current	58885266	Unwind@58885266	18
client-core-current	58885278	Unwind@58885278	18
client-core-current	5888528a	Unwind@5888528a	18
client-core-current	588852d0	Unwind@588852d0	21
client-core-current	58885320	Unwind@58885320	18
client-core-current	58885332	Unwind@58885332	15
client-core-current	58885370	Unwind@58885370	18
client-core-current	588853b0	Unwind@588853b0	8
client-core-current	588853e0	Unwind@588853e0	8
client-core-current	588853e8	Unwind@588853e8	14
client-core-current	588853f6	Unwind@588853f6	14
client-core-current	58885404	Unwind@58885404	18
client-core-current	58885416	Unwind@58885416	15
client-core-current	58885425	Unwind@58885425	15
client-core-current	58885434	Unwind@58885434	18
client-core-current	58885446	Unwind@58885446	18
client-core-current	58885458	Unwind@58885458	15
client-core-current	58885467	Unwind@58885467	15
client-core-current	58885476	Unwind@58885476	15
client-core-current	58885485	Unwind@58885485	15
client-core-current	58885494	Unwind@58885494	18
client-core-current	588854a6	Unwind@588854a6	21
client-core-current	588854bb	Unwind@588854bb	21
client-core-current	588854d0	Unwind@588854d0	21
client-core-current	588854e5	Unwind@588854e5	21
client-core-current	588854fa	Unwind@588854fa	21
client-core-current	5888550f	Unwind@5888550f	21
client-core-current	58885524	Unwind@58885524	21
client-core-current	58885539	Unwind@58885539	21
client-core-current	5888554e	Unwind@5888554e	21
client-core-current	58885563	Unwind@58885563	21
client-core-current	58885578	Unwind@58885578	21
client-core-current	5888558d	Unwind@5888558d	21
client-core-current	588855a2	Unwind@588855a2	21
client-core-current	588855b7	Unwind@588855b7	21
client-core-current	588855cc	Unwind@588855cc	18
client-core-current	588855de	Unwind@588855de	18
client-core-current	588855f0	Unwind@588855f0	18
client-core-current	58885602	Unwind@58885602	18
client-core-current	58885614	Unwind@58885614	21
client-core-current	58885629	Unwind@58885629	21
client-core-current	5888563e	Unwind@5888563e	21
client-core-current	58885653	Unwind@58885653	21
client-core-current	58885668	Unwind@58885668	21
client-core-current	5888567d	Unwind@5888567d	21
client-core-current	58885692	Unwind@58885692	21
client-core-current	588856a7	Unwind@588856a7	21
client-core-current	588856bc	Unwind@588856bc	18
client-core-current	588856ce	Unwind@588856ce	18
client-core-current	588856e0	Unwind@588856e0	18
client-core-current	588856f2	Unwind@588856f2	18
client-core-current	58885704	Unwind@58885704	18
client-core-current	58885716	Unwind@58885716	18
client-core-current	58885728	Unwind@58885728	18
client-core-current	5888573a	Unwind@5888573a	18
client-core-current	5888574c	Unwind@5888574c	18
client-core-current	5888575e	Unwind@5888575e	18
client-core-current	58885770	Unwind@58885770	18
client-core-current	58885782	Unwind@58885782	18
client-core-current	58885794	Unwind@58885794	21
client-core-current	588857a9	Unwind@588857a9	18
client-core-current	588857bb	Unwind@588857bb	18
client-core-current	588857cd	Unwind@588857cd	18
client-core-current	588857df	Unwind@588857df	21
client-core-current	588857f4	Unwind@588857f4	18
client-core-current	58885806	Unwind@58885806	21
client-core-current	5888581b	Unwind@5888581b	21
client-core-current	58885830	Unwind@58885830	21
client-core-current	58885845	Unwind@58885845	21
client-core-current	5888585a	Unwind@5888585a	21
client-core-current	5888586f	Unwind@5888586f	18
client-core-current	58885881	Unwind@58885881	21
client-core-current	58885896	Unwind@58885896	21
client-core-current	588858ab	Unwind@588858ab	21
client-core-current	588858c0	Unwind@588858c0	21
client-core-current	588858d5	Unwind@588858d5	18
client-core-current	588858e7	Unwind@588858e7	18
client-core-current	588858f9	Unwind@588858f9	18
client-core-current	5888590b	Unwind@5888590b	18
client-core-current	5888591d	Unwind@5888591d	18
client-core-current	5888592f	Unwind@5888592f	18
client-core-current	58885941	Unwind@58885941	21
client-core-current	58885956	Unwind@58885956	18
client-core-current	58885968	Unwind@58885968	18
client-core-current	5888597a	Unwind@5888597a	21
client-core-current	5888598f	Unwind@5888598f	18
client-core-current	588859a1	Unwind@588859a1	18
client-core-current	588859b3	Unwind@588859b3	18
client-core-current	588859c5	Unwind@588859c5	18
client-core-current	588859d7	Unwind@588859d7	18
client-core-current	588859e9	Unwind@588859e9	18
client-core-current	588859fb	Unwind@588859fb	18
client-core-current	58885a0d	Unwind@58885a0d	18
client-core-current	58885a1f	Unwind@58885a1f	21
client-core-current	58885a34	Unwind@58885a34	18
client-core-current	58885a46	Unwind@58885a46	18
client-core-current	58885a58	Unwind@58885a58	18
client-core-current	58885aa0	Unwind@58885aa0	15
client-core-current	58885aaf	Unwind@58885aaf	15
client-core-current	58885ae0	Unwind@58885ae0	21
client-core-current	58885af5	Unwind@58885af5	21
client-core-current	58885b0a	Unwind@58885b0a	21
client-core-current	58885b1f	Unwind@58885b1f	21
client-core-current	58885b70	Unwind@58885b70	21
client-core-current	58885bc0	Unwind@58885bc0	18
client-core-current	58885c00	Unwind@58885c00	15
client-core-current	58885c40	Unwind@58885c40	21
client-core-current	58885c55	Unwind@58885c55	21
client-core-current	58885c6a	Unwind@58885c6a	11
client-core-current	58885c75	Unwind@58885c75	21
client-core-current	58885cc0	Unwind@58885cc0	15
client-core-current	58885d00	Unwind@58885d00	15
client-core-current	58885d0f	Unwind@58885d0f	15
client-core-current	58885d50	Unwind@58885d50	18
client-core-current	58885d90	Unwind@58885d90	18
client-core-current	58885de0	Unwind@58885de0	18
client-core-current	58885e30	Unwind@58885e30	8
client-core-current	58885e38	Unwind@58885e38	14
client-core-current	58885e46	Unwind@58885e46	15
client-core-current	58885e55	Unwind@58885e55	15
client-core-current	58885e64	Unwind@58885e64	18
client-core-current	58885e76	Unwind@58885e76	15
client-core-current	58885e85	Unwind@58885e85	15
client-core-current	58885e94	Unwind@58885e94	18
client-core-current	58885ea6	Unwind@58885ea6	15
client-core-current	58885eb5	Unwind@58885eb5	15
client-core-current	58885ec4	Unwind@58885ec4	15
client-core-current	58885ed3	Unwind@58885ed3	15
client-core-current	58885f10	Unwind@58885f10	15
client-core-current	58885f50	Unwind@58885f50	8
client-core-current	58885f58	Unwind@58885f58	18
client-core-current	58885f6a	Unwind@58885f6a	15
client-core-current	58885f79	Unwind@58885f79	15
client-core-current	58885f88	Unwind@58885f88	15
client-core-current	58885f97	Unwind@58885f97	15
client-core-current	58885fa6	Unwind@58885fa6	15
client-core-current	58885fb5	Unwind@58885fb5	15
client-core-current	58885fc4	Unwind@58885fc4	15
client-core-current	58885fd3	Unwind@58885fd3	15
client-core-current	58885fe2	Unwind@58885fe2	15
client-core-current	58885ff1	Unwind@58885ff1	15
client-core-current	58886000	Unwind@58886000	18
client-core-current	58886012	Unwind@58886012	18
client-core-current	58886024	Unwind@58886024	18
client-core-current	58886036	Unwind@58886036	21
client-core-current	5888604b	Unwind@5888604b	21
client-core-current	58886060	Unwind@58886060	21
client-core-current	58886075	Unwind@58886075	21
client-core-current	5888608a	Unwind@5888608a	21
client-core-current	5888609f	Unwind@5888609f	21
client-core-current	588860b4	Unwind@588860b4	21
client-core-current	588860c9	Unwind@588860c9	21
client-core-current	588860de	Unwind@588860de	21
client-core-current	588860f3	Unwind@588860f3	21
client-core-current	58886108	Unwind@58886108	18
client-core-current	5888611a	Unwind@5888611a	18
client-core-current	5888612c	Unwind@5888612c	18
client-core-current	5888613e	Unwind@5888613e	18
client-core-current	58886150	Unwind@58886150	18
client-core-current	58886162	Unwind@58886162	18
client-core-current	58886174	Unwind@58886174	18
client-core-current	58886186	Unwind@58886186	18
client-core-current	58886198	Unwind@58886198	21
client-core-current	588861ad	Unwind@588861ad	18
client-core-current	588861bf	Unwind@588861bf	18
client-core-current	588861d1	Unwind@588861d1	18
client-core-current	588861e3	Unwind@588861e3	18
client-core-current	588861f5	Unwind@588861f5	18
client-core-current	58886207	Unwind@58886207	21
client-core-current	5888621c	Unwind@5888621c	21
client-core-current	58886231	Unwind@58886231	21
client-core-current	58886246	Unwind@58886246	18
client-core-current	58886258	Unwind@58886258	18
client-core-current	58886290	Unwind@58886290	15
client-core-current	5888629f	Unwind@5888629f	15
client-core-current	588862d0	Unwind@588862d0	15
client-core-current	58886310	Unwind@58886310	18
client-core-current	58886322	Unwind@58886322	18
client-core-current	58886360	Unwind@58886360	8
client-core-current	58886368	Unwind@58886368	15
client-core-current	58886377	Unwind@58886377	18
client-core-current	58886389	Unwind@58886389	18
client-core-current	5888639b	Unwind@5888639b	18
client-core-current	588863ad	Unwind@588863ad	18
client-core-current	588863bf	Unwind@588863bf	15
client-core-current	588863ce	Unwind@588863ce	15
client-core-current	588863dd	Unwind@588863dd	18
client-core-current	588863ef	Unwind@588863ef	18
client-core-current	58886401	Unwind@58886401	15
client-core-current	58886410	Unwind@58886410	15
client-core-current	5888641f	Unwind@5888641f	15
client-core-current	5888642e	Unwind@5888642e	15
client-core-current	5888643d	Unwind@5888643d	15
client-core-current	5888644c	Unwind@5888644c	21
client-core-current	58886461	Unwind@58886461	18
client-core-current	58886473	Unwind@58886473	18
client-core-current	58886485	Unwind@58886485	18
client-core-current	58886497	Unwind@58886497	18
client-core-current	588864a9	Unwind@588864a9	18
client-core-current	588864bb	Unwind@588864bb	18
client-core-current	588864cd	Unwind@588864cd	18
client-core-current	588864df	Unwind@588864df	21
client-core-current	588864f4	Unwind@588864f4	18
client-core-current	58886506	Unwind@58886506	18
client-core-current	58886518	Unwind@58886518	18
client-core-current	5888652a	Unwind@5888652a	21
client-core-current	5888653f	Unwind@5888653f	18
client-core-current	58886551	Unwind@58886551	18
client-core-current	58886563	Unwind@58886563	18
client-core-current	58886575	Unwind@58886575	18
client-core-current	58886587	Unwind@58886587	18
client-core-current	58886599	Unwind@58886599	18
client-core-current	588865ab	Unwind@588865ab	18
client-core-current	588865bd	Unwind@588865bd	18
client-core-current	588865cf	Unwind@588865cf	21
client-core-current	588865e4	Unwind@588865e4	21
client-core-current	588865f9	Unwind@588865f9	21
client-core-current	5888660e	Unwind@5888660e	21
client-core-current	58886623	Unwind@58886623	21
client-core-current	58886638	Unwind@58886638	18
client-core-current	5888664a	Unwind@5888664a	18
client-core-current	5888665c	Unwind@5888665c	18
client-core-current	588866a0	Unwind@588866a0	8
client-core-current	588866a8	Unwind@588866a8	15
client-core-current	588866b7	Unwind@588866b7	15
client-core-current	588866c6	Unwind@588866c6	15
client-core-current	588866d5	Unwind@588866d5	18
client-core-current	588866e7	Unwind@588866e7	18
client-core-current	58886720	Unwind@58886720	8
client-core-current	58886728	Unwind@58886728	15
client-core-current	58886737	Unwind@58886737	18
client-core-current	58886749	Unwind@58886749	18
client-core-current	58886780	Unwind@58886780	8
client-core-current	58886788	Unwind@58886788	18
client-core-current	5888679a	Unwind@5888679a	15
client-core-current	588867a9	Unwind@588867a9	15
client-core-current	588867b8	Unwind@588867b8	15
client-core-current	588867c7	Unwind@588867c7	15
client-core-current	588867d6	Unwind@588867d6	15
client-core-current	588867e5	Unwind@588867e5	15
client-core-current	588867f4	Unwind@588867f4	15
client-core-current	58886803	Unwind@58886803	15
client-core-current	58886812	Unwind@58886812	15
client-core-current	58886821	Unwind@58886821	15
client-core-current	58886830	Unwind@58886830	15
client-core-current	5888683f	Unwind@5888683f	15
client-core-current	5888684e	Unwind@5888684e	18
client-core-current	58886860	Unwind@58886860	21
client-core-current	58886875	Unwind@58886875	21
client-core-current	5888688a	Unwind@5888688a	21
client-core-current	5888689f	Unwind@5888689f	21
client-core-current	588868b4	Unwind@588868b4	21
client-core-current	588868c9	Unwind@588868c9	21
client-core-current	588868de	Unwind@588868de	21
client-core-current	588868f3	Unwind@588868f3	21
client-core-current	58886908	Unwind@58886908	21
client-core-current	5888691d	Unwind@5888691d	21
client-core-current	58886932	Unwind@58886932	21
client-core-current	58886947	Unwind@58886947	21
client-core-current	5888695c	Unwind@5888695c	21
client-core-current	58886971	Unwind@58886971	21
client-core-current	58886986	Unwind@58886986	21
client-core-current	5888699b	Unwind@5888699b	21
client-core-current	588869b0	Unwind@588869b0	21
client-core-current	588869c5	Unwind@588869c5	21
client-core-current	588869da	Unwind@588869da	21
client-core-current	588869ef	Unwind@588869ef	21
client-core-current	58886a04	Unwind@58886a04	18
client-core-current	58886a16	Unwind@58886a16	21
client-core-current	58886a2b	Unwind@58886a2b	21
client-core-current	58886a40	Unwind@58886a40	21
client-core-current	58886a55	Unwind@58886a55	21
client-core-current	58886a6a	Unwind@58886a6a	21
client-core-current	58886a7f	Unwind@58886a7f	21
client-core-current	58886ac0	Unwind@58886ac0	8
client-core-current	58886ac8	Unwind@58886ac8	15
client-core-current	58886ad7	Unwind@58886ad7	15
client-core-current	58886ae6	Unwind@58886ae6	15
client-core-current	58886af5	Unwind@58886af5	15
client-core-current	58886b04	Unwind@58886b04	18
client-core-current	58886b16	Unwind@58886b16	18
client-core-current	58886b28	Unwind@58886b28	18
client-core-current	58886b3a	Unwind@58886b3a	18
client-core-current	58886b4c	Unwind@58886b4c	18
client-core-current	58886b5e	Unwind@58886b5e	18
client-core-current	58886b70	Unwind@58886b70	18
client-core-current	58886b82	Unwind@58886b82	18
client-core-current	58886b94	Unwind@58886b94	15
client-core-current	58886bd0	Unwind@58886bd0	12
client-core-current	58886c10	Unwind@58886c10	8
client-core-current	58886c18	Unwind@58886c18	18
client-core-current	58886c2a	Unwind@58886c2a	15
client-core-current	58886c39	Unwind@58886c39	15
client-core-current	58886c48	Unwind@58886c48	18
client-core-current	58886c5a	Unwind@58886c5a	18
client-core-current	58886c90	Unwind@58886c90	8
client-core-current	58886c98	Unwind@58886c98	15
client-core-current	58886ca7	Unwind@58886ca7	15
client-core-current	58886ce0	Unwind@58886ce0	8
client-core-current	58886ce8	Unwind@58886ce8	15
client-core-current	58886cf7	Unwind@58886cf7	15
client-core-current	58886d30	Unwind@58886d30	8
client-core-current	58886d38	Unwind@58886d38	15
client-core-current	58886d47	Unwind@58886d47	15
client-core-current	58886d56	Unwind@58886d56	18
client-core-current	58886d68	Unwind@58886d68	18
client-core-current	58886d7a	Unwind@58886d7a	18
client-core-current	58886d8c	Unwind@58886d8c	15
client-core-current	58886d9b	Unwind@58886d9b	15
client-core-current	58886daa	Unwind@58886daa	18
client-core-current	58886dbc	Unwind@58886dbc	18
client-core-current	58886dce	Unwind@58886dce	18
client-core-current	58886de0	Unwind@58886de0	18
client-core-current	58886df2	Unwind@58886df2	15
client-core-current	58886e01	Unwind@58886e01	15
client-core-current	58886e10	Unwind@58886e10	18
client-core-current	58886e22	Unwind@58886e22	21
client-core-current	58886e60	Unwind@58886e60	8
client-core-current	58886e68	Unwind@58886e68	18
client-core-current	58886e7a	Unwind@58886e7a	15
client-core-current	58886e89	Unwind@58886e89	15
client-core-current	58886e98	Unwind@58886e98	18
client-core-current	58886eaa	Unwind@58886eaa	18
client-core-current	58886ef0	Unwind@58886ef0	8
client-core-current	58886ef8	Unwind@58886ef8	15
client-core-current	58886f07	Unwind@58886f07	15
client-core-current	58886f16	Unwind@58886f16	15
client-core-current	58886f25	Unwind@58886f25	15
client-core-current	58886f34	Unwind@58886f34	15
client-core-current	58886f43	Unwind@58886f43	15
client-core-current	58886f52	Unwind@58886f52	15
client-core-current	58886f61	Unwind@58886f61	15
client-core-current	58886f70	Unwind@58886f70	18
client-core-current	58886fc0	Unwind@58886fc0	18
client-core-current	58886fd2	Unwind@58886fd2	18
client-core-current	58886fe4	Unwind@58886fe4	18
client-core-current	58887020	Unwind@58887020	8
client-core-current	58887028	Unwind@58887028	15
client-core-current	58887037	Unwind@58887037	15
client-core-current	58887046	Unwind@58887046	18
client-core-current	58887058	Unwind@58887058	18
client-core-current	5888706a	Unwind@5888706a	18
client-core-current	5888707c	Unwind@5888707c	18
client-core-current	5888708e	Unwind@5888708e	18
client-core-current	588870a0	Unwind@588870a0	18
client-core-current	588870b2	Unwind@588870b2	18
client-core-current	588870c4	Unwind@588870c4	15
client-core-current	58887100	Unwind@58887100	8
client-core-current	58887108	Unwind@58887108	15
client-core-current	58887117	Unwind@58887117	15
client-core-current	58887126	Unwind@58887126	15
client-core-current	58887135	Unwind@58887135	15
client-core-current	58887144	Unwind@58887144	18
client-core-current	58887156	Unwind@58887156	18
client-core-current	58887168	Unwind@58887168	18
client-core-current	5888717a	Unwind@5888717a	18
client-core-current	5888718c	Unwind@5888718c	18
client-core-current	5888719e	Unwind@5888719e	15
client-core-current	588871ad	Unwind@588871ad	18
client-core-current	588871bf	Unwind@588871bf	18
client-core-current	58887200	Unwind@58887200	11
client-core-current	5888720b	Unwind@5888720b	21
client-core-current	58887220	Unwind@58887220	18
client-core-current	58887232	Unwind@58887232	18
client-core-current	58887244	Unwind@58887244	21
client-core-current	58887259	Unwind@58887259	21
client-core-current	5888726e	Unwind@5888726e	21
client-core-current	58887283	Unwind@58887283	21
client-core-current	58887298	Unwind@58887298	18
client-core-current	588872aa	Unwind@588872aa	18
client-core-current	588872bc	Unwind@588872bc	18
client-core-current	588872ce	Unwind@588872ce	18
client-core-current	588872e0	Unwind@588872e0	21
client-core-current	588872f5	Unwind@588872f5	21
client-core-current	5888730a	Unwind@5888730a	21
client-core-current	5888731f	Unwind@5888731f	21
client-core-current	58887334	Unwind@58887334	21
client-core-current	58887349	Unwind@58887349	21
client-core-current	5888735e	Unwind@5888735e	21
client-core-current	58887373	Unwind@58887373	18
client-core-current	58887385	Unwind@58887385	18
client-core-current	58887397	Unwind@58887397	18
client-core-current	588873a9	Unwind@588873a9	18
client-core-current	588873bb	Unwind@588873bb	18
client-core-current	588873cd	Unwind@588873cd	21
client-core-current	588873e2	Unwind@588873e2	18
client-core-current	588873f4	Unwind@588873f4	18
client-core-current	58887406	Unwind@58887406	21
client-core-current	5888741b	Unwind@5888741b	21
client-core-current	58887430	Unwind@58887430	18
client-core-current	58887442	Unwind@58887442	21
client-core-current	58887457	Unwind@58887457	21
client-core-current	5888746c	Unwind@5888746c	21
client-core-current	58887481	Unwind@58887481	21
client-core-current	58887496	Unwind@58887496	18
client-core-current	588874a8	Unwind@588874a8	18
client-core-current	588874ba	Unwind@588874ba	18
client-core-current	588874cc	Unwind@588874cc	21
client-core-current	588874e1	Unwind@588874e1	21
client-core-current	588874f6	Unwind@588874f6	21
client-core-current	5888750b	Unwind@5888750b	21
client-core-current	58887520	Unwind@58887520	21
client-core-current	58887535	Unwind@58887535	18
client-core-current	58887547	Unwind@58887547	18
client-core-current	58887559	Unwind@58887559	18
client-core-current	5888756b	Unwind@5888756b	18
client-core-current	5888757d	Unwind@5888757d	18
client-core-current	5888758f	Unwind@5888758f	18
client-core-current	588875a1	Unwind@588875a1	18
client-core-current	588875b3	Unwind@588875b3	21
client-core-current	588875c8	Unwind@588875c8	21
client-core-current	588875dd	Unwind@588875dd	21
client-core-current	588875f2	Unwind@588875f2	21
client-core-current	58887607	Unwind@58887607	18
client-core-current	58887619	Unwind@58887619	18
client-core-current	5888762b	Unwind@5888762b	18
client-core-current	5888763d	Unwind@5888763d	18
client-core-current	5888764f	Unwind@5888764f	18
client-core-current	58887661	Unwind@58887661	18
client-core-current	58887673	Unwind@58887673	21
client-core-current	58887688	Unwind@58887688	21
client-core-current	5888769d	Unwind@5888769d	21
client-core-current	588876b2	Unwind@588876b2	18
client-core-current	588876c4	Unwind@588876c4	21
client-core-current	588876d9	Unwind@588876d9	21
client-core-current	588876ee	Unwind@588876ee	21
client-core-current	58887703	Unwind@58887703	21
client-core-current	58887750	Unwind@58887750	8
client-core-current	58887758	Unwind@58887758	15
client-core-current	58887767	Unwind@58887767	15
client-core-current	58887776	Unwind@58887776	15
client-core-current	58887785	Unwind@58887785	18
client-core-current	58887797	Unwind@58887797	18
client-core-current	588877a9	Unwind@588877a9	18
client-core-current	588877bb	Unwind@588877bb	18
client-core-current	588877cd	Unwind@588877cd	18
client-core-current	588877df	Unwind@588877df	18
client-core-current	588877f1	Unwind@588877f1	18
client-core-current	58887803	Unwind@58887803	15
client-core-current	58887812	Unwind@58887812	18
client-core-current	58887824	Unwind@58887824	18
client-core-current	58887836	Unwind@58887836	18
client-core-current	58887848	Unwind@58887848	21
client-core-current	5888785d	Unwind@5888785d	21
client-core-current	58887872	Unwind@58887872	21
client-core-current	588878b0	Unwind@588878b0	8
client-core-current	588878b8	Unwind@588878b8	18
client-core-current	588878ca	Unwind@588878ca	15
client-core-current	588878d9	Unwind@588878d9	15
client-core-current	588878e8	Unwind@588878e8	18
client-core-current	588878fa	Unwind@588878fa	18
client-core-current	5888790c	Unwind@5888790c	15
client-core-current	5888791b	Unwind@5888791b	18
client-core-current	5888792d	Unwind@5888792d	18
client-core-current	5888793f	Unwind@5888793f	18
client-core-current	58887951	Unwind@58887951	18
client-core-current	58887963	Unwind@58887963	18
client-core-current	58887975	Unwind@58887975	18
client-core-current	58887987	Unwind@58887987	15
client-core-current	58887996	Unwind@58887996	18
client-core-current	588879a8	Unwind@588879a8	21
client-core-current	588879bd	Unwind@588879bd	21
client-core-current	588879d2	Unwind@588879d2	21
client-core-current	588879e7	Unwind@588879e7	21
client-core-current	588879fc	Unwind@588879fc	21
client-core-current	58887a11	Unwind@58887a11	21
client-core-current	58887a26	Unwind@58887a26	21
client-core-current	58887a3b	Unwind@58887a3b	21
client-core-current	58887a50	Unwind@58887a50	21
client-core-current	58887a65	Unwind@58887a65	21
client-core-current	58887a7a	Unwind@58887a7a	21
client-core-current	58887a8f	Unwind@58887a8f	21
client-core-current	58887aa4	Unwind@58887aa4	21
client-core-current	58887ab9	Unwind@58887ab9	21
client-core-current	58887ace	Unwind@58887ace	21
client-core-current	58887ae3	Unwind@58887ae3	21
client-core-current	58887af8	Unwind@58887af8	21
client-core-current	58887b0d	Unwind@58887b0d	21
client-core-current	58887b22	Unwind@58887b22	21
client-core-current	58887b37	Unwind@58887b37	21
client-core-current	58887b4c	Unwind@58887b4c	21
client-core-current	58887b61	Unwind@58887b61	21
client-core-current	58887b76	Unwind@58887b76	21
client-core-current	58887b8b	Unwind@58887b8b	21
client-core-current	58887ba0	Unwind@58887ba0	21
client-core-current	58887bb5	Unwind@58887bb5	21
client-core-current	58887bca	Unwind@58887bca	18
client-core-current	58887bdc	Unwind@58887bdc	18
client-core-current	58887bee	Unwind@58887bee	21
client-core-current	58887c30	Unwind@58887c30	8
client-core-current	58887c38	Unwind@58887c38	18
client-core-current	58887c4a	Unwind@58887c4a	15
client-core-current	58887c59	Unwind@58887c59	15
client-core-current	58887c68	Unwind@58887c68	15
client-core-current	58887c77	Unwind@58887c77	15
client-core-current	58887c86	Unwind@58887c86	15
client-core-current	58887c95	Unwind@58887c95	15
client-core-current	58887ca4	Unwind@58887ca4	15
client-core-current	58887cb3	Unwind@58887cb3	15
client-core-current	58887cc2	Unwind@58887cc2	18
client-core-current	58887cd4	Unwind@58887cd4	18
client-core-current	58887ce6	Unwind@58887ce6	18
client-core-current	58887cf8	Unwind@58887cf8	18
client-core-current	58887d0a	Unwind@58887d0a	18
client-core-current	58887d1c	Unwind@58887d1c	21
client-core-current	58887d31	Unwind@58887d31	21
client-core-current	58887d46	Unwind@58887d46	21
client-core-current	58887d5b	Unwind@58887d5b	21
client-core-current	58887d70	Unwind@58887d70	21
client-core-current	58887d85	Unwind@58887d85	21
client-core-current	58887d9a	Unwind@58887d9a	21
client-core-current	58887daf	Unwind@58887daf	21
client-core-current	58887dc4	Unwind@58887dc4	21
client-core-current	58887dd9	Unwind@58887dd9	21
client-core-current	58887dee	Unwind@58887dee	21
client-core-current	58887e03	Unwind@58887e03	21
client-core-current	58887e18	Unwind@58887e18	21
client-core-current	58887e2d	Unwind@58887e2d	21
client-core-current	58887e42	Unwind@58887e42	21
client-core-current	58887e57	Unwind@58887e57	21
client-core-current	58887e6c	Unwind@58887e6c	21
client-core-current	58887e81	Unwind@58887e81	21
client-core-current	58887e96	Unwind@58887e96	21
client-core-current	58887eab	Unwind@58887eab	21
client-core-current	58887ec0	Unwind@58887ec0	21
client-core-current	58887ed5	Unwind@58887ed5	21
client-core-current	58887eea	Unwind@58887eea	21
client-core-current	58887eff	Unwind@58887eff	18
client-core-current	58887f11	Unwind@58887f11	18
client-core-current	58887f50	Unwind@58887f50	8
client-core-current	58887f58	Unwind@58887f58	15
client-core-current	58887f67	Unwind@58887f67	18
client-core-current	58887f79	Unwind@58887f79	18
client-core-current	58887f8b	Unwind@58887f8b	15
client-core-current	58887f9a	Unwind@58887f9a	15
client-core-current	58887fa9	Unwind@58887fa9	18
client-core-current	58887fbb	Unwind@58887fbb	18
client-core-current	58887fcd	Unwind@58887fcd	15
client-core-current	58887fdc	Unwind@58887fdc	18
client-core-current	58887fee	Unwind@58887fee	18
client-core-current	58888000	Unwind@58888000	15
client-core-current	5888800f	Unwind@5888800f	15
client-core-current	5888801e	Unwind@5888801e	18
client-core-current	58888030	Unwind@58888030	18
client-core-current	58888042	Unwind@58888042	18
client-core-current	58888054	Unwind@58888054	18
client-core-current	58888090	Unwind@58888090	8
client-core-current	58888098	Unwind@58888098	15
client-core-current	588880a7	Unwind@588880a7	15
client-core-current	588880b6	Unwind@588880b6	15
client-core-current	588880c5	Unwind@588880c5	15
client-core-current	588880d4	Unwind@588880d4	15
client-core-current	588880e3	Unwind@588880e3	18
client-core-current	588880f5	Unwind@588880f5	18
client-core-current	58888130	Unwind@58888130	8
client-core-current	58888160	Unwind@58888160	8
client-core-current	58888190	Unwind@58888190	8
client-core-current	58888198	Unwind@58888198	14
client-core-current	588881a6	Unwind@588881a6	14
client-core-current	588881b4	Unwind@588881b4	15
client-core-current	588881c3	Unwind@588881c3	15
client-core-current	588881d2	Unwind@588881d2	18
client-core-current	588881e4	Unwind@588881e4	15
client-core-current	588881f3	Unwind@588881f3	15
client-core-current	58888202	Unwind@58888202	18
client-core-current	58888214	Unwind@58888214	18
client-core-current	58888226	Unwind@58888226	15
client-core-current	58888235	Unwind@58888235	15
client-core-current	58888244	Unwind@58888244	15
client-core-current	58888253	Unwind@58888253	15
client-core-current	58888262	Unwind@58888262	15
client-core-current	58888271	Unwind@58888271	15
client-core-current	58888280	Unwind@58888280	21
client-core-current	58888295	Unwind@58888295	18
client-core-current	588882a7	Unwind@588882a7	18
client-core-current	588882b9	Unwind@588882b9	21
client-core-current	588882ce	Unwind@588882ce	21
client-core-current	588882e3	Unwind@588882e3	18
client-core-current	588882f5	Unwind@588882f5	18
client-core-current	58888307	Unwind@58888307	18
client-core-current	58888319	Unwind@58888319	21
client-core-current	5888832e	Unwind@5888832e	18
client-core-current	58888340	Unwind@58888340	21
client-core-current	58888355	Unwind@58888355	18
client-core-current	58888367	Unwind@58888367	18
client-core-current	58888379	Unwind@58888379	18
client-core-current	5888838b	Unwind@5888838b	18
client-core-current	5888839d	Unwind@5888839d	18
client-core-current	588883af	Unwind@588883af	21
client-core-current	588883c4	Unwind@588883c4	18
client-core-current	588883d6	Unwind@588883d6	18
client-core-current	588883e8	Unwind@588883e8	21
client-core-current	588883fd	Unwind@588883fd	18
client-core-current	5888840f	Unwind@5888840f	18
client-core-current	58888421	Unwind@58888421	21
client-core-current	58888436	Unwind@58888436	21
client-core-current	5888844b	Unwind@5888844b	18
client-core-current	5888845d	Unwind@5888845d	21
client-core-current	58888472	Unwind@58888472	18
client-core-current	58888484	Unwind@58888484	21
client-core-current	58888499	Unwind@58888499	21
client-core-current	588884ae	Unwind@588884ae	21
client-core-current	588884c3	Unwind@588884c3	18
client-core-current	588884d5	Unwind@588884d5	18
client-core-current	588884e7	Unwind@588884e7	18
client-core-current	588884f9	Unwind@588884f9	18
client-core-current	5888850b	Unwind@5888850b	21
client-core-current	58888520	Unwind@58888520	21
client-core-current	58888535	Unwind@58888535	21
client-core-current	5888854a	Unwind@5888854a	21
client-core-current	5888855f	Unwind@5888855f	21
client-core-current	58888574	Unwind@58888574	21
client-core-current	588885b0	Unwind@588885b0	8
client-core-current	588885b8	Unwind@588885b8	14
client-core-current	588885c6	Unwind@588885c6	15
client-core-current	588885d5	Unwind@588885d5	15
client-core-current	588885e4	Unwind@588885e4	18
client-core-current	588885f6	Unwind@588885f6	15
client-core-current	58888605	Unwind@58888605	15
client-core-current	58888614	Unwind@58888614	18
client-core-current	58888626	Unwind@58888626	18
client-core-current	58888638	Unwind@58888638	15
client-core-current	58888647	Unwind@58888647	15
client-core-current	58888656	Unwind@58888656	15
client-core-current	58888665	Unwind@58888665	15
client-core-current	58888674	Unwind@58888674	15
client-core-current	58888683	Unwind@58888683	15
client-core-current	58888692	Unwind@58888692	21
client-core-current	588886a7	Unwind@588886a7	18
client-core-current	588886b9	Unwind@588886b9	21
client-core-current	588886ce	Unwind@588886ce	18
client-core-current	588886e0	Unwind@588886e0	18
client-core-current	588886f2	Unwind@588886f2	18
client-core-current	58888704	Unwind@58888704	21
client-core-current	58888719	Unwind@58888719	18
client-core-current	5888872b	Unwind@5888872b	21
client-core-current	58888740	Unwind@58888740	18
client-core-current	58888752	Unwind@58888752	18
client-core-current	58888764	Unwind@58888764	18
client-core-current	58888776	Unwind@58888776	18
client-core-current	58888788	Unwind@58888788	18
client-core-current	5888879a	Unwind@5888879a	18
client-core-current	588887ac	Unwind@588887ac	21
client-core-current	588887c1	Unwind@588887c1	18
client-core-current	588887d3	Unwind@588887d3	18
client-core-current	588887e5	Unwind@588887e5	21
client-core-current	588887fa	Unwind@588887fa	18
client-core-current	5888880c	Unwind@5888880c	21
client-core-current	58888821	Unwind@58888821	18
client-core-current	58888833	Unwind@58888833	21
client-core-current	58888848	Unwind@58888848	18
client-core-current	5888885a	Unwind@5888885a	18
client-core-current	5888886c	Unwind@5888886c	21
client-core-current	58888881	Unwind@58888881	21
client-core-current	58888896	Unwind@58888896	18
client-core-current	588888a8	Unwind@588888a8	21
client-core-current	588888bd	Unwind@588888bd	18
client-core-current	588888cf	Unwind@588888cf	21
client-core-current	588888e4	Unwind@588888e4	21
client-core-current	588888f9	Unwind@588888f9	21
client-core-current	5888890e	Unwind@5888890e	18
client-core-current	58888920	Unwind@58888920	18
client-core-current	58888932	Unwind@58888932	18
client-core-current	58888944	Unwind@58888944	18
client-core-current	58888956	Unwind@58888956	21
client-core-current	5888896b	Unwind@5888896b	21
client-core-current	58888980	Unwind@58888980	21
client-core-current	58888995	Unwind@58888995	21
client-core-current	588889aa	Unwind@588889aa	21
client-core-current	588889bf	Unwind@588889bf	21
client-core-current	58888a00	Unwind@58888a00	8
client-core-current	58888a08	Unwind@58888a08	15
client-core-current	58888a17	Unwind@58888a17	15
client-core-current	58888a26	Unwind@58888a26	18
client-core-current	58888a38	Unwind@58888a38	18
client-core-current	58888a4a	Unwind@58888a4a	18
client-core-current	58888a90	Unwind@58888a90	8
client-core-current	58888a98	Unwind@58888a98	15
client-core-current	58888aa7	Unwind@58888aa7	15
client-core-current	58888ab6	Unwind@58888ab6	15
client-core-current	58888ac5	Unwind@58888ac5	15
client-core-current	58888ad4	Unwind@58888ad4	15
client-core-current	58888ae3	Unwind@58888ae3	15
client-core-current	58888af2	Unwind@58888af2	18
client-core-current	58888b04	Unwind@58888b04	18
client-core-current	58888b16	Unwind@58888b16	18
client-core-current	58888b28	Unwind@58888b28	18
client-core-current	58888b3a	Unwind@58888b3a	18
client-core-current	58888b4c	Unwind@58888b4c	18
client-core-current	58888b5e	Unwind@58888b5e	18
client-core-current	58888b70	Unwind@58888b70	21
client-core-current	58888b85	Unwind@58888b85	21
client-core-current	58888b9a	Unwind@58888b9a	21
client-core-current	58888baf	Unwind@58888baf	21
client-core-current	58888bc4	Unwind@58888bc4	18
client-core-current	58888bd6	Unwind@58888bd6	21
client-core-current	58888beb	Unwind@58888beb	21
client-core-current	58888c00	Unwind@58888c00	21
client-core-current	58888c15	Unwind@58888c15	21
client-core-current	58888c2a	Unwind@58888c2a	21
client-core-current	58888c3f	Unwind@58888c3f	21
client-core-current	58888c54	Unwind@58888c54	21
client-core-current	58888c69	Unwind@58888c69	21
client-core-current	58888c7e	Unwind@58888c7e	21
client-core-current	58888c93	Unwind@58888c93	21
client-core-current	58888ca8	Unwind@58888ca8	18
client-core-current	58888cba	Unwind@58888cba	21
client-core-current	58888ccf	Unwind@58888ccf	18
client-core-current	58888ce1	Unwind@58888ce1	21
client-core-current	58888cf6	Unwind@58888cf6	21
client-core-current	58888d0b	Unwind@58888d0b	18
client-core-current	58888d50	Unwind@58888d50	8
client-core-current	58888d58	Unwind@58888d58	15
client-core-current	58888d67	Unwind@58888d67	15
client-core-current	58888d76	Unwind@58888d76	18
client-core-current	58888d88	Unwind@58888d88	18
client-core-current	58888d9a	Unwind@58888d9a	18
client-core-current	58888dac	Unwind@58888dac	18
client-core-current	58888dbe	Unwind@58888dbe	18
client-core-current	58888dd0	Unwind@58888dd0	18
client-core-current	58888de2	Unwind@58888de2	18
client-core-current	58888df4	Unwind@58888df4	18
client-core-current	58888e06	Unwind@58888e06	18
client-core-current	58888e18	Unwind@58888e18	18
client-core-current	58888e2a	Unwind@58888e2a	15
client-core-current	58888e39	Unwind@58888e39	18
client-core-current	58888e4b	Unwind@58888e4b	18
client-core-current	58888e5d	Unwind@58888e5d	18
client-core-current	58888e6f	Unwind@58888e6f	21
client-core-current	58888e84	Unwind@58888e84	18
client-core-current	58888e96	Unwind@58888e96	18
client-core-current	58888ea8	Unwind@58888ea8	18
client-core-current	58888eba	Unwind@58888eba	21
client-core-current	58888ecf	Unwind@58888ecf	21
client-core-current	58888ee4	Unwind@58888ee4	21
client-core-current	58888ef9	Unwind@58888ef9	21
client-core-current	58888f0e	Unwind@58888f0e	21
client-core-current	58888f23	Unwind@58888f23	21
client-core-current	58888f38	Unwind@58888f38	21
client-core-current	58888f4d	Unwind@58888f4d	21
client-core-current	58888f62	Unwind@58888f62	21
client-core-current	58888f77	Unwind@58888f77	21
client-core-current	58888f8c	Unwind@58888f8c	21
client-core-current	58888fa1	Unwind@58888fa1	21
client-core-current	58888fb6	Unwind@58888fb6	21
client-core-current	58888fcb	Unwind@58888fcb	18
client-core-current	58888fdd	Unwind@58888fdd	18
client-core-current	58888fef	Unwind@58888fef	18
client-core-current	58889001	Unwind@58889001	21
client-core-current	58889016	Unwind@58889016	21
client-core-current	5888902b	Unwind@5888902b	21
client-core-current	58889040	Unwind@58889040	21
client-core-current	58889055	Unwind@58889055	21
client-core-current	5888906a	Unwind@5888906a	21
client-core-current	5888907f	Unwind@5888907f	21
client-core-current	58889094	Unwind@58889094	21
client-core-current	588890a9	Unwind@588890a9	21
client-core-current	588890be	Unwind@588890be	21
client-core-current	588890d3	Unwind@588890d3	21
client-core-current	588890e8	Unwind@588890e8	21
client-core-current	588890fd	Unwind@588890fd	18
client-core-current	5888910f	Unwind@5888910f	18
client-core-current	58889121	Unwind@58889121	21
client-core-current	58889160	Unwind@58889160	18
client-core-current	588891a0	Unwind@588891a0	8
client-core-current	588891a8	Unwind@588891a8	15
client-core-current	588891b7	Unwind@588891b7	15
client-core-current	588891c6	Unwind@588891c6	15
client-core-current	588891d5	Unwind@588891d5	15
client-core-current	588891e4	Unwind@588891e4	15
client-core-current	588891f3	Unwind@588891f3	15
client-core-current	58889202	Unwind@58889202	15
client-core-current	58889211	Unwind@58889211	15
client-core-current	58889220	Unwind@58889220	15
client-core-current	5888922f	Unwind@5888922f	15
client-core-current	5888923e	Unwind@5888923e	15
client-core-current	5888924d	Unwind@5888924d	15
client-core-current	5888925c	Unwind@5888925c	15
client-core-current	5888926b	Unwind@5888926b	21
client-core-current	588892b0	Unwind@588892b0	8
client-core-current	588892b8	Unwind@588892b8	11
client-core-current	588892c3	Unwind@588892c3	14
client-core-current	588892d1	Unwind@588892d1	15
client-core-current	588892e0	Unwind@588892e0	15
client-core-current	588892ef	Unwind@588892ef	15
client-core-current	588892fe	Unwind@588892fe	15
client-core-current	5888930d	Unwind@5888930d	15
client-core-current	5888931c	Unwind@5888931c	15
client-core-current	5888932b	Unwind@5888932b	18
client-core-current	5888933d	Unwind@5888933d	18
client-core-current	5888934f	Unwind@5888934f	18
client-core-current	58889361	Unwind@58889361	18
client-core-current	58889373	Unwind@58889373	18
client-core-current	58889385	Unwind@58889385	18
client-core-current	58889397	Unwind@58889397	18
client-core-current	588893a9	Unwind@588893a9	18
client-core-current	588893bb	Unwind@588893bb	18
client-core-current	588893cd	Unwind@588893cd	21
client-core-current	588893e2	Unwind@588893e2	21
client-core-current	588893f7	Unwind@588893f7	21
client-core-current	5888940c	Unwind@5888940c	21
client-core-current	58889470	Unwind@58889470	18
client-core-current	58889482	Unwind@58889482	18
client-core-current	588894c0	Unwind@588894c0	8
client-core-current	588894c8	Unwind@588894c8	15
client-core-current	588894d7	Unwind@588894d7	15
client-core-current	588894e6	Unwind@588894e6	15
client-core-current	588894f5	Unwind@588894f5	18
client-core-current	58889507	Unwind@58889507	18
client-core-current	58889519	Unwind@58889519	18
client-core-current	5888952b	Unwind@5888952b	18
client-core-current	5888953d	Unwind@5888953d	18
client-core-current	58889580	Unwind@58889580	8
client-core-current	58889588	Unwind@58889588	15
client-core-current	58889597	Unwind@58889597	15
client-core-current	588895a6	Unwind@588895a6	15
client-core-current	588895b5	Unwind@588895b5	18
client-core-current	588895c7	Unwind@588895c7	18
client-core-current	588895d9	Unwind@588895d9	18
client-core-current	588895eb	Unwind@588895eb	18
client-core-current	588895fd	Unwind@588895fd	18
client-core-current	5888960f	Unwind@5888960f	18
client-core-current	58889650	Unwind@58889650	8
client-core-current	58889658	Unwind@58889658	15
client-core-current	58889667	Unwind@58889667	15
client-core-current	58889676	Unwind@58889676	18
client-core-current	588896b0	Unwind@588896b0	15
client-core-current	588896bf	Unwind@588896bf	15
client-core-current	588896f0	Unwind@588896f0	8
client-core-current	588896f8	Unwind@588896f8	18
client-core-current	5888970a	Unwind@5888970a	15
client-core-current	58889719	Unwind@58889719	15
client-core-current	58889728	Unwind@58889728	18
client-core-current	5888973a	Unwind@5888973a	15
client-core-current	58889749	Unwind@58889749	15
client-core-current	58889758	Unwind@58889758	18
client-core-current	5888976a	Unwind@5888976a	18
client-core-current	5888977c	Unwind@5888977c	18
client-core-current	5888978e	Unwind@5888978e	18
client-core-current	588897a0	Unwind@588897a0	15
client-core-current	588897af	Unwind@588897af	15
client-core-current	588897be	Unwind@588897be	18
client-core-current	588897d0	Unwind@588897d0	21
client-core-current	588897e5	Unwind@588897e5	21
client-core-current	588897fa	Unwind@588897fa	21
client-core-current	5888980f	Unwind@5888980f	21
client-core-current	58889824	Unwind@58889824	21
client-core-current	58889839	Unwind@58889839	18
client-core-current	58889870	Unwind@58889870	8
client-core-current	58889878	Unwind@58889878	18
client-core-current	5888988a	Unwind@5888988a	15
client-core-current	58889899	Unwind@58889899	15
client-core-current	588898a8	Unwind@588898a8	15
client-core-current	588898b7	Unwind@588898b7	15
client-core-current	588898c6	Unwind@588898c6	15
client-core-current	588898d5	Unwind@588898d5	15
client-core-current	588898e4	Unwind@588898e4	15
client-core-current	588898f3	Unwind@588898f3	18
client-core-current	58889930	Unwind@58889930	18
client-core-current	58889970	Unwind@58889970	8
client-core-current	58889978	Unwind@58889978	18
client-core-current	5888998a	Unwind@5888998a	15
client-core-current	58889999	Unwind@58889999	18
client-core-current	588899ab	Unwind@588899ab	15
client-core-current	588899ba	Unwind@588899ba	15
client-core-current	588899c9	Unwind@588899c9	18
client-core-current	588899db	Unwind@588899db	15
client-core-current	588899ea	Unwind@588899ea	15
client-core-current	588899f9	Unwind@588899f9	15
client-core-current	58889a08	Unwind@58889a08	15
client-core-current	58889a17	Unwind@58889a17	15
client-core-current	58889a26	Unwind@58889a26	18
client-core-current	58889a60	Unwind@58889a60	8
client-core-current	58889a68	Unwind@58889a68	15
client-core-current	58889a77	Unwind@58889a77	15
client-core-current	58889a86	Unwind@58889a86	15
client-core-current	58889a95	Unwind@58889a95	18
client-core-current	58889aa7	Unwind@58889aa7	15
client-core-current	58889ab6	Unwind@58889ab6	18
client-core-current	58889ac8	Unwind@58889ac8	18
client-core-current	58889ada	Unwind@58889ada	18
client-core-current	58889aec	Unwind@58889aec	15
client-core-current	58889afb	Unwind@58889afb	15
client-core-current	58889b0a	Unwind@58889b0a	18
client-core-current	58889b1c	Unwind@58889b1c	18
client-core-current	58889b2e	Unwind@58889b2e	21
client-core-current	58889b43	Unwind@58889b43	21
client-core-current	58889b58	Unwind@58889b58	21
client-core-current	58889b6d	Unwind@58889b6d	21
client-core-current	58889b82	Unwind@58889b82	18
client-core-current	58889b94	Unwind@58889b94	18
client-core-current	58889ba6	Unwind@58889ba6	18
client-core-current	58889bb8	Unwind@58889bb8	18
client-core-current	58889bca	Unwind@58889bca	18
client-core-current	58889bdc	Unwind@58889bdc	18
client-core-current	58889bee	Unwind@58889bee	18
client-core-current	58889c00	Unwind@58889c00	18
client-core-current	58889c12	Unwind@58889c12	21
client-core-current	58889c27	Unwind@58889c27	18
client-core-current	58889c39	Unwind@58889c39	18
client-core-current	58889c4b	Unwind@58889c4b	21
client-core-current	58889c60	Unwind@58889c60	21
client-core-current	58889c75	Unwind@58889c75	21
client-core-current	58889c8a	Unwind@58889c8a	21
client-core-current	58889c9f	Unwind@58889c9f	21
client-core-current	58889cb4	Unwind@58889cb4	21
client-core-current	58889cc9	Unwind@58889cc9	21
client-core-current	58889cde	Unwind@58889cde	18
client-core-current	58889cf0	Unwind@58889cf0	18
client-core-current	58889d02	Unwind@58889d02	18
client-core-current	58889d40	Unwind@58889d40	8
client-core-current	58889d48	Unwind@58889d48	15
client-core-current	58889d80	Unwind@58889d80	8
client-core-current	58889d88	Unwind@58889d88	15
client-core-current	58889d97	Unwind@58889d97	15
client-core-current	58889da6	Unwind@58889da6	18
client-core-current	58889db8	Unwind@58889db8	18
client-core-current	58889dca	Unwind@58889dca	15
client-core-current	58889dd9	Unwind@58889dd9	15
client-core-current	58889de8	Unwind@58889de8	18
client-core-current	58889dfa	Unwind@58889dfa	18
client-core-current	58889e0c	Unwind@58889e0c	18
client-core-current	58889e1e	Unwind@58889e1e	18
client-core-current	58889e30	Unwind@58889e30	18
client-core-current	58889e42	Unwind@58889e42	18
client-core-current	58889e54	Unwind@58889e54	18
client-core-current	58889e66	Unwind@58889e66	15
client-core-current	58889e75	Unwind@58889e75	21
client-core-current	58889e8a	Unwind@58889e8a	21
client-core-current	58889e9f	Unwind@58889e9f	21
client-core-current	58889eb4	Unwind@58889eb4	21
client-core-current	58889ec9	Unwind@58889ec9	18
client-core-current	58889edb	Unwind@58889edb	18
client-core-current	58889eed	Unwind@58889eed	18
client-core-current	58889eff	Unwind@58889eff	18
client-core-current	58889f11	Unwind@58889f11	18
client-core-current	58889f23	Unwind@58889f23	21
client-core-current	58889f38	Unwind@58889f38	21
client-core-current	58889f4d	Unwind@58889f4d	21
client-core-current	58889f62	Unwind@58889f62	21
client-core-current	58889f77	Unwind@58889f77	18
client-core-current	58889fb0	Unwind@58889fb0	8
client-core-current	58889fb8	Unwind@58889fb8	18
client-core-current	58889fca	Unwind@58889fca	18
client-core-current	58889fdc	Unwind@58889fdc	15
client-core-current	5888a010	Unwind@5888a010	8
client-core-current	5888a018	Unwind@5888a018	15
client-core-current	5888a027	Unwind@5888a027	15
client-core-current	5888a036	Unwind@5888a036	15
client-core-current	5888a045	Unwind@5888a045	15
client-core-current	5888a054	Unwind@5888a054	15
client-core-current	5888a063	Unwind@5888a063	15
client-core-current	5888a072	Unwind@5888a072	15
client-core-current	5888a081	Unwind@5888a081	15
client-core-current	5888a090	Unwind@5888a090	15
client-core-current	5888a09f	Unwind@5888a09f	15
client-core-current	5888a0ae	Unwind@5888a0ae	15
client-core-current	5888a0bd	Unwind@5888a0bd	15
client-core-current	5888a0cc	Unwind@5888a0cc	15
client-core-current	5888a0db	Unwind@5888a0db	15
client-core-current	5888a0ea	Unwind@5888a0ea	18
client-core-current	5888a0fc	Unwind@5888a0fc	18
client-core-current	5888a10e	Unwind@5888a10e	18
client-core-current	5888a120	Unwind@5888a120	18
client-core-current	5888a132	Unwind@5888a132	18
client-core-current	5888a144	Unwind@5888a144	18
client-core-current	5888a156	Unwind@5888a156	18
client-core-current	5888a168	Unwind@5888a168	21
client-core-current	5888a17d	Unwind@5888a17d	21
client-core-current	5888a192	Unwind@5888a192	21
client-core-current	5888a1a7	Unwind@5888a1a7	21
client-core-current	5888a1bc	Unwind@5888a1bc	21
client-core-current	5888a1d1	Unwind@5888a1d1	21
client-core-current	5888a1e6	Unwind@5888a1e6	21
client-core-current	5888a1fb	Unwind@5888a1fb	21
client-core-current	5888a210	Unwind@5888a210	21
client-core-current	5888a250	Unwind@5888a250	8
client-core-current	5888a258	Unwind@5888a258	15
client-core-current	5888a267	Unwind@5888a267	15
client-core-current	5888a276	Unwind@5888a276	15
client-core-current	5888a285	Unwind@5888a285	15
client-core-current	5888a294	Unwind@5888a294	15
client-core-current	5888a2a3	Unwind@5888a2a3	15
client-core-current	5888a2b2	Unwind@5888a2b2	15
client-core-current	5888a2c1	Unwind@5888a2c1	15
client-core-current	5888a2d0	Unwind@5888a2d0	18
client-core-current	5888a2e2	Unwind@5888a2e2	15
client-core-current	5888a2f1	Unwind@5888a2f1	15
client-core-current	5888a300	Unwind@5888a300	18
client-core-current	5888a312	Unwind@5888a312	18
client-core-current	5888a324	Unwind@5888a324	18
client-core-current	5888a336	Unwind@5888a336	18
client-core-current	5888a348	Unwind@5888a348	21
client-core-current	5888a35d	Unwind@5888a35d	21
client-core-current	5888a372	Unwind@5888a372	21
client-core-current	5888a387	Unwind@5888a387	21
client-core-current	5888a39c	Unwind@5888a39c	21
client-core-current	5888a3b1	Unwind@5888a3b1	21
client-core-current	5888a3c6	Unwind@5888a3c6	21
client-core-current	5888a3db	Unwind@5888a3db	21
client-core-current	5888a3f0	Unwind@5888a3f0	21
client-core-current	5888a405	Unwind@5888a405	21
client-core-current	5888a41a	Unwind@5888a41a	18
client-core-current	5888a42c	Unwind@5888a42c	18
client-core-current	5888a43e	Unwind@5888a43e	18
client-core-current	5888a450	Unwind@5888a450	18
client-core-current	5888a462	Unwind@5888a462	18
client-core-current	5888a474	Unwind@5888a474	21
client-core-current	5888a489	Unwind@5888a489	21
client-core-current	5888a49e	Unwind@5888a49e	21
client-core-current	5888a4b3	Unwind@5888a4b3	21
client-core-current	5888a4c8	Unwind@5888a4c8	18
client-core-current	5888a500	Unwind@5888a500	8
client-core-current	5888a508	Unwind@5888a508	18
client-core-current	5888a51a	Unwind@5888a51a	15
client-core-current	5888a529	Unwind@5888a529	15
client-core-current	5888a560	Unwind@5888a560	8
client-core-current	5888a568	Unwind@5888a568	15
client-core-current	5888a577	Unwind@5888a577	15
client-core-current	5888a586	Unwind@5888a586	15
client-core-current	5888a595	Unwind@5888a595	15
client-core-current	5888a5a4	Unwind@5888a5a4	15
client-core-current	5888a5b3	Unwind@5888a5b3	18
client-core-current	5888a5c5	Unwind@5888a5c5	18
client-core-current	5888a5d7	Unwind@5888a5d7	18
client-core-current	5888a5e9	Unwind@5888a5e9	18
client-core-current	5888a5fb	Unwind@5888a5fb	15
client-core-current	5888a60a	Unwind@5888a60a	18
client-core-current	5888a61c	Unwind@5888a61c	15
client-core-current	5888a62b	Unwind@5888a62b	21
client-core-current	5888a640	Unwind@5888a640	18
client-core-current	5888a652	Unwind@5888a652	18
client-core-current	5888a664	Unwind@5888a664	18
client-core-current	5888a676	Unwind@5888a676	18
client-core-current	5888a688	Unwind@5888a688	18
client-core-current	5888a69a	Unwind@5888a69a	18
client-core-current	5888a6ac	Unwind@5888a6ac	18
client-core-current	5888a6be	Unwind@5888a6be	18
client-core-current	5888a6d0	Unwind@5888a6d0	18
client-core-current	5888a6e2	Unwind@5888a6e2	18
client-core-current	5888a6f4	Unwind@5888a6f4	18
client-core-current	5888a706	Unwind@5888a706	18
client-core-current	5888a718	Unwind@5888a718	21
client-core-current	5888a72d	Unwind@5888a72d	18
client-core-current	5888a73f	Unwind@5888a73f	18
client-core-current	5888a780	Unwind@5888a780	8
client-core-current	5888a788	Unwind@5888a788	15
client-core-current	5888a797	Unwind@5888a797	15
client-core-current	5888a7a6	Unwind@5888a7a6	15
client-core-current	5888a7b5	Unwind@5888a7b5	15
client-core-current	5888a7c4	Unwind@5888a7c4	15
client-core-current	5888a7d3	Unwind@5888a7d3	15
client-core-current	5888a7e2	Unwind@5888a7e2	15
client-core-current	5888a7f1	Unwind@5888a7f1	15
client-core-current	5888a800	Unwind@5888a800	15
client-core-current	5888a80f	Unwind@5888a80f	15
client-core-current	5888a81e	Unwind@5888a81e	15
client-core-current	5888a82d	Unwind@5888a82d	15
client-core-current	5888a83c	Unwind@5888a83c	15
client-core-current	5888a84b	Unwind@5888a84b	15
client-core-current	5888a85a	Unwind@5888a85a	18
client-core-current	5888a86c	Unwind@5888a86c	18
client-core-current	5888a87e	Unwind@5888a87e	18
client-core-current	5888a890	Unwind@5888a890	21
client-core-current	5888a8a5	Unwind@5888a8a5	21
client-core-current	5888a8ba	Unwind@5888a8ba	21
client-core-current	5888a8cf	Unwind@5888a8cf	21
client-core-current	5888a8e4	Unwind@5888a8e4	21
client-core-current	5888a8f9	Unwind@5888a8f9	21
client-core-current	5888a90e	Unwind@5888a90e	21
client-core-current	5888a923	Unwind@5888a923	21
client-core-current	5888a938	Unwind@5888a938	21
client-core-current	5888a94d	Unwind@5888a94d	21
client-core-current	5888a962	Unwind@5888a962	21
client-core-current	5888a977	Unwind@5888a977	21
client-core-current	5888a98c	Unwind@5888a98c	21
client-core-current	5888a9a1	Unwind@5888a9a1	21
client-core-current	5888a9b6	Unwind@5888a9b6	18
client-core-current	5888a9c8	Unwind@5888a9c8	18
client-core-current	5888a9da	Unwind@5888a9da	21
client-core-current	5888a9ef	Unwind@5888a9ef	21
client-core-current	5888aa30	Unwind@5888aa30	8
client-core-current	5888aa38	Unwind@5888aa38	15
client-core-current	5888aa47	Unwind@5888aa47	15
client-core-current	5888aa56	Unwind@5888aa56	15
client-core-current	5888aa65	Unwind@5888aa65	18
client-core-current	5888aa77	Unwind@5888aa77	18
client-core-current	5888aa89	Unwind@5888aa89	18
client-core-current	5888aa9b	Unwind@5888aa9b	18
client-core-current	5888aaad	Unwind@5888aaad	18
client-core-current	5888aabf	Unwind@5888aabf	15
client-core-current	5888aace	Unwind@5888aace	18
client-core-current	5888aae0	Unwind@5888aae0	18
client-core-current	5888ab20	Unwind@5888ab20	8
client-core-current	5888ab50	Unwind@5888ab50	8
client-core-current	5888ab58	Unwind@5888ab58	18
client-core-current	5888ab6a	Unwind@5888ab6a	15
client-core-current	5888ab79	Unwind@5888ab79	15
client-core-current	5888ab88	Unwind@5888ab88	15
client-core-current	5888ab97	Unwind@5888ab97	18
client-core-current	5888aba9	Unwind@5888aba9	15
client-core-current	5888abb8	Unwind@5888abb8	15
client-core-current	5888abc7	Unwind@5888abc7	15
client-core-current	5888abd6	Unwind@5888abd6	15
client-core-current	5888abe5	Unwind@5888abe5	18
client-core-current	5888abf7	Unwind@5888abf7	18
client-core-current	5888ac09	Unwind@5888ac09	18
client-core-current	5888ac1b	Unwind@5888ac1b	21
client-core-current	5888ac30	Unwind@5888ac30	21
client-core-current	5888ac45	Unwind@5888ac45	21
client-core-current	5888ac5a	Unwind@5888ac5a	21
client-core-current	5888ac6f	Unwind@5888ac6f	18
client-core-current	5888ac81	Unwind@5888ac81	18
client-core-current	5888ac93	Unwind@5888ac93	18
client-core-current	5888aca5	Unwind@5888aca5	21
client-core-current	5888acba	Unwind@5888acba	21
client-core-current	5888accf	Unwind@5888accf	18
client-core-current	5888ace1	Unwind@5888ace1	18
client-core-current	5888acf3	Unwind@5888acf3	18
client-core-current	5888ad05	Unwind@5888ad05	21
client-core-current	5888ad1a	Unwind@5888ad1a	21
client-core-current	5888ad2f	Unwind@5888ad2f	18
client-core-current	5888ad41	Unwind@5888ad41	18
client-core-current	5888ad53	Unwind@5888ad53	21
client-core-current	5888ad68	Unwind@5888ad68	18
client-core-current	5888ad7a	Unwind@5888ad7a	18
client-core-current	5888ad8c	Unwind@5888ad8c	18
client-core-current	5888ad9e	Unwind@5888ad9e	18
client-core-current	5888adb0	Unwind@5888adb0	18
client-core-current	5888adc2	Unwind@5888adc2	18
client-core-current	5888add4	Unwind@5888add4	18
client-core-current	5888ade6	Unwind@5888ade6	18
client-core-current	5888adf8	Unwind@5888adf8	18
client-core-current	5888ae0a	Unwind@5888ae0a	18
client-core-current	5888ae1c	Unwind@5888ae1c	18
client-core-current	5888ae2e	Unwind@5888ae2e	21
client-core-current	5888ae43	Unwind@5888ae43	18
client-core-current	5888ae55	Unwind@5888ae55	18
client-core-current	5888ae67	Unwind@5888ae67	18
client-core-current	5888ae79	Unwind@5888ae79	21
client-core-current	5888ae8e	Unwind@5888ae8e	21
client-core-current	5888aea3	Unwind@5888aea3	18
client-core-current	5888aeb5	Unwind@5888aeb5	21
client-core-current	5888aeca	Unwind@5888aeca	21
client-core-current	5888aedf	Unwind@5888aedf	21
client-core-current	5888aef4	Unwind@5888aef4	18
client-core-current	5888af06	Unwind@5888af06	21
client-core-current	5888af1b	Unwind@5888af1b	21
client-core-current	5888af30	Unwind@5888af30	18
client-core-current	5888af42	Unwind@5888af42	21
client-core-current	5888af90	Unwind@5888af90	15
client-core-current	5888afd0	Unwind@5888afd0	8
client-core-current	5888afd8	Unwind@5888afd8	15
client-core-current	5888afe7	Unwind@5888afe7	15
client-core-current	5888aff6	Unwind@5888aff6	15
client-core-current	5888b005	Unwind@5888b005	15
client-core-current	5888b014	Unwind@5888b014	18
client-core-current	5888b026	Unwind@5888b026	18
client-core-current	5888b038	Unwind@5888b038	15
client-core-current	5888b047	Unwind@5888b047	15
client-core-current	5888b056	Unwind@5888b056	15
client-core-current	5888b065	Unwind@5888b065	15
client-core-current	5888b074	Unwind@5888b074	15
client-core-current	5888b083	Unwind@5888b083	18
client-core-current	5888b095	Unwind@5888b095	21
client-core-current	5888b0aa	Unwind@5888b0aa	18
client-core-current	5888b0bc	Unwind@5888b0bc	18
client-core-current	5888b0ce	Unwind@5888b0ce	18
client-core-current	5888b0e0	Unwind@5888b0e0	18
client-core-current	5888b120	Unwind@5888b120	8
client-core-current	5888b128	Unwind@5888b128	15
client-core-current	5888b137	Unwind@5888b137	15
client-core-current	5888b146	Unwind@5888b146	15
client-core-current	5888b155	Unwind@5888b155	15
client-core-current	5888b164	Unwind@5888b164	15
client-core-current	5888b173	Unwind@5888b173	18
client-core-current	5888b185	Unwind@5888b185	18
client-core-current	5888b197	Unwind@5888b197	18
client-core-current	5888b1a9	Unwind@5888b1a9	18
client-core-current	5888b1bb	Unwind@5888b1bb	18
client-core-current	5888b1cd	Unwind@5888b1cd	18
client-core-current	5888b1df	Unwind@5888b1df	21
client-core-current	5888b1f4	Unwind@5888b1f4	21
client-core-current	5888b209	Unwind@5888b209	21
client-core-current	5888b21e	Unwind@5888b21e	21
client-core-current	5888b233	Unwind@5888b233	21
client-core-current	5888b248	Unwind@5888b248	21
client-core-current	5888b25d	Unwind@5888b25d	21
client-core-current	5888b272	Unwind@5888b272	21
client-core-current	5888b287	Unwind@5888b287	21
client-core-current	5888b29c	Unwind@5888b29c	21
client-core-current	5888b2b1	Unwind@5888b2b1	21
client-core-current	5888b2c6	Unwind@5888b2c6	18
client-core-current	5888b2d8	Unwind@5888b2d8	18
client-core-current	5888b2ea	Unwind@5888b2ea	18
client-core-current	5888b2fc	Unwind@5888b2fc	18
client-core-current	5888b30e	Unwind@5888b30e	18
client-core-current	5888b320	Unwind@5888b320	18
client-core-current	5888b332	Unwind@5888b332	18
client-core-current	5888b344	Unwind@5888b344	18
client-core-current	5888b380	Unwind@5888b380	8
client-core-current	5888b3b0	Unwind@5888b3b0	8
client-core-current	5888b3b8	Unwind@5888b3b8	15
client-core-current	5888b3c7	Unwind@5888b3c7	18
client-core-current	5888b3d9	Unwind@5888b3d9	18
client-core-current	5888b3eb	Unwind@5888b3eb	18
client-core-current	5888b3fd	Unwind@5888b3fd	18
client-core-current	5888b440	Unwind@5888b440	8
client-core-current	5888b448	Unwind@5888b448	15
client-core-current	5888b457	Unwind@5888b457	15
client-core-current	5888b466	Unwind@5888b466	18
client-core-current	5888b478	Unwind@5888b478	18
client-core-current	5888b48a	Unwind@5888b48a	18
client-core-current	5888b4c0	Unwind@5888b4c0	8
client-core-current	5888b4c8	Unwind@5888b4c8	15
client-core-current	5888b4d7	Unwind@5888b4d7	15
client-core-current	5888b4e6	Unwind@5888b4e6	15
client-core-current	5888b4f5	Unwind@5888b4f5	15
client-core-current	5888b504	Unwind@5888b504	15
client-core-current	5888b513	Unwind@5888b513	15
client-core-current	5888b522	Unwind@5888b522	15
client-core-current	5888b531	Unwind@5888b531	15
client-core-current	5888b540	Unwind@5888b540	15
client-core-current	5888b54f	Unwind@5888b54f	15
client-core-current	5888b55e	Unwind@5888b55e	15
client-core-current	5888b56d	Unwind@5888b56d	15
client-core-current	5888b57c	Unwind@5888b57c	15
client-core-current	5888b58b	Unwind@5888b58b	15
client-core-current	5888b5c0	Unwind@5888b5c0	8
client-core-current	5888b5c8	Unwind@5888b5c8	18
client-core-current	5888b5da	Unwind@5888b5da	15
client-core-current	5888b5e9	Unwind@5888b5e9	15
client-core-current	5888b5f8	Unwind@5888b5f8	15
client-core-current	5888b607	Unwind@5888b607	15
client-core-current	5888b616	Unwind@5888b616	18
client-core-current	5888b628	Unwind@5888b628	18
client-core-current	5888b63a	Unwind@5888b63a	18
client-core-current	5888b64c	Unwind@5888b64c	18
client-core-current	5888b690	Unwind@5888b690	8
client-core-current	5888b698	Unwind@5888b698	15
client-core-current	5888b6a7	Unwind@5888b6a7	15
client-core-current	5888b6b6	Unwind@5888b6b6	15
client-core-current	5888b6c5	Unwind@5888b6c5	15
client-core-current	5888b6d4	Unwind@5888b6d4	18
client-core-current	5888b6e6	Unwind@5888b6e6	18
client-core-current	5888b6f8	Unwind@5888b6f8	18
client-core-current	5888b70a	Unwind@5888b70a	18
client-core-current	5888b71c	Unwind@5888b71c	18
client-core-current	5888b760	Unwind@5888b760	8
client-core-current	5888b768	Unwind@5888b768	15
client-core-current	5888b777	Unwind@5888b777	15
client-core-current	5888b786	Unwind@5888b786	15
client-core-current	5888b795	Unwind@5888b795	15
client-core-current	5888b7a4	Unwind@5888b7a4	15
client-core-current	5888b7b3	Unwind@5888b7b3	15
client-core-current	5888b7c2	Unwind@5888b7c2	15
client-core-current	5888b7d1	Unwind@5888b7d1	18
client-core-current	5888b7e3	Unwind@5888b7e3	18
client-core-current	5888b7f5	Unwind@5888b7f5	18
client-core-current	5888b807	Unwind@5888b807	15
client-core-current	5888b840	Unwind@5888b840	8
client-core-current	5888b848	Unwind@5888b848	18
client-core-current	5888b85a	Unwind@5888b85a	18
client-core-current	5888b86c	Unwind@5888b86c	18
client-core-current	5888b8a0	Unwind@5888b8a0	8
client-core-current	5888b8d0	Unwind@5888b8d0	8
client-core-current	5888b900	Unwind@5888b900	8
client-core-current	5888b930	Unwind@5888b930	8
client-core-current	5888b938	Unwind@5888b938	14
client-core-current	5888b946	Unwind@5888b946	14
client-core-current	5888b954	Unwind@5888b954	15
client-core-current	5888b963	Unwind@5888b963	15
client-core-current	5888b972	Unwind@5888b972	15
client-core-current	5888b981	Unwind@5888b981	15
client-core-current	5888b990	Unwind@5888b990	15
client-core-current	5888b99f	Unwind@5888b99f	15
client-core-current	5888b9ae	Unwind@5888b9ae	18
client-core-current	5888b9c0	Unwind@5888b9c0	18
client-core-current	5888b9d2	Unwind@5888b9d2	21
client-core-current	5888b9e7	Unwind@5888b9e7	21
client-core-current	5888b9fc	Unwind@5888b9fc	21
client-core-current	5888ba11	Unwind@5888ba11	21
client-core-current	5888ba26	Unwind@5888ba26	18
client-core-current	5888ba38	Unwind@5888ba38	18
client-core-current	5888ba4a	Unwind@5888ba4a	18
client-core-current	5888ba5c	Unwind@5888ba5c	18
client-core-current	5888ba6e	Unwind@5888ba6e	18
client-core-current	5888ba80	Unwind@5888ba80	21
client-core-current	5888ba95	Unwind@5888ba95	21
client-core-current	5888baaa	Unwind@5888baaa	21
client-core-current	5888babf	Unwind@5888babf	21
client-core-current	5888bad4	Unwind@5888bad4	18
client-core-current	5888bae6	Unwind@5888bae6	21
client-core-current	5888bafb	Unwind@5888bafb	18
client-core-current	5888bb0d	Unwind@5888bb0d	18
client-core-current	5888bb1f	Unwind@5888bb1f	21
client-core-current	5888bb34	Unwind@5888bb34	21
client-core-current	5888bb49	Unwind@5888bb49	21
client-core-current	5888bb5e	Unwind@5888bb5e	18
client-core-current	5888bb70	Unwind@5888bb70	18
client-core-current	5888bb82	Unwind@5888bb82	21
client-core-current	5888bb97	Unwind@5888bb97	21
client-core-current	5888bbac	Unwind@5888bbac	18
client-core-current	5888bbbe	Unwind@5888bbbe	18
client-core-current	5888bbd0	Unwind@5888bbd0	18
client-core-current	5888bbe2	Unwind@5888bbe2	18
client-core-current	5888bbf4	Unwind@5888bbf4	18
client-core-current	5888bc06	Unwind@5888bc06	18
client-core-current	5888bc18	Unwind@5888bc18	18
client-core-current	5888bc2a	Unwind@5888bc2a	18
client-core-current	5888bc3c	Unwind@5888bc3c	21
client-core-current	5888bc51	Unwind@5888bc51	21
client-core-current	5888bc66	Unwind@5888bc66	21
client-core-current	5888bc7b	Unwind@5888bc7b	21
client-core-current	5888bc90	Unwind@5888bc90	21
client-core-current	5888bca5	Unwind@5888bca5	18
client-core-current	5888bcb7	Unwind@5888bcb7	21
client-core-current	5888bccc	Unwind@5888bccc	21
client-core-current	5888bce1	Unwind@5888bce1	18
client-core-current	5888bcf3	Unwind@5888bcf3	21
client-core-current	5888bd08	Unwind@5888bd08	21
client-core-current	5888bd1d	Unwind@5888bd1d	18
client-core-current	5888bd2f	Unwind@5888bd2f	18
client-core-current	5888bd41	Unwind@5888bd41	21
client-core-current	5888bd56	Unwind@5888bd56	18
client-core-current	5888bd68	Unwind@5888bd68	21
client-core-current	5888bd7d	Unwind@5888bd7d	21
client-core-current	5888bdd0	Unwind@5888bdd0	8
client-core-current	5888bdd8	Unwind@5888bdd8	15
client-core-current	5888bde7	Unwind@5888bde7	15
client-core-current	5888bdf6	Unwind@5888bdf6	15
client-core-current	5888be05	Unwind@5888be05	15
client-core-current	5888be14	Unwind@5888be14	15
client-core-current	5888be23	Unwind@5888be23	18
client-core-current	5888be35	Unwind@5888be35	18
client-core-current	5888be47	Unwind@5888be47	18
client-core-current	5888be59	Unwind@5888be59	18
client-core-current	5888be6b	Unwind@5888be6b	18
client-core-current	5888be7d	Unwind@5888be7d	18
client-core-current	5888be8f	Unwind@5888be8f	18
client-core-current	5888bea1	Unwind@5888bea1	18
client-core-current	5888beb3	Unwind@5888beb3	21
client-core-current	5888bec8	Unwind@5888bec8	18
client-core-current	5888beda	Unwind@5888beda	18
client-core-current	5888bf20	Unwind@5888bf20	11
client-core-current	5888bf2b	Unwind@5888bf2b	21
client-core-current	5888bf40	Unwind@5888bf40	18
client-core-current	5888bf52	Unwind@5888bf52	18
client-core-current	5888bf64	Unwind@5888bf64	18
client-core-current	5888bf76	Unwind@5888bf76	18
client-core-current	5888bf88	Unwind@5888bf88	18
client-core-current	5888bf9a	Unwind@5888bf9a	21
client-core-current	5888bfaf	Unwind@5888bfaf	21
client-core-current	5888bfc4	Unwind@5888bfc4	21
client-core-current	5888bfd9	Unwind@5888bfd9	21
client-core-current	5888bfee	Unwind@5888bfee	21
client-core-current	5888c003	Unwind@5888c003	21
client-core-current	5888c018	Unwind@5888c018	21
client-core-current	5888c02d	Unwind@5888c02d	21
client-core-current	5888c042	Unwind@5888c042	21
client-core-current	5888c057	Unwind@5888c057	21
client-core-current	5888c06c	Unwind@5888c06c	21
client-core-current	5888c081	Unwind@5888c081	21
client-core-current	5888c096	Unwind@5888c096	21
client-core-current	5888c0ab	Unwind@5888c0ab	21
client-core-current	5888c0c0	Unwind@5888c0c0	21
client-core-current	5888c0d5	Unwind@5888c0d5	21
client-core-current	5888c0ea	Unwind@5888c0ea	21
client-core-current	5888c0ff	Unwind@5888c0ff	21
client-core-current	5888c114	Unwind@5888c114	21
client-core-current	5888c129	Unwind@5888c129	18
client-core-current	5888c13b	Unwind@5888c13b	18
client-core-current	5888c180	Unwind@5888c180	8
client-core-current	5888c188	Unwind@5888c188	15
client-core-current	5888c197	Unwind@5888c197	15
client-core-current	5888c1a6	Unwind@5888c1a6	15
client-core-current	5888c1b5	Unwind@5888c1b5	15
client-core-current	5888c1c4	Unwind@5888c1c4	15
client-core-current	5888c1d3	Unwind@5888c1d3	15
client-core-current	5888c1e2	Unwind@5888c1e2	15
client-core-current	5888c1f1	Unwind@5888c1f1	18
client-core-current	5888c203	Unwind@5888c203	18
client-core-current	5888c215	Unwind@5888c215	18
client-core-current	5888c250	Unwind@5888c250	8
client-core-current	5888c258	Unwind@5888c258	15
client-core-current	5888c267	Unwind@5888c267	18
client-core-current	5888c279	Unwind@5888c279	18
client-core-current	5888c28b	Unwind@5888c28b	18
client-core-current	5888c2f0	Unwind@5888c2f0	8
client-core-current	5888c2f8	Unwind@5888c2f8	15
client-core-current	5888c307	Unwind@5888c307	15
client-core-current	5888c316	Unwind@5888c316	15
client-core-current	5888c325	Unwind@5888c325	15
client-core-current	5888c334	Unwind@5888c334	18
client-core-current	5888c346	Unwind@5888c346	18
client-core-current	5888c358	Unwind@5888c358	18
client-core-current	5888c36a	Unwind@5888c36a	18
client-core-current	5888c37c	Unwind@5888c37c	18
client-core-current	5888c38e	Unwind@5888c38e	18
client-core-current	5888c3a0	Unwind@5888c3a0	15
client-core-current	5888c3af	Unwind@5888c3af	15
client-core-current	5888c3be	Unwind@5888c3be	18
client-core-current	5888c3d0	Unwind@5888c3d0	21
client-core-current	5888c3e5	Unwind@5888c3e5	21
client-core-current	5888c3fa	Unwind@5888c3fa	21
client-core-current	5888c40f	Unwind@5888c40f	21
client-core-current	5888c424	Unwind@5888c424	21
client-core-current	5888c439	Unwind@5888c439	21
client-core-current	5888c44e	Unwind@5888c44e	21
client-core-current	5888c463	Unwind@5888c463	18
client-core-current	5888c475	Unwind@5888c475	21
client-core-current	5888c48a	Unwind@5888c48a	21
client-core-current	5888c49f	Unwind@5888c49f	21
client-core-current	5888c4b4	Unwind@5888c4b4	21
client-core-current	5888c4c9	Unwind@5888c4c9	21
client-core-current	5888c4de	Unwind@5888c4de	18
client-core-current	5888c4f0	Unwind@5888c4f0	18
client-core-current	5888c502	Unwind@5888c502	21
client-core-current	5888c517	Unwind@5888c517	21
client-core-current	5888c52c	Unwind@5888c52c	21
client-core-current	5888c541	Unwind@5888c541	21
client-core-current	5888c556	Unwind@5888c556	21
client-core-current	5888c56b	Unwind@5888c56b	18
client-core-current	5888c57d	Unwind@5888c57d	18
client-core-current	5888c58f	Unwind@5888c58f	18
client-core-current	5888c5a1	Unwind@5888c5a1	18
client-core-current	5888c5b3	Unwind@5888c5b3	21
client-core-current	5888c5c8	Unwind@5888c5c8	21
client-core-current	5888c5dd	Unwind@5888c5dd	21
client-core-current	5888c620	Unwind@5888c620	8
client-core-current	5888c628	Unwind@5888c628	8
client-core-current	5888c660	Unwind@5888c660	8
client-core-current	5888c668	Unwind@5888c668	15
client-core-current	5888c677	Unwind@5888c677	15
client-core-current	5888c686	Unwind@5888c686	15
client-core-current	5888c695	Unwind@5888c695	18
client-core-current	5888c6a7	Unwind@5888c6a7	18
client-core-current	5888c6e0	Unwind@5888c6e0	8
client-core-current	5888c6e8	Unwind@5888c6e8	15
client-core-current	5888c6f7	Unwind@5888c6f7	15
client-core-current	5888c706	Unwind@5888c706	15
client-core-current	5888c715	Unwind@5888c715	15
client-core-current	5888c724	Unwind@5888c724	15
client-core-current	5888c733	Unwind@5888c733	18
client-core-current	5888c745	Unwind@5888c745	18
client-core-current	5888c757	Unwind@5888c757	15
client-core-current	5888c766	Unwind@5888c766	15
client-core-current	5888c775	Unwind@5888c775	15
client-core-current	5888c7b0	Unwind@5888c7b0	8
client-core-current	5888c7b8	Unwind@5888c7b8	18
client-core-current	5888c7ca	Unwind@5888c7ca	18
client-core-current	5888c7dc	Unwind@5888c7dc	15
client-core-current	5888c7eb	Unwind@5888c7eb	15
client-core-current	5888c820	Unwind@5888c820	8
client-core-current	5888c828	Unwind@5888c828	15
client-core-current	5888c837	Unwind@5888c837	15
client-core-current	5888c846	Unwind@5888c846	18
client-core-current	5888c858	Unwind@5888c858	18
client-core-current	5888c86a	Unwind@5888c86a	15
client-core-current	5888c879	Unwind@5888c879	15
client-core-current	5888c888	Unwind@5888c888	18
client-core-current	5888c89a	Unwind@5888c89a	18
client-core-current	5888c8ac	Unwind@5888c8ac	18
client-core-current	5888c8be	Unwind@5888c8be	18
client-core-current	5888c900	Unwind@5888c900	8
client-core-current	5888c930	Unwind@5888c930	8
client-core-current	5888c960	Unwind@5888c960	8
client-core-current	5888c990	Unwind@5888c990	8
client-core-current	5888c9c0	Unwind@5888c9c0	8
client-core-current	5888c9f0	Unwind@5888c9f0	8
client-core-current	5888ca20	Unwind@5888ca20	8
client-core-current	5888ca28	Unwind@5888ca28	14
client-core-current	5888ca36	Unwind@5888ca36	18
client-core-current	5888ca48	Unwind@5888ca48	15
client-core-current	5888ca57	Unwind@5888ca57	15
client-core-current	5888ca66	Unwind@5888ca66	15
client-core-current	5888ca75	Unwind@5888ca75	15
client-core-current	5888ca84	Unwind@5888ca84	21
client-core-current	5888ca99	Unwind@5888ca99	18
client-core-current	5888caab	Unwind@5888caab	21
client-core-current	5888cac0	Unwind@5888cac0	21
client-core-current	5888cad5	Unwind@5888cad5	21
client-core-current	5888caea	Unwind@5888caea	21
client-core-current	5888caff	Unwind@5888caff	11
client-core-current	5888cb40	Unwind@5888cb40	11
client-core-current	5888cb4b	Unwind@5888cb4b	8
client-core-current	5888cb53	Unwind@5888cb53	8
client-core-current	5888cb90	Unwind@5888cb90	8
client-core-current	5888cb98	Unwind@5888cb98	18
client-core-current	5888cbaa	Unwind@5888cbaa	15
client-core-current	5888cbb9	Unwind@5888cbb9	15
client-core-current	5888cbc8	Unwind@5888cbc8	15
client-core-current	5888cbd7	Unwind@5888cbd7	15
client-core-current	5888cbe6	Unwind@5888cbe6	15
client-core-current	5888cbf5	Unwind@5888cbf5	15
client-core-current	5888cc04	Unwind@5888cc04	18
client-core-current	5888cc16	Unwind@5888cc16	18
client-core-current	5888cc28	Unwind@5888cc28	18
client-core-current	5888cc3a	Unwind@5888cc3a	18
client-core-current	5888cc80	Unwind@5888cc80	8
client-core-current	5888cc88	Unwind@5888cc88	15
client-core-current	5888cc97	Unwind@5888cc97	15
client-core-current	5888cca6	Unwind@5888cca6	18
client-core-current	5888ccb8	Unwind@5888ccb8	18
client-core-current	5888ccca	Unwind@5888ccca	18
client-core-current	5888ccdc	Unwind@5888ccdc	18
client-core-current	5888ccee	Unwind@5888ccee	18
client-core-current	5888cd00	Unwind@5888cd00	18
client-core-current	5888cd12	Unwind@5888cd12	18
client-core-current	5888cd50	Unwind@5888cd50	8
client-core-current	5888cd58	Unwind@5888cd58	18
client-core-current	5888cd6a	Unwind@5888cd6a	15
client-core-current	5888cd79	Unwind@5888cd79	15
client-core-current	5888cd88	Unwind@5888cd88	15
client-core-current	5888cd97	Unwind@5888cd97	15
client-core-current	5888cda6	Unwind@5888cda6	15
client-core-current	5888cdb5	Unwind@5888cdb5	15
client-core-current	5888cdc4	Unwind@5888cdc4	15
client-core-current	5888cdd3	Unwind@5888cdd3	15
client-core-current	5888cde2	Unwind@5888cde2	15
client-core-current	5888cdf1	Unwind@5888cdf1	15
client-core-current	5888ce00	Unwind@5888ce00	21
client-core-current	5888ce15	Unwind@5888ce15	18
client-core-current	5888ce27	Unwind@5888ce27	18
client-core-current	5888ce39	Unwind@5888ce39	21
client-core-current	5888ce4e	Unwind@5888ce4e	18
client-core-current	5888ce60	Unwind@5888ce60	18
client-core-current	5888ce72	Unwind@5888ce72	21
client-core-current	5888ce87	Unwind@5888ce87	21
client-core-current	5888ce9c	Unwind@5888ce9c	21
client-core-current	5888ceb1	Unwind@5888ceb1	21
client-core-current	5888cec6	Unwind@5888cec6	21
client-core-current	5888cedb	Unwind@5888cedb	21
client-core-current	5888cef0	Unwind@5888cef0	21
client-core-current	5888cf05	Unwind@5888cf05	21
client-core-current	5888cf1a	Unwind@5888cf1a	21
client-core-current	5888cf2f	Unwind@5888cf2f	21
client-core-current	5888cf44	Unwind@5888cf44	21
client-core-current	5888cf59	Unwind@5888cf59	21
client-core-current	5888cf6e	Unwind@5888cf6e	18
client-core-current	5888cf80	Unwind@5888cf80	18
client-core-current	5888cf92	Unwind@5888cf92	18
client-core-current	5888cfa4	Unwind@5888cfa4	21
client-core-current	5888cfb9	Unwind@5888cfb9	18
client-core-current	5888cfcb	Unwind@5888cfcb	18
client-core-current	5888cfdd	Unwind@5888cfdd	18
client-core-current	5888cfef	Unwind@5888cfef	21
client-core-current	5888d004	Unwind@5888d004	18
client-core-current	5888d016	Unwind@5888d016	18
client-core-current	5888d028	Unwind@5888d028	18
client-core-current	5888d03a	Unwind@5888d03a	21
client-core-current	5888d04f	Unwind@5888d04f	21
client-core-current	5888d064	Unwind@5888d064	21
client-core-current	5888d079	Unwind@5888d079	21
client-core-current	5888d08e	Unwind@5888d08e	21
client-core-current	5888d0a3	Unwind@5888d0a3	21
client-core-current	5888d0b8	Unwind@5888d0b8	21
client-core-current	5888d0cd	Unwind@5888d0cd	21
client-core-current	5888d0e2	Unwind@5888d0e2	21
client-core-current	5888d0f7	Unwind@5888d0f7	21
client-core-current	5888d10c	Unwind@5888d10c	21
client-core-current	5888d121	Unwind@5888d121	21
client-core-current	5888d136	Unwind@5888d136	21
client-core-current	5888d14b	Unwind@5888d14b	21
client-core-current	5888d160	Unwind@5888d160	18
client-core-current	5888d172	Unwind@5888d172	21
client-core-current	5888d187	Unwind@5888d187	18
client-core-current	5888d199	Unwind@5888d199	21
client-core-current	5888d1ae	Unwind@5888d1ae	21
client-core-current	5888d1c3	Unwind@5888d1c3	21
client-core-current	5888d200	Unwind@5888d200	8
client-core-current	5888d208	Unwind@5888d208	18
client-core-current	5888d21a	Unwind@5888d21a	15
client-core-current	5888d229	Unwind@5888d229	15
client-core-current	5888d238	Unwind@5888d238	15
client-core-current	5888d247	Unwind@5888d247	18
client-core-current	5888d280	Unwind@5888d280	8
client-core-current	5888d288	Unwind@5888d288	15
client-core-current	5888d297	Unwind@5888d297	15
client-core-current	5888d2a6	Unwind@5888d2a6	15
client-core-current	5888d2b5	Unwind@5888d2b5	15
client-core-current	5888d2c4	Unwind@5888d2c4	15
client-core-current	5888d2d3	Unwind@5888d2d3	15
client-core-current	5888d2e2	Unwind@5888d2e2	18
client-core-current	5888d2f4	Unwind@5888d2f4	18
client-core-current	5888d306	Unwind@5888d306	18
client-core-current	5888d318	Unwind@5888d318	18
client-core-current	5888d32a	Unwind@5888d32a	18
client-core-current	5888d33c	Unwind@5888d33c	18
client-core-current	5888d34e	Unwind@5888d34e	18
client-core-current	5888d360	Unwind@5888d360	18
client-core-current	5888d372	Unwind@5888d372	18
client-core-current	5888d3b0	Unwind@5888d3b0	8
client-core-current	5888d3b8	Unwind@5888d3b8	15
client-core-current	5888d3c7	Unwind@5888d3c7	15
client-core-current	5888d3d6	Unwind@5888d3d6	15
client-core-current	5888d3e5	Unwind@5888d3e5	15
client-core-current	5888d3f4	Unwind@5888d3f4	15
client-core-current	5888d403	Unwind@5888d403	15
client-core-current	5888d412	Unwind@5888d412	15
client-core-current	5888d421	Unwind@5888d421	15
client-core-current	5888d430	Unwind@5888d430	15
client-core-current	5888d43f	Unwind@5888d43f	15
client-core-current	5888d44e	Unwind@5888d44e	15
client-core-current	5888d45d	Unwind@5888d45d	18
client-core-current	5888d46f	Unwind@5888d46f	18
client-core-current	5888d481	Unwind@5888d481	21
client-core-current	5888d496	Unwind@5888d496	21
client-core-current	5888d4ab	Unwind@5888d4ab	21
client-core-current	5888d4c0	Unwind@5888d4c0	18
client-core-current	5888d4d2	Unwind@5888d4d2	21
client-core-current	5888d4e7	Unwind@5888d4e7	21
client-core-current	5888d4fc	Unwind@5888d4fc	21
client-core-current	5888d511	Unwind@5888d511	21
client-core-current	5888d526	Unwind@5888d526	18
client-core-current	5888d538	Unwind@5888d538	18
client-core-current	5888d54a	Unwind@5888d54a	18
client-core-current	5888d55c	Unwind@5888d55c	18
client-core-current	5888d56e	Unwind@5888d56e	18
client-core-current	5888d580	Unwind@5888d580	21
client-core-current	5888d595	Unwind@5888d595	21
client-core-current	5888d5aa	Unwind@5888d5aa	21
client-core-current	5888d5bf	Unwind@5888d5bf	18
client-core-current	5888d5d1	Unwind@5888d5d1	18
client-core-current	5888d5e3	Unwind@5888d5e3	18
client-core-current	5888d5f5	Unwind@5888d5f5	18
client-core-current	5888d607	Unwind@5888d607	21
client-core-current	5888d61c	Unwind@5888d61c	21
client-core-current	5888d631	Unwind@5888d631	21
client-core-current	5888d670	Unwind@5888d670	8
client-core-current	5888d678	Unwind@5888d678	15
client-core-current	5888d687	Unwind@5888d687	15
client-core-current	5888d696	Unwind@5888d696	18
client-core-current	5888d6a8	Unwind@5888d6a8	18
client-core-current	5888d6ba	Unwind@5888d6ba	18
client-core-current	5888d6cc	Unwind@5888d6cc	18
client-core-current	5888d6de	Unwind@5888d6de	18
client-core-current	5888d6f0	Unwind@5888d6f0	18
client-core-current	5888d702	Unwind@5888d702	18
client-core-current	5888d740	Unwind@5888d740	8
client-core-current	5888d748	Unwind@5888d748	18
client-core-current	5888d75a	Unwind@5888d75a	15
client-core-current	5888d769	Unwind@5888d769	15
client-core-current	5888d778	Unwind@5888d778	15
client-core-current	5888d787	Unwind@5888d787	15
client-core-current	5888d796	Unwind@5888d796	18
client-core-current	5888d7a8	Unwind@5888d7a8	18
client-core-current	5888d7ba	Unwind@5888d7ba	18
client-core-current	5888d800	Unwind@5888d800	8
client-core-current	5888d808	Unwind@5888d808	15
client-core-current	5888d817	Unwind@5888d817	15
client-core-current	5888d826	Unwind@5888d826	15
client-core-current	5888d835	Unwind@5888d835	15
client-core-current	5888d844	Unwind@5888d844	15
client-core-current	5888d853	Unwind@5888d853	15
client-core-current	5888d862	Unwind@5888d862	15
client-core-current	5888d871	Unwind@5888d871	15
client-core-current	5888d880	Unwind@5888d880	15
client-core-current	5888d88f	Unwind@5888d88f	15
client-core-current	5888d89e	Unwind@5888d89e	18
client-core-current	5888d8b0	Unwind@5888d8b0	18
client-core-current	5888d8c2	Unwind@5888d8c2	18
client-core-current	5888d8d4	Unwind@5888d8d4	18
client-core-current	5888d8e6	Unwind@5888d8e6	21
client-core-current	5888d8fb	Unwind@5888d8fb	21
client-core-current	5888d910	Unwind@5888d910	18
client-core-current	5888d922	Unwind@5888d922	18
client-core-current	5888d934	Unwind@5888d934	18
client-core-current	5888d946	Unwind@5888d946	18
client-core-current	5888d980	Unwind@5888d980	8
client-core-current	5888d988	Unwind@5888d988	15
client-core-current	5888d997	Unwind@5888d997	18
client-core-current	5888d9a9	Unwind@5888d9a9	18
client-core-current	5888d9e0	Unwind@5888d9e0	8
client-core-current	5888d9e8	Unwind@5888d9e8	15
client-core-current	5888d9f7	Unwind@5888d9f7	15
client-core-current	5888da06	Unwind@5888da06	18
client-core-current	5888da18	Unwind@5888da18	18
client-core-current	5888da2a	Unwind@5888da2a	18
client-core-current	5888da3c	Unwind@5888da3c	18
client-core-current	5888da80	Unwind@5888da80	8
client-core-current	5888da88	Unwind@5888da88	15
client-core-current	5888da97	Unwind@5888da97	18
client-core-current	5888dad0	Unwind@5888dad0	8
client-core-current	5888dad8	Unwind@5888dad8	15
client-core-current	5888dae7	Unwind@5888dae7	15
client-core-current	5888daf6	Unwind@5888daf6	15
client-core-current	5888db05	Unwind@5888db05	15
client-core-current	5888db14	Unwind@5888db14	18
client-core-current	5888db26	Unwind@5888db26	18
client-core-current	5888db38	Unwind@5888db38	18
client-core-current	5888db4a	Unwind@5888db4a	18
client-core-current	5888db5c	Unwind@5888db5c	15
client-core-current	5888db6b	Unwind@5888db6b	15
client-core-current	5888db7a	Unwind@5888db7a	15
client-core-current	5888db89	Unwind@5888db89	18
client-core-current	5888db9b	Unwind@5888db9b	15
client-core-current	5888dbaa	Unwind@5888dbaa	15
client-core-current	5888dbb9	Unwind@5888dbb9	18
client-core-current	5888dbcb	Unwind@5888dbcb	18
client-core-current	5888dbdd	Unwind@5888dbdd	18
client-core-current	5888dbef	Unwind@5888dbef	18
client-core-current	5888dc01	Unwind@5888dc01	21
client-core-current	5888dc16	Unwind@5888dc16	21
client-core-current	5888dc50	Unwind@5888dc50	8
client-core-current	5888dc58	Unwind@5888dc58	15
client-core-current	5888dc67	Unwind@5888dc67	15
client-core-current	5888dc76	Unwind@5888dc76	15
client-core-current	5888dc85	Unwind@5888dc85	15
client-core-current	5888dc94	Unwind@5888dc94	15
client-core-current	5888dca3	Unwind@5888dca3	15
client-core-current	5888dcb2	Unwind@5888dcb2	18
client-core-current	5888dcc4	Unwind@5888dcc4	18
client-core-current	5888dcd6	Unwind@5888dcd6	18
client-core-current	5888dce8	Unwind@5888dce8	18
client-core-current	5888dcfa	Unwind@5888dcfa	18
client-core-current	5888dd0c	Unwind@5888dd0c	18
client-core-current	5888dd50	Unwind@5888dd50	8
client-core-current	5888dd58	Unwind@5888dd58	15
client-core-current	5888dd67	Unwind@5888dd67	15
client-core-current	5888dd76	Unwind@5888dd76	15
client-core-current	5888dd85	Unwind@5888dd85	18
client-core-current	5888dd97	Unwind@5888dd97	18
client-core-current	5888dda9	Unwind@5888dda9	18
client-core-current	5888ddbb	Unwind@5888ddbb	15
client-core-current	5888ddca	Unwind@5888ddca	15
client-core-current	5888de00	Unwind@5888de00	8
client-core-current	5888de08	Unwind@5888de08	18
client-core-current	5888de1a	Unwind@5888de1a	15
client-core-current	5888de29	Unwind@5888de29	15
client-core-current	5888de38	Unwind@5888de38	15
client-core-current	5888de47	Unwind@5888de47	15
client-core-current	5888de56	Unwind@5888de56	18
client-core-current	5888de68	Unwind@5888de68	18
client-core-current	5888de7a	Unwind@5888de7a	18
client-core-current	5888de8c	Unwind@5888de8c	18
client-core-current	5888de9e	Unwind@5888de9e	18
client-core-current	5888dee0	Unwind@5888dee0	8
client-core-current	5888dee8	Unwind@5888dee8	18
client-core-current	5888defa	Unwind@5888defa	15
client-core-current	5888df09	Unwind@5888df09	15
client-core-current	5888df18	Unwind@5888df18	15
client-core-current	5888df27	Unwind@5888df27	15
client-core-current	5888df36	Unwind@5888df36	15
client-core-current	5888df45	Unwind@5888df45	15
client-core-current	5888df54	Unwind@5888df54	15
client-core-current	5888df63	Unwind@5888df63	18
client-core-current	5888df75	Unwind@5888df75	21
client-core-current	5888df8a	Unwind@5888df8a	21
client-core-current	5888df9f	Unwind@5888df9f	21
client-core-current	5888dfb4	Unwind@5888dfb4	18
client-core-current	5888dfc6	Unwind@5888dfc6	18
client-core-current	5888dfd8	Unwind@5888dfd8	18
client-core-current	5888dfea	Unwind@5888dfea	18
client-core-current	5888dffc	Unwind@5888dffc	21
client-core-current	5888e011	Unwind@5888e011	21
client-core-current	5888e026	Unwind@5888e026	21
client-core-current	5888e03b	Unwind@5888e03b	21
client-core-current	5888e050	Unwind@5888e050	21
client-core-current	5888e065	Unwind@5888e065	21
client-core-current	5888e07a	Unwind@5888e07a	18
client-core-current	5888e08c	Unwind@5888e08c	18
client-core-current	5888e09e	Unwind@5888e09e	18
client-core-current	5888e0b0	Unwind@5888e0b0	21
client-core-current	5888e0c5	Unwind@5888e0c5	21
client-core-current	5888e0da	Unwind@5888e0da	21
client-core-current	5888e0ef	Unwind@5888e0ef	21
client-core-current	5888e104	Unwind@5888e104	21
client-core-current	5888e119	Unwind@5888e119	21
client-core-current	5888e12e	Unwind@5888e12e	21
client-core-current	5888e143	Unwind@5888e143	21
client-core-current	5888e158	Unwind@5888e158	21
client-core-current	5888e16d	Unwind@5888e16d	21
client-core-current	5888e182	Unwind@5888e182	21
client-core-current	5888e197	Unwind@5888e197	21
client-core-current	5888e1ac	Unwind@5888e1ac	21
client-core-current	5888e1c1	Unwind@5888e1c1	21
client-core-current	5888e1d6	Unwind@5888e1d6	18
client-core-current	5888e1e8	Unwind@5888e1e8	18
client-core-current	5888e1fa	Unwind@5888e1fa	18
client-core-current	5888e20c	Unwind@5888e20c	18
client-core-current	5888e21e	Unwind@5888e21e	18
client-core-current	5888e230	Unwind@5888e230	18
client-core-current	5888e242	Unwind@5888e242	21
client-core-current	5888e257	Unwind@5888e257	21
client-core-current	5888e26c	Unwind@5888e26c	21
client-core-current	5888e281	Unwind@5888e281	21
client-core-current	5888e296	Unwind@5888e296	18
client-core-current	5888e2a8	Unwind@5888e2a8	18
client-core-current	5888e2ba	Unwind@5888e2ba	21
client-core-current	5888e2cf	Unwind@5888e2cf	21
client-core-current	5888e2e4	Unwind@5888e2e4	21
client-core-current	5888e2f9	Unwind@5888e2f9	21
client-core-current	5888e30e	Unwind@5888e30e	21
client-core-current	5888e323	Unwind@5888e323	21
client-core-current	5888e338	Unwind@5888e338	18
client-core-current	5888e370	Unwind@5888e370	18
client-core-current	5888e382	Unwind@5888e382	18
client-core-current	5888e3c0	Unwind@5888e3c0	18
client-core-current	5888e3d2	Unwind@5888e3d2	18
client-core-current	5888e410	Unwind@5888e410	8
client-core-current	5888e418	Unwind@5888e418	18
client-core-current	5888e42a	Unwind@5888e42a	15
client-core-current	5888e439	Unwind@5888e439	18
client-core-current	5888e44b	Unwind@5888e44b	18
client-core-current	5888e45d	Unwind@5888e45d	18
client-core-current	5888e46f	Unwind@5888e46f	18
client-core-current	5888e481	Unwind@5888e481	18
client-core-current	5888e493	Unwind@5888e493	18
client-core-current	5888e4a5	Unwind@5888e4a5	18
client-core-current	5888e4b7	Unwind@5888e4b7	18
client-core-current	5888e4f0	Unwind@5888e4f0	8
client-core-current	5888e4f8	Unwind@5888e4f8	15
client-core-current	5888e507	Unwind@5888e507	15
client-core-current	5888e516	Unwind@5888e516	15
client-core-current	5888e525	Unwind@5888e525	15
client-core-current	5888e534	Unwind@5888e534	18
client-core-current	5888e546	Unwind@5888e546	18
client-core-current	5888e558	Unwind@5888e558	18
client-core-current	5888e56a	Unwind@5888e56a	18
client-core-current	5888e57c	Unwind@5888e57c	18
client-core-current	5888e58e	Unwind@5888e58e	18
client-core-current	5888e5d0	Unwind@5888e5d0	8
client-core-current	5888e5d8	Unwind@5888e5d8	15
client-core-current	5888e5e7	Unwind@5888e5e7	15
client-core-current	5888e5f6	Unwind@5888e5f6	15
client-core-current	5888e605	Unwind@5888e605	15
client-core-current	5888e614	Unwind@5888e614	15
client-core-current	5888e623	Unwind@5888e623	18
client-core-current	5888e635	Unwind@5888e635	18
client-core-current	5888e647	Unwind@5888e647	18
client-core-current	5888e659	Unwind@5888e659	18
client-core-current	5888e66b	Unwind@5888e66b	18
client-core-current	5888e67d	Unwind@5888e67d	18
client-core-current	5888e68f	Unwind@5888e68f	15
client-core-current	5888e69e	Unwind@5888e69e	18
client-core-current	5888e6b0	Unwind@5888e6b0	18
client-core-current	5888e6f0	Unwind@5888e6f0	8
client-core-current	5888e6f8	Unwind@5888e6f8	18
client-core-current	5888e70a	Unwind@5888e70a	18
client-core-current	5888e71c	Unwind@5888e71c	15
client-core-current	5888e72b	Unwind@5888e72b	15
client-core-current	5888e73a	Unwind@5888e73a	15
client-core-current	5888e749	Unwind@5888e749	15
client-core-current	5888e758	Unwind@5888e758	15
client-core-current	5888e767	Unwind@5888e767	15
client-core-current	5888e776	Unwind@5888e776	15
client-core-current	5888e785	Unwind@5888e785	15
client-core-current	5888e794	Unwind@5888e794	15
client-core-current	5888e7a3	Unwind@5888e7a3	15
client-core-current	5888e7b2	Unwind@5888e7b2	15
client-core-current	5888e7c1	Unwind@5888e7c1	15
client-core-current	5888e7d0	Unwind@5888e7d0	18
client-core-current	5888e7e2	Unwind@5888e7e2	18
client-core-current	5888e7f4	Unwind@5888e7f4	18
client-core-current	5888e806	Unwind@5888e806	18
client-core-current	5888e818	Unwind@5888e818	21
client-core-current	5888e82d	Unwind@5888e82d	21
client-core-current	5888e842	Unwind@5888e842	18
client-core-current	5888e854	Unwind@5888e854	21
client-core-current	5888e869	Unwind@5888e869	21
client-core-current	5888e87e	Unwind@5888e87e	18
client-core-current	5888e890	Unwind@5888e890	21
client-core-current	5888e8a5	Unwind@5888e8a5	21
client-core-current	5888e8ba	Unwind@5888e8ba	18
client-core-current	5888e8cc	Unwind@5888e8cc	21
client-core-current	5888e8e1	Unwind@5888e8e1	21
client-core-current	5888e8f6	Unwind@5888e8f6	21
client-core-current	5888e90b	Unwind@5888e90b	21
client-core-current	5888e920	Unwind@5888e920	21
client-core-current	5888e935	Unwind@5888e935	21
client-core-current	5888e94a	Unwind@5888e94a	21
client-core-current	5888e95f	Unwind@5888e95f	21
client-core-current	5888e974	Unwind@5888e974	18
client-core-current	5888e986	Unwind@5888e986	21
client-core-current	5888e99b	Unwind@5888e99b	21
client-core-current	5888e9e0	Unwind@5888e9e0	8
client-core-current	5888e9e8	Unwind@5888e9e8	15
client-core-current	5888e9f7	Unwind@5888e9f7	18
client-core-current	5888ea09	Unwind@5888ea09	18
client-core-current	5888ea1b	Unwind@5888ea1b	18
client-core-current	5888ea50	Unwind@5888ea50	18
client-core-current	5888ea90	Unwind@5888ea90	8
client-core-current	5888ea98	Unwind@5888ea98	15
client-core-current	5888eaa7	Unwind@5888eaa7	15
client-core-current	5888eab6	Unwind@5888eab6	18
client-core-current	5888eac8	Unwind@5888eac8	15
client-core-current	5888ead7	Unwind@5888ead7	15
client-core-current	5888eae6	Unwind@5888eae6	15
client-core-current	5888eaf5	Unwind@5888eaf5	15
client-core-current	5888eb04	Unwind@5888eb04	15
client-core-current	5888eb13	Unwind@5888eb13	15
client-core-current	5888eb22	Unwind@5888eb22	15
client-core-current	5888eb31	Unwind@5888eb31	18
client-core-current	5888eb43	Unwind@5888eb43	18
client-core-current	5888eb55	Unwind@5888eb55	18
client-core-current	5888eb67	Unwind@5888eb67	18
client-core-current	5888eb79	Unwind@5888eb79	18
client-core-current	5888ebb0	Unwind@5888ebb0	8
client-core-current	5888ebb8	Unwind@5888ebb8	15
client-core-current	5888ebc7	Unwind@5888ebc7	18
client-core-current	5888ebd9	Unwind@5888ebd9	18
client-core-current	5888ebeb	Unwind@5888ebeb	15
client-core-current	5888ebfa	Unwind@5888ebfa	15
client-core-current	5888ec09	Unwind@5888ec09	15
client-core-current	5888ec18	Unwind@5888ec18	15
client-core-current	5888ec27	Unwind@5888ec27	15
client-core-current	5888ec36	Unwind@5888ec36	15
client-core-current	5888ec70	Unwind@5888ec70	8
client-core-current	5888ec78	Unwind@5888ec78	15
client-core-current	5888ec87	Unwind@5888ec87	15
client-core-current	5888ec96	Unwind@5888ec96	15
client-core-current	5888eca5	Unwind@5888eca5	15
client-core-current	5888ecb4	Unwind@5888ecb4	18
client-core-current	5888ecc6	Unwind@5888ecc6	18
client-core-current	5888ecd8	Unwind@5888ecd8	18
client-core-current	5888ecea	Unwind@5888ecea	18
client-core-current	5888ecfc	Unwind@5888ecfc	18
client-core-current	5888ed0e	Unwind@5888ed0e	18
client-core-current	5888ed20	Unwind@5888ed20	18
client-core-current	5888ed32	Unwind@5888ed32	18
client-core-current	5888ed44	Unwind@5888ed44	18
client-core-current	5888ed56	Unwind@5888ed56	21
client-core-current	5888ed6b	Unwind@5888ed6b	21
client-core-current	5888ed80	Unwind@5888ed80	21
client-core-current	5888ed95	Unwind@5888ed95	21
client-core-current	5888edaa	Unwind@5888edaa	21
client-core-current	5888edbf	Unwind@5888edbf	21
client-core-current	5888edd4	Unwind@5888edd4	21
client-core-current	5888ede9	Unwind@5888ede9	21
client-core-current	5888edfe	Unwind@5888edfe	18
client-core-current	5888ee10	Unwind@5888ee10	18
client-core-current	5888ee22	Unwind@5888ee22	18
client-core-current	5888ee34	Unwind@5888ee34	18
client-core-current	5888ee46	Unwind@5888ee46	18
client-core-current	5888ee58	Unwind@5888ee58	18
client-core-current	5888ee6a	Unwind@5888ee6a	21
client-core-current	5888ee7f	Unwind@5888ee7f	21
client-core-current	5888ee94	Unwind@5888ee94	21
client-core-current	5888eea9	Unwind@5888eea9	18
client-core-current	5888eebb	Unwind@5888eebb	21
client-core-current	5888eed0	Unwind@5888eed0	21
client-core-current	5888eee5	Unwind@5888eee5	21
client-core-current	5888eefa	Unwind@5888eefa	21
client-core-current	5888ef0f	Unwind@5888ef0f	21
client-core-current	5888ef24	Unwind@5888ef24	21
client-core-current	5888ef39	Unwind@5888ef39	21
client-core-current	5888ef4e	Unwind@5888ef4e	21
client-core-current	5888ef63	Unwind@5888ef63	21
client-core-current	5888ef78	Unwind@5888ef78	21
client-core-current	5888ef8d	Unwind@5888ef8d	21
client-core-current	5888efa2	Unwind@5888efa2	21
client-core-current	5888efb7	Unwind@5888efb7	21
client-core-current	5888efcc	Unwind@5888efcc	21
client-core-current	5888efe1	Unwind@5888efe1	21
client-core-current	5888eff6	Unwind@5888eff6	18
client-core-current	5888f008	Unwind@5888f008	18
client-core-current	5888f01a	Unwind@5888f01a	21
client-core-current	5888f02f	Unwind@5888f02f	18
client-core-current	5888f041	Unwind@5888f041	18
client-core-current	5888f053	Unwind@5888f053	18
client-core-current	5888f065	Unwind@5888f065	18
client-core-current	5888f077	Unwind@5888f077	21
client-core-current	5888f08c	Unwind@5888f08c	21
client-core-current	5888f0a1	Unwind@5888f0a1	18
client-core-current	5888f0b3	Unwind@5888f0b3	18
client-core-current	5888f0c5	Unwind@5888f0c5	18
client-core-current	5888f0d7	Unwind@5888f0d7	18
client-core-current	5888f0e9	Unwind@5888f0e9	21
client-core-current	5888f0fe	Unwind@5888f0fe	18
client-core-current	5888f110	Unwind@5888f110	18
client-core-current	5888f122	Unwind@5888f122	21
client-core-current	5888f137	Unwind@5888f137	21
client-core-current	5888f14c	Unwind@5888f14c	18
client-core-current	5888f15e	Unwind@5888f15e	18
client-core-current	5888f170	Unwind@5888f170	18
client-core-current	5888f182	Unwind@5888f182	21
client-core-current	5888f197	Unwind@5888f197	21
client-core-current	5888f1ac	Unwind@5888f1ac	21
client-core-current	5888f1f0	Unwind@5888f1f0	8
client-core-current	5888f220	Unwind@5888f220	8
client-core-current	5888f228	Unwind@5888f228	18
client-core-current	5888f23a	Unwind@5888f23a	18
client-core-current	5888f270	Unwind@5888f270	8
client-core-current	5888f278	Unwind@5888f278	18
client-core-current	5888f2b0	Unwind@5888f2b0	8
client-core-current	5888f2b8	Unwind@5888f2b8	18
client-core-current	5888f2ca	Unwind@5888f2ca	18
client-core-current	5888f300	Unwind@5888f300	8
client-core-current	5888f308	Unwind@5888f308	18
client-core-current	5888f31a	Unwind@5888f31a	15
client-core-current	5888f329	Unwind@5888f329	15
client-core-current	5888f338	Unwind@5888f338	15
client-core-current	5888f347	Unwind@5888f347	18
client-core-current	5888f359	Unwind@5888f359	18
client-core-current	5888f36b	Unwind@5888f36b	18
client-core-current	5888f37d	Unwind@5888f37d	18
client-core-current	5888f38f	Unwind@5888f38f	18
client-core-current	5888f3a1	Unwind@5888f3a1	15
client-core-current	5888f3b0	Unwind@5888f3b0	15
client-core-current	5888f3bf	Unwind@5888f3bf	18
client-core-current	5888f3d1	Unwind@5888f3d1	18
client-core-current	5888f410	Unwind@5888f410	8
client-core-current	5888f418	Unwind@5888f418	18
client-core-current	5888f450	Unwind@5888f450	8
client-core-current	5888f458	Unwind@5888f458	18
client-core-current	5888f46a	Unwind@5888f46a	15
client-core-current	5888f479	Unwind@5888f479	15
client-core-current	5888f488	Unwind@5888f488	18
client-core-current	5888f49a	Unwind@5888f49a	18
client-core-current	5888f4d0	Unwind@5888f4d0	8
client-core-current	5888f4d8	Unwind@5888f4d8	18
client-core-current	5888f4ea	Unwind@5888f4ea	18
client-core-current	5888f4fc	Unwind@5888f4fc	18
client-core-current	5888f50e	Unwind@5888f50e	18
client-core-current	5888f550	Unwind@5888f550	8
client-core-current	5888f558	Unwind@5888f558	18
client-core-current	5888f56a	Unwind@5888f56a	18
client-core-current	5888f5a0	Unwind@5888f5a0	8
client-core-current	5888f5d0	Unwind@5888f5d0	8
client-core-current	5888f5d8	Unwind@5888f5d8	15
client-core-current	5888f5e7	Unwind@5888f5e7	15
client-core-current	5888f640	Unwind@5888f640	18
client-core-current	5888f680	Unwind@5888f680	15
client-core-current	5888f68f	Unwind@5888f68f	15
client-core-current	5888f69e	Unwind@5888f69e	15
client-core-current	5888f6e0	Unwind@5888f6e0	18
client-core-current	5888f6f2	Unwind@5888f6f2	18
client-core-current	5888f704	Unwind@5888f704	18
client-core-current	5888f716	Unwind@5888f716	18
client-core-current	5888f728	Unwind@5888f728	18
client-core-current	5888f73a	Unwind@5888f73a	18
client-core-current	5888f74c	Unwind@5888f74c	18
client-core-current	5888f75e	Unwind@5888f75e	18
client-core-current	5888f770	Unwind@5888f770	18
client-core-current	5888f782	Unwind@5888f782	18
client-core-current	5888f794	Unwind@5888f794	18
client-core-current	5888f7a6	Unwind@5888f7a6	18
client-core-current	5888f7b8	Unwind@5888f7b8	18
client-core-current	5888f7ca	Unwind@5888f7ca	18
client-core-current	5888f7dc	Unwind@5888f7dc	18
client-core-current	5888f7ee	Unwind@5888f7ee	18
client-core-current	5888f800	Unwind@5888f800	21
client-core-current	5888f850	Unwind@5888f850	15
client-core-current	5888f890	Unwind@5888f890	18
client-core-current	5888f8d0	Unwind@5888f8d0	14
client-core-current	5888f8de	Unwind@5888f8de	27
client-core-current	5888f8f9	Unwind@5888f8f9	18
client-core-current	5888f90b	Unwind@5888f90b	18
client-core-current	5888f940	Unwind@5888f940	21
client-core-current	5888f955	Unwind@5888f955	21
client-core-current	5888f9a0	Unwind@5888f9a0	8
client-core-current	5888f9a8	Unwind@5888f9a8	14
client-core-current	5888f9b6	Unwind@5888f9b6	24
client-core-current	5888f9ce	Unwind@5888f9ce	14
client-core-current	5888f9dc	Unwind@5888f9dc	21
client-core-current	5888f9f1	Unwind@5888f9f1	21
client-core-current	5888fa06	Unwind@5888fa06	18
client-core-current	5888fa18	Unwind@5888fa18	18
client-core-current	5888fa2a	Unwind@5888fa2a	18
client-core-current	5888fa3c	Unwind@5888fa3c	18
client-core-current	5888fa4e	Unwind@5888fa4e	18
client-core-current	5888fa60	Unwind@5888fa60	18
client-core-current	5888fa72	Unwind@5888fa72	18
client-core-current	5888fa84	Unwind@5888fa84	18
client-core-current	5888fa96	Unwind@5888fa96	18
client-core-current	5888faa8	Unwind@5888faa8	18
client-core-current	5888faba	Unwind@5888faba	18
client-core-current	5888facc	Unwind@5888facc	21
client-core-current	5888fae1	Unwind@5888fae1	21
client-core-current	5888faf6	Unwind@5888faf6	18
client-core-current	5888fb08	Unwind@5888fb08	18
client-core-current	5888fb1a	Unwind@5888fb1a	18
client-core-current	5888fb2c	Unwind@5888fb2c	18
client-core-current	5888fb3e	Unwind@5888fb3e	18
client-core-current	5888fb50	Unwind@5888fb50	18
client-core-current	5888fb62	Unwind@5888fb62	18
client-core-current	5888fb74	Unwind@5888fb74	18
client-core-current	5888fb86	Unwind@5888fb86	18
client-core-current	5888fb98	Unwind@5888fb98	18
client-core-current	5888fbaa	Unwind@5888fbaa	18
client-core-current	5888fbbc	Unwind@5888fbbc	18
client-core-current	5888fbce	Unwind@5888fbce	18
client-core-current	5888fbe0	Unwind@5888fbe0	18
client-core-current	5888fbf2	Unwind@5888fbf2	18
client-core-current	5888fc04	Unwind@5888fc04	18
client-core-current	5888fc16	Unwind@5888fc16	18
client-core-current	5888fc28	Unwind@5888fc28	18
client-core-current	5888fc3a	Unwind@5888fc3a	21
client-core-current	5888fc4f	Unwind@5888fc4f	18
client-core-current	5888fc61	Unwind@5888fc61	18
client-core-current	5888fc73	Unwind@5888fc73	18
client-core-current	5888fc85	Unwind@5888fc85	18
client-core-current	5888fc97	Unwind@5888fc97	18
client-core-current	5888fca9	Unwind@5888fca9	18
client-core-current	5888fcbb	Unwind@5888fcbb	21
client-core-current	5888fcd0	Unwind@5888fcd0	21
client-core-current	5888fd40	Unwind@5888fd40	21
client-core-current	5888fd55	Unwind@5888fd55	21
client-core-current	5888fd6a	Unwind@5888fd6a	18
client-core-current	5888fdb0	Unwind@5888fdb0	15
client-core-current	5888fdbf	Unwind@5888fdbf	15
client-core-current	5888fdce	Unwind@5888fdce	15
client-core-current	5888fe10	Unwind@5888fe10	15
client-core-current	5888fe50	Unwind@5888fe50	15
client-core-current	5888fe90	Unwind@5888fe90	21
client-core-current	5888fee0	Unwind@5888fee0	18
client-core-current	5888ff20	Unwind@5888ff20	18
client-core-current	5888ff32	Unwind@5888ff32	15
client-core-current	5888ff41	Unwind@5888ff41	15
client-core-current	5888ff50	Unwind@5888ff50	15
client-core-current	5888ff90	Unwind@5888ff90	15
client-core-current	5888ffd0	Unwind@5888ffd0	21
client-core-current	58890020	Unwind@58890020	8
client-core-current	58890050	Unwind@58890050	18
client-core-current	58890062	Unwind@58890062	18
client-core-current	588900b0	Unwind@588900b0	8
client-core-current	588900b8	Unwind@588900b8	15
client-core-current	588900c7	Unwind@588900c7	15
client-core-current	588900d6	Unwind@588900d6	15
client-core-current	588900e5	Unwind@588900e5	15
client-core-current	588900f4	Unwind@588900f4	18
client-core-current	58890106	Unwind@58890106	18
client-core-current	58890118	Unwind@58890118	18
client-core-current	5889012a	Unwind@5889012a	18
client-core-current	5889013c	Unwind@5889013c	18
client-core-current	5889014e	Unwind@5889014e	15
client-core-current	5889015d	Unwind@5889015d	15
client-core-current	5889016c	Unwind@5889016c	15
client-core-current	5889017b	Unwind@5889017b	18
client-core-current	5889018d	Unwind@5889018d	21
client-core-current	588901a2	Unwind@588901a2	21
client-core-current	588901b7	Unwind@588901b7	18
client-core-current	588901c9	Unwind@588901c9	18
client-core-current	588901db	Unwind@588901db	18
client-core-current	588901ed	Unwind@588901ed	18
client-core-current	588901ff	Unwind@588901ff	18
client-core-current	58890211	Unwind@58890211	18
client-core-current	58890223	Unwind@58890223	18
client-core-current	58890235	Unwind@58890235	18
client-core-current	58890247	Unwind@58890247	21
client-core-current	5889025c	Unwind@5889025c	21
client-core-current	58890271	Unwind@58890271	18
client-core-current	58890283	Unwind@58890283	21
client-core-current	58890298	Unwind@58890298	21
client-core-current	588902ad	Unwind@588902ad	18
client-core-current	588902bf	Unwind@588902bf	21
client-core-current	588902d4	Unwind@588902d4	21
client-core-current	588902e9	Unwind@588902e9	21
client-core-current	588902fe	Unwind@588902fe	18
client-core-current	58890310	Unwind@58890310	21
client-core-current	58890325	Unwind@58890325	21
client-core-current	5889033a	Unwind@5889033a	21
client-core-current	5889034f	Unwind@5889034f	21
client-core-current	58890364	Unwind@58890364	21
client-core-current	58890379	Unwind@58890379	21
client-core-current	5889038e	Unwind@5889038e	21
client-core-current	588903a3	Unwind@588903a3	18
client-core-current	588903e0	Unwind@588903e0	8
client-core-current	588903e8	Unwind@588903e8	15
client-core-current	588903f7	Unwind@588903f7	15
client-core-current	58890406	Unwind@58890406	15
client-core-current	58890415	Unwind@58890415	15
client-core-current	58890424	Unwind@58890424	15
client-core-current	58890433	Unwind@58890433	15
client-core-current	58890442	Unwind@58890442	18
client-core-current	58890454	Unwind@58890454	18
client-core-current	58890466	Unwind@58890466	18
client-core-current	58890478	Unwind@58890478	18
client-core-current	5889048a	Unwind@5889048a	18
client-core-current	5889049c	Unwind@5889049c	18
client-core-current	588904ae	Unwind@588904ae	21
client-core-current	588904c3	Unwind@588904c3	21
client-core-current	588904d8	Unwind@588904d8	21
client-core-current	588904ed	Unwind@588904ed	21
client-core-current	58890502	Unwind@58890502	18
client-core-current	58890514	Unwind@58890514	21
client-core-current	58890529	Unwind@58890529	21
client-core-current	5889053e	Unwind@5889053e	21
client-core-current	58890553	Unwind@58890553	18
client-core-current	58890565	Unwind@58890565	21
client-core-current	5889057a	Unwind@5889057a	21
client-core-current	5889058f	Unwind@5889058f	21
client-core-current	588905a4	Unwind@588905a4	21
client-core-current	588905b9	Unwind@588905b9	18
client-core-current	588905cb	Unwind@588905cb	21
client-core-current	588905e0	Unwind@588905e0	18
client-core-current	588905f2	Unwind@588905f2	18
client-core-current	58890604	Unwind@58890604	18
client-core-current	58890616	Unwind@58890616	18
client-core-current	58890628	Unwind@58890628	18
client-core-current	5889063a	Unwind@5889063a	18
client-core-current	5889064c	Unwind@5889064c	21
client-core-current	58890661	Unwind@58890661	21
client-core-current	58890676	Unwind@58890676	21
client-core-current	5889068b	Unwind@5889068b	21
client-core-current	588906d0	Unwind@588906d0	8
client-core-current	588906d8	Unwind@588906d8	15
client-core-current	588906e7	Unwind@588906e7	15
client-core-current	588906f6	Unwind@588906f6	15
client-core-current	58890705	Unwind@58890705	15
client-core-current	58890714	Unwind@58890714	15
client-core-current	58890723	Unwind@58890723	15
client-core-current	58890732	Unwind@58890732	15
client-core-current	58890741	Unwind@58890741	18
client-core-current	58890780	Unwind@58890780	8
client-core-current	588907b0	Unwind@588907b0	8
client-core-current	588907e0	Unwind@588907e0	11
client-core-current	588907eb	Unwind@588907eb	11
client-core-current	58890820	Unwind@58890820	18
client-core-current	58890860	Unwind@58890860	8
client-core-current	58890868	Unwind@58890868	15
client-core-current	58890877	Unwind@58890877	15
client-core-current	588908b0	Unwind@588908b0	18
client-core-current	588908c2	Unwind@588908c2	15
client-core-current	588908d1	Unwind@588908d1	15
client-core-current	588908e0	Unwind@588908e0	15
client-core-current	588908ef	Unwind@588908ef	15
client-core-current	588908fe	Unwind@588908fe	18
client-core-current	58890910	Unwind@58890910	18
client-core-current	58890922	Unwind@58890922	18
client-core-current	58890934	Unwind@58890934	18
client-core-current	58890980	Unwind@58890980	18
client-core-current	58890992	Unwind@58890992	18
client-core-current	588909d0	Unwind@588909d0	18
client-core-current	58890a10	Unwind@58890a10	15
client-core-current	58890a50	Unwind@58890a50	12
client-core-current	58890a5c	Unwind@58890a5c	15
client-core-current	58890a90	Unwind@58890a90	8
client-core-current	58890a98	Unwind@58890a98	18
client-core-current	58890aaa	Unwind@58890aaa	18
client-core-current	58890abc	Unwind@58890abc	18
client-core-current	58890ace	Unwind@58890ace	18
client-core-current	58890b10	Unwind@58890b10	8
client-core-current	58890b40	Unwind@58890b40	8
client-core-current	58890b48	Unwind@58890b48	15
client-core-current	58890b57	Unwind@58890b57	15
client-core-current	58890b66	Unwind@58890b66	15
client-core-current	58890b75	Unwind@58890b75	15
client-core-current	58890b84	Unwind@58890b84	15
client-core-current	58890b93	Unwind@58890b93	15
client-core-current	58890ba2	Unwind@58890ba2	15
client-core-current	58890be0	Unwind@58890be0	18
client-core-current	58890bf2	Unwind@58890bf2	18
client-core-current	58890c30	Unwind@58890c30	8
client-core-current	58890c38	Unwind@58890c38	18
client-core-current	58890c4a	Unwind@58890c4a	15
client-core-current	58890c59	Unwind@58890c59	15
client-core-current	58890c68	Unwind@58890c68	15
client-core-current	58890c77	Unwind@58890c77	15
client-core-current	58890c86	Unwind@58890c86	15
client-core-current	58890c95	Unwind@58890c95	15
client-core-current	58890ca4	Unwind@58890ca4	15
client-core-current	58890cb3	Unwind@58890cb3	15
client-core-current	58890cc2	Unwind@58890cc2	15
client-core-current	58890cd1	Unwind@58890cd1	15
client-core-current	58890ce0	Unwind@58890ce0	15
client-core-current	58890cef	Unwind@58890cef	15
client-core-current	58890cfe	Unwind@58890cfe	15
client-core-current	58890d40	Unwind@58890d40	8
client-core-current	58890d48	Unwind@58890d48	18
client-core-current	58890d5a	Unwind@58890d5a	18
client-core-current	58890d6c	Unwind@58890d6c	15
client-core-current	58890d7b	Unwind@58890d7b	15
client-core-current	58890d8a	Unwind@58890d8a	15
client-core-current	58890d99	Unwind@58890d99	15
client-core-current	58890da8	Unwind@58890da8	15
client-core-current	58890db7	Unwind@58890db7	15
client-core-current	58890dc6	Unwind@58890dc6	15
client-core-current	58890dd5	Unwind@58890dd5	15
client-core-current	58890de4	Unwind@58890de4	15
client-core-current	58890df3	Unwind@58890df3	15
client-core-current	58890e02	Unwind@58890e02	15
client-core-current	58890e40	Unwind@58890e40	18
client-core-current	58890e80	Unwind@58890e80	18
client-core-current	58890ec0	Unwind@58890ec0	8
client-core-current	58890ef0	Unwind@58890ef0	8
client-core-current	58890ef8	Unwind@58890ef8	15
client-core-current	58890f30	Unwind@58890f30	8
client-core-current	58890f38	Unwind@58890f38	15
client-core-current	58890f70	Unwind@58890f70	8
client-core-current	58890f78	Unwind@58890f78	18
client-core-current	58890f8a	Unwind@58890f8a	15
client-core-current	58890f99	Unwind@58890f99	18
client-core-current	58890fab	Unwind@58890fab	18
client-core-current	58890fbd	Unwind@58890fbd	18
client-core-current	58890fcf	Unwind@58890fcf	15
client-core-current	58890fde	Unwind@58890fde	18
client-core-current	58890ff0	Unwind@58890ff0	18
client-core-current	58891002	Unwind@58891002	18
client-core-current	58891014	Unwind@58891014	18
client-core-current	58891026	Unwind@58891026	18
client-core-current	58891038	Unwind@58891038	18
client-core-current	5889104a	Unwind@5889104a	18
client-core-current	58891090	Unwind@58891090	8
client-core-current	58891098	Unwind@58891098	18
client-core-current	588910d0	Unwind@588910d0	8
client-core-current	588910d8	Unwind@588910d8	15
client-core-current	588910e7	Unwind@588910e7	15
client-core-current	588910f6	Unwind@588910f6	18
client-core-current	58891108	Unwind@58891108	18
client-core-current	5889111a	Unwind@5889111a	18
client-core-current	5889112c	Unwind@5889112c	18
client-core-current	58891170	Unwind@58891170	8
client-core-current	58891178	Unwind@58891178	15
client-core-current	58891187	Unwind@58891187	15
client-core-current	58891196	Unwind@58891196	15
client-core-current	588911a5	Unwind@588911a5	15
client-core-current	588911e0	Unwind@588911e0	8
client-core-current	588911e8	Unwind@588911e8	11
client-core-current	588911f3	Unwind@588911f3	15
client-core-current	58891202	Unwind@58891202	15
client-core-current	58891211	Unwind@58891211	18
client-core-current	58891223	Unwind@58891223	15
client-core-current	58891260	Unwind@58891260	11
client-core-current	5889126b	Unwind@5889126b	18
client-core-current	5889127d	Unwind@5889127d	18
client-core-current	5889128f	Unwind@5889128f	18
client-core-current	588912a1	Unwind@588912a1	18
client-core-current	588912b3	Unwind@588912b3	21
client-core-current	588912c8	Unwind@588912c8	21
client-core-current	588912dd	Unwind@588912dd	21
client-core-current	588912f2	Unwind@588912f2	21
client-core-current	58891307	Unwind@58891307	18
client-core-current	58891319	Unwind@58891319	21
client-core-current	5889132e	Unwind@5889132e	18
client-core-current	58891340	Unwind@58891340	18
client-core-current	58891352	Unwind@58891352	18
client-core-current	58891364	Unwind@58891364	18
client-core-current	58891376	Unwind@58891376	18
client-core-current	588913c0	Unwind@588913c0	11
client-core-current	58891400	Unwind@58891400	8
client-core-current	58891430	Unwind@58891430	8
client-core-current	58891460	Unwind@58891460	8
client-core-current	58891490	Unwind@58891490	8
client-core-current	588914c0	Unwind@588914c0	8
client-core-current	588914f0	Unwind@588914f0	11
client-core-current	58891520	Unwind@58891520	8
client-core-current	58891560	Unwind@58891560	8
client-core-current	58891568	Unwind@58891568	8
client-core-current	58891570	Unwind@58891570	8
client-core-current	588915c0	Unwind@588915c0	25
client-core-current	588915d9	Unwind@588915d9	15
client-core-current	58891610	Unwind@58891610	8
client-core-current	58891618	Unwind@58891618	8
client-core-current	58891620	Unwind@58891620	8
client-core-current	58891650	Unwind@58891650	8
client-core-current	58891680	Unwind@58891680	11
client-core-current	588916d0	Unwind@588916d0	11
client-core-current	588916db	Unwind@588916db	11
client-core-current	588916e6	Unwind@588916e6	8
client-core-current	58891720	Unwind@58891720	11
client-core-current	5889172b	Unwind@5889172b	15
client-core-current	588917a0	Unwind@588917a0	8
client-core-current	588917a8	Unwind@588917a8	11
client-core-current	588917b3	Unwind@588917b3	8
client-core-current	58891810	Unwind@58891810	11
client-core-current	5889181b	Unwind@5889181b	8
client-core-current	58891860	Unwind@58891860	11
client-core-current	5889186b	Unwind@5889186b	8
client-core-current	588918b0	Unwind@588918b0	11
client-core-current	588918bb	Unwind@588918bb	8
client-core-current	588918c3	Unwind@588918c3	11
client-core-current	588918ce	Unwind@588918ce	8
client-core-current	588918d6	Unwind@588918d6	11
client-core-current	588918e1	Unwind@588918e1	8
client-core-current	58891920	Unwind@58891920	11
client-core-current	5889192b	Unwind@5889192b	8
client-core-current	58891970	Unwind@58891970	11
client-core-current	5889197b	Unwind@5889197b	8
client-core-current	58891983	Unwind@58891983	11
client-core-current	5889198e	Unwind@5889198e	8
client-core-current	58891996	Unwind@58891996	11
client-core-current	588919a1	Unwind@588919a1	8
client-core-current	588919a9	Unwind@588919a9	11
client-core-current	588919b4	Unwind@588919b4	8
client-core-current	588919f0	Unwind@588919f0	15
client-core-current	588919ff	Unwind@588919ff	8
client-core-current	58891a30	Unwind@58891a30	11
client-core-current	58891a3b	Unwind@58891a3b	8
client-core-current	58891a43	Unwind@58891a43	8
client-core-current	58891a80	Unwind@58891a80	8
client-core-current	58891a88	Unwind@58891a88	11
client-core-current	58891a93	Unwind@58891a93	8
client-core-current	58891ad0	Unwind@58891ad0	8
client-core-current	58891ad8	Unwind@58891ad8	8
client-core-current	58891ae0	Unwind@58891ae0	11
client-core-current	58891aeb	Unwind@58891aeb	8
client-core-current	58891b30	Unwind@58891b30	12
client-core-current	58891b3c	Unwind@58891b3c	10
client-core-current	58891b70	Unwind@58891b70	8
client-core-current	58891b78	Unwind@58891b78	15
client-core-current	58891b87	Unwind@58891b87	8
client-core-current	58891b8f	Unwind@58891b8f	8
client-core-current	58891b97	Unwind@58891b97	8
client-core-current	58891b9f	Unwind@58891b9f	11
client-core-current	58891baa	Unwind@58891baa	8
client-core-current	58891c10	Unwind@58891c10	8
client-core-current	58891c40	Unwind@58891c40	8
client-core-current	58891c70	Unwind@58891c70	8
client-core-current	58891c78	Unwind@58891c78	11
client-core-current	58891cb0	Unwind@58891cb0	11
client-core-current	58891cbb	Unwind@58891cbb	11
client-core-current	58891cc6	Unwind@58891cc6	8
client-core-current	58891cce	Unwind@58891cce	8
client-core-current	58891cd6	Unwind@58891cd6	8
client-core-current	58891cde	Unwind@58891cde	8
client-core-current	58891ce6	Unwind@58891ce6	21
client-core-current	58891cfb	Unwind@58891cfb	11
client-core-current	58891d06	Unwind@58891d06	11
client-core-current	58891d11	Unwind@58891d11	11
client-core-current	58891d1c	Unwind@58891d1c	8
client-core-current	58891d24	Unwind@58891d24	8
client-core-current	58891d60	Unwind@58891d60	8
client-core-current	58891d68	Unwind@58891d68	8
client-core-current	58891d70	Unwind@58891d70	8
client-core-current	58891d78	Unwind@58891d78	8
client-core-current	58891d80	Unwind@58891d80	8
client-core-current	58891d88	Unwind@58891d88	8
client-core-current	58891d90	Unwind@58891d90	8
client-core-current	58891d98	Unwind@58891d98	8
client-core-current	58891dd0	Unwind@58891dd0	8
client-core-current	58891dd8	Unwind@58891dd8	8
client-core-current	58891de0	Unwind@58891de0	8
client-core-current	58891e20	Unwind@58891e20	8
client-core-current	58891e60	Unwind@58891e60	8
client-core-current	58891e68	Unwind@58891e68	8
client-core-current	58891e70	Unwind@58891e70	8
client-core-current	58891eb0	Unwind@58891eb0	8
client-core-current	58891eb8	Unwind@58891eb8	8
client-core-current	58891ec0	Unwind@58891ec0	8
client-core-current	58891f00	Unwind@58891f00	25
client-core-current	58891f19	Unwind@58891f19	11
client-core-current	58891f24	Unwind@58891f24	11
client-core-current	58891f2f	Unwind@58891f2f	8
client-core-current	58891f37	Unwind@58891f37	25
client-core-current	58891f80	Unwind@58891f80	8
client-core-current	58891f88	Unwind@58891f88	8
client-core-current	58891f90	Unwind@58891f90	8
client-core-current	58891f98	Unwind@58891f98	8
client-core-current	58891fa0	Unwind@58891fa0	8
client-core-current	58891fa8	Unwind@58891fa8	8
client-core-current	58891fb0	Unwind@58891fb0	8
client-core-current	58891fb8	Unwind@58891fb8	8
client-core-current	58891fc0	Unwind@58891fc0	8
client-core-current	58891fc8	Unwind@58891fc8	8
client-core-current	58891fd0	Unwind@58891fd0	8
client-core-current	58892010	Unwind@58892010	8
client-core-current	58892040	Unwind@58892040	8
client-core-current	58892070	Unwind@58892070	10
client-core-current	5889207a	Unwind@5889207a	10
client-core-current	58892084	Unwind@58892084	11
client-core-current	5889208f	Unwind@5889208f	8
client-core-current	58892097	Unwind@58892097	11
client-core-current	588920a2	Unwind@588920a2	11
client-core-current	588920ad	Unwind@588920ad	11
client-core-current	588920b8	Unwind@588920b8	11
client-core-current	588920c3	Unwind@588920c3	11
client-core-current	588920ce	Unwind@588920ce	11
client-core-current	588920d9	Unwind@588920d9	11
client-core-current	588920e4	Unwind@588920e4	11
client-core-current	588920ef	Unwind@588920ef	11
client-core-current	588920fa	Unwind@588920fa	11
client-core-current	58892105	Unwind@58892105	11
client-core-current	58892110	Unwind@58892110	11
client-core-current	5889211b	Unwind@5889211b	8
client-core-current	58892123	Unwind@58892123	8
client-core-current	5889212b	Unwind@5889212b	11
client-core-current	58892136	Unwind@58892136	11
client-core-current	58892141	Unwind@58892141	11
client-core-current	5889214c	Unwind@5889214c	11
client-core-current	58892157	Unwind@58892157	11
client-core-current	58892162	Unwind@58892162	11
client-core-current	5889216d	Unwind@5889216d	11
client-core-current	58892178	Unwind@58892178	11
client-core-current	58892183	Unwind@58892183	11
client-core-current	588921c0	Unwind@588921c0	8
client-core-current	588921c8	Unwind@588921c8	8
client-core-current	58892200	Unwind@58892200	18
client-core-current	58892212	Unwind@58892212	18
client-core-current	58892224	Unwind@58892224	18
client-core-current	58892236	Unwind@58892236	18
client-core-current	58892248	Unwind@58892248	18
client-core-current	5889225a	Unwind@5889225a	18
client-core-current	5889226c	Unwind@5889226c	18
client-core-current	5889227e	Unwind@5889227e	18
client-core-current	58892290	Unwind@58892290	18
client-core-current	588922a2	Unwind@588922a2	18
client-core-current	588922b4	Unwind@588922b4	18
client-core-current	588922c6	Unwind@588922c6	18
client-core-current	588922d8	Unwind@588922d8	18
client-core-current	588922ea	Unwind@588922ea	18
client-core-current	588922fc	Unwind@588922fc	18
client-core-current	5889230e	Unwind@5889230e	51
client-core-current	58892370	Unwind@58892370	8
client-core-current	588923a0	Unwind@588923a0	8
client-core-current	588923d0	Unwind@588923d0	15
client-core-current	588923df	Unwind@588923df	15
client-core-current	58892410	Unwind@58892410	8
client-core-current	58892418	Unwind@58892418	15
client-core-current	58892450	Unwind@58892450	15
client-core-current	58892490	Unwind@58892490	15
client-core-current	5889249f	Unwind@5889249f	15
client-core-current	588924d0	Unwind@588924d0	15
client-core-current	588924df	Unwind@588924df	15
client-core-current	588924ee	Unwind@588924ee	15
client-core-current	588924fd	Unwind@588924fd	15
client-core-current	58892530	Unwind@58892530	15
client-core-current	5889253f	Unwind@5889253f	15
client-core-current	5889254e	Unwind@5889254e	15
client-core-current	5889255d	Unwind@5889255d	15
client-core-current	58892590	Unwind@58892590	8
client-core-current	588925c0	Unwind@588925c0	15
client-core-current	58892600	Unwind@58892600	8
client-core-current	58892630	Unwind@58892630	8
client-core-current	58892638	Unwind@58892638	15
client-core-current	58892670	Unwind@58892670	15
client-core-current	588926b0	Unwind@588926b0	18
client-core-current	588926f0	Unwind@588926f0	17
client-core-current	58892730	Unwind@58892730	15
client-core-current	5889273f	Unwind@5889273f	15
client-core-current	5889274e	Unwind@5889274e	18
client-core-current	58892782	Unwind@58892782	8
client-core-current	588927ac	Unwind@588927ac	11
client-core-current	588927b7	Unwind@588927b7	14
client-core-current	588927c5	Unwind@588927c5	14
client-core-current	58892809	Unwind@58892809	11
client-core-current	5889283c	Unwind@5889283c	11
client-core-current	5889286f	Unwind@5889286f	11
client-core-current	588928a2	Unwind@588928a2	12
client-core-current	588928d6	Unwind@588928d6	11
client-core-current	58892909	Unwind@58892909	11
client-core-current	5889293c	Unwind@5889293c	8
client-core-current	5889295f	Unwind@5889295f	14
client-core-current	588929a3	Unwind@588929a3	8
client-core-current	588929c6	Unwind@588929c6	25
client-core-current	588929fa	Unwind@588929fa	12
client-core-current	58892a3c	Unwind@58892a3c	8
client-core-current	58892a44	Unwind@58892a44	8
client-core-current	58892a71	Unwind@58892a71	11
client-core-current	58892a7c	Unwind@58892a7c	11
client-core-current	58892aaf	Unwind@58892aaf	8
client-core-current	58892ab7	Unwind@58892ab7	8
client-core-current	58892abf	Unwind@58892abf	8
client-core-current	58892ac7	Unwind@58892ac7	8
client-core-current	58892acf	Unwind@58892acf	8
client-core-current	58892afc	Unwind@58892afc	25
client-core-current	58892b30	Unwind@58892b30	8
client-core-current	58892b38	Unwind@58892b38	8
client-core-current	58892b40	Unwind@58892b40	8
client-core-current	58892b48	Unwind@58892b48	8
client-core-current	58892b50	Unwind@58892b50	8
client-core-current	58892b58	Unwind@58892b58	8
client-core-current	58892b60	Unwind@58892b60	8
client-core-current	58892b68	Unwind@58892b68	8
client-core-current	58892b98	Unwind@58892b98	8
client-core-current	58892bfb	Unwind@58892bfb	11
client-core-current	58892c06	Unwind@58892c06	11
client-core-current	58892c2c	Unwind@58892c2c	5
client-core-current	58892c68	Unwind@58892c68	8
client-core-current	58892e20	FUN_58892e20	16
client-core-current	58892e30	FUN_58892e30	16
client-core-current	58892e40	FUN_58892e40	16
client-core-current	58892e50	FUN_58892e50	16
client-core-current	58892e60	FUN_58892e60	16
client-core-current	58892e70	FUN_58892e70	16
client-core-current	58892e80	FUN_58892e80	16
client-core-current	58892e90	FUN_58892e90	16
client-core-current	58892ea0	FUN_58892ea0	16
client-core-current	58892eb0	FUN_58892eb0	16
client-core-current	58892ec0	FUN_58892ec0	16
client-core-current	58892ed0	FUN_58892ed0	16
client-core-current	58892ee0	FUN_58892ee0	198
client-core-current	58892fb0	FUN_58892fb0	35
client-core-current	58892fe0	FUN_58892fe0	16
client-core-current	5889459c	_guard_check_icall	1
client-core-current	58af46bf	FUN_58af46bf	2
client-core-current	58af8978	FUN_58af8978	16
client-core-current	58af97f5	FUN_58af97f5	6
client-core-current	58af9a29	FUN_58af9a29	71
client-core-current	58afb317	FUN_58afb317	43
client-core-current	58afcfb1	FUN_58afcfb1	51
client-core-current	58afe970	FUN_58afe970	36
client-core-current	58b017e1	thunk_FUN_58b08b12	6
client-core-current	58b02ab5	FUN_58b02ab5	75
client-core-current	58b07209	FUN_58b07209	26
client-core-current	58b07b7d	FUN_58b07b7d	6
client-core-current	58b08b12	FUN_58b08b12	23
client-core-current	58b09824	FUN_58b09824	18
client-core-current	58b0b3d8	thunk_FUN_58d3d663	7
client-core-current	58b14623	FUN_58b14623	24
client-core-current	58b17d87	FUN_58b17d87	21
client-core-current	58b194cb	FUN_58b194cb	28
client-core-current	58b1a48d	FUN_58b1a48d	8
client-core-current	58b1dcfd	FUN_58b1dcfd	26
client-core-current	58b1ef4f	FUN_58b1ef4f	28
client-core-current	58b2225d	FUN_58b2225d	27
client-core-current	58b22387	thunk_FUN_58cff7b4	7
client-core-current	58b2300c	FUN_58b2300c	18
client-core-current	58b23168	FUN_58b23168	13
client-core-current	58b27602	FUN_58b27602	6
client-core-current	58b28397	FUN_58b28397	19
client-core-current	58b28921	FUN_58b28921	9
client-core-current	58b2c950	FUN_58b2c950	10
client-core-current	58b3269b	FUN_58b3269b	8
client-core-current	58b34a5d	FUN_58b34a5d	8
client-core-current	58b3c059	FUN_58b3c059	16
client-core-current	58b3cba9	FUN_58b3cba9	23
client-core-current	58b407de	FUN_58b407de	7
client-core-current	58b41374	FUN_58b41374	7
client-core-current	58b4137b	FUN_58b4137b	19
client-core-current	58b4220b	FUN_58b4220b	7
client-core-current	58b459d5	FUN_58b459d5	15
client-core-current	58b46b01	FUN_58b46b01	16
client-core-current	58b47eb3	FUN_58b47eb3	19
client-core-current	58b480b7	FUN_58b480b7	15
client-core-current	58b4cf69	FUN_58b4cf69	9
client-core-current	58b4f0bd	thunk_FUN_58ce9d4a	7
client-core-current	58b500ef	FUN_58b500ef	13
client-core-current	58b575fd	FUN_58b575fd	19
client-core-current	58b579d4	FUN_58b579d4	17
client-core-current	58b5b130	FUN_58b5b130	10
client-core-current	58b60d3d	FUN_58b60d3d	12
client-core-current	58b6456c	FUN_58b6456c	7
client-core-current	58b65024	FUN_58b65024	16
client-core-current	58b68f7b	FUN_58b68f7b	10
client-core-current	58b71c16	FUN_58b71c16	59
client-core-current	58b723f7	FUN_58b723f7	11
client-core-current	58b7517b	FUN_58b7517b	14
client-core-current	58b78b36	thunk_FUN_58f28733	5
client-core-current	58b7ba81	FUN_58b7ba81	5
client-core-current	58b80790	FUN_58b80790	11
client-core-current	58cd3586	FUN_58cd3586	8
client-core-current	58cd8877	FUN_58cd8877	14
client-core-current	58cdd596	FUN_58cdd596	20
client-core-current	58ce9d4a	FUN_58ce9d4a	15
client-core-current	58cebc74	FUN_58cebc74	10
client-core-current	58ceccf2	FUN_58ceccf2	83
client-core-current	58cef379	FUN_58cef379	12
client-core-current	58cf2f26	FUN_58cf2f26	18
client-core-current	58cf34bb	FUN_58cf34bb	5
client-core-current	58cf6251	FUN_58cf6251	16
client-core-current	58cfc521	FUN_58cfc521	20
client-core-current	58cfe361	FUN_58cfe361	6
client-core-current	58cfe6d3	FUN_58cfe6d3	16
client-core-current	58cff7b4	FUN_58cff7b4	29
client-core-current	58d09c0d	FUN_58d09c0d	17
client-core-current	58d0ee3b	FUN_58d0ee3b	60
client-core-current	58d1230f	FUN_58d1230f	16
client-core-current	58d1406b	FUN_58d1406b	31
client-core-current	58d14a78	FUN_58d14a78	13
client-core-current	58d15182	FUN_58d15182	8
client-core-current	58d1ab07	FUN_58d1ab07	5
client-core-current	58d1c18b	FUN_58d1c18b	16
client-core-current	58d1c9a4	FUN_58d1c9a4	26
client-core-current	58d1dc4f	FUN_58d1dc4f	6
client-core-current	58d1f974	thunk_FUN_58f4c0b7	7
client-core-current	58d21f53	FUN_58d21f53	4
client-core-current	58d22135	FUN_58d22135	27
client-core-current	58d241d5	FUN_58d241d5	22
client-core-current	58d25091	FUN_58d25091	10
client-core-current	58d29a79	FUN_58d29a79	32
client-core-current	58d31405	FUN_58d31405	6
client-core-current	58d314d0	FUN_58d314d0	26
client-core-current	58d32c75	FUN_58d32c75	28
client-core-current	58d3c890	FUN_58d3c890	8
client-core-current	58d3d663	FUN_58d3d663	26
client-core-current	58d3de6f	FUN_58d3de6f	12
client-core-current	58d42b43	FUN_58d42b43	16
client-core-current	58d44132	FUN_58d44132	10
client-core-current	58d44cb7	FUN_58d44cb7	17
client-core-current	58e75a1d	entry	23
client-core-current	58e9f065	FUN_58e9f065	161
client-core-current	58e9fcdc	FUN_58e9fcdc	16
client-core-current	58ea0383	FUN_58ea0383	25
client-core-current	58eaae5c	FUN_58eaae5c	19
client-core-current	58ead5dd	FUN_58ead5dd	7
client-core-current	58eb038e	FUN_58eb038e	33
client-core-current	58eb0c27	FUN_58eb0c27	15
client-core-current	58eb90e0	FUN_58eb90e0	15
client-core-current	58ec088d	FUN_58ec088d	5
client-core-current	58ec2f3b	FUN_58ec2f3b	74
client-core-current	58ec962c	FUN_58ec962c	16
client-core-current	58ecaadf	FUN_58ecaadf	16
client-core-current	58ecc0ee	FUN_58ecc0ee	7
client-core-current	58ecf36c	FUN_58ecf36c	11
client-core-current	58ed0dbe	FUN_58ed0dbe	32
client-core-current	58ed129d	FUN_58ed129d	13
client-core-current	58ed1435	FUN_58ed1435	23
client-core-current	58efdffd	FUN_58efdffd	36
client-core-current	58efec84	FUN_58efec84	27
client-core-current	58f06ba1	FUN_58f06ba1	18
client-core-current	58f08de4	FUN_58f08de4	33
client-core-current	58f0ab6e	FUN_58f0ab6e	42
client-core-current	58f16aaf	FUN_58f16aaf	12
client-core-current	58f17b25	FUN_58f17b25	11
client-core-current	58f1b009	FUN_58f1b009	27
client-core-current	58f1ef12	FUN_58f1ef12	27
client-core-current	58f28733	FUN_58f28733	43
client-core-current	58f2b324	FUN_58f2b324	32
client-core-current	58f2e04d	FUN_58f2e04d	13
client-core-current	58f2f8d5	FUN_58f2f8d5	5
client-core-current	58f340c5	FUN_58f340c5	7
client-core-current	58f36d5f	FUN_58f36d5f	23
client-core-current	58f3a950	FUN_58f3a950	8
client-core-current	58f3d671	FUN_58f3d671	2
client-core-current	58f43686	FUN_58f43686	51
client-core-current	58f478cc	FUN_58f478cc	14
client-core-current	58f4a1f9	FUN_58f4a1f9	6
client-core-current	58f4b38b	FUN_58f4b38b	41
client-core-current	58f4c0b7	FUN_58f4c0b7	13
client-core-current	58f4c6eb	FUN_58f4c6eb	27
client-core-current	58f4d5b7	FUN_58f4d5b7	16
client-core-current	58f4d61f	FUN_58f4d61f	11
client-core-current	58f5481f	FUN_58f5481f	32
client-core-current	58f55c32	FUN_58f55c32	14
client-core-current	58f5845b	FUN_58f5845b	9
client-core-current	58f5953a	FUN_58f5953a	26
client-core-current	58f5a848	FUN_58f5a848	20
client-core-current	58f5feef	FUN_58f5feef	10
client-core-current	58f695bb	thunk_FUN_58b4137b	5
client-core-current	58f6bc9f	FUN_58f6bc9f	6
client-core-current	58f6e582	FUN_58f6e582	14
client-core-current	58f7124d	FUN_58f7124d	28
client-core-current	58f71789	FUN_58f71789	16
client-core-current	58f767bf	FUN_58f767bf	8
client-core-current	58f78fd3	FUN_58f78fd3	5
client-core-current	58f7aa1c	FUN_58f7aa1c	29
client-core-current	58f7d975	FUN_58f7d975	13
client-core-current	58f807b1	FUN_58f807b1	7
client-core-current	58f819b3	FUN_58f819b3	27
client-core-current	58f87ac5	FUN_58f87ac5	8
client-core-current	58f89099	FUN_58f89099	15
