component	address	size	name
login-server	00401000	206	FUN_00401000
login-server	004010ce	211	FUN_004010ce
login-server	004011a1	36	FUN_004011a1
login-server	004011c5	35	FUN_004011c5
login-server	004011e8	266	FUN_004011e8
login-server	004012f2	63	FUN_004012f2
login-server	00401331	63	FUN_00401331
login-server	00401370	977	FUN_00401370
login-server	0040174f	13	FUN_0040174f
login-server	0040175c	13	FUN_0040175c
login-server	00401769	13	FUN_00401769
login-server	00401776	15	FUN_00401776
login-server	00401785	13	FUN_00401785
login-server	00401792	13	FUN_00401792
login-server	0040179f	13	FUN_0040179f
login-server	004017ac	13	FUN_004017ac
login-server	004017b9	87	FUN_004017b9
login-server	00401810	13	FUN_00401810
login-server	0040181d	13	FUN_0040181d
login-server	0040182a	13	FUN_0040182a
login-server	00401837	13	FUN_00401837
login-server	00401844	13	FUN_00401844
login-server	00401851	13	FUN_00401851
login-server	0040185e	13	FUN_0040185e
login-server	0040186b	1982	FUN_0040186b
login-server	00402029	794	FUN_00402029
login-server	00402343	1585	FUN_00402343
login-server	00402974	99	FUN_00402974
login-server	004029d7	304	FUN_004029d7
login-server	00402b07	221	FUN_00402b07
login-server	00402be4	206	FUN_00402be4
login-server	00402cb2	374	FUN_00402cb2
login-server	00402e28	714	FUN_00402e28
login-server	004030f2	1024	FUN_004030f2
login-server	004034f2	612	FUN_004034f2
login-server	00403756	809	FUN_00403756
login-server	00403a7f	400	FUN_00403a7f
login-server	00403c0f	107	FUN_00403c0f
login-server	00403c7a	110	FUN_00403c7a
login-server	00403ce8	110	FUN_00403ce8
login-server	00403d56	107	FUN_00403d56
login-server	00403dc1	185	FUN_00403dc1
login-server	00403e7a	185	FUN_00403e7a
login-server	00403f33	572	FUN_00403f33
login-server	00404170	46	FUN_00404170
login-server	004041a0	132	FUN_004041a0
login-server	00404230	100	FUN_00404230
login-server	004042a0	5	FUN_004042a0
login-server	004042b0	25	FUN_004042b0
login-server	004042d0	22	FUN_004042d0
login-server	004042f0	19	FUN_004042f0
login-server	00404310	16	FUN_00404310
login-server	00404320	24	FUN_00404320
login-server	00404340	25	FUN_00404340
login-server	00404360	31	FUN_00404360
login-server	00404380	21	FUN_00404380
login-server	004043a0	26	FUN_004043a0
login-server	004043c0	29	FUN_004043c0
login-server	004043e0	27	FUN_004043e0
login-server	00404400	24	FUN_00404400
login-server	00404420	26	FUN_00404420
login-server	00404440	47	FUN_00404440
login-server	00404470	38	FUN_00404470
login-server	004044a0	19	FUN_004044a0
login-server	004044c0	20	FUN_004044c0
login-server	004044e0	26	FUN_004044e0
login-server	00404500	26	FUN_00404500
login-server	00404520	20	FUN_00404520
login-server	00404540	30	FUN_00404540
login-server	00404560	135	FUN_00404560
login-server	004045e7	46	FUN_004045e7
login-server	00404615	252	FUN_00404615
login-server	00404711	332	FUN_00404711
login-server	0040485d	16	FUN_0040485d
login-server	0040486d	468	FUN_0040486d
login-server	00404a41	210	FUN_00404a41
login-server	00404b13	162	FUN_00404b13
login-server	00404bb5	162	FUN_00404bb5
login-server	00404c57	532	FUN_00404c57
login-server	00404e6b	178	FUN_00404e6b
login-server	00404f1d	162	FUN_00404f1d
login-server	00404fbf	176	FUN_00404fbf
login-server	0040506f	659	FUN_0040506f
login-server	00405302	162	FUN_00405302
login-server	004053a4	184	FUN_004053a4
login-server	0040545c	15	FUN_0040545c
login-server	0040546b	119	FUN_0040546b
login-server	004054e2	119	FUN_004054e2
login-server	00405559	113	FUN_00405559
login-server	004055ca	183	FUN_004055ca
login-server	00405681	167	FUN_00405681
login-server	00405728	167	FUN_00405728
login-server	004057cf	116	FUN_004057cf
login-server	00405843	762	FUN_00405843
login-server	00405b40	46	FUN_00405b40
login-server	00405b70	88	FUN_00405b70
login-server	00405bd0	88	FUN_00405bd0
login-server	00405c30	13	FUN_00405c30
login-server	00405c40	37	FUN_00405c40
login-server	00405c70	16	FUN_00405c70
login-server	00405c80	267	FUN_00405c80
login-server	00405d8b	46	FUN_00405d8b
login-server	00405db9	46	FUN_00405db9
login-server	00405de7	177	FUN_00405de7
login-server	00405e98	53	FUN_00405e98
login-server	00405ed0	43	FUN_00405ed0
login-server	00405f00	132	FUN_00405f00
login-server	00405f90	13	FUN_00405f90
login-server	00405fa0	19	FUN_00405fa0
login-server	00405fc0	59	FUN_00405fc0
login-server	00406000	22	FUN_00406000
login-server	00406020	16	FUN_00406020
login-server	00406030	192	FUN_00406030
login-server	004060f0	46	FUN_004060f0
login-server	0040611e	46	FUN_0040611e
login-server	0040614c	112	FUN_0040614c
login-server	004061bc	53	FUN_004061bc
login-server	00406200	43	FUN_00406200
login-server	00406230	96	FUN_00406230
login-server	00406290	135	FUN_00406290
login-server	00406317	46	FUN_00406317
login-server	00406345	318	FUN_00406345
login-server	00406483	252	FUN_00406483
login-server	0040657f	16	FUN_0040657f
login-server	0040658f	408	FUN_0040658f
login-server	00406727	92	FUN_00406727
login-server	00406783	555	FUN_00406783
login-server	004069ae	18	FUN_004069ae
login-server	004069c0	210	FUN_004069c0
login-server	00406a92	138	FUN_00406a92
login-server	00406b1c	172	FUN_00406b1c
login-server	00406bc8	178	FUN_00406bc8
login-server	00406c7a	203	FUN_00406c7a
login-server	00406d45	113	FUN_00406d45
login-server	00406db6	113	FUN_00406db6
login-server	00406e27	160	FUN_00406e27
login-server	00406ec7	168	FUN_00406ec7
login-server	00406f6f	509	FUN_00406f6f
login-server	0040716c	211	FUN_0040716c
login-server	0040723f	636	FUN_0040723f
login-server	004074bb	138	FUN_004074bb
login-server	00407545	169	FUN_00407545
login-server	004075ee	175	FUN_004075ee
login-server	0040769d	116	FUN_0040769d
login-server	00407711	232	FUN_00407711
login-server	00407800	46	FUN_00407800
login-server	00407830	16	FUN_00407830
login-server	00407840	235	FUN_00407840
login-server	0040792b	46	FUN_0040792b
login-server	00407959	46	FUN_00407959
login-server	00407987	221	FUN_00407987
login-server	00407a64	69	FUN_00407a64
login-server	00407ab0	43	FUN_00407ab0
login-server	00407ae0	78	??1CMiniDockFrameWnd@@UAE@XZ
login-server	00407b30	42	FUN_00407b30
login-server	00407b5a	25	?DoDataExchange@CFindReplaceDialog@@MAEXPAVCDataExchange@@@Z
login-server	00407b73	16	FUN_00407b73
login-server	00407b83	42	FUN_00407b83
login-server	00407bad	19	FUN_00407bad
login-server	00407bc0	46	FUN_00407bc0
login-server	00407bf0	43	FUN_00407bf0
login-server	00407c20	13	FUN_00407c20
login-server	00407c30	26	FUN_00407c30
login-server	00407c50	26	FUN_00407c50
login-server	00407c70	16	FUN_00407c70
login-server	00407c80	257	FUN_00407c80
login-server	00407d81	46	FUN_00407d81
login-server	00407daf	46	FUN_00407daf
login-server	00407ddd	230	FUN_00407ddd
login-server	00407ed0	43	FUN_00407ed0
login-server	00407f00	96	FUN_00407f00
login-server	00407f60	16	FUN_00407f60
login-server	00407f70	1167	FUN_00407f70
login-server	004083ff	46	FUN_004083ff
login-server	0040842d	46	FUN_0040842d
login-server	0040845b	1020	FUN_0040845b
login-server	00408857	187	FUN_00408857
login-server	00408912	53	FUN_00408912
login-server	00408950	43	FUN_00408950
login-server	00408980	492	FUN_00408980
login-server	00408b70	46	FUN_00408b70
login-server	00408ba0	22	FUN_00408ba0
login-server	00408bc0	78	??1CMiniDockFrameWnd@@UAE@XZ
login-server	00408c10	405	FUN_00408c10
login-server	00408db0	105	FUN_00408db0
login-server	00408e20	16	FUN_00408e20
login-server	00408e30	294	FUN_00408e30
login-server	00408f56	46	FUN_00408f56
login-server	00408f84	46	FUN_00408f84
login-server	00408fb2	224	FUN_00408fb2
login-server	004090a0	43	FUN_004090a0
login-server	004090d0	132	FUN_004090d0
login-server	00409160	16	FUN_00409160
login-server	00409170	281	FUN_00409170
login-server	00409289	46	FUN_00409289
login-server	004092b7	46	FUN_004092b7
login-server	004092e5	201	FUN_004092e5
login-server	004093ae	53	FUN_004093ae
login-server	004093f0	43	FUN_004093f0
login-server	00409420	132	FUN_00409420
login-server	004094b0	20	FUN_004094b0
login-server	004094d0	114	FUN_004094d0
login-server	00409542	28	FUN_00409542
login-server	0040955e	11	FUN_0040955e
login-server	00409569	115	FUN_00409569
login-server	004095dc	140	FUN_004095dc
login-server	00409668	11	FUN_00409668
login-server	00409673	25	FUN_00409673
login-server	0040968c	19	FUN_0040968c
login-server	004096a0	43	FUN_004096a0
login-server	004096d0	16	FUN_004096d0
login-server	004096e0	33	FUN_004096e0
login-server	00409701	15	FUN_00409701
login-server	00409710	15	FUN_00409710
login-server	0040971f	18	FUN_0040971f
login-server	00409731	15	FUN_00409731
login-server	00409740	161	FUN_00409740
login-server	004097f0	43	FUN_004097f0
login-server	00409820	19	FUN_00409820
login-server	00409840	126	FUN_00409840
login-server	004098c0	111	FUN_004098c0
login-server	00409930	35	FUN_00409930
login-server	00409953	25	?DoDataExchange@CFindReplaceDialog@@MAEXPAVCDataExchange@@@Z
login-server	0040996c	16	FUN_0040996c
login-server	0040997c	295	FUN_0040997c
login-server	00409aa3	167	FUN_00409aa3
login-server	00409b4a	16	FUN_00409b4a
login-server	00409b5a	989	FUN_00409b5a
login-server	00409f37	115	FUN_00409f37
login-server	00409faa	258	FUN_00409faa
login-server	0040a0ac	20	FUN_0040a0ac
login-server	0040a0c0	135	FUN_0040a0c0
login-server	0040a147	524	FUN_0040a147
login-server	0040a353	89	FUN_0040a353
login-server	0040a3ac	1214	FUN_0040a3ac
login-server	0040a86a	239	FUN_0040a86a
login-server	0040a959	775	FUN_0040a959
login-server	0040ac60	211	FUN_0040ac60
login-server	0040ad40	19	FUN_0040ad40
login-server	0040ad60	11	FUN_0040ad60
login-server	0040ad70	43	FUN_0040ad70
login-server	0040ada0	17	FUN_0040ada0
login-server	0040adc0	19	FUN_0040adc0
login-server	0040ade0	30	FUN_0040ade0
login-server	0040ae00	22	FUN_0040ae00
login-server	0040ae20	23	FUN_0040ae20
login-server	0040ae40	40	FUN_0040ae40
login-server	0040ae70	38	FUN_0040ae70
login-server	0040aea0	38	FUN_0040aea0
login-server	0040aed0	36	FUN_0040aed0
login-server	0040af00	24	FUN_0040af00
login-server	0040af20	30	FUN_0040af20
login-server	0040af40	38	FUN_0040af40
login-server	0040af70	39	FUN_0040af70
login-server	0040afa0	21	FUN_0040afa0
login-server	0040afc0	19	FUN_0040afc0
login-server	0040afe0	21	FUN_0040afe0
login-server	0040b000	21	FUN_0040b000
login-server	0040b020	35	FUN_0040b020
login-server	0040b050	34	FUN_0040b050
login-server	0040b080	13	FUN_0040b080
login-server	0040b090	31	FUN_0040b090
login-server	0040b0b0	43	FUN_0040b0b0
login-server	0040b0e0	33	FUN_0040b0e0
login-server	0040b110	37	FUN_0040b110
login-server	0040b140	41	FUN_0040b140
login-server	0040b170	37	FUN_0040b170
login-server	0040b1a0	37	FUN_0040b1a0
login-server	0040b1d0	39	FUN_0040b1d0
login-server	0040b200	37	FUN_0040b200
login-server	0040b230	17	FUN_0040b230
login-server	0040b250	17	FUN_0040b250
login-server	0040b270	26	FUN_0040b270
login-server	0040b290	26	FUN_0040b290
login-server	0040b2b0	83	FUN_0040b2b0
login-server	0040b310	20	FUN_0040b310
login-server	0040b330	20	FUN_0040b330
login-server	0040b350	20	FUN_0040b350
login-server	0040b370	25	FUN_0040b370
login-server	0040b390	17	FUN_0040b390
login-server	0040b3b0	27	FUN_0040b3b0
login-server	0040b3d0	186	FUN_0040b3d0
login-server	0040b48a	105	FUN_0040b48a
login-server	0040b4f3	3156	FUN_0040b4f3
login-server	0040c147	88	FUN_0040c147
login-server	0040c19f	124	FUN_0040c19f
login-server	0040c220	46	FUN_0040c220
login-server	0040c250	43	FUN_0040c250
login-server	0040c280	46	FUN_0040c280
login-server	0040c2b0	94	FUN_0040c2b0
login-server	0040c310	134	FUN_0040c310
login-server	0040c3a0	41	FUN_0040c3a0
login-server	0040c3d0	44	FUN_0040c3d0
login-server	0040c400	17	FUN_0040c400
login-server	0040c420	20	FUN_0040c420
login-server	0040c440	20	FUN_0040c440
login-server	0040c460	74	FUN_0040c460
login-server	0040c4aa	442	FUN_0040c4aa
login-server	0040c664	300	FUN_0040c664
login-server	0040c790	38	FUN_0040c790
login-server	0040c7b6	65	FUN_0040c7b6
login-server	0040c7f7	760	FUN_0040c7f7
login-server	0040caef	1030	FUN_0040caef
login-server	0040cef5	327	FUN_0040cef5
login-server	0040d03c	38	FUN_0040d03c
login-server	0040d062	41	FUN_0040d062
login-server	0040d08b	64	FUN_0040d08b
login-server	0040d0cb	37	FUN_0040d0cb
login-server	0040d0f0	46	FUN_0040d0f0
login-server	0040d11e	46	FUN_0040d11e
login-server	0040d14c	42	FUN_0040d14c
login-server	0040d176	42	FUN_0040d176
login-server	0040d1a0	42	FUN_0040d1a0
login-server	0040d1ca	42	FUN_0040d1ca
login-server	0040d1f4	42	FUN_0040d1f4
login-server	0040d21e	45	FUN_0040d21e
login-server	0040d24b	45	FUN_0040d24b
login-server	0040d278	56	FUN_0040d278
login-server	0040d2b0	45	FUN_0040d2b0
login-server	0040d2e0	46	FUN_0040d2e0
login-server	0040d310	36	FUN_0040d310
login-server	0040d340	39	FUN_0040d340
login-server	0040d370	112	FUN_0040d370
login-server	0040d3e0	44	FUN_0040d3e0
login-server	0040d410	31	FUN_0040d410
login-server	0040d430	20	FUN_0040d430
login-server	0040d450	58	FUN_0040d450
login-server	0040d490	46	FUN_0040d490
login-server	0040d4c0	46	FUN_0040d4c0
login-server	0040d4f0	61	FUN_0040d4f0
login-server	0040d530	18	FUN_0040d530
login-server	0040d550	14	??0CSize@@QAE@XZ
login-server	0040d560	48	FUN_0040d560
login-server	0040d590	26	FUN_0040d590
login-server	0040d5b0	16	FUN_0040d5b0
login-server	0040d5c0	403	FUN_0040d5c0
login-server	0040d753	46	FUN_0040d753
login-server	0040d781	46	FUN_0040d781
login-server	0040d7af	343	FUN_0040d7af
login-server	0040d906	260	FUN_0040d906
login-server	0040da0a	53	FUN_0040da0a
login-server	0040da40	43	FUN_0040da40
login-server	0040da70	16	FUN_0040da70
login-server	0040da80	231	FUN_0040da80
login-server	0040db67	46	FUN_0040db67
login-server	0040db95	46	FUN_0040db95
login-server	0040dbc3	88	FUN_0040dbc3
login-server	0040dc20	43	FUN_0040dc20
login-server	0040dc50	96	FUN_0040dc50
login-server	0040dcb0	16	FUN_0040dcb0
login-server	0040dcc0	231	FUN_0040dcc0
login-server	0040dda7	46	FUN_0040dda7
login-server	0040ddd5	46	FUN_0040ddd5
login-server	0040de03	88	FUN_0040de03
login-server	0040de5b	187	FUN_0040de5b
login-server	0040df16	53	FUN_0040df16
login-server	0040df50	43	FUN_0040df50
login-server	0040df80	96	FUN_0040df80
login-server	0040dfe0	16	FUN_0040dfe0
login-server	0040dff0	309	FUN_0040dff0
login-server	0040e125	46	FUN_0040e125
login-server	0040e153	46	FUN_0040e153
login-server	0040e181	248	FUN_0040e181
login-server	0040e279	53	FUN_0040e279
login-server	0040e2b0	43	FUN_0040e2b0
login-server	0040e2e0	132	FUN_0040e2e0
login-server	0040e370	16	FUN_0040e370
login-server	0040e380	205	FUN_0040e380
login-server	0040e44d	46	FUN_0040e44d
login-server	0040e47b	46	FUN_0040e47b
login-server	0040e4a9	135	FUN_0040e4a9
login-server	0040e530	65	FUN_0040e530
login-server	0040e571	53	FUN_0040e571
login-server	0040e5b0	43	FUN_0040e5b0
login-server	0040e5e0	96	FUN_0040e5e0
login-server	0040e640	176	FUN_0040e640
login-server	0040e6f0	93	FUN_0040e6f0
login-server	0040e74d	16	FUN_0040e74d
login-server	0040e75d	78	FUN_0040e75d
login-server	0040e7b0	43	FUN_0040e7b0
login-server	0040e7e0	31	FUN_0040e7e0
login-server	0040e800	43	FUN_0040e800
login-server	0040e830	56	FUN_0040e830
login-server	0040e870	132	FUN_0040e870
login-server	0040e8f4	86	FUN_0040e8f4
login-server	0040e94a	219	FUN_0040e94a
login-server	0040ea25	13	FUN_0040ea25
login-server	0040ea40	46	FUN_0040ea40
login-server	0040ea70	42	FUN_0040ea70
login-server	0040eaa0	88	FUN_0040eaa0
login-server	0040eb00	55	??0PAGE_INFO@CPreviewView@@QAE@XZ
login-server	0040eb40	16	FUN_0040eb40
login-server	0040eb50	378	FUN_0040eb50
login-server	0040ecca	46	FUN_0040ecca
login-server	0040ecf8	46	FUN_0040ecf8
login-server	0040ed26	275	FUN_0040ed26
login-server	0040ee39	53	FUN_0040ee39
login-server	0040ee70	43	FUN_0040ee70
login-server	0040eea0	186	FUN_0040eea0
login-server	0040ef60	96	FUN_0040ef60
login-server	0040f050	795	FUN_0040f050
login-server	0040f370	30	FUN_0040f370
login-server	0040f390	85	FUN_0040f390
login-server	0040f3f0	217	FUN_0040f3f0
login-server	0040f560	509	FUN_0040f560
login-server	0040f760	121	FUN_0040f760
login-server	0040f800	140	FUN_0040f800
login-server	0040f8b0	114	FUN_0040f8b0
login-server	0040f930	603	FUN_0040f930
login-server	0040fb90	30	FUN_0040fb90
login-server	0040fbb0	8	FUN_0040fbb0
login-server	0040fbc0	83	FUN_0040fbc0
login-server	0040fc20	14	FUN_0040fc20
login-server	0040fc70	44	FUN_0040fc70
login-server	0040fca0	44	FUN_0040fca0
login-server	0040fce0	74	FUN_0040fce0
login-server	0040fd30	290	FUN_0040fd30
login-server	0040fe60	30	FUN_0040fe60
login-server	0040fe80	111	FUN_0040fe80
login-server	0040fef0	196	FUN_0040fef0
login-server	0040ffc0	58	FUN_0040ffc0
login-server	00410000	696	FUN_00410000
login-server	00410700	229	FUN_00410700
login-server	00410820	116	FUN_00410820
login-server	00410d60	211	FUN_00410d60
login-server	00410e40	453	FUN_00410e40
login-server	00411010	329	FUN_00411010
login-server	00411170	280	FUN_00411170
login-server	00411290	62	FUN_00411290
login-server	004112d0	38	FUN_004112d0
login-server	00411300	5	FUN_00411300
login-server	00411310	1	FUN_00411310
login-server	00411320	183	FUN_00411320
login-server	004113e0	163	FUN_004113e0
login-server	004114f0	27	FUN_004114f0
login-server	00411520	223	FUN_00411520
login-server	00411600	67	FUN_00411600
login-server	00411650	30	FUN_00411650
login-server	00411670	11	FUN_00411670
login-server	00411680	107	FUN_00411680
login-server	004116f0	30	FUN_004116f0
login-server	00411710	11	FUN_00411710
login-server	004117c0	123	FUN_004117c0
login-server	00411840	47	??_G_AFX_THREAD_STATE@@UAEPAXI@Z
login-server	00411870	21	FUN_00411870
login-server	004118e0	6	FUN_004118e0
login-server	004118e6	6	FUN_004118e6
login-server	004118ec	6	FUN_004118ec
login-server	004118f2	6	FUN_004118f2
login-server	004118f8	6	FUN_004118f8
login-server	004118fe	6	FUN_004118fe
login-server	00411904	6	FUN_00411904
login-server	0041190a	6	FUN_0041190a
login-server	00411910	6	FUN_00411910
login-server	00411916	130	FUN_00411916
login-server	0041199a	45	FUN_0041199a
login-server	004119c7	28	FUN_004119c7
login-server	004119e3	63	FUN_004119e3
login-server	00411a22	535	FUN_00411a22
login-server	00411c69	97	FUN_00411c69
login-server	00411cca	28	FUN_00411cca
login-server	00411ce6	72	FUN_00411ce6
login-server	00411d2e	241	FUN_00411d2e
login-server	00411e1f	112	FUN_00411e1f
login-server	00411ea0	253	FUN_00411ea0
login-server	00411fb8	139	FUN_00411fb8
login-server	00412053	100	?Free@CDatabase@@IAEXXZ
login-server	004120c5	43	FUN_004120c5
login-server	004120ff	29	FUN_004120ff
login-server	0041211c	160	FUN_0041211c
login-server	004121bc	188	FUN_004121bc
login-server	00412278	184	FUN_00412278
login-server	00412330	135	FUN_00412330
login-server	004123b7	450	FUN_004123b7
login-server	00412579	463	FUN_00412579
login-server	00412769	28	FUN_00412769
login-server	00412785	246	FUN_00412785
login-server	0041288e	195	FUN_0041288e
login-server	00412962	442	FUN_00412962
login-server	00412b2c	75	FUN_00412b2c
login-server	00412b77	5	thunk_FUN_0042dbab
login-server	00412b7c	191	FUN_00412b7c
login-server	00412c3b	109	FUN_00412c3b
login-server	00412ca8	1	FUN_00412ca8
login-server	00412ca9	219	FUN_00412ca9
login-server	00412d84	181	FUN_00412d84
login-server	00412e39	185	FUN_00412e39
login-server	00412ef2	95	?AddNew@CRecordset@@UAEXXZ
login-server	00412f51	185	FUN_00412f51
login-server	0041300a	52	FUN_0041300a
login-server	0041303e	39	FUN_0041303e
login-server	00413065	35	FUN_00413065
login-server	00413088	172	FUN_00413088
login-server	00413134	70	?SetFieldDirty@CRecordset@@QAEXPAXH@Z
login-server	0041317a	95	?SetFieldNull@CRecordset@@QAEXPAXH@Z
login-server	004131d9	303	FUN_004131d9
login-server	00413319	29	FUN_00413319
login-server	00413336	28	FUN_00413336
login-server	00413352	28	FUN_00413352
login-server	00413371	89	FUN_00413371
login-server	004133ca	34	FUN_004133ca
login-server	004133ec	172	FUN_004133ec
login-server	00413498	416	FUN_00413498
login-server	0041366d	224	FUN_0041366d
login-server	0041374d	454	FUN_0041374d
login-server	00413913	150	FUN_00413913
login-server	004139a9	146	FUN_004139a9
login-server	00413a3b	302	FUN_00413a3b
login-server	00413b74	48	FUN_00413b74
login-server	00413ba4	88	FUN_00413ba4
login-server	00413bfc	58	FUN_00413bfc
login-server	00413c36	34	FUN_00413c36
login-server	00413c58	241	FUN_00413c58
login-server	00413d49	83	FUN_00413d49
login-server	00413d9c	299	FUN_00413d9c
login-server	00413ec7	46	FUN_00413ec7
login-server	00413ef5	304	FUN_00413ef5
login-server	00414025	50	FUN_00414025
login-server	00414057	40	FUN_00414057
login-server	0041407f	145	FUN_0041407f
login-server	00414110	125	FUN_00414110
login-server	0041418d	217	FUN_0041418d
login-server	00414266	504	FUN_00414266
login-server	0041445e	285	FUN_0041445e
login-server	0041457b	85	FUN_0041457b
login-server	004145d0	58	FUN_004145d0
login-server	0041460a	149	FUN_0041460a
login-server	0041469f	121	FUN_0041469f
login-server	00414718	470	FUN_00414718
login-server	004148ee	197	FUN_004148ee
login-server	004149b3	342	FUN_004149b3
login-server	00414b09	213	FUN_00414b09
login-server	00414bef	34	FUN_00414bef
login-server	00414c11	34	FUN_00414c11
login-server	00414c33	75	FUN_00414c33
login-server	00414c7e	39	FUN_00414c7e
login-server	00414ca5	16	FUN_00414ca5
login-server	00414cb5	21	FUN_00414cb5
login-server	00414cca	20	?ClearFieldStatus@CRecordset@@QAEXXZ
login-server	00414cde	19	FUN_00414cde
login-server	00414cf1	18	FUN_00414cf1
login-server	00414d03	18	FUN_00414d03
login-server	00414d15	19	FUN_00414d15
login-server	00414d28	18	FUN_00414d28
login-server	00414d3a	18	FUN_00414d3a
login-server	00414d4c	19	FUN_00414d4c
login-server	00414d5f	18	FUN_00414d5f
login-server	00414d71	18	FUN_00414d71
login-server	00414d83	47	?BindParams@CRecordset@@QAEIPAX@Z
login-server	00414db2	50	?RebindParams@CRecordset@@QAEXPAX@Z
login-server	00414de4	56	FUN_00414de4
login-server	00414e1c	58	FUN_00414e1c
login-server	00414e56	58	FUN_00414e56
login-server	00414e90	42	?Fixups@CRecordset@@QAEXXZ
login-server	00414eba	64	FUN_00414eba
login-server	00414efa	59	FUN_00414efa
login-server	00414f35	59	FUN_00414f35
login-server	00414f70	36	?StoreFields@CRecordset@@QAEXXZ
login-server	00414f94	41	?LoadFields@CRecordset@@QAEXXZ
login-server	00414fbd	36	FUN_00414fbd
login-server	00414fe1	36	FUN_00414fe1
login-server	00415005	36	FUN_00415005
login-server	00415029	146	FUN_00415029
login-server	004150bb	458	FUN_004150bb
login-server	004152a1	44	FUN_004152a1
login-server	004152cd	80	?GetData@CRecordset@@SGJPAVCDatabase@@PAXFF1JF@Z
login-server	0041531d	142	FUN_0041531d
login-server	004153ab	30	FUN_004153ab
login-server	004153c9	42	FUN_004153c9
login-server	00415403	38	FUN_00415403
login-server	00415429	50	FUN_00415429
login-server	0041545b	20	FUN_0041545b
login-server	0041546f	60	FUN_0041546f
login-server	004154ab	61	FUN_004154ab
login-server	004154e8	694	FUN_004154e8
login-server	004157d6	916	FUN_004157d6
login-server	00415b91	289	FUN_00415b91
login-server	00415cb2	290	FUN_00415cb2
login-server	00415dd4	279	FUN_00415dd4
login-server	00415eeb	1567	FUN_00415eeb
login-server	00416546	14	FUN_00416546
login-server	00416554	108	FUN_00416554
login-server	004165c0	119	FUN_004165c0
login-server	00416637	337	FUN_00416637
login-server	00416788	14	FUN_00416788
login-server	00416796	312	FUN_00416796
login-server	004168de	216	FUN_004168de
login-server	004169b6	86	FUN_004169b6
login-server	00416a0c	107	_xMonitorFromWindow@8
login-server	00416a77	147	FUN_00416a77
login-server	00416b0a	23	?GetOwner@CWnd@@QBEPAV1@XZ
login-server	00416b38	1	FUN_00416b38
login-server	00416b39	12	FUN_00416b39
login-server	00416b54	39	FUN_00416b54
login-server	00416b7b	134	FUN_00416b7b
login-server	00416c01	84	FUN_00416c01
login-server	00416c6d	55	?CreateContainer@COccManager@@UAEPAVCOleControlContainer@@PAVCWnd@@@Z
login-server	00416ca4	58	?CreateSite@COccManager@@UAEPAVCOleControlSite@@PAVCOleControlContainer@@@Z
login-server	00416cde	74	FUN_00416cde
login-server	00416d28	36	FUN_00416d28
login-server	00416d4c	319	FUN_00416d4c
login-server	00416e8b	91	FUN_00416e8b
login-server	00416ee6	347	FUN_00416ee6
login-server	00417041	283	FUN_00417041
login-server	0041715c	715	FUN_0041715c
login-server	0041743c	27	FUN_0041743c
login-server	00417457	28	FUN_00417457
login-server	00417473	41	FUN_00417473
login-server	0041749c	42	FUN_0041749c
login-server	004174c6	28	FUN_004174c6
login-server	004174e2	7	FUN_004174e2
login-server	004174e9	42	FUN_004174e9
login-server	00417513	28	FUN_00417513
login-server	0041752f	7	FUN_0041752f
login-server	00417576	37	FUN_00417576
login-server	0041759b	56	FUN_0041759b
login-server	004175ef	48	FUN_004175ef
login-server	0041763b	28	FUN_0041763b
login-server	00417657	41	FUN_00417657
login-server	00417680	42	FUN_00417680
login-server	004176aa	28	FUN_004176aa
login-server	004176c6	7	FUN_004176c6
login-server	004176cd	42	FUN_004176cd
login-server	004176f7	28	FUN_004176f7
login-server	00417713	7	FUN_00417713
login-server	0041771a	40	FUN_0041771a
login-server	00417742	20	FUN_00417742
login-server	00417756	40	FUN_00417756
login-server	0041777e	121	FUN_0041777e
login-server	0041780d	44	FUN_0041780d
login-server	00417839	39	FUN_00417839
login-server	00417860	51	FUN_00417860
login-server	00417893	31	?CheckError@@YGXJ@Z
login-server	004178b2	32	FUN_004178b2
login-server	004178d2	123	FUN_004178d2
login-server	0041794d	54	FUN_0041794d
login-server	00417983	66	FUN_00417983
login-server	004179c5	43	FUN_004179c5
login-server	004179f0	26	FUN_004179f0
login-server	00417a0a	19	FUN_00417a0a
login-server	00417a1d	317	FUN_00417a1d
login-server	00417b5a	43	FUN_00417b5a
login-server	00417b8d	28	FUN_00417b8d
login-server	00417ba9	72	FUN_00417ba9
login-server	00417bf1	487	FUN_00417bf1
login-server	00417e03	117	FUN_00417e03
login-server	00417e78	152	FUN_00417e78
login-server	00417f2d	95	FUN_00417f2d
login-server	00417f8c	28	FUN_00417f8c
login-server	00417fa8	222	FUN_00417fa8
login-server	00418086	97	FUN_00418086
login-server	004180e7	170	FUN_004180e7
login-server	004181a2	74	FUN_004181a2
login-server	004181ec	456	FUN_004181ec
login-server	004183f4	377	FUN_004183f4
login-server	0041856d	28	FUN_0041856d
login-server	00418589	41	FUN_00418589
login-server	004185b2	65	FUN_004185b2
login-server	004185f3	90	FUN_004185f3
login-server	0041864d	30	FUN_0041864d
login-server	004186b8	40	FUN_004186b8
login-server	004186e0	27	FUN_004186e0
login-server	004186fb	60	FUN_004186fb
login-server	00418737	174	FUN_00418737
login-server	00418829	61	FUN_00418829
login-server	00418881	106	FUN_00418881
login-server	00418949	55	FUN_00418949
login-server	00418996	86	FUN_00418996
login-server	004189ec	28	FUN_004189ec
login-server	00418a08	30	FUN_00418a08
login-server	00418a65	252	FUN_00418a65
login-server	00418b7b	22	FUN_00418b7b
login-server	00418b97	263	FUN_00418b97
login-server	00418c9e	28	FUN_00418c9e
login-server	00418cba	300	FUN_00418cba
login-server	00418de6	168	FUN_00418de6
login-server	00418e8e	669	FUN_00418e8e
login-server	0041912b	47	FUN_0041912b
login-server	0041915a	141	FUN_0041915a
login-server	004191e7	417	FUN_004191e7
login-server	00419388	778	FUN_00419388
login-server	004196be	17	FUN_004196be
login-server	004196cf	24	FUN_004196cf
login-server	004196e7	80	FUN_004196e7
login-server	00419737	104	FUN_00419737
login-server	0041979f	94	FUN_0041979f
login-server	004197fd	378	FUN_004197fd
login-server	00419977	78	FUN_00419977
login-server	004199c5	163	FUN_004199c5
login-server	00419a68	72	FUN_00419a68
login-server	00419ab0	54	FUN_00419ab0
login-server	00419ae6	61	FUN_00419ae6
login-server	00419b23	78	FID_conflict:?DetachWindow@COleControlSite@@QAEXXZ
login-server	00419b71	61	FUN_00419b71
login-server	00419bae	86	FUN_00419bae
login-server	00419c04	91	FUN_00419c04
login-server	00419c5f	32	FUN_00419c5f
login-server	00419d05	151	FUN_00419d05
login-server	00419dbb	90	FUN_00419dbb
login-server	00419e23	144	FUN_00419e23
login-server	00419eb3	80	FUN_00419eb3
login-server	00419f03	51	FUN_00419f03
login-server	00419f36	58	FUN_00419f36
login-server	0041a000	69	FUN_0041a000
login-server	0041a045	4	FUN_0041a045
login-server	0041a056	122	FUN_0041a056
login-server	0041a0d0	181	FUN_0041a0d0
login-server	0041a185	63	FUN_0041a185
login-server	0041a1c4	64	FUN_0041a1c4
login-server	0041a212	84	FUN_0041a212
login-server	0041a27b	57	FUN_0041a27b
login-server	0041a308	162	FUN_0041a308
login-server	0041a3aa	278	FUN_0041a3aa
login-server	0041a5b7	120	FUN_0041a5b7
login-server	0041a672	83	FUN_0041a672
login-server	0041a718	258	FUN_0041a718
login-server	0041a8ec	278	FUN_0041a8ec
login-server	0041aa02	85	FUN_0041aa02
login-server	0041aa57	100	FUN_0041aa57
login-server	0041aabb	85	FUN_0041aabb
login-server	0041ab10	78	FUN_0041ab10
login-server	0041ab5e	480	FUN_0041ab5e
login-server	0041ad3e	135	FUN_0041ad3e
login-server	0041adc5	75	FUN_0041adc5
login-server	0041ae10	47	FUN_0041ae10
login-server	0041ae3f	32	FUN_0041ae3f
login-server	0041ae5f	58	FUN_0041ae5f
login-server	0041ae99	418	FUN_0041ae99
login-server	0041b03b	105	FUN_0041b03b
login-server	0041b0a4	800	FUN_0041b0a4
login-server	0041b3c4	81	FUN_0041b3c4
login-server	0041b415	35	FUN_0041b415
login-server	0041b438	89	FUN_0041b438
login-server	0041b491	52	FUN_0041b491
login-server	0041b4c5	35	FUN_0041b4c5
login-server	0041b4e8	21	FUN_0041b4e8
login-server	0041b4fd	659	FUN_0041b4fd
login-server	0041b7ae	83	FUN_0041b7ae
login-server	0041b80a	74	FUN_0041b80a
login-server	0041b854	127	FUN_0041b854
login-server	0041b8d3	108	FUN_0041b8d3
login-server	0041b93f	316	FUN_0041b93f
login-server	0041ba7b	83	FUN_0041ba7b
login-server	0041bb16	426	FUN_0041bb16
login-server	0041bcc0	93	FUN_0041bcc0
login-server	0041bd1d	1916	FUN_0041bd1d
login-server	0041c499	68	FUN_0041c499
login-server	0041c4dd	23	FUN_0041c4dd
login-server	0041c4f4	405	FUN_0041c4f4
login-server	0041c689	2371	FUN_0041c689
login-server	0041cfcc	40	FUN_0041cfcc
login-server	0041cff4	47	FUN_0041cff4
login-server	0041d023	23	FUN_0041d023
login-server	0041d03a	110	FUN_0041d03a
login-server	0041d0b1	84	FUN_0041d0b1
login-server	0041d105	152	FUN_0041d105
login-server	0041d19d	38	??0CDataBoundProperty@@QAE@PAV0@JG@Z
login-server	0041d1c3	9	FUN_0041d1c3
login-server	0041d1cc	20	FUN_0041d1cc
login-server	0041d1e0	4	FUN_0041d1e0
login-server	0041d1e4	131	FUN_0041d1e4
login-server	0041d267	54	FUN_0041d267
login-server	0041d29d	55	FUN_0041d29d
login-server	0041d37a	92	?OKToDo@XNotifyDBEvents@COleControlSite@@UAGJKKQAUtagDBNOTIFYREASON@@@Z
login-server	0041d3f6	74	?SyncBefore@XNotifyDBEvents@COleControlSite@@UAGJKKQAUtagDBNOTIFYREASON@@@Z
login-server	0041d480	105	?SyncAfter@XNotifyDBEvents@COleControlSite@@UAGJKKQAUtagDBNOTIFYREASON@@@Z
login-server	0041d4e9	78	FUN_0041d4e9
login-server	0041d537	133	FUN_0041d537
login-server	0041d645	145	FUN_0041d645
login-server	0041d6d6	277	FUN_0041d6d6
login-server	0041d872	41	FUN_0041d872
login-server	0041d8a0	35	??0AFX_EVENT@@QAE@H@Z
login-server	0041d8d2	46	?_AfxGetDlgCode@@YGKPAVCWnd@@PAUtagMSG@@@Z
login-server	0041d900	46	?_AfxDlgSetFocus@@YGXPAVCWnd@@@Z
login-server	0041d92e	89	FUN_0041d92e
login-server	0041d987	220	FUN_0041d987
login-server	0041da63	31	FUN_0041da63
login-server	0041da82	133	FUN_0041da82
login-server	0041db07	38	FUN_0041db07
login-server	0041db2d	117	FUN_0041db2d
login-server	0041dba2	93	FUN_0041dba2
login-server	0041dbff	115	FUN_0041dbff
login-server	0041dc72	87	FUN_0041dc72
login-server	0041dcc9	77	FUN_0041dcc9
login-server	0041dd16	33	?GetDefBtnCode@COccManager@@SAKPAVCWnd@@@Z
login-server	0041dd37	98	?_AfxRemoveDefaultButton@@YGXPAVCWnd@@0@Z
login-server	0041dd99	45	FUN_0041dd99
login-server	0041ddc6	237	FUN_0041ddc6
login-server	0041deb3	989	FUN_0041deb3
login-server	0041e29e	28	FUN_0041e29e
login-server	0041e2ba	44	FUN_0041e2ba
login-server	0041e2e6	28	FUN_0041e2e6
login-server	0041e302	7	FUN_0041e302
login-server	0041e309	28	FUN_0041e309
login-server	0041e325	44	FUN_0041e325
login-server	0041e351	60	FUN_0041e351
login-server	0041e38d	45	FUN_0041e38d
login-server	0041e3c1	7	FUN_0041e3c1
login-server	0041e3c8	7	FUN_0041e3c8
login-server	0041e3cf	79	FUN_0041e3cf
login-server	0041e41e	54	FUN_0041e41e
login-server	0041e454	84	FUN_0041e454
login-server	0041e4a8	37	FUN_0041e4a8
login-server	0041e4cd	182	FUN_0041e4cd
login-server	0041e583	114	FUN_0041e583
login-server	0041e5f8	123	FUN_0041e5f8
login-server	0041e674	32	__global_unwind2
login-server	0041e6b6	104	__local_unwind2
login-server	0041e71e	35	__abnormal_termination
login-server	0041e741	9	__NLG_Notify1
login-server	0041e74a	24	FUN_0041e74a
login-server	0041e762	41	FUN_0041e762
login-server	0041e78b	28	FUN_0041e78b
login-server	0041e7b0	52	__allmul
login-server	0041e7f0	104	__aulldiv
login-server	0041e860	117	__aullrem
login-server	0041e8d5	175	FUN_0041e8d5
login-server	0041e984	126	FUN_0041e984
login-server	0041ea02	18	FUN_0041ea02
login-server	0041ea43	139	FUN_0041ea43
login-server	0041eace	11	FUN_0041eace
login-server	0041eae0	88	_memset
login-server	0041eb40	123	_strlen
login-server	0041ebc0	664	FUN_0041ebc0
login-server	0041ef00	47	FUN_0041ef00
login-server	0041ef2f	253	original_program_entry
login-server	0041f037	37	__amsg_exit
login-server	0041f05c	36	FUN_0041f05c
login-server	0041f080	664	FUN_0041f080
login-server	0041f3b5	13	FUN_0041f3b5
login-server	0041f3c2	34	_rand
login-server	0041f3e4	18	_malloc
login-server	0041f3f6	44	__nh_malloc
login-server	0041f422	231	FUN_0041f422
login-server	0041f489	9	FUN_0041f489
login-server	0041f4e8	9	FUN_0041f4e8
login-server	0041f51e	215	FUN_0041f51e
login-server	0041f588	9	FUN_0041f588
login-server	0041f5e0	9	FUN_0041f5e0
login-server	0041f608	31	FUN_0041f608
login-server	0041f627	58	__CxxThrowException@8
login-server	0041f661	396	FUN_0041f661
login-server	0041f7ed	23	FUN_0041f7ed
login-server	0041f804	104	FUN_0041f804
login-server	0041f86c	24	FUN_0041f86c
login-server	0041f884	81	FUN_0041f884
login-server	0041f8e2	106	FUN_0041f8e2
login-server	0041f94c	24	FUN_0041f94c
login-server	0041f964	118	FUN_0041f964
login-server	0041f9da	11	FUN_0041f9da
login-server	0041f9e5	29	FUN_0041f9e5
login-server	0041fa02	151	FUN_0041fa02
login-server	0041fa99	138	FUN_0041fa99
login-server	0041fb23	114	FUN_0041fb23
login-server	0041fb95	81	FUN_0041fb95
login-server	0041fbe6	22	FUN_0041fbe6
login-server	0041fbfc	82	FUN_0041fbfc
login-server	0041fc4e	239	FUN_0041fc4e
login-server	0041fd3d	143	FUN_0041fd3d
login-server	0041fdcc	23	FUN_0041fdcc
login-server	0041fde4	56	FUN_0041fde4
login-server	0041fe1c	143	FUN_0041fe1c
login-server	0041feab	14	FUN_0041feab
login-server	0041feb9	484	FUN_0041feb9
login-server	0042009d	220	FUN_0042009d
login-server	00420179	266	FUN_00420179
login-server	00420283	352	FUN_00420283
login-server	004203e3	429	FUN_004203e3
login-server	00420590	74	FUN_00420590
login-server	004205da	51	FUN_004205da
login-server	0042060d	41	FUN_0042060d
login-server	00420636	389	FUN_00420636
login-server	004207bb	28	FUN_004207bb
login-server	004207d7	27	FUN_004207d7
login-server	004207f2	250	FUN_004207f2
login-server	004208ec	1007	FUN_004208ec
login-server	00420cdb	39	FUN_00420cdb
login-server	00420d02	111	FUN_00420d02
login-server	00420d71	73	FUN_00420d71
login-server	00420dba	719	FUN_00420dba
login-server	00421090	172	_memcmp
login-server	0042113c	43	FUN_0042113c
login-server	00421167	45	FUN_00421167
login-server	00421194	17	FUN_00421194
login-server	004211a5	17	__exit
login-server	004211b6	165	FUN_004211b6
login-server	0042125b	9	FUN_0042125b
login-server	00421264	9	FUN_00421264
login-server	0042126d	26	FUN_0042126d
login-server	00421287	23	FUN_00421287
login-server	0042129e	517	FUN_0042129e
login-server	004214a3	23	FUN_004214a3
login-server	004214bc	39	__ftol
login-server	004214e3	92	FUN_004214e3
login-server	0042153f	42	FUN_0042153f
login-server	00421569	27	FUN_00421569
login-server	00421584	280	FUN_00421584
login-server	00421616	9	FUN_00421616
login-server	004216ab	9	FUN_004216ab
login-server	004216b4	52	FUN_004216b4
login-server	004216e8	214	FUN_004216e8
login-server	00421752	9	FUN_00421752
login-server	004217cd	9	FUN_004217cd
login-server	004217d6	37	FUN_004217d6
login-server	004217fb	61	FUN_004217fb
login-server	00421838	781	FUN_00421838
login-server	004219c3	9	FUN_004219c3
login-server	00421b11	11	FUN_00421b11
login-server	00421b67	115	FUN_00421b67
login-server	00421bda	9	FUN_00421bda
login-server	00421be3	9	FUN_00421be3
login-server	00421bec	155	FUN_00421bec
login-server	00421c87	435	FUN_00421c87
login-server	00421e3a	170	FUN_00421e3a
login-server	00421ee4	93	FUN_00421ee4
login-server	00421f41	132	FUN_00421f41
login-server	00421ff5	123	FUN_00421ff5
login-server	00422070	165	FUN_00422070
login-server	0042213d	78	FUN_0042213d
login-server	004221b5	440	FUN_004221b5
login-server	00422379	86	FUN_00422379
login-server	004223e0	35	FUN_004223e0
login-server	00422410	76	__CallSettingFrame@12
login-server	0042245c	84	FUN_0042245c
login-server	004224b0	19	FUN_004224b0
login-server	004224c3	103	FUN_004224c3
login-server	0042252a	86	FUN_0042252a
login-server	0042258b	79	FUN_0042258b
login-server	004225e1	41	FUN_004225e1
login-server	0042260a	97	FUN_0042260a
login-server	0042266b	21	FUN_0042266b
login-server	00422680	129	_strcmp
login-server	00422704	117	FUN_00422704
login-server	00422779	318	FUN_00422779
login-server	004228b7	58	FUN_004228b7
login-server	004228f1	88	FUN_004228f1
login-server	00422949	185	FUN_00422949
login-server	00422a02	153	FUN_00422a02
login-server	00422a9b	436	FUN_00422a9b
login-server	00422c4f	306	FUN_00422c4f
login-server	00422d81	444	FUN_00422d81
login-server	00422f3d	45	FUN_00422f3d
login-server	00422f6a	328	FUN_00422f6a
login-server	004230b2	93	FUN_004230b2
login-server	004231d5	27	FUN_004231d5
login-server	004231f0	57	FUN_004231f0
login-server	00423229	339	FUN_00423229
login-server	0042337c	27	FUN_0042337c
login-server	00423397	72	FUN_00423397
login-server	004233df	43	FUN_004233df
login-server	0042340a	809	FUN_0042340a
login-server	00423733	777	FUN_00423733
login-server	00423a3c	177	FUN_00423a3c
login-server	00423aed	251	FUN_00423aed
login-server	00423be8	758	FUN_00423be8
login-server	00423ede	324	FUN_00423ede
login-server	00424022	86	FUN_00424022
login-server	00424078	194	FUN_00424078
login-server	0042413a	87	FUN_0042413a
login-server	00424191	69	FUN_00424191
login-server	004241d6	520	FUN_004241d6
login-server	004243de	292	FUN_004243de
login-server	00424502	169	FUN_00424502
login-server	004245ab	70	FUN_004245ab
login-server	00424610	257	FUN_00424610
login-server	00424720	133	FUN_00424720
login-server	004247b0	188	FUN_004247b0
login-server	00424870	58	FUN_00424870
login-server	004248aa	511	FUN_004248aa
login-server	00424ad0	48	__strrev
login-server	00424b00	62	FUN_00424b00
login-server	00424b40	62	FUN_00424b40
login-server	00424b80	39	_strrchr
login-server	00424ba7	280	FUN_00424ba7
login-server	00424cbf	1825	FUN_00424cbf
login-server	00425400	53	FUN_00425400
login-server	00425435	49	FUN_00425435
login-server	00425466	56	FUN_00425466
login-server	0042549e	13	FUN_0042549e
login-server	004254ab	16	FUN_004254ab
login-server	004254bb	14	FUN_004254bb
login-server	004254d0	56	_strncmp
login-server	00425508	318	FUN_00425508
login-server	00425651	18	FUN_00425651
login-server	00425663	62	FUN_00425663
login-server	004256a1	41	FUN_004256a1
login-server	004256ca	90	FUN_004256ca
login-server	0042578a	62	__fassign
login-server	004257c8	97	FUN_004257c8
login-server	00425829	194	FUN_00425829
login-server	004258eb	85	FUN_004258eb
login-server	00425940	167	FUN_00425940
login-server	004259e7	147	FUN_004259e7
login-server	00425a7a	81	__cfltcvt
login-server	00425acb	37	FUN_00425acb
login-server	00425af0	46	FUN_00425af0
login-server	00425b1e	647	FUN_00425b1e
login-server	00425da5	33	FUN_00425da5
login-server	00425dc6	428	FUN_00425dc6
login-server	00425f72	320	FUN_00425f72
login-server	004260b2	194	FUN_004260b2
login-server	00426180	7	FUN_00426180
login-server	00426190	224	FUN_00426190
login-server	00426270	208	FUN_00426270
login-server	00426340	289	FUN_00426340
login-server	004263d9	9	FUN_004263d9
login-server	00426462	9	FUN_00426462
login-server	0042647d	111	FUN_0042647d
login-server	004264ec	204	FUN_004264ec
login-server	004265b8	28	FUN_004265b8
login-server	004265d4	28	FUN_004265d4
login-server	004265f0	24	FUN_004265f0
login-server	00426608	23	FUN_00426608
login-server	0042661f	17	FUN_0042661f
login-server	00426630	49	FUN_00426630
login-server	00426661	137	FUN_00426661
login-server	004266f0	254	_strncpy
login-server	004267ee	111	FUN_004267ee
login-server	0042685d	203	FUN_0042685d
login-server	00426928	101	FUN_00426928
login-server	0042698d	115	FUN_0042698d
login-server	00426a00	101	FUN_00426a00
login-server	00426a65	395	FUN_00426a65
login-server	00426bf0	68	FUN_00426bf0
login-server	00426c34	41	FUN_00426c34
login-server	00426d19	47	FUN_00426d19
login-server	00426d48	35	FUN_00426d48
login-server	00426d6b	47	FUN_00426d6b
login-server	00426d9a	35	FUN_00426d9a
login-server	00426dbd	89	FUN_00426dbd
login-server	00426e16	105	FUN_00426e16
login-server	00426e7f	53	FUN_00426e7f
login-server	00426eb4	22	FUN_00426eb4
login-server	00426eca	146	FUN_00426eca
login-server	00426f5c	137	FUN_00426f5c
login-server	00426fe5	73	FUN_00426fe5
login-server	0042702e	86	FUN_0042702e
login-server	00427084	140	FUN_00427084
login-server	00427110	27	FUN_00427110
login-server	0042712b	12	FUN_0042712b
login-server	00427137	27	FUN_00427137
login-server	00427152	141	FUN_00427152
login-server	004271df	364	FUN_004271df
login-server	0042734b	22	FUN_0042734b
login-server	00427361	22	FUN_00427361
login-server	00427377	45	FUN_00427377
login-server	004273a4	45	FUN_004273a4
login-server	004273d1	119	FUN_004273d1
login-server	00427448	92	FUN_00427448
login-server	004274a4	182	FUN_004274a4
login-server	0042755a	9	FUN_0042755a
login-server	00427563	125	FUN_00427563
login-server	004275e0	386	FUN_004275e0
login-server	00427762	61	FUN_00427762
login-server	0042779f	127	FUN_0042779f
login-server	0042781e	66	FUN_0042781e
login-server	00427860	95	FUN_00427860
login-server	004278bf	34	FUN_004278bf
login-server	00427962	46	FUN_00427962
login-server	00427990	92	FUN_00427990
login-server	004279f5	164	FUN_004279f5
login-server	00427a99	33	FUN_00427a99
login-server	00427aba	94	___add_12
login-server	00427b18	46	FUN_00427b18
login-server	00427b46	45	FUN_00427b46
login-server	00427b73	199	FUN_00427b73
login-server	00427c3a	417	FUN_00427c3a
login-server	0042810b	659	FUN_0042810b
login-server	0042839e	63	__mbsnbicoll
login-server	004283dd	110	FUN_004283dd
login-server	0042844b	49	FUN_0042844b
login-server	0042847c	76	FUN_0042847c
login-server	004284c8	147	FUN_004284c8
login-server	0042855b	544	FUN_0042855b
login-server	0042877b	124	FUN_0042877b
login-server	004287f7	597	FUN_004287f7
login-server	00428a74	43	FUN_00428a74
login-server	00428a9f	391	FUN_00428a9f
login-server	00428c26	88	FUN_00428c26
login-server	00428c7e	103	FUN_00428c7e
login-server	00428ce5	93	FUN_00428ce5
login-server	00428d42	131	FUN_00428d42
login-server	00428dc5	43	FUN_00428dc5
login-server	00428df0	6	FUN_00428df0
login-server	00428df6	6	FUN_00428df6
login-server	00428dfc	6	FUN_00428dfc
login-server	00428e02	6	FUN_00428e02
login-server	00428e08	6	FUN_00428e08
login-server	00428e0e	6	FUN_00428e0e
login-server	00428e20	29	FUN_00428e20
login-server	00428e40	70	FUN_00428e40
login-server	00428e90	229	FUN_00428e90
login-server	00429030	52	FUN_00429030
login-server	00429070	82	FUN_00429070
login-server	004290d0	26	FUN_004290d0
login-server	004290f0	41	FUN_004290f0
login-server	00429120	42	FUN_00429120
login-server	00429150	306	FUN_00429150
login-server	00429290	111	FUN_00429290
login-server	00429340	172	FUN_00429340
login-server	004293f0	101	FUN_004293f0
login-server	00429460	187	FUN_00429460
login-server	00429520	15	FUN_00429520
login-server	00429530	313	FUN_00429530
login-server	00429670	46	FUN_00429670
login-server	004296a0	153	FUN_004296a0
login-server	00429770	263	FUN_00429770
login-server	00429910	176	FUN_00429910
login-server	004299c0	116	FUN_004299c0
login-server	00429ab0	130	FUN_00429ab0
login-server	00429b70	678	FUN_00429b70
login-server	00429e20	159	FUN_00429e20
login-server	00429ec0	487	FUN_00429ec0
login-server	0042a0b0	213	FUN_0042a0b0
login-server	0042a190	393	FUN_0042a190
login-server	0042a320	816	FUN_0042a320
login-server	0042a650	57	FUN_0042a650
login-server	0042a690	430	FUN_0042a690
login-server	0042a840	36	FUN_0042a840
login-server	0042a870	71	FUN_0042a870
login-server	0042aa20	236	FUN_0042aa20
login-server	0042ab10	190	FUN_0042ab10
login-server	0042abd0	110	FUN_0042abd0
login-server	0042ac40	831	FUN_0042ac40
login-server	0042af80	1315	FUN_0042af80
login-server	0042b4d0	686	FUN_0042b4d0
login-server	0042b7b0	822	FUN_0042b7b0
login-server	0042baf0	335	FUN_0042baf0
login-server	0042bc70	558	FUN_0042bc70
login-server	0042bf20	213	FUN_0042bf20
login-server	0042c000	356	FUN_0042c000
login-server	0042c2f0	203	FUN_0042c2f0
login-server	0042c3c0	407	FUN_0042c3c0
login-server	0042c558	6	FUN_0042c558
login-server	0042c55e	6	FUN_0042c55e
login-server	0042c564	6	FUN_0042c564
login-server	0042c56a	6	FUN_0042c56a
login-server	0042c570	6	FUN_0042c570
login-server	0042c576	6	FUN_0042c576
login-server	0042c57c	6	FUN_0042c57c
login-server	0042c582	6	FUN_0042c582
login-server	0042c588	6	FUN_0042c588
login-server	0042c58e	6	FUN_0042c58e
login-server	0042c594	6	FUN_0042c594
login-server	0042c59a	6	FUN_0042c59a
login-server	0042c5a0	6	FUN_0042c5a0
login-server	0042c5a6	6	FUN_0042c5a6
login-server	0042c5ac	6	FUN_0042c5ac
login-server	0042c5b2	6	FUN_0042c5b2
login-server	0042c5b8	6	FUN_0042c5b8
login-server	0042c5be	6	FUN_0042c5be
login-server	0042c5c4	6	FUN_0042c5c4
login-server	0042c5ca	6	FUN_0042c5ca
login-server	0042c5d0	6	FUN_0042c5d0
login-server	0042c5d6	6	FUN_0042c5d6
login-server	0042c5dc	6	FUN_0042c5dc
login-server	0042c5e2	6	FUN_0042c5e2
login-server	0042c5e8	6	FUN_0042c5e8
login-server	0042c5ee	6	FUN_0042c5ee
login-server	0042c5f4	6	FUN_0042c5f4
login-server	0042c5fa	24	FUN_0042c5fa
login-server	0042c612	30	FUN_0042c612
login-server	0042c665	124	FUN_0042c665
login-server	0042c6e1	120	FUN_0042c6e1
login-server	0042c759	14	FUN_0042c759
login-server	0042c767	43	FUN_0042c767
login-server	0042c792	845	FUN_0042c792
login-server	0042cadf	19	FUN_0042cadf
login-server	0042caf2	76	FUN_0042caf2
login-server	0042cb3e	76	FUN_0042cb3e
login-server	0042cb8a	76	FUN_0042cb8a
login-server	0042cbd6	76	FUN_0042cbd6
login-server	0042cc22	19	FUN_0042cc22
login-server	0042cc35	47	FUN_0042cc35
login-server	0042cc64	81	FUN_0042cc64
login-server	0042ccb5	41	?InitString@CSimpleException@@QAEXXZ
login-server	0042cd21	25	FUN_0042cd21
login-server	0042cd3a	25	FUN_0042cd3a
login-server	0042cd59	23	FUN_0042cd59
login-server	0042cd83	56	FID_conflict:??1CHotKeyCtrl@@UAE@XZ
login-server	0042cdbb	83	FUN_0042cdbb
login-server	0042ce0e	78	FUN_0042ce0e
login-server	0042ce5c	66	FUN_0042ce5c
login-server	0042cea1	46	FUN_0042cea1
login-server	0042cecf	57	FUN_0042cecf
login-server	0042cf08	37	FUN_0042cf08
login-server	0042cf2d	56	FID_conflict:??1CHotKeyCtrl@@UAE@XZ
login-server	0042cf65	114	FUN_0042cf65
login-server	0042cfe4	28	FUN_0042cfe4
login-server	0042d000	41	FUN_0042d000
login-server	0042d029	42	FUN_0042d029
login-server	0042d053	22	FUN_0042d053
login-server	0042d069	30	FUN_0042d069
login-server	0042d087	18	FUN_0042d087
login-server	0042d0e8	69	FUN_0042d0e8
login-server	0042d140	70	FUN_0042d140
login-server	0042d199	109	FUN_0042d199
login-server	0042d239	35	FUN_0042d239
login-server	0042d25c	28	FUN_0042d25c
login-server	0042d278	32	FUN_0042d278
login-server	0042d298	41	FUN_0042d298
login-server	0042d2c1	88	FUN_0042d2c1
login-server	0042d319	25	FUN_0042d319
login-server	0042d332	42	FUN_0042d332
login-server	0042d35c	41	FUN_0042d35c
login-server	0042d385	36	FUN_0042d385
login-server	0042d3a9	55	FUN_0042d3a9
login-server	0042d3e0	35	FUN_0042d3e0
login-server	0042d41a	28	FUN_0042d41a
login-server	0042d436	45	FUN_0042d436
login-server	0042d463	247	FUN_0042d463
login-server	0042d55a	40	FUN_0042d55a
login-server	0042d5cf	32	FUN_0042d5cf
login-server	0042d5ef	22	FUN_0042d5ef
login-server	0042d605	39	FUN_0042d605
login-server	0042d62c	28	FUN_0042d62c
login-server	0042d648	69	FUN_0042d648
login-server	0042d68d	43	FUN_0042d68d
login-server	0042d6b8	41	FUN_0042d6b8
login-server	0042d6e1	77	FUN_0042d6e1
login-server	0042d72e	25	FUN_0042d72e
login-server	0042d747	50	FUN_0042d747
login-server	0042d779	51	FUN_0042d779
login-server	0042d7ac	34	FUN_0042d7ac
login-server	0042d7ce	80	FUN_0042d7ce
login-server	0042d81e	66	FUN_0042d81e
login-server	0042d860	114	FUN_0042d860
login-server	0042d8d2	8	FUN_0042d8d2
login-server	0042d8da	18	FUN_0042d8da
login-server	0042d8ec	41	FUN_0042d8ec
login-server	0042d915	11	FUN_0042d915
login-server	0042d920	51	FUN_0042d920
login-server	0042d95d	15	FUN_0042d95d
login-server	0042d96c	12	FUN_0042d96c
login-server	0042d98c	18	FUN_0042d98c
login-server	0042d99e	12	FUN_0042d99e
login-server	0042d9be	18	FUN_0042d9be
login-server	0042d9d0	12	FUN_0042d9d0
login-server	0042d9f0	18	FUN_0042d9f0
login-server	0042da02	12	FUN_0042da02
login-server	0042da18	130	FUN_0042da18
login-server	0042da9a	72	FUN_0042da9a
login-server	0042dae2	49	FUN_0042dae2
login-server	0042db13	35	FUN_0042db13
login-server	0042db36	30	FUN_0042db36
login-server	0042db54	46	FUN_0042db54
login-server	0042db82	41	FUN_0042db82
login-server	0042dbab	42	FUN_0042dbab
login-server	0042dbd5	68	FUN_0042dbd5
login-server	0042dc19	82	FUN_0042dc19
login-server	0042dc6b	76	FUN_0042dc6b
login-server	0042dcb7	45	FUN_0042dcb7
login-server	0042dce4	80	FUN_0042dce4
login-server	0042dd34	39	FUN_0042dd34
login-server	0042dd5b	65	FUN_0042dd5b
login-server	0042dd9c	62	FUN_0042dd9c
login-server	0042ddda	116	FUN_0042ddda
login-server	0042de4e	116	FUN_0042de4e
login-server	0042dec2	95	FUN_0042dec2
login-server	0042df21	39	FUN_0042df21
login-server	0042df48	21	FUN_0042df48
login-server	0042df5d	24	FUN_0042df5d
login-server	0042df75	79	FUN_0042df75
login-server	0042dfc4	40	FUN_0042dfc4
login-server	0042dfec	32	FUN_0042dfec
login-server	0042e00c	18	FUN_0042e00c
login-server	0042e01e	14	FUN_0042e01e
login-server	0042e02c	45	FUN_0042e02c
login-server	0042e059	18	FUN_0042e059
login-server	0042e06b	25	FUN_0042e06b
login-server	0042e084	54	FUN_0042e084
login-server	0042e0d1	42	FUN_0042e0d1
login-server	0042e0fb	46	FUN_0042e0fb
login-server	0042e129	50	FUN_0042e129
login-server	0042e15b	53	FUN_0042e15b
login-server	0042e190	47	FUN_0042e190
login-server	0042e1bf	51	FUN_0042e1bf
login-server	0042e1f2	26	FUN_0042e1f2
login-server	0042e20c	26	FUN_0042e20c
login-server	0042e226	39	FUN_0042e226
login-server	0042e24d	47	FUN_0042e24d
login-server	0042e27c	27	FUN_0042e27c
login-server	0042e297	65	FUN_0042e297
login-server	0042e2d8	79	FUN_0042e2d8
login-server	0042e327	39	FUN_0042e327
login-server	0042e34e	27	FUN_0042e34e
login-server	0042e369	39	FUN_0042e369
login-server	0042e390	33	FUN_0042e390
login-server	0042e3b1	39	FUN_0042e3b1
login-server	0042e3d8	34	?GetProperty@CWnd@@QBEXJGPAX@Z
login-server	0042e3fa	61	FUN_0042e3fa
login-server	0042e437	31	FUN_0042e437
login-server	0042e456	46	FUN_0042e456
login-server	0042e484	58	FUN_0042e484
login-server	0042e55d	133	FUN_0042e55d
login-server	0042e5e2	28	FUN_0042e5e2
login-server	0042e5fe	62	??1CDialog@@UAE@XZ
login-server	0042e63c	79	FUN_0042e63c
login-server	0042e68b	35	FUN_0042e68b
login-server	0042e6ae	43	FUN_0042e6ae
login-server	0042e6d9	517	FUN_0042e6d9
login-server	0042e908	57	FUN_0042e908
login-server	0042e941	58	?PreModal@CDialog@@IAEPAUHWND__@@XZ
login-server	0042e97b	66	?PostModal@CDialog@@IAEXXZ
login-server	0042e9bd	326	FUN_0042e9bd
login-server	0042eb1d	35	FUN_0042eb1d
login-server	0042eb64	136	FUN_0042eb64
login-server	0042ebec	86	FUN_0042ebec
login-server	0042ec42	101	FUN_0042ec42
login-server	0042eca7	25	FUN_0042eca7
login-server	0042ecc0	8	FUN_0042ecc0
login-server	0042ecc8	124	FUN_0042ecc8
login-server	0042edc9	13	FUN_0042edc9
login-server	0042edd6	12	FUN_0042edd6
login-server	0042ee07	13	FUN_0042ee07
login-server	0042ee14	12	FUN_0042ee14
login-server	0042ee45	13	FUN_0042ee45
login-server	0042ee52	12	FUN_0042ee52
login-server	0042ee83	13	FUN_0042ee83
login-server	0042ee90	12	FUN_0042ee90
login-server	0042eeb7	34	FUN_0042eeb7
login-server	0042eed9	28	??_GCWnd@@UAEPAXI@Z
login-server	0042eef5	44	FUN_0042eef5
login-server	0042ef21	79	FUN_0042ef21
login-server	0042ef70	26	FUN_0042ef70
login-server	0042ef8a	26	FUN_0042ef8a
login-server	0042efa4	35	FUN_0042efa4
login-server	0042efc7	121	FUN_0042efc7
login-server	0042f040	97	FUN_0042f040
login-server	0042f0a1	118	FUN_0042f0a1
login-server	0042f117	201	FUN_0042f117
login-server	0042f20a	53	FUN_0042f20a
login-server	0042f23f	39	FUN_0042f23f
login-server	0042f266	114	FUN_0042f266
login-server	0042f2d8	39	FUN_0042f2d8
login-server	0042f2ff	30	FUN_0042f2ff
login-server	0042f31d	57	FUN_0042f31d
login-server	0042f356	46	?Detach@CWnd@@QAEPAUHWND__@@XZ
login-server	0042f384	47	FUN_0042f384
login-server	0042f3b3	6	FUN_0042f3b3
login-server	0042f3b9	291	FUN_0042f3b9
login-server	0042f518	124	FUN_0042f518
login-server	0042f594	502	FUN_0042f594
login-server	0042f78a	76	FUN_0042f78a
login-server	0042f7d6	66	FUN_0042f7d6
login-server	0042f818	198	FUN_0042f818
login-server	0042f8de	32	FUN_0042f8de
login-server	0042f8fe	76	FUN_0042f8fe
login-server	0042f94a	124	??1CWnd@@UAE@XZ
login-server	0042f9c6	30	FUN_0042f9c6
login-server	0042f9e4	274	FUN_0042f9e4
login-server	0042fb08	77	FUN_0042fb08
login-server	0042fb55	71	FUN_0042fb55
login-server	0042fba0	31	FUN_0042fba0
login-server	0042fc16	113	FUN_0042fc16
login-server	0042fc87	61	FUN_0042fc87
login-server	0042fcc4	42	FUN_0042fcc4
login-server	0042fd0e	43	FUN_0042fd0e
login-server	0042fe14	145	FUN_0042fe14
login-server	0042feb5	180	FUN_0042feb5
login-server	0042ff69	70	FUN_0042ff69
login-server	0042ffaf	226	FUN_0042ffaf
login-server	00430097	64	?AfxFindMessageEntry@@YGPBUAFX_MSGMAP_ENTRY@@PBU1@III@Z
login-server	004300d7	68	FUN_004300d7
login-server	0043011b	1198	FUN_0043011b
login-server	0043068d	25	FUN_0043068d
login-server	004306b7	140	FUN_004306b7
login-server	00430743	122	FUN_00430743
login-server	004307bd	62	FUN_004307bd
login-server	004307fb	69	?AfxGetParentOwner@@YGPAUHWND__@@PAU1@@Z
login-server	00430840	40	FUN_00430840
login-server	00430868	65	FUN_00430868
login-server	004308a9	121	FUN_004308a9
login-server	00430922	125	FUN_00430922
login-server	004309a4	43	FUN_004309a4
login-server	004309cf	66	FUN_004309cf
login-server	00430a11	45	FUN_00430a11
login-server	00430a3e	164	FUN_00430a3e
login-server	00430ae2	91	FUN_00430ae2
login-server	00430b3d	232	FUN_00430b3d
login-server	00430c74	125	FUN_00430c74
login-server	00430cf1	83	FUN_00430cf1
login-server	00430d44	75	FUN_00430d44
login-server	00430d8f	100	FUN_00430d8f
login-server	00430df3	73	?OnDisplayChange@CWnd@@IAEJIJ@Z
login-server	00430e3c	42	FUN_00430e3c
login-server	00430e66	33	FUN_00430e66
login-server	00430e87	74	FUN_00430e87
login-server	00430ed1	39	FUN_00430ed1
login-server	00430ef8	99	FUN_00430ef8
login-server	00430f5b	117	FUN_00430f5b
login-server	00430fd8	123	FUN_00430fd8
login-server	0043107a	22	FUN_0043107a
login-server	00431090	437	FUN_00431090
login-server	00431245	80	FUN_00431245
login-server	00431295	210	FUN_00431295
login-server	00431367	48	FUN_00431367
login-server	00431397	351	FUN_00431397
login-server	00431521	65	FUN_00431521
login-server	00431562	119	FUN_00431562
login-server	004315d9	695	FUN_004315d9
login-server	00431893	31	FUN_00431893
login-server	004318b2	67	FUN_004318b2
login-server	004318f5	40	FUN_004318f5
login-server	0043192c	26	FUN_0043192c
login-server	00431946	43	FUN_00431946
login-server	00431971	263	FUN_00431971
login-server	00431a78	271	FUN_00431a78
login-server	00431b95	21	FUN_00431b95
login-server	00431baa	21	FUN_00431baa
login-server	00431bd7	50	FUN_00431bd7
login-server	00431c19	38	??0CCmdUI@@QAE@XZ
login-server	00431c3f	144	FUN_00431c3f
login-server	00431ccf	98	FUN_00431ccf
login-server	00431d31	86	FUN_00431d31
login-server	00431d87	87	FUN_00431d87
login-server	00431de4	34	FUN_00431de4
login-server	00431e06	55	FUN_00431e06
login-server	00431eb4	106	FUN_00431eb4
login-server	00431f1e	173	FUN_00431f1e
login-server	00431fcb	21	?AfxGetThread@@YGPAVCWinThread@@XZ
login-server	00431fe0	95	FUN_00431fe0
login-server	00432051	127	FUN_00432051
login-server	0043212d	267	FUN_0043212d
login-server	00432238	123	FUN_00432238
login-server	00432310	37	FUN_00432310
login-server	0043238d	75	FUN_0043238d
login-server	004323d8	330	FUN_004323d8
login-server	0043253d	64	FUN_0043253d
login-server	0043257d	132	FUN_0043257d
login-server	00432601	39	FUN_00432601
login-server	00432628	114	FUN_00432628
login-server	0043269a	21	FUN_0043269a
login-server	004326af	30	FUN_004326af
login-server	004326cd	42	FUN_004326cd
login-server	004326f7	22	FUN_004326f7
login-server	00432710	10	FUN_00432710
login-server	0043271a	12	FUN_0043271a
login-server	00432726	18	FUN_00432726
login-server	00432738	85	FUN_00432738
login-server	0043278d	18	FUN_0043278d
login-server	0043279f	32	FUN_0043279f
login-server	004327bf	56	FUN_004327bf
login-server	00432805	38	FUN_00432805
login-server	0043282b	25	FUN_0043282b
login-server	00432844	47	FUN_00432844
login-server	00432873	96	FUN_00432873
login-server	004328d3	14	FUN_004328d3
login-server	004328e1	6	FUN_004328e1
login-server	004328e7	86	FUN_004328e7
login-server	0043293d	184	FUN_0043293d
login-server	004329f5	111	FUN_004329f5
login-server	00432a64	282	FUN_00432a64
login-server	00432b7e	145	FUN_00432b7e
login-server	00432c0f	9	FUN_00432c0f
login-server	00432c18	250	FUN_00432c18
login-server	00432d12	101	FUN_00432d12
login-server	00432d77	174	FUN_00432d77
login-server	00432e36	101	FUN_00432e36
login-server	00432e9b	68	FUN_00432e9b
login-server	00432edf	88	FUN_00432edf
login-server	00432f37	26	FUN_00432f37
login-server	00432f51	28	FUN_00432f51
login-server	00432f6d	31	FUN_00432f6d
login-server	00432f8c	72	FUN_00432f8c
login-server	00432fd4	117	FUN_00432fd4
login-server	00433049	285	FUN_00433049
login-server	00433166	58	FUN_00433166
login-server	004331a0	75	FUN_004331a0
login-server	00433264	65	FUN_00433264
login-server	004332a5	32	FUN_004332a5
login-server	00433317	44	FUN_00433317
login-server	00433343	45	FUN_00433343
login-server	00433375	208	FUN_00433375
login-server	00433445	198	FUN_00433445
login-server	0043350b	86	FUN_0043350b
login-server	00433561	130	FUN_00433561
login-server	004335e3	130	FUN_004335e3
login-server	00433665	47	FUN_00433665
login-server	00433694	218	FUN_00433694
login-server	0043376e	33	FUN_0043376e
login-server	0043378f	160	FUN_0043378f
login-server	0043382f	106	FUN_0043382f
login-server	0043389a	502	FUN_0043389a
login-server	00433b18	118	FUN_00433b18
login-server	00433ba1	20	FUN_00433ba1
login-server	00433bb5	28	FUN_00433bb5
login-server	00433bd1	114	FUN_00433bd1
login-server	00433c43	21	FUN_00433c43
login-server	00433c58	55	FUN_00433c58
login-server	00433c8f	49	?Detach@CDC@@QAEPAUHDC__@@XZ
login-server	00433cc0	54	FUN_00433cc0
login-server	00433d14	49	FUN_00433d14
login-server	00433d45	62	FUN_00433d45
login-server	00433d83	60	FUN_00433d83
login-server	00433dbf	70	FUN_00433dbf
login-server	00433e05	47	FUN_00433e05
login-server	00433e34	47	FUN_00433e34
login-server	00433e63	46	FUN_00433e63
login-server	00433e91	76	FUN_00433e91
login-server	00433edd	76	FUN_00433edd
login-server	00433f29	76	FUN_00433f29
login-server	00433f75	88	FUN_00433f75
login-server	00433fcd	76	FUN_00433fcd
login-server	00434019	88	FUN_00434019
login-server	00434081	105	FUN_00434081
login-server	004340ea	105	FUN_004340ea
login-server	00434153	86	FUN_00434153
login-server	004341a9	28	FUN_004341a9
login-server	004341c5	66	FID_conflict:??1CClientDC@@UAE@XZ
login-server	00434207	86	FUN_00434207
login-server	0043425d	28	FUN_0043425d
login-server	00434279	66	FID_conflict:??1CClientDC@@UAE@XZ
login-server	004342bb	86	FUN_004342bb
login-server	00434311	28	??_GCPaintDC@@UAEPAXI@Z
login-server	0043432d	71	??1CPaintDC@@UAE@XZ
login-server	00434374	114	FUN_00434374
login-server	004343e6	21	FUN_004343e6
login-server	004343fb	42	FUN_004343fb
login-server	00434425	22	FUN_00434425
login-server	0043443b	25	FUN_0043443b
login-server	00434454	25	FUN_00434454
login-server	0043446d	220	FUN_0043446d
login-server	00434549	70	FUN_00434549
login-server	0043458f	66	FUN_0043458f
login-server	004345d1	14	FUN_004345d1
login-server	004345df	271	FUN_004345df
login-server	004346ee	144	FUN_004346ee
login-server	0043477e	124	FUN_0043477e
login-server	004347fa	194	FUN_004347fa
login-server	004348bc	46	FUN_004348bc
login-server	004348ea	48	FUN_004348ea
login-server	0043491a	74	FUN_0043491a
login-server	00434964	43	FUN_00434964
login-server	0043498f	117	FUN_0043498f
login-server	00434a04	88	FUN_00434a04
login-server	00434a5c	25	FUN_00434a5c
login-server	00434a75	54	FUN_00434a75
login-server	00434b9d	100	FUN_00434b9d
login-server	00434c02	46	FUN_00434c02
login-server	00434c30	231	FUN_00434c30
login-server	00434d17	56	FUN_00434d17
login-server	00434d4f	89	FUN_00434d4f
login-server	00434da8	156	FUN_00434da8
login-server	00434e44	12	FUN_00434e44
login-server	00434e94	95	FUN_00434e94
login-server	00434f9d	23	FUN_00434f9d
login-server	00434fb4	47	FUN_00434fb4
login-server	00434fe3	53	FUN_00434fe3
login-server	00435018	165	FUN_00435018
login-server	004350bd	112	FUN_004350bd
login-server	0043512d	47	FUN_0043512d
login-server	0043515c	82	FID_conflict:?DDX_Text@@YGXPAVCDataExchange@@HAAV?$CStringT@DV?$StrTraitMFC@DV?$ChTraitsCRT@D@ATL@@@@@ATL@@@Z
login-server	004351ae	76	FUN_004351ae
login-server	004351fa	117	FUN_004351fa
login-server	0043526f	162	FUN_0043526f
login-server	00435311	51	FUN_00435311
login-server	00435344	28	??_GCMemFile@@UAEPAXI@Z
login-server	00435360	60	FUN_00435360
login-server	0043539c	76	??1CMemFile@@UAE@XZ
login-server	0043543d	89	FUN_0043543d
login-server	0043553c	70	FUN_0043553c
login-server	00435583	42	FUN_00435583
login-server	004355c2	167	FUN_004355c2
login-server	00435669	58	FUN_00435669
login-server	004356a3	255	FUN_004356a3
login-server	004357a2	23	FUN_004357a2
login-server	004357b9	16	FUN_004357b9
login-server	004357c9	9	FUN_004357c9
login-server	004357f3	142	FUN_004357f3
login-server	00435881	142	FUN_00435881
login-server	00435998	1	FUN_00435998
login-server	00435999	12	FUN_00435999
login-server	004359c4	27	FUN_004359c4
login-server	004359df	1	FUN_004359df
login-server	004359e0	23	FUN_004359e0
login-server	004359f7	27	FUN_004359f7
login-server	00435a12	116	FUN_00435a12
login-server	00435a86	16	FUN_00435a86
login-server	00435aa0	1	FUN_00435aa0
login-server	00435aa1	12	FUN_00435aa1
login-server	00435ab7	99	FUN_00435ab7
login-server	00435b1a	27	FUN_00435b1a
login-server	00435b35	117	FUN_00435b35
login-server	00435baa	31	FUN_00435baa
login-server	00435bc9	27	FUN_00435bc9
login-server	00435be4	174	FUN_00435be4
login-server	00435c9c	1	FUN_00435c9c
login-server	00435c9d	12	FUN_00435c9d
login-server	00435cb3	38	FUN_00435cb3
login-server	00435cd9	23	?AfxGetModuleThreadState@@YGPAVAFX_MODULE_THREAD_STATE@@XZ
login-server	00435cf0	53	?Unlock@CTypeLibCache@@QAEXXZ
login-server	00435d7c	27	FUN_00435d7c
login-server	00435d97	5	thunk_FUN_00435b35
login-server	00435e1a	32	FUN_00435e1a
login-server	00435e3a	5	??1CWnd@@UAE@XZ
login-server	00435e4f	15	FUN_00435e4f
login-server	00435e5e	12	FUN_00435e5e
login-server	00435ecb	27	FUN_00435ecb
login-server	00435ee6	224	FUN_00435ee6
login-server	00435fcc	9	FUN_00435fcc
login-server	00435fd5	27	FUN_00435fd5
login-server	00435ff0	234	FUN_00435ff0
login-server	004360da	28	FUN_004360da
login-server	0043613a	310	FUN_0043613a
login-server	00436270	48	FUN_00436270
login-server	004362a0	54	FUN_004362a0
login-server	004362e6	1	FUN_004362e6
login-server	004362e7	12	FUN_004362e7
login-server	00436302	28	??_GCWinThread@@UAEPAXI@Z
login-server	0043631e	61	??0CWinThread@@QAE@XZ
login-server	0043635b	50	FUN_0043635b
login-server	004363a8	27	FUN_004363a8
login-server	004363c3	177	FUN_004363c3
login-server	004364c3	32	FUN_004364c3
login-server	004364e3	5	thunk_FUN_0042d000
login-server	004364f8	15	FUN_004364f8
login-server	00436507	12	FUN_00436507
login-server	0043653e	18	FUN_0043653e
login-server	00436550	12	FUN_00436550
login-server	00436576	18	FUN_00436576
login-server	00436588	12	FUN_00436588
login-server	00436619	32	FUN_00436619
login-server	00436639	5	thunk_FUN_00433cc0
login-server	00436660	32	FUN_00436660
login-server	00436680	41	FUN_00436680
login-server	004366b9	15	FUN_004366b9
login-server	004366c8	12	FUN_004366c8
login-server	004366f9	15	FUN_004366f9
login-server	00436708	12	FUN_00436708
login-server	0043672f	148	FUN_0043672f
login-server	004367c3	70	FID_conflict:?GetSectionKey@CWinApp@@QAEPAUHKEY__@@PB_W@Z
login-server	00436845	32	FUN_00436845
login-server	00436865	41	FUN_00436865
login-server	0043689e	15	FUN_0043689e
login-server	004368ad	12	FUN_004368ad
login-server	004368e4	18	FUN_004368e4
login-server	004368f6	12	FUN_004368f6
login-server	0043691c	18	FUN_0043691c
login-server	0043692e	12	FUN_0043692e
login-server	00436944	19	FUN_00436944
login-server	00436957	70	FUN_00436957
login-server	0043699d	30	FUN_0043699d
login-server	004369bb	20	FUN_004369bb
login-server	004369cf	66	FUN_004369cf
login-server	00436a11	87	FUN_00436a11
login-server	00436a68	274	FUN_00436a68
login-server	00436b7a	93	FUN_00436b7a
login-server	00436bd7	234	FUN_00436bd7
login-server	00436cc1	153	FUN_00436cc1
login-server	00436d5a	89	FUN_00436d5a
login-server	00436db3	119	FUN_00436db3
login-server	00436e2a	30	FUN_00436e2a
login-server	00436e48	75	FUN_00436e48
login-server	00436ec8	26	FUN_00436ec8
login-server	00436f10	69	FUN_00436f10
login-server	00436f55	78	FUN_00436f55
login-server	00436fa3	112	FUN_00436fa3
login-server	00437013	33	FUN_00437013
login-server	00437067	65	FUN_00437067
login-server	004370a8	54	FUN_004370a8
login-server	004370de	16	FUN_004370de
login-server	004370f8	1	FUN_004370f8
login-server	004370f9	12	FUN_004370f9
login-server	0043711e	1	FUN_0043711e
login-server	0043711f	12	FUN_0043711f
login-server	0043713f	10	FUN_0043713f
login-server	00437149	12	FUN_00437149
login-server	0043715f	48	FUN_0043715f
login-server	0043718f	34	FUN_0043718f
login-server	004371b1	155	FUN_004371b1
login-server	0043724c	35	FUN_0043724c
login-server	00437291	99	FUN_00437291
login-server	004372f4	285	FUN_004372f4
login-server	00437411	86	FUN_00437411
login-server	00437508	157	FUN_00437508
login-server	004375a5	91	FUN_004375a5
login-server	00437655	69	FUN_00437655
login-server	0043769a	77	FUN_0043769a
login-server	004376e7	66	FUN_004376e7
login-server	00437729	28	FUN_00437729
login-server	00437745	31	FUN_00437745
login-server	0043776a	9	FUN_0043776a
login-server	00437773	27	FUN_00437773
login-server	0043778e	7	FUN_0043778e
login-server	0043779f	1	FUN_0043779f
login-server	004377a0	12	FUN_004377a0
login-server	004377b6	81	FUN_004377b6
login-server	0043785e	28	?_AfxRelease@@YGKPAPAUIUnknown@@@Z
login-server	0043787a	25	FUN_0043787a
login-server	00437893	42	FUN_00437893
login-server	004378bd	19	FUN_004378bd
login-server	004378d0	174	FUN_004378d0
login-server	0043797e	96	FUN_0043797e
login-server	004379de	66	FUN_004379de
login-server	00437a20	38	FUN_00437a20
login-server	00437a46	75	FUN_00437a46
login-server	00437a91	24	FUN_00437a91
login-server	00437aa9	30	FUN_00437aa9
login-server	00437ac7	84	FUN_00437ac7
login-server	00437b1b	28	FUN_00437b1b
login-server	00437b37	11	FUN_00437b37
login-server	00437b42	144	FUN_00437b42
login-server	00437bd2	63	FUN_00437bd2
login-server	00437c11	28	??_GCEnumArray@@UAEPAXI@Z
login-server	00437c2d	78	??1CEnumArray@@UAE@XZ
login-server	00437c7b	48	FUN_00437c7b
login-server	00437d43	122	FUN_00437d43
login-server	00437dcb	80	FUN_00437dcb
login-server	00437e3b	106	FUN_00437e3b
login-server	00437eb3	16	?FlushClipboard@COleDataSource@@SGXXZ
login-server	00437ec3	59	?GetClipboardOwner@COleDataSource@@SGPAV1@XZ
login-server	00437f3f	72	FUN_00437f3f
login-server	00437f87	86	FUN_00437f87
login-server	00437fdd	109	FUN_00437fdd
login-server	00438058	110	FUN_00438058
login-server	0043810f	98	FUN_0043810f
login-server	004381b4	213	FUN_004381b4
login-server	00438289	73	FUN_00438289
login-server	004382d2	67	FUN_004382d2
login-server	00438315	523	FUN_00438315
login-server	00438594	574	FUN_00438594
login-server	0043883c	75	FUN_0043883c
login-server	00438887	28	FUN_00438887
login-server	004388a3	572	FUN_004388a3
login-server	00438adf	142	FUN_00438adf
login-server	00438b8f	13	FUN_00438b8f
login-server	00438b9c	25	?AttachDispatch@COleDispatchDriver@@QAEXPAUIDispatch@@H@Z
login-server	00438bb5	26	?ReleaseDispatch@COleDispatchDriver@@QAEXXZ
login-server	00438bcf	1131	FUN_00438bcf
login-server	004390f6	17	FUN_004390f6
login-server	00439107	45	FUN_00439107
login-server	00439134	35	?AfxPostQuitMessage@@YGXH@Z
login-server	00439157	79	??1CWinThread@@UAE@XZ
login-server	004391b0	56	FUN_004391b0
login-server	004391e8	25	FUN_004391e8
login-server	00439201	33	FUN_00439201
login-server	00439222	43	FUN_00439222
login-server	0043924d	181	FUN_0043924d
game-server	00401000	62	FUN_00401000
game-server	0040103e	27	FUN_0040103e
game-server	00401059	99	FUN_00401059
game-server	004010bc	113	FUN_004010bc
game-server	0040112d	255	FUN_0040112d
game-server	0040122c	22	FUN_0040122c
game-server	00401242	25	FUN_00401242
game-server	00401260	63	FUN_00401260
game-server	004012a0	34	FUN_004012a0
game-server	004012d0	5	FUN_004012d0
game-server	004012e0	24	FUN_004012e0
game-server	00401300	27	FUN_00401300
game-server	00401320	27	FUN_00401320
game-server	00401340	155	FUN_00401340
game-server	004013db	462	FUN_004013db
game-server	004015a9	396	FUN_004015a9
game-server	00401735	619	FUN_00401735
game-server	004019a0	642	FUN_004019a0
game-server	00401c22	229	FUN_00401c22
game-server	00401d07	1017	FUN_00401d07
game-server	0040212c	664	FUN_0040212c
game-server	004023c4	63	FUN_004023c4
game-server	00402403	552	FUN_00402403
game-server	0040262b	133	FUN_0040262b
game-server	004026b0	94	FUN_004026b0
game-server	0040270e	87	FUN_0040270e
game-server	00402765	67	FUN_00402765
game-server	004027a8	25	FUN_004027a8
game-server	004027c1	309	FUN_004027c1
game-server	004028f6	250	FUN_004028f6
game-server	004029f0	214	FUN_004029f0
game-server	00402ac6	113	FUN_00402ac6
game-server	00402b37	669	FUN_00402b37
game-server	00402dd4	386	FUN_00402dd4
game-server	00402f56	95	FUN_00402f56
game-server	00402fb5	815	FUN_00402fb5
game-server	004032e4	155	FUN_004032e4
game-server	0040337f	32	FUN_0040337f
game-server	0040339f	27	FUN_0040339f
game-server	004033ba	32	FUN_004033ba
game-server	004033da	27	FUN_004033da
game-server	004033f5	32	FUN_004033f5
game-server	00403415	27	FUN_00403415
game-server	00403430	32	FUN_00403430
game-server	00403450	27	FUN_00403450
game-server	0040346b	107	FUN_0040346b
game-server	004034d6	37	?SetOccDialogInfo@CPaneDialog@@UAEHPAU_AFX_OCC_DIALOG_INFO@@@Z
game-server	004034fb	343	FUN_004034fb
game-server	00403652	32	FUN_00403652
game-server	00403672	27	FUN_00403672
game-server	0040368d	67	FUN_0040368d
game-server	004036d0	61	FUN_004036d0
game-server	0040370d	36	FUN_0040370d
game-server	00403731	22	FUN_00403731
game-server	00403747	25	FUN_00403747
game-server	00403760	63	FUN_00403760
game-server	004037a0	32	FUN_004037a0
game-server	004037c0	38	FUN_004037c0
game-server	004037f0	227	FUN_004037f0
game-server	004038e0	38	FUN_004038e0
game-server	00403910	64	FUN_00403910
game-server	00403950	26	FUN_00403950
game-server	00403970	27	FUN_00403970
game-server	00403990	57	FUN_00403990
game-server	004039d0	29	FUN_004039d0
game-server	004039f0	24	FUN_004039f0
game-server	00403a10	40	FUN_00403a10
game-server	00403a38	27	FUN_00403a38
game-server	00403a53	22	FUN_00403a53
game-server	00403a69	25	FUN_00403a69
game-server	00403a90	63	FUN_00403a90
game-server	00403ad0	104	FUN_00403ad0
game-server	00403b38	86	FUN_00403b38
game-server	00403b8e	20	FUN_00403b8e
game-server	00403ba2	25	FUN_00403ba2
game-server	00403bbb	25	FUN_00403bbb
game-server	00403bd4	288	FUN_00403bd4
game-server	00403cf4	20	FUN_00403cf4
game-server	00403d08	508	FUN_00403d08
game-server	00403f04	22	FUN_00403f04
game-server	00403f1a	25	FUN_00403f1a
game-server	00403f40	63	FUN_00403f40
game-server	00403f80	35	FUN_00403f80
game-server	00403fb0	27	FUN_00403fb0
game-server	00403fd0	27	FUN_00403fd0
game-server	00403ff0	27	FUN_00403ff0
game-server	00404010	26	FUN_00404010
game-server	00404030	84	FUN_00404030
game-server	00404084	27	FUN_00404084
game-server	0040409f	374	FUN_0040409f
game-server	00404215	22	FUN_00404215
game-server	0040422b	25	FUN_0040422b
game-server	00404250	63	FUN_00404250
game-server	00404290	58	FUN_00404290
game-server	004042ca	27	FUN_004042ca
game-server	004042e5	168	FUN_004042e5
game-server	0040438d	240	FUN_0040438d
game-server	0040447d	201	FUN_0040447d
game-server	00404546	616	FUN_00404546
game-server	004047ae	22	FUN_004047ae
game-server	004047c4	25	FUN_004047c4
game-server	004047e0	63	FUN_004047e0
game-server	00404820	24	FUN_00404820
game-server	00404840	29	FUN_00404840
game-server	00404860	163	FUN_00404860
game-server	00404903	70	FUN_00404903
game-server	00404949	351	FUN_00404949
game-server	00404aa8	425	FUN_00404aa8
game-server	00404c51	23	FUN_00404c51
game-server	00404c68	612	FUN_00404c68
game-server	00404ecc	304	FUN_00404ecc
game-server	00404ffc	251	FUN_00404ffc
game-server	004050f7	251	FUN_004050f7
game-server	004051f2	704	FUN_004051f2
game-server	004054b2	265	FUN_004054b2
game-server	004055bb	251	FUN_004055bb
game-server	004056b6	265	FUN_004056b6
game-server	004057bf	885	FUN_004057bf
game-server	00405b34	251	FUN_00405b34
game-server	00405c2f	271	FUN_00405c2f
game-server	00405d3e	22	FUN_00405d3e
game-server	00405d54	186	FUN_00405d54
game-server	00405e0e	186	FUN_00405e0e
game-server	00405ec8	180	FUN_00405ec8
game-server	00405f7c	281	FUN_00405f7c
game-server	00406095	254	FUN_00406095
game-server	00406193	254	FUN_00406193
game-server	00406291	181	FUN_00406291
game-server	00406346	18	FUN_00406346
game-server	00406358	42	FUN_00406358
game-server	00406382	22	FUN_00406382
game-server	00406398	25	FUN_00406398
game-server	004063c0	63	FUN_004063c0
game-server	00406400	87	FUN_00406400
game-server	00406457	48	FUN_00406457
game-server	00406487	339	FUN_00406487
game-server	004065da	1765	FUN_004065da
game-server	00406cbf	546	FUN_00406cbf
game-server	00406ee1	649	FUN_00406ee1
game-server	0040716a	304	FUN_0040716a
game-server	0040729a	1069	FUN_0040729a
game-server	004076c7	1042	FUN_004076c7
game-server	00407ad9	2121	FUN_00407ad9
game-server	00408322	2127	FUN_00408322
game-server	00408b71	709	FUN_00408b71
game-server	00408e36	20	FUN_00408e36
game-server	00408e4a	225	FUN_00408e4a
game-server	00408f2b	443	FUN_00408f2b
game-server	004090e6	278	FUN_004090e6
game-server	004091fc	225	FUN_004091fc
game-server	004092dd	713	FUN_004092dd
game-server	004095a6	364	FUN_004095a6
game-server	00409712	547	FUN_00409712
game-server	00409935	693	FUN_00409935
game-server	00409bea	681	FUN_00409bea
game-server	00409e93	328	FUN_00409e93
game-server	00409fdb	621	FUN_00409fdb
game-server	0040a248	22	FUN_0040a248
game-server	0040a25e	25	FUN_0040a25e
game-server	0040a280	63	FUN_0040a280
game-server	0040a2c0	32	FUN_0040a2c0
game-server	0040a2e0	227	FUN_0040a2e0
game-server	0040a3d0	23	FUN_0040a3d0
game-server	0040a3f0	24	FUN_0040a3f0
game-server	0040a410	33	FUN_0040a410
game-server	0040a440	33	FUN_0040a440
game-server	0040a470	24	FUN_0040a470
game-server	0040a490	24	FUN_0040a490
game-server	0040a4b0	29	?SetPaneDivider@CPaneContainer@@QAEXPAVCPaneDivider@@@Z
game-server	0040a4d0	28	FUN_0040a4d0
game-server	0040a4f0	33	FUN_0040a4f0
game-server	0040a520	55	FUN_0040a520
game-server	0040a560	62	FUN_0040a560
game-server	0040a5a0	55	FUN_0040a5a0
game-server	0040a5e0	55	FUN_0040a5e0
game-server	0040a620	55	FUN_0040a620
game-server	0040a660	55	FUN_0040a660
game-server	0040a6a0	55	FUN_0040a6a0
game-server	0040a6e0	55	FUN_0040a6e0
game-server	0040a720	55	FUN_0040a720
game-server	0040a760	55	FUN_0040a760
game-server	0040a7a0	55	FUN_0040a7a0
game-server	0040a7e0	55	FUN_0040a7e0
game-server	0040a820	62	FUN_0040a820
game-server	0040a860	55	FUN_0040a860
game-server	0040a8a0	55	FUN_0040a8a0
game-server	0040a8e0	55	FUN_0040a8e0
game-server	0040a920	62	FUN_0040a920
game-server	0040a960	55	FUN_0040a960
game-server	0040a9a0	55	FUN_0040a9a0
game-server	0040a9e0	39	FUN_0040a9e0
game-server	0040aa10	27	FUN_0040aa10
game-server	0040aa30	250	FUN_0040aa30
game-server	0040ab2a	104	FUN_0040ab2a
game-server	0040ab92	3819	FUN_0040ab92
game-server	0040ba7d	1314	FUN_0040ba7d
game-server	0040bf9f	18	FUN_0040bf9f
game-server	0040bfb1	22	FUN_0040bfb1
game-server	0040bfc7	25	FUN_0040bfc7
game-server	0040bfe0	63	FUN_0040bfe0
game-server	0040c020	64	FUN_0040c020
game-server	0040c060	45	FUN_0040c060
game-server	0040c08d	185	FUN_0040c08d
game-server	0040c146	107	FUN_0040c146
game-server	0040c1b1	95	FUN_0040c1b1
game-server	0040c210	22	FUN_0040c210
game-server	0040c226	25	FUN_0040c226
game-server	0040c240	63	FUN_0040c240
game-server	0040c280	49	FUN_0040c280
game-server	0040c2c0	119	FUN_0040c2c0
game-server	0040c337	48	FUN_0040c337
game-server	0040c367	38	FUN_0040c367
game-server	0040c38d	18	FUN_0040c38d
game-server	0040c39f	13327	FUN_0040c39f
game-server	0040f8b6	436	FUN_0040f8b6
game-server	0040fa6a	229	FUN_0040fa6a
game-server	0040fb4f	22	FUN_0040fb4f
game-server	0040fb65	25	FUN_0040fb65
game-server	0040fb80	63	FUN_0040fb80
game-server	0040fbc0	355	FUN_0040fbc0
game-server	0040fd23	206	FUN_0040fd23
game-server	0040fdf1	298	FUN_0040fdf1
game-server	0040ff1b	170	FUN_0040ff1b
game-server	0040ffc5	53	FUN_0040ffc5
game-server	0040fffa	1346	FUN_0040fffa
game-server	0041053c	131	FUN_0041053c
game-server	004105bf	856	FUN_004105bf
game-server	00410917	245	FUN_00410917
game-server	00410a0c	674	FUN_00410a0c
game-server	00410cae	273	FUN_00410cae
game-server	00410dbf	22	FUN_00410dbf
game-server	00410dd5	25	FUN_00410dd5
game-server	00410df0	63	FUN_00410df0
game-server	00410e30	27	FUN_00410e30
game-server	00410e50	32	FUN_00410e50
game-server	00410e70	29	FUN_00410e70
game-server	00410e90	176	FUN_00410e90
game-server	00410f40	134	FUN_00410f40
game-server	00410fc6	364	FUN_00410fc6
game-server	00411132	60	FUN_00411132
game-server	0041116e	439	FUN_0041116e
game-server	00411325	22	FUN_00411325
game-server	0041133b	25	FUN_0041133b
game-server	00411360	63	FUN_00411360
game-server	004113a0	24	FUN_004113a0
game-server	004113c0	24	FUN_004113c0
game-server	004113e0	24	FUN_004113e0
game-server	00411400	24	FUN_00411400
game-server	00411420	78	FUN_00411420
game-server	00411470	27	FUN_00411470
game-server	00411490	338	FUN_00411490
game-server	004115f0	163	FUN_004115f0
game-server	004116a0	63	FUN_004116a0
game-server	004116e0	25	FUN_004116e0
game-server	00411700	29	FUN_00411700
game-server	00411720	29	?SetRecentPercent@CPaneContainer@@QAEXH@Z
game-server	00411740	72	FUN_00411740
game-server	00411790	63	FUN_00411790
game-server	004117d0	27	FUN_004117d0
game-server	004117f0	190	FUN_004117f0
game-server	004118ae	27	FUN_004118ae
game-server	004118c9	682	FUN_004118c9
game-server	00411b73	28	FUN_00411b73
game-server	00411b8f	306	FUN_00411b8f
game-server	00411cc1	266	FUN_00411cc1
game-server	00411dcb	317	FUN_00411dcb
game-server	00411f08	1031	FUN_00411f08
game-server	0041230f	1012	FUN_0041230f
game-server	00412703	139	FUN_00412703
game-server	0041278e	815	FUN_0041278e
game-server	00412acd	742	FUN_00412acd
game-server	00412dc3	119	FUN_00412dc3
game-server	00412e3a	22	FUN_00412e3a
game-server	00412e50	25	FUN_00412e50
game-server	00412e70	63	FUN_00412e70
game-server	00412eb0	40	FUN_00412eb0
game-server	00412ee0	163	FUN_00412ee0
game-server	00412f83	70	FUN_00412f83
game-server	00412fc9	411	FUN_00412fc9
game-server	00413164	337	FUN_00413164
game-server	004132b5	23	FUN_004132b5
game-server	004132cc	529	FUN_004132cc
game-server	004134dd	152	FUN_004134dd
game-server	00413575	757	FUN_00413575
game-server	0041386a	25	FUN_0041386a
game-server	00413883	290	FUN_00413883
game-server	004139a5	214	FUN_004139a5
game-server	00413a7b	261	FUN_00413a7b
game-server	00413b80	265	FUN_00413b80
game-server	00413c89	303	FUN_00413c89
game-server	00413db8	180	FUN_00413db8
game-server	00413e6c	180	FUN_00413e6c
game-server	00413f20	236	FUN_00413f20
game-server	0041400c	255	FUN_0041400c
game-server	0041410b	690	FUN_0041410b
game-server	004143bd	314	FUN_004143bd
game-server	004144f7	885	FUN_004144f7
game-server	0041486c	214	FUN_0041486c
game-server	00414942	256	FUN_00414942
game-server	00414a42	262	FUN_00414a42
game-server	00414b48	181	FUN_00414b48
game-server	00414bfd	332	FUN_00414bfd
game-server	00414d49	22	FUN_00414d49
game-server	00414d5f	25	FUN_00414d5f
game-server	00414d80	63	FUN_00414d80
game-server	00414dc0	182	FUN_00414dc0
game-server	00414e76	104	FUN_00414e76
game-server	00414ede	80	FUN_00414ede
game-server	00414f2e	130	FUN_00414f2e
game-server	00414fb0	22	FUN_00414fb0
game-server	00414fc6	25	FUN_00414fc6
game-server	00414fe0	63	FUN_00414fe0
game-server	00415020	83	FUN_00415020
game-server	00415073	45	FUN_00415073
game-server	004150a0	72	FUN_004150a0
game-server	004150e8	55	FUN_004150e8
game-server	0041511f	18	FUN_0041511f
game-server	00415131	3175	FUN_00415131
game-server	00415db4	22	FUN_00415db4
game-server	00415dca	25	FUN_00415dca
game-server	00415df0	63	FUN_00415df0
game-server	00415e30	39	FUN_00415e30
game-server	00415e60	39	FUN_00415e60
game-server	00415e90	38	FUN_00415e90
game-server	00415ec0	91	FUN_00415ec0
game-server	00415f1b	45	FID_conflict:??1COleDialog@@UAE@XZ
game-server	00415f48	64	FUN_00415f48
game-server	00415f88	49	FUN_00415f88
game-server	00415fb9	528	FUN_00415fb9
game-server	004161c9	22	FUN_004161c9
game-server	004161df	25	FUN_004161df
game-server	00416200	63	FUN_00416200
game-server	00416240	30	FUN_00416240
game-server	0041625e	27	FUN_0041625e
game-server	00416279	300	FUN_00416279
game-server	004163a5	22	FUN_004163a5
game-server	004163bb	25	FUN_004163bb
game-server	004163e0	63	FUN_004163e0
game-server	00416420	30	FUN_00416420
game-server	0041643e	27	FUN_0041643e
game-server	00416459	300	FUN_00416459
game-server	00416585	22	FUN_00416585
game-server	0041659b	25	FUN_0041659b
game-server	004165c0	63	FUN_004165c0
game-server	00416600	119	FUN_00416600
game-server	00416677	104	FUN_00416677
game-server	004166df	36	FUN_004166df
game-server	00416703	47	FUN_00416703
game-server	00416732	182	FUN_00416732
game-server	004167e8	24	FUN_004167e8
game-server	00416800	134	FUN_00416800
game-server	00416886	548	FUN_00416886
game-server	00416aaa	105	FUN_00416aaa
game-server	00416b13	147	FUN_00416b13
game-server	00416ba6	106	FUN_00416ba6
game-server	00416c10	60	FUN_00416c10
game-server	00416c4c	106	FUN_00416c4c
game-server	00416cb6	316	FUN_00416cb6
game-server	00416df2	83	FUN_00416df2
game-server	00416e45	213	FUN_00416e45
game-server	00416f1a	291	FUN_00416f1a
game-server	0041703d	53	FUN_0041703d
game-server	00417072	401	FUN_00417072
game-server	00417203	318	FUN_00417203
game-server	00417341	323	FUN_00417341
game-server	00417484	371	FUN_00417484
game-server	004175f7	579	FUN_004175f7
game-server	0041783a	626	FUN_0041783a
game-server	00417aac	57	FUN_00417aac
game-server	00417ae5	279	FUN_00417ae5
game-server	00417bfc	614	FUN_00417bfc
game-server	00417e62	178	FUN_00417e62
game-server	00417f14	345	FUN_00417f14
game-server	0041806d	22	FUN_0041806d
game-server	00418083	25	FUN_00418083
game-server	004180a0	63	FUN_004180a0
game-server	004180e0	50	FUN_004180e0
game-server	00418120	58	FUN_00418120
game-server	0041815a	27	FUN_0041815a
game-server	00418175	38	FUN_00418175
game-server	0041819b	121	FUN_0041819b
game-server	00418214	22	FUN_00418214
game-server	0041822a	25	FUN_0041822a
game-server	00418250	63	FUN_00418250
game-server	00418290	137	FUN_00418290
game-server	00418319	27	FUN_00418319
game-server	00418334	218	FUN_00418334
game-server	0041840e	76	FUN_0041840e
game-server	0041845a	945	FUN_0041845a
game-server	0041880b	22	FUN_0041880b
game-server	00418821	25	FUN_00418821
game-server	00418840	63	FUN_00418840
game-server	00418880	122	FUN_00418880
game-server	00418900	122	FUN_00418900
game-server	00418980	122	FUN_00418980
game-server	00418a00	122	FUN_00418a00
game-server	00418a80	115	FUN_00418a80
game-server	00418b00	370	FUN_00418b00
game-server	00418c72	51	FUN_00418c72
game-server	00418ca5	200	FUN_00418ca5
game-server	00418d6d	23	FUN_00418d6d
game-server	00418d84	232	FUN_00418d84
game-server	00418e6c	411	FUN_00418e6c
game-server	00419007	22	FUN_00419007
game-server	0041901d	25	FUN_0041901d
game-server	00419040	63	FUN_00419040
game-server	00419080	183	FUN_00419080
game-server	00419137	104	FUN_00419137
game-server	0041919f	46	FUN_0041919f
game-server	004191cd	20	FUN_004191cd
game-server	004191e1	20	FUN_004191e1
game-server	004191f5	22	FUN_004191f5
game-server	0041920b	25	FUN_0041920b
game-server	00419230	63	FUN_00419230
game-server	00419270	75	FUN_00419270
game-server	004192bb	48	FUN_004192bb
game-server	004192eb	293	FUN_004192eb
game-server	00419410	285	FUN_00419410
game-server	0041952d	957	FUN_0041952d
game-server	004198ea	665	FUN_004198ea
game-server	00419b83	71	FUN_00419b83
game-server	00419bca	195	FUN_00419bca
game-server	00419c8d	255	FUN_00419c8d
game-server	00419d8c	268	FUN_00419d8c
game-server	00419e98	268	FUN_00419e98
game-server	00419fa4	193	FUN_00419fa4
game-server	0041a065	89	FUN_0041a065
game-server	0041a0be	188	FUN_0041a0be
game-server	0041a17a	176	FUN_0041a17a
game-server	0041a22a	82	FUN_0041a22a
game-server	0041a27c	92	FUN_0041a27c
game-server	0041a2d8	115	FUN_0041a2d8
game-server	0041a34b	22	FUN_0041a34b
game-server	0041a361	25	FUN_0041a361
game-server	0041a380	63	FUN_0041a380
game-server	0041a3c0	36	FUN_0041a3c0
game-server	0041a3f0	36	FUN_0041a3f0
game-server	0041a420	51	FUN_0041a420
game-server	0041a460	61	FUN_0041a460
game-server	0041a4a0	61	FUN_0041a4a0
game-server	0041a4e0	110	FUN_0041a4e0
game-server	0041a550	42	FUN_0041a550
game-server	0041a580	65	FUN_0041a580
game-server	0041a5d0	228	FUN_0041a5d0
game-server	0041a6c0	65	FUN_0041a6c0
game-server	0041a710	36	FUN_0041a710
game-server	0041a740	66	FUN_0041a740
game-server	0041a790	35	FUN_0041a790
game-server	0041a7c0	52	FUN_0041a7c0
game-server	0041a800	71	FUN_0041a800
game-server	0041a850	68	FUN_0041a850
game-server	0041a8a0	64	FUN_0041a8a0
game-server	0041a8e0	597	FUN_0041a8e0
game-server	0041ab40	351	FUN_0041ab40
game-server	0041aca0	128	FUN_0041aca0
game-server	0041ad20	186	FUN_0041ad20
game-server	0041ade0	44	FUN_0041ade0
game-server	0041ae10	42	FUN_0041ae10
game-server	0041ae40	39	FUN_0041ae40
game-server	0041ae70	44	FUN_0041ae70
game-server	0041aea0	23	FUN_0041aea0
game-server	0041aec0	43	?ProcessWndProcException@CWinThread@@UAEJPAVCException@@PBUtagMSG@@@Z
game-server	0041aef0	42	FUN_0041aef0
game-server	0041af20	46	FUN_0041af20
game-server	0041af50	8	FUN_0041af50
game-server	0041af60	11	FUN_0041af60
game-server	0041af70	11	FUN_0041af70
game-server	0041af80	24	FUN_0041af80
game-server	0041afa0	2160	FUN_0041afa0
game-server	0041b810	70	FUN_0041b810
game-server	0041b860	103	FUN_0041b860
game-server	0041b8d0	207	FUN_0041b8d0
game-server	0041b9a0	244	FUN_0041b9a0
game-server	0041baa0	1252	FUN_0041baa0
game-server	0041bf90	43	FUN_0041bf90
game-server	0041bfc0	43	FUN_0041bfc0
game-server	0041bff0	43	FUN_0041bff0
game-server	0041c020	240	FUN_0041c020
game-server	0041c110	23	FUN_0041c110
game-server	0041c130	45	FID_conflict:??0CAssoc@?$CMap@IIPAUHMENU__@@PAU1@@@QAE@I@Z
game-server	0041c160	39	FUN_0041c160
game-server	0041c190	11	FUN_0041c190
game-server	0041c1a0	11	FUN_0041c1a0
game-server	0041c1b0	70	FUN_0041c1b0
game-server	0041c200	229	FUN_0041c200
game-server	0041c2f0	388	FUN_0041c2f0
game-server	0041c480	145	FUN_0041c480
game-server	0041c520	145	FUN_0041c520
game-server	0041c5c0	388	FUN_0041c5c0
game-server	0041c750	89	FUN_0041c750
game-server	0041c7b0	46	FUN_0041c7b0
game-server	0041c7e0	42	FUN_0041c7e0
game-server	0041c810	31	FID_conflict:??0CPair@?$CMap@HHII@@IAE@H@Z
game-server	0041c830	295	FUN_0041c830
game-server	0041c960	44	FUN_0041c960
game-server	0041c990	44	FUN_0041c990
game-server	0041c9c0	43	FUN_0041c9c0
game-server	0041c9f0	229	FUN_0041c9f0
game-server	0041cae0	64	FUN_0041cae0
game-server	0041cb20	41	FUN_0041cb20
game-server	0041cb50	139	FUN_0041cb50
game-server	0041cbe0	22	FUN_0041cbe0
game-server	0041cc00	37	FUN_0041cc00
game-server	0041cc30	68	FUN_0041cc30
game-server	0041cc80	63	FUN_0041cc80
game-server	0041ccc0	41	FUN_0041ccc0
game-server	0041ccf0	58	FUN_0041ccf0
game-server	0041cd30	8	FUN_0041cd30
game-server	0041cd40	5	FUN_0041cd40
game-server	0041cd50	75	FUN_0041cd50
game-server	0041cd9b	257	FUN_0041cd9b
game-server	0041ce9c	203	FUN_0041ce9c
game-server	0041cf67	177	FUN_0041cf67
game-server	0041d018	218	FUN_0041d018
game-server	0041d0f2	362	FUN_0041d0f2
game-server	0041d25c	238	FUN_0041d25c
game-server	0041d34a	207	FUN_0041d34a
game-server	0041d419	158	FUN_0041d419
game-server	0041d4b7	153	FUN_0041d4b7
game-server	0041d550	717	FUN_0041d550
game-server	0041d81d	147	FUN_0041d81d
game-server	0041d8b0	415	FUN_0041d8b0
game-server	0041da4f	508	FUN_0041da4f
game-server	0041dc4b	183	FUN_0041dc4b
game-server	0041dd02	154	FUN_0041dd02
game-server	0041dd9c	156	FUN_0041dd9c
game-server	0041de38	146	FUN_0041de38
game-server	0041deca	414	FUN_0041deca
game-server	0041e068	146	FUN_0041e068
game-server	0041e0fa	153	FUN_0041e0fa
game-server	0041e193	152	FUN_0041e193
game-server	0041e22b	152	FUN_0041e22b
game-server	0041e2c3	133	FUN_0041e2c3
game-server	0041e348	232	FUN_0041e348
game-server	0041e430	151	FUN_0041e430
game-server	0041e4c7	151	FUN_0041e4c7
game-server	0041e55e	324	FUN_0041e55e
game-server	0041e6a2	184	FUN_0041e6a2
game-server	0041e75a	182	FUN_0041e75a
game-server	0041e810	108	FUN_0041e810
game-server	0041e87c	152	FUN_0041e87c
game-server	0041e914	152	FUN_0041e914
game-server	0041e9ac	22	FUN_0041e9ac
game-server	0041e9c2	25	FUN_0041e9c2
game-server	0041e9e0	63	FUN_0041e9e0
game-server	0041ea20	36	FUN_0041ea20
game-server	0041ea50	51	FUN_0041ea50
game-server	0041ea90	61	FUN_0041ea90
game-server	0041ead0	61	FUN_0041ead0
game-server	0041eb10	110	FUN_0041eb10
game-server	0041eb80	42	FUN_0041eb80
game-server	0041ebb0	36	FUN_0041ebb0
game-server	0041ebe0	65	FUN_0041ebe0
game-server	0041ec30	228	FUN_0041ec30
game-server	0041ed20	44	FUN_0041ed20
game-server	0041ed50	36	FUN_0041ed50
game-server	0041ed80	66	FUN_0041ed80
game-server	0041edd0	35	FUN_0041edd0
game-server	0041ee00	52	FUN_0041ee00
game-server	0041ee40	71	FUN_0041ee40
game-server	0041ee90	68	FUN_0041ee90
game-server	0041eee0	64	FUN_0041eee0
game-server	0041ef20	597	FUN_0041ef20
game-server	0041f180	351	FUN_0041f180
game-server	0041f2e0	128	FUN_0041f2e0
game-server	0041f360	82	FUN_0041f360
game-server	0041f3c0	186	FUN_0041f3c0
game-server	0041f480	44	FUN_0041f480
game-server	0041f4b0	42	FUN_0041f4b0
game-server	0041f4e0	39	FUN_0041f4e0
game-server	0041f510	44	FUN_0041f510
game-server	0041f540	23	FUN_0041f540
game-server	0041f560	34	FUN_0041f560
game-server	0041f590	42	FUN_0041f590
game-server	0041f5c0	46	FUN_0041f5c0
game-server	0041f5f0	8	FUN_0041f5f0
game-server	0041f600	11	FUN_0041f600
game-server	0041f610	11	FUN_0041f610
game-server	0041f620	24	FUN_0041f620
game-server	0041f640	2160	FUN_0041f640
game-server	0041feb0	70	FUN_0041feb0
game-server	0041ff00	103	FUN_0041ff00
game-server	0041ff70	207	FUN_0041ff70
game-server	00420040	244	FUN_00420040
game-server	00420140	1252	FUN_00420140
game-server	00420630	43	FUN_00420630
game-server	00420660	43	FUN_00420660
game-server	00420690	43	FUN_00420690
game-server	004206c0	240	FUN_004206c0
game-server	004207b0	23	FUN_004207b0
game-server	004207d0	45	FID_conflict:??0CAssoc@?$CMap@IIPAUHMENU__@@PAU1@@@QAE@I@Z
game-server	00420800	39	FUN_00420800
game-server	00420830	11	FUN_00420830
game-server	00420840	11	FUN_00420840
game-server	00420850	70	FUN_00420850
game-server	004208a0	229	FUN_004208a0
game-server	00420990	388	FUN_00420990
game-server	00420b20	145	FUN_00420b20
game-server	00420bc0	145	FUN_00420bc0
game-server	00420c60	388	FUN_00420c60
game-server	00420df0	89	FUN_00420df0
game-server	00420e50	46	FUN_00420e50
game-server	00420e80	42	FUN_00420e80
game-server	00420eb0	31	FID_conflict:??0CPair@?$CMap@HHII@@IAE@H@Z
game-server	00420ed0	295	FUN_00420ed0
game-server	00421000	44	FUN_00421000
game-server	00421030	44	FUN_00421030
game-server	00421060	43	FUN_00421060
game-server	00421090	229	FUN_00421090
game-server	00421180	64	FUN_00421180
game-server	004211c0	41	FUN_004211c0
game-server	004211f0	88	FUN_004211f0
game-server	00421250	5	FUN_00421250
game-server	00421260	41	FUN_00421260
game-server	00421290	58	FUN_00421290
game-server	004212d0	185	FUN_004212d0
game-server	00421389	67	FUN_00421389
game-server	004213cc	286	FUN_004213cc
game-server	004214ea	2813	FUN_004214ea
game-server	00421fe7	916	FUN_00421fe7
game-server	0042237b	777	FUN_0042237b
game-server	00422684	655	FUN_00422684
game-server	00422913	2267	FUN_00422913
game-server	004231ee	826	FUN_004231ee
game-server	00423528	3691	FUN_00423528
game-server	004243a3	3619	FUN_004243a3
game-server	004251c6	315	FUN_004251c6
game-server	00425301	20	FUN_00425301
game-server	00425315	1231	FUN_00425315
game-server	004257e4	1388	FUN_004257e4
game-server	00425d50	113	FUN_00425d50
game-server	00425dc1	162	FUN_00425dc1
game-server	00425e63	201	FUN_00425e63
game-server	00425f2c	22	FUN_00425f2c
game-server	00425f42	25	FUN_00425f42
game-server	00425f60	63	FUN_00425f60
game-server	00425fa0	96	FUN_00425fa0
game-server	00426000	28	FUN_00426000
game-server	00426020	28	FUN_00426020
game-server	00426040	27	FUN_00426040
game-server	00426060	22	FUN_00426060
game-server	00426076	25	FUN_00426076
game-server	00426090	56	??0CCommonDialog@@QAE@PAVCWnd@@@Z
game-server	004260c8	42	FUN_004260c8
game-server	004260f2	23	FUN_004260f2
game-server	00426109	59	FUN_00426109
game-server	00426144	36	FUN_00426144
game-server	00426168	63	FUN_00426168
game-server	004261a7	22	FUN_004261a7
game-server	004261bd	25	FUN_004261bd
game-server	004261e0	60	FUN_004261e0
game-server	00426220	36	FUN_00426220
game-server	00426250	96	FUN_00426250
game-server	004262b0	45	FUN_004262b0
game-server	004262dd	72	FUN_004262dd
game-server	00426325	63	FUN_00426325
game-server	00426364	22	FUN_00426364
game-server	0042637a	25	FUN_0042637a
game-server	004263a0	63	FUN_004263a0
game-server	004263e0	91	FUN_004263e0
game-server	0042643b	45	FID_conflict:??1COleDialog@@UAE@XZ
game-server	00426468	64	FUN_00426468
game-server	004264a8	49	FUN_004264a8
game-server	004264d9	1272	FUN_004264d9
game-server	004269d1	22	FUN_004269d1
game-server	004269e7	25	FUN_004269e7
game-server	00426a00	63	FUN_00426a00
game-server	00426a40	24	FUN_00426a40
game-server	00426a60	25	FUN_00426a60
game-server	00426a80	27	FUN_00426a80
game-server	00426aa0	300	FUN_00426aa0
game-server	00426bcc	997	FUN_00426bcc
game-server	00426fb7	11061	FUN_00426fb7
game-server	00429aec	415	FUN_00429aec
game-server	00429c8b	375	FUN_00429c8b
game-server	00429e02	5075	FUN_00429e02
game-server	0042b1d5	4255	FUN_0042b1d5
game-server	0042c274	2215	FUN_0042c274
game-server	0042cb1b	5682	FUN_0042cb1b
game-server	0042e14d	2948	FUN_0042e14d
game-server	0042ecd1	10507	FUN_0042ecd1
game-server	00431610	640	FUN_00431610
game-server	00431890	620	FUN_00431890
game-server	00431afc	355	FUN_00431afc
game-server	00431c5f	700	FUN_00431c5f
game-server	00431f1b	611	FUN_00431f1b
game-server	0043217e	532	FUN_0043217e
game-server	00432392	1420	FUN_00432392
game-server	0043291e	194	FUN_0043291e
game-server	004329e0	1043	FUN_004329e0
game-server	00432df3	22	FUN_00432df3
game-server	00432e09	221	FUN_00432e09
game-server	00432ee6	168	FUN_00432ee6
game-server	00432f8e	1223	FUN_00432f8e
game-server	00433455	377	FUN_00433455
game-server	004335ce	240	FUN_004335ce
game-server	004336be	22	FUN_004336be
game-server	004336d4	125	FUN_004336d4
game-server	00433751	922	FUN_00433751
game-server	00433aeb	223	FUN_00433aeb
game-server	00433bca	3931	FUN_00433bca
game-server	00434b55	22	FUN_00434b55
game-server	00434b6b	25	FUN_00434b6b
game-server	00434b90	63	FUN_00434b90
game-server	00434bd0	72	FUN_00434bd0
game-server	00434c20	18	FUN_00434c20
game-server	00434c40	173	FUN_00434c40
game-server	00434cf0	172	FUN_00434cf0
game-server	00434da0	159	FUN_00434da0
game-server	00434e40	51	FUN_00434e40
game-server	00434e80	48	FUN_00434e80
game-server	00434eb0	24	FUN_00434eb0
game-server	00434ed0	54	FUN_00434ed0
game-server	00434f06	45	FUN_00434f06
game-server	00434f33	120	FUN_00434f33
game-server	00434fab	22	FUN_00434fab
game-server	00434fc1	25	FUN_00434fc1
game-server	00434fe0	63	FUN_00434fe0
game-server	00435020	380	FUN_00435020
game-server	0043519c	328	FUN_0043519c
game-server	004352e4	168	FUN_004352e4
game-server	0043538c	439	FUN_0043538c
game-server	00435543	86	FUN_00435543
game-server	00435599	185	FUN_00435599
game-server	00435652	289	FUN_00435652
game-server	00435773	67	FUN_00435773
game-server	004357b6	200	FUN_004357b6
game-server	0043587e	200	FUN_0043587e
game-server	00435946	520	FUN_00435946
game-server	00435b4e	1869	FUN_00435b4e
game-server	0043629b	930	FUN_0043629b
game-server	0043663d	22	FUN_0043663d
game-server	00436653	25	FUN_00436653
game-server	00436670	63	FUN_00436670
game-server	004366b0	39	FUN_004366b0
game-server	004366e0	27	FUN_004366e0
game-server	00436700	54	FUN_00436700
game-server	00436740	29	FUN_00436740
game-server	00436760	121	FUN_00436760
game-server	004367d9	27	FUN_004367d9
game-server	004367f4	22	FUN_004367f4
game-server	0043680a	25	FUN_0043680a
game-server	00436830	63	FUN_00436830
game-server	00436870	150	FUN_00436870
game-server	00436906	104	FUN_00436906
game-server	0043696e	653	FUN_0043696e
game-server	00436bfb	64	FUN_00436bfb
game-server	00436c3b	49	FUN_00436c3b
game-server	00436c6c	22	FUN_00436c6c
game-server	00436c82	25	FUN_00436c82
game-server	00436ca0	63	FUN_00436ca0
game-server	00436ce0	27	FUN_00436ce0
game-server	00436d00	182	FUN_00436d00
game-server	00436db6	45	FID_conflict:??1COleDialog@@UAE@XZ
game-server	00436de3	64	FUN_00436de3
game-server	00436e23	49	FUN_00436e23
game-server	00436e54	692	FUN_00436e54
game-server	00437108	22	FUN_00437108
game-server	0043711e	25	FUN_0043711e
game-server	00437140	63	FUN_00437140
game-server	00437180	1010	FUN_00437180
game-server	00437572	398	FUN_00437572
game-server	00437700	156	FUN_00437700
game-server	0043779c	163	FUN_0043779c
game-server	0043783f	435	FUN_0043783f
game-server	004379f2	18	FUN_004379f2
game-server	00437a04	25	FUN_00437a04
game-server	00437a1d	239	FUN_00437a1d
game-server	00437b0c	783	FUN_00437b0c
game-server	00437e1b	502	FUN_00437e1b
game-server	00438011	174	FUN_00438011
game-server	004380bf	204	FUN_004380bf
game-server	0043818b	20	FUN_0043818b
game-server	0043819f	22	FUN_0043819f
game-server	004381b5	25	FUN_004381b5
game-server	004381d0	63	FUN_004381d0
game-server	00438210	70	FUN_00438210
game-server	00438256	142	FUN_00438256
game-server	004382e4	563	FUN_004382e4
game-server	00438517	240	FUN_00438517
game-server	00438607	22	FUN_00438607
game-server	0043861d	25	FUN_0043861d
game-server	00438640	63	FUN_00438640
game-server	00438680	49	FUN_00438680
game-server	004386c0	32	FUN_004386c0
game-server	004386e0	32	FUN_004386e0
game-server	00438700	24	FUN_00438700
game-server	00438720	32	FUN_00438720
game-server	00438740	32	FUN_00438740
game-server	00438760	248	FUN_00438760
game-server	00438858	27	FUN_00438858
game-server	00438873	22	FUN_00438873
game-server	00438889	25	FUN_00438889
game-server	004388b0	63	FUN_004388b0
game-server	004388f0	161	FUN_004388f0
game-server	00438991	51	FUN_00438991
game-server	004389c4	47	FUN_004389c4
game-server	004389f3	171	FUN_004389f3
game-server	00438a9e	519	FUN_00438a9e
game-server	00438ca5	492	FUN_00438ca5
game-server	00438fca	310	FUN_00438fca
game-server	00439100	304	FUN_00439100
game-server	00439230	537	FUN_00439230
game-server	00439449	148	FUN_00439449
game-server	004394dd	377	FUN_004394dd
game-server	00439656	22	FUN_00439656
game-server	0043966c	25	FUN_0043966c
game-server	00439690	28	FUN_00439690
game-server	004396b0	30	FUN_004396b0
game-server	004396ce	27	FUN_004396ce
game-server	004396e9	387	FUN_004396e9
game-server	0043986c	416	FUN_0043986c
game-server	00439a0c	408	FUN_00439a0c
game-server	00439ba4	285	FUN_00439ba4
game-server	00439cc1	320	FUN_00439cc1
game-server	00439e01	931	FUN_00439e01
game-server	0043a1a4	863	FUN_0043a1a4
game-server	0043a503	1304	FUN_0043a503
game-server	0043aa1b	545	FUN_0043aa1b
game-server	0043ac3c	581	FUN_0043ac3c
game-server	0043ae81	567	FUN_0043ae81
game-server	0043b0b8	704	FUN_0043b0b8
game-server	0043b378	719	FUN_0043b378
game-server	0043b647	809	FUN_0043b647
game-server	0043b970	571	FUN_0043b970
game-server	0043bbab	645	FUN_0043bbab
game-server	0043be30	360	FUN_0043be30
game-server	0043bf98	437	FUN_0043bf98
game-server	0043c14d	424	FUN_0043c14d
game-server	0043c2f5	657	FUN_0043c2f5
game-server	0043c586	976	FUN_0043c586
game-server	0043c956	695	FUN_0043c956
game-server	0043cc0d	771	FUN_0043cc0d
game-server	0043cf10	1077	FUN_0043cf10
game-server	0043d345	22	FUN_0043d345
game-server	0043d35b	25	FUN_0043d35b
game-server	0043d380	63	FUN_0043d380
game-server	0043d3c0	79	FUN_0043d3c0
game-server	0043d410	39	FUN_0043d410
game-server	0043d440	57	FUN_0043d440
game-server	0043d480	39	FUN_0043d480
game-server	0043d4b0	39	FUN_0043d4b0
game-server	0043d4e0	39	FID_conflict:??0IOleInPlaceObject@@QAE@XZ
game-server	0043d510	39	FUN_0043d510
game-server	0043d540	39	FUN_0043d540
game-server	0043d570	39	FUN_0043d570
game-server	0043d5a0	39	FUN_0043d5a0
game-server	0043d5d0	39	FUN_0043d5d0
game-server	0043d600	39	FUN_0043d600
game-server	0043d630	39	FUN_0043d630
game-server	0043d660	39	FUN_0043d660
game-server	0043d690	39	FUN_0043d690
game-server	0043d6c0	39	FUN_0043d6c0
game-server	0043d6f0	39	FUN_0043d6f0
game-server	0043d720	39	FUN_0043d720
game-server	0043d750	22	FUN_0043d750
game-server	0043d766	22	FUN_0043d766
game-server	0043d77c	25	FUN_0043d77c
game-server	0043d795	51	FUN_0043d795
game-server	0043d7c8	307	FUN_0043d7c8
game-server	0043d8fb	1072	FUN_0043d8fb
game-server	0043dd2b	2152	FUN_0043dd2b
game-server	0043e593	2320	FUN_0043e593
game-server	0043eea3	179	FUN_0043eea3
game-server	0043ef56	177	FUN_0043ef56
game-server	0043f007	165	FUN_0043f007
game-server	0043f0ac	189	FUN_0043f0ac
game-server	0043f169	42	FUN_0043f169
game-server	0043f193	318	FUN_0043f193
game-server	0043f2d1	480	FUN_0043f2d1
game-server	0043f4b1	198	FUN_0043f4b1
game-server	0043f577	179	FUN_0043f577
game-server	0043f62a	709	FUN_0043f62a
game-server	0043f8ef	152	FUN_0043f8ef
game-server	0043f987	58	FUN_0043f987
game-server	0043f9c1	58	FUN_0043f9c1
game-server	0043f9fb	58	FUN_0043f9fb
game-server	0043fa35	58	FUN_0043fa35
game-server	0043fa6f	58	FUN_0043fa6f
game-server	0043faa9	18	FUN_0043faa9
game-server	0043fabb	345	FUN_0043fabb
game-server	0043fc14	27	FUN_0043fc14
game-server	0043fc2f	32	FUN_0043fc2f
game-server	0043fc4f	39	FUN_0043fc4f
game-server	0043fc76	34	FUN_0043fc76
game-server	0043fc98	27	FUN_0043fc98
game-server	0043fcb3	22	FUN_0043fcb3
game-server	0043fcc9	25	FUN_0043fcc9
game-server	0043fcf0	347	FUN_0043fcf0
game-server	0043fe50	350	FUN_0043fe50
game-server	0043ffb0	60	FUN_0043ffb0
game-server	0043fff0	36	FUN_0043fff0
game-server	00440020	49	FUN_00440020
game-server	00440060	49	FUN_00440060
game-server	004400a0	51	FUN_004400a0
game-server	004400e0	61	FUN_004400e0
game-server	00440120	61	FUN_00440120
game-server	00440160	36	FUN_00440160
game-server	00440190	228	FUN_00440190
game-server	00440280	42	FUN_00440280
game-server	004402b0	66	FUN_004402b0
game-server	00440300	52	FUN_00440300
game-server	00440340	24	FUN_00440340
game-server	00440360	11	FUN_00440360
game-server	00440370	71	FUN_00440370
game-server	004403c0	68	FUN_004403c0
game-server	00440410	64	FUN_00440410
game-server	00440450	351	FUN_00440450
game-server	004405b0	82	FUN_004405b0
game-server	00440610	44	FUN_00440610
game-server	00440640	39	FUN_00440640
game-server	00440670	35	FUN_00440670
game-server	004406a0	42	FUN_004406a0
game-server	004406d0	24	FUN_004406d0
game-server	004406f0	2160	FUN_004406f0
game-server	00440f60	207	FUN_00440f60
game-server	00441030	244	FUN_00441030
game-server	00441130	43	FUN_00441130
game-server	00441160	43	FUN_00441160
game-server	00441190	43	FUN_00441190
game-server	004411c0	240	FUN_004411c0
game-server	004412b0	45	FID_conflict:??0CAssoc@?$CMap@IIPAUHMENU__@@PAU1@@@QAE@I@Z
game-server	004412e0	11	FUN_004412e0
game-server	004412f0	8	FUN_004412f0
game-server	00441300	11	FUN_00441300
game-server	00441310	11	FUN_00441310
game-server	00441320	388	FUN_00441320
game-server	004414b0	145	FUN_004414b0
game-server	00441550	145	FUN_00441550
game-server	004415f0	388	FUN_004415f0
game-server	00441780	89	FUN_00441780
game-server	004417e0	42	FUN_004417e0
game-server	00441810	31	FID_conflict:??0CPair@?$CMap@HHII@@IAE@H@Z
game-server	00441830	23	FUN_00441830
game-server	00441850	44	FUN_00441850
game-server	00441880	41	FUN_00441880
game-server	004418b0	5	FUN_004418b0
game-server	004418c0	24	FUN_004418c0
game-server	004418e0	24	FUN_004418e0
game-server	00441900	48	FUN_00441900
game-server	00441930	85	FUN_00441930
game-server	00441990	703	FUN_00441990
game-server	00441c50	39	??1CAccessibleProxy@ATL@@UAE@XZ
game-server	00441c80	36	??1?$CComObjectRootEx@VCComSingleThreadModel@ATL@@@ATL@@QAE@XZ
game-server	00441cb0	41	FUN_00441cb0
game-server	00441ce0	24	FUN_00441ce0
game-server	00441d00	10	FUN_00441d00
game-server	00441d10	23	FUN_00441d10
game-server	00441d27	50	??0CWnd@@QAE@XZ
game-server	00441d59	22	FUN_00441d59
game-server	00441d6f	22	FUN_00441d6f
game-server	00441d85	25	FUN_00441d85
game-server	00441d9e	22	FUN_00441d9e
game-server	00441db4	196	FUN_00441db4
game-server	00441e78	22	FUN_00441e78
game-server	00441e8e	25	FUN_00441e8e
game-server	00441eb0	60	FUN_00441eb0
game-server	00441ef0	36	FUN_00441ef0
game-server	00441f20	419	FUN_00441f20
game-server	004420d0	128	FUN_004420d0
game-server	00442150	52	FUN_00442150
game-server	00442184	42	FUN_00442184
game-server	004421ae	23	FUN_004421ae
game-server	004421c5	848	FUN_004421c5
game-server	00442515	563	FUN_00442515
game-server	00442748	23	FUN_00442748
game-server	0044275f	1365	FUN_0044275f
game-server	00442cb4	144	FUN_00442cb4
game-server	00442d44	313	FUN_00442d44
game-server	00442e7d	27	FUN_00442e7d
game-server	00442e98	145	FUN_00442e98
game-server	00442f29	56	FUN_00442f29
game-server	00442f61	946	FUN_00442f61
game-server	00443313	745	FUN_00443313
game-server	004435fc	355	FUN_004435fc
game-server	0044375f	1065	FUN_0044375f
game-server	00443b88	1479	FUN_00443b88
game-server	0044414f	716	FUN_0044414f
game-server	0044441b	392	FUN_0044441b
game-server	004445a3	908	FUN_004445a3
game-server	0044492f	784	FUN_0044492f
game-server	00444c3f	528	FUN_00444c3f
game-server	00444e4f	270	FUN_00444e4f
game-server	00444f5d	1042	FUN_00444f5d
game-server	00445383	65	FUN_00445383
game-server	004453c4	216	FUN_004453c4
game-server	0044549c	230	FUN_0044549c
game-server	00445582	230	FUN_00445582
game-server	00445668	202	FUN_00445668
game-server	00445732	230	FUN_00445732
game-server	00445818	335	FUN_00445818
game-server	00445967	335	FUN_00445967
game-server	00445ab6	335	FUN_00445ab6
game-server	00445c05	335	FUN_00445c05
game-server	00445d54	335	FUN_00445d54
game-server	00445ea3	72	FUN_00445ea3
game-server	00445eeb	50	FUN_00445eeb
game-server	00445f1d	18	FUN_00445f1d
game-server	00445f2f	387	FUN_00445f2f
game-server	004460b2	187	FUN_004460b2
game-server	0044616d	58	FUN_0044616d
game-server	004461a7	22	FUN_004461a7
game-server	004461bd	25	FUN_004461bd
game-server	004461e0	60	FUN_004461e0
game-server	00446220	36	FUN_00446220
game-server	00446250	18	FUN_00446250
game-server	00446270	18	FUN_00446270
game-server	00446290	60	FUN_00446290
game-server	004462d0	49	FUN_004462d0
game-server	00446310	49	FUN_00446310
game-server	00446350	49	FUN_00446350
game-server	00446390	24	FUN_00446390
game-server	004463b0	248	FUN_004463b0
game-server	00446510	29	FUN_00446510
game-server	00446530	24	FUN_00446530
game-server	00446550	24	FUN_00446550
game-server	00446570	24	FUN_00446570
game-server	00446590	40	FUN_00446590
game-server	004465c0	26	FUN_004465c0
game-server	004465e0	33	FUN_004465e0
game-server	00446610	90	FUN_00446610
game-server	00446670	90	FUN_00446670
game-server	004466d0	24	FUN_004466d0
game-server	004466f0	29	FUN_004466f0
game-server	00446710	220	FUN_00446710
game-server	004467ec	450	FUN_004467ec
game-server	004469ae	152	FUN_004469ae
game-server	00446a46	340	FUN_00446a46
game-server	00446b9a	70	?CommonInit@CMFCPropertyPage@@IAEXXZ
game-server	00446be0	31	FUN_00446be0
game-server	00446bff	31	FUN_00446bff
game-server	00446c1e	38	FUN_00446c1e
game-server	00446c44	57	FUN_00446c44
game-server	00446c7d	376	FUN_00446c7d
game-server	00446df5	70	?CommonInit@CMFCPropertyPage@@IAEXXZ
game-server	00446e3b	92	FUN_00446e3b
game-server	00446e97	106	FUN_00446e97
game-server	00446f01	57	FUN_00446f01
game-server	00446f3a	57	FUN_00446f3a
game-server	00446f73	83	FUN_00446f73
game-server	00446fc6	79	FUN_00446fc6
game-server	00447015	669	FUN_00447015
game-server	004472c6	848	FUN_004472c6
game-server	00447616	82	FUN_00447616
game-server	00447668	22	FUN_00447668
game-server	0044767e	36	FUN_0044767e
game-server	004476a2	152	FUN_004476a2
game-server	0044773a	18	FUN_0044773a
game-server	0044774c	457	FUN_0044774c
game-server	00447915	18	FUN_00447915
game-server	00447927	18	FUN_00447927
game-server	00447939	51	FUN_00447939
game-server	0044796c	1162	FUN_0044796c
game-server	00447df6	247	FUN_00447df6
game-server	00447eed	109	FUN_00447eed
game-server	00447f5a	159	FUN_00447f5a
game-server	00447ff9	1358	FUN_00447ff9
game-server	00448547	976	FUN_00448547
game-server	00448917	43	FUN_00448917
game-server	00448942	64	FUN_00448942
game-server	00448982	25	FUN_00448982
game-server	0044899b	169	FUN_0044899b
game-server	00448a44	67	FUN_00448a44
game-server	00448a87	3724	FUN_00448a87
game-server	00449937	32	FUN_00449937
game-server	00449957	27	FUN_00449957
game-server	00449972	32	FUN_00449972
game-server	00449992	27	FUN_00449992
game-server	004499ad	32	FUN_004499ad
game-server	004499cd	27	FUN_004499cd
game-server	004499e8	195	FUN_004499e8
game-server	00449aab	27	FUN_00449aab
game-server	00449ac6	32	FUN_00449ac6
game-server	00449ae6	312	FUN_00449ae6
game-server	00449c1e	841	FUN_00449c1e
game-server	00449f67	27	FUN_00449f67
game-server	00449f82	41	FUN_00449f82
game-server	00449fab	127	FUN_00449fab
game-server	0044a02a	27	FUN_0044a02a
game-server	0044a045	32	FUN_0044a045
game-server	0044a065	318	FUN_0044a065
game-server	0044a1a3	106	FUN_0044a1a3
game-server	0044a20d	324	FUN_0044a20d
game-server	0044a351	31	FUN_0044a351
game-server	0044a370	32	FUN_0044a370
game-server	0044a390	27	FUN_0044a390
game-server	0044a3ab	253	FUN_0044a3ab
game-server	0044a4a8	238	FUN_0044a4a8
game-server	0044a596	25	FUN_0044a596
game-server	0044a5af	32	?SetMode@CMFCImagePaintArea@@QAEXW4IMAGE_EDIT_MODE@1@@Z
game-server	0044a5cf	27	FUN_0044a5cf
game-server	0044a5ea	32	FUN_0044a5ea
game-server	0044a60a	27	FUN_0044a60a
game-server	0044a625	32	FUN_0044a625
game-server	0044a645	27	FUN_0044a645
game-server	0044a660	32	FUN_0044a660
game-server	0044a680	27	FUN_0044a680
game-server	0044a69b	301	FUN_0044a69b
game-server	0044a7c8	37	FUN_0044a7c8
game-server	0044a7ed	27	FUN_0044a7ed
game-server	0044a808	1358	FUN_0044a808
game-server	0044ad56	32	FUN_0044ad56
game-server	0044ad76	27	FUN_0044ad76
game-server	0044ad91	133	FUN_0044ad91
game-server	0044ae16	32	FUN_0044ae16
game-server	0044ae36	27	FUN_0044ae36
game-server	0044ae51	27	FUN_0044ae51
game-server	0044ae6c	32	?SetGrayDisabledButtons@CVSListBoxBase@@QAEXH@Z
game-server	0044ae8c	27	FUN_0044ae8c
game-server	0044aea7	32	FUN_0044aea7
game-server	0044aec7	288	FUN_0044aec7
game-server	0044afe7	264	FUN_0044afe7
game-server	0044b0ef	127	FUN_0044b0ef
game-server	0044b16e	454	FUN_0044b16e
game-server	0044b334	107	FUN_0044b334
game-server	0044b39f	278	FUN_0044b39f
game-server	0044b4b5	513	FUN_0044b4b5
game-server	0044b6b6	367	FUN_0044b6b6
game-server	0044b825	76	FUN_0044b825
game-server	0044b871	98	FUN_0044b871
game-server	0044b8d3	296	FUN_0044b8d3
game-server	0044b9fb	136	FUN_0044b9fb
game-server	0044ba83	136	FUN_0044ba83
game-server	0044bb0b	214	FUN_0044bb0b
game-server	0044bbe1	263	FUN_0044bbe1
game-server	0044bce8	334	FUN_0044bce8
game-server	0044be36	153	FUN_0044be36
game-server	0044becf	233	FUN_0044becf
game-server	0044bfb8	93	FUN_0044bfb8
game-server	0044c015	198	FUN_0044c015
game-server	0044c0db	130	FUN_0044c0db
game-server	0044c15d	31	FUN_0044c15d
game-server	0044c17c	131	FUN_0044c17c
game-server	0044c1ff	22	FUN_0044c1ff
game-server	0044c215	25	FUN_0044c215
game-server	0044c230	63	FUN_0044c230
game-server	0044c270	42	FUN_0044c270
game-server	0044c2a0	39	FUN_0044c2a0
game-server	0044c2d0	39	FUN_0044c2d0
game-server	0044c300	39	FUN_0044c300
game-server	0044c330	39	FUN_0044c330
game-server	0044c360	39	FUN_0044c360
game-server	0044c390	39	FUN_0044c390
game-server	0044c3c0	39	FUN_0044c3c0
game-server	0044c3f0	39	FUN_0044c3f0
game-server	0044c420	103	FUN_0044c420
game-server	0044c490	42	FUN_0044c490
game-server	0044c4c0	39	FUN_0044c4c0
game-server	0044c4f0	110	FUN_0044c4f0
game-server	0044c560	128	FUN_0044c560
game-server	0044c5e0	44	FUN_0044c5e0
game-server	0044c610	21	??0IUnknown@@QAE@XZ
game-server	0044c630	597	FUN_0044c630
game-server	0044c890	103	FUN_0044c890
game-server	0044c900	44	FUN_0044c900
game-server	0044c930	23	FUN_0044c930
game-server	0044c950	34	FUN_0044c950
game-server	0044c980	46	FUN_0044c980
game-server	0044c9b0	70	FUN_0044c9b0
game-server	0044ca00	70	FUN_0044ca00
game-server	0044ca50	1252	FUN_0044ca50
game-server	0044cf40	39	FUN_0044cf40
game-server	0044cf70	44	FUN_0044cf70
game-server	0044cfa0	229	FUN_0044cfa0
game-server	0044d090	229	FUN_0044d090
game-server	0044d180	46	FUN_0044d180
game-server	0044d1b0	295	FUN_0044d1b0
game-server	0044d2e0	43	FUN_0044d2e0
game-server	0044d310	64	FUN_0044d310
game-server	0044d350	88	FUN_0044d350
game-server	0044d3b0	41	FUN_0044d3b0
game-server	0044d3e0	58	FUN_0044d3e0
game-server	0044d420	24	FUN_0044d420
game-server	0044d440	226	FUN_0044d440
game-server	0044d522	473	FUN_0044d522
game-server	0044d6fb	55	FUN_0044d6fb
game-server	0044d732	55	FUN_0044d732
game-server	0044d769	18	FUN_0044d769
game-server	0044d77b	225	FUN_0044d77b
game-server	0044d85c	943	FUN_0044d85c
game-server	0044dc0b	839	FUN_0044dc0b
game-server	0044df52	303	FUN_0044df52
game-server	0044e081	303	FUN_0044e081
game-server	0044e1b0	303	FUN_0044e1b0
game-server	0044e2df	331	FUN_0044e2df
game-server	0044e42a	318	FUN_0044e42a
game-server	0044e568	1815	FUN_0044e568
game-server	0044ec7f	128	FUN_0044ec7f
game-server	0044ecff	128	FUN_0044ecff
game-server	0044ed7f	128	FUN_0044ed7f
game-server	0044edff	115	FUN_0044edff
game-server	0044ee72	167	FUN_0044ee72
game-server	0044ef19	231	FUN_0044ef19
game-server	0044f000	231	FUN_0044f000
game-server	0044f0e7	231	FUN_0044f0e7
game-server	0044f1ce	259	FUN_0044f1ce
game-server	0044f2d1	22	FUN_0044f2d1
game-server	0044f2e7	25	FUN_0044f2e7
game-server	0044f300	63	FUN_0044f300
game-server	0044f340	49	FUN_0044f340
game-server	0044f380	72	FUN_0044f380
game-server	0044f3d0	27	FUN_0044f3d0
game-server	0044f3f0	24	FUN_0044f3f0
game-server	0044f410	132	FUN_0044f410
game-server	0044f494	193	FUN_0044f494
game-server	0044f555	239	FUN_0044f555
game-server	0044f644	79	FUN_0044f644
game-server	0044f693	179	FUN_0044f693
game-server	0044f746	140	FUN_0044f746
game-server	0044f7d2	336	FUN_0044f7d2
game-server	0044f922	977	FUN_0044f922
game-server	0044fcf3	595	FUN_0044fcf3
game-server	0044ff46	679	FUN_0044ff46
game-server	004501ed	154	FUN_004501ed
game-server	00450287	513	FUN_00450287
game-server	00450488	417	FUN_00450488
game-server	00450629	805	FUN_00450629
game-server	0045094e	132	FUN_0045094e
game-server	004509d2	170	FUN_004509d2
game-server	00450a7c	6477	FUN_00450a7c
game-server	004523c9	851	FUN_004523c9
game-server	0045271c	425	FUN_0045271c
game-server	004528c5	161	FUN_004528c5
game-server	00452966	122	FUN_00452966
game-server	004529e0	310	FUN_004529e0
game-server	00452b16	575	FUN_00452b16
game-server	00452d55	696	FUN_00452d55
game-server	0045300d	154	FUN_0045300d
game-server	004530a7	472	FUN_004530a7
game-server	0045327f	853	FUN_0045327f
game-server	004535d4	101	FUN_004535d4
game-server	00453639	45	FUN_00453639
game-server	00453666	46	FUN_00453666
game-server	00453694	400	FUN_00453694
game-server	00453824	478	FUN_00453824
game-server	00453a02	101	FUN_00453a02
game-server	00453a67	45	FUN_00453a67
game-server	00453a94	158	FUN_00453a94
game-server	00453b32	400	FUN_00453b32
game-server	00453cc2	519	FUN_00453cc2
game-server	00453ec9	101	FUN_00453ec9
game-server	00453f2e	45	FUN_00453f2e
game-server	00453f5b	46	FUN_00453f5b
game-server	00453f89	400	FUN_00453f89
game-server	00454119	478	FUN_00454119
game-server	004542f7	379	FUN_004542f7
game-server	00454472	302	FUN_00454472
game-server	004545a0	1070	FUN_004545a0
game-server	004549ce	154	FUN_004549ce
game-server	00454a68	364	FUN_00454a68
game-server	00454bd4	537	FUN_00454bd4
game-server	00454ded	537	FUN_00454ded
game-server	00455006	537	FUN_00455006
game-server	0045521f	537	FUN_0045521f
game-server	00455438	537	FUN_00455438
game-server	00455651	537	FUN_00455651
game-server	0045586a	537	FUN_0045586a
game-server	00455a83	537	FUN_00455a83
game-server	00455c9c	537	FUN_00455c9c
game-server	00455eb5	537	FUN_00455eb5
game-server	004560ce	537	FUN_004560ce
game-server	004562e7	537	FUN_004562e7
game-server	00456500	101	FUN_00456500
game-server	00456565	45	FUN_00456565
game-server	00456592	158	FUN_00456592
game-server	00456630	400	FUN_00456630
game-server	004567c0	519	FUN_004567c0
game-server	004569c7	101	FUN_004569c7
game-server	00456a2c	45	FUN_00456a2c
game-server	00456a59	158	FUN_00456a59
game-server	00456af7	400	FUN_00456af7
game-server	00456c87	519	FUN_00456c87
game-server	00456e8e	101	FUN_00456e8e
game-server	00456ef3	45	FUN_00456ef3
game-server	00456f20	158	FUN_00456f20
game-server	00456fbe	400	FUN_00456fbe
game-server	0045714e	519	FUN_0045714e
game-server	00457355	101	FUN_00457355
game-server	004573ba	45	FUN_004573ba
game-server	004573e7	158	FUN_004573e7
game-server	00457485	545	FUN_00457485
game-server	004576a6	519	FUN_004576a6
game-server	004578ad	101	FUN_004578ad
game-server	00457912	45	FUN_00457912
game-server	0045793f	158	FUN_0045793f
game-server	004579dd	545	FUN_004579dd
game-server	00457bfe	519	FUN_00457bfe
game-server	00457e05	101	FUN_00457e05
game-server	00457e6a	45	FUN_00457e6a
game-server	00457e97	158	FUN_00457e97
game-server	00457f35	545	FUN_00457f35
game-server	00458156	519	FUN_00458156
game-server	0045835d	101	FUN_0045835d
game-server	004583c2	45	FUN_004583c2
game-server	004583ef	158	FUN_004583ef
game-server	0045848d	400	FUN_0045848d
game-server	0045861d	519	FUN_0045861d
game-server	00458824	132	FUN_00458824
game-server	004588a8	170	FUN_004588a8
game-server	00458952	6477	FUN_00458952
game-server	0045a29f	855	FUN_0045a29f
game-server	0045a5f6	427	FUN_0045a5f6
game-server	0045a7a1	132	FUN_0045a7a1
game-server	0045a825	170	FUN_0045a825
game-server	0045a8cf	6477	FUN_0045a8cf
game-server	0045c21c	636	FUN_0045c21c
game-server	0045c498	385	FUN_0045c498
game-server	0045c619	22	FUN_0045c619
game-server	0045c62f	25	FUN_0045c62f
game-server	0045c650	63	FUN_0045c650
game-server	0045c690	36	FUN_0045c690
game-server	0045c6c0	63	FUN_0045c6c0
game-server	0045c700	41	FUN_0045c700
game-server	0045c730	41	FUN_0045c730
game-server	0045c760	59	FUN_0045c760
game-server	0045c7a0	30	FUN_0045c7a0
game-server	0045c7c0	30	FUN_0045c7c0
game-server	0045c7e0	30	FUN_0045c7e0
game-server	0045c800	63	FUN_0045c800
game-server	0045c840	63	FUN_0045c840
game-server	0045c880	30	FUN_0045c880
game-server	0045c8a0	30	FUN_0045c8a0
game-server	0045c8c0	63	FUN_0045c8c0
game-server	0045c900	63	FUN_0045c900
game-server	0045c940	78	FUN_0045c940
game-server	0045c990	65	FUN_0045c990
game-server	0045c9e0	63	FUN_0045c9e0
game-server	0045ca20	63	FUN_0045ca20
game-server	0045ca60	78	FUN_0045ca60
game-server	0045cab0	65	FUN_0045cab0
game-server	0045cb00	63	FUN_0045cb00
game-server	0045cb40	63	FUN_0045cb40
game-server	0045cb80	78	FUN_0045cb80
game-server	0045cbd0	65	FUN_0045cbd0
game-server	0045cc20	63	FUN_0045cc20
game-server	0045cc60	209	FUN_0045cc60
game-server	0045cd70	63	FUN_0045cd70
game-server	0045cdb0	39	FUN_0045cdb0
game-server	0045cde0	63	FUN_0045cde0
game-server	0045ce20	63	FUN_0045ce20
game-server	0045ce60	78	FUN_0045ce60
game-server	0045ceb0	65	FUN_0045ceb0
game-server	0045cf00	63	FUN_0045cf00
game-server	0045cf40	63	FUN_0045cf40
game-server	0045cf80	78	FUN_0045cf80
game-server	0045cfd0	65	FUN_0045cfd0
game-server	0045d020	63	FUN_0045d020
game-server	0045d060	63	FUN_0045d060
game-server	0045d0a0	78	FUN_0045d0a0
game-server	0045d0f0	65	FUN_0045d0f0
game-server	0045d140	63	FUN_0045d140
game-server	0045d180	63	FUN_0045d180
game-server	0045d1c0	78	FUN_0045d1c0
game-server	0045d210	65	FUN_0045d210
game-server	0045d260	63	FUN_0045d260
game-server	0045d2a0	63	FUN_0045d2a0
game-server	0045d2e0	78	FUN_0045d2e0
game-server	0045d330	65	FUN_0045d330
game-server	0045d380	63	FUN_0045d380
game-server	0045d3c0	63	FUN_0045d3c0
game-server	0045d400	78	FUN_0045d400
game-server	0045d450	65	FUN_0045d450
game-server	0045d4a0	63	FUN_0045d4a0
game-server	0045d4e0	63	FUN_0045d4e0
game-server	0045d520	78	FUN_0045d520
game-server	0045d570	65	FUN_0045d570
game-server	0045d5c0	63	FUN_0045d5c0
game-server	0045d600	41	FUN_0045d600
game-server	0045d630	41	FUN_0045d630
game-server	0045d660	63	FUN_0045d660
game-server	0045d6a0	53	FUN_0045d6a0
game-server	0045d6e0	38	FUN_0045d6e0
game-server	0045d710	42	FUN_0045d710
game-server	0045d740	42	FUN_0045d740
game-server	0045d770	74	FUN_0045d770
game-server	0045d7c0	45	FUN_0045d7c0
game-server	0045d7f0	36	FUN_0045d7f0
game-server	0045d820	42	FUN_0045d820
game-server	0045d850	36	FUN_0045d850
game-server	0045d880	55	FUN_0045d880
game-server	0045d8c0	55	FUN_0045d8c0
game-server	0045d900	24	FUN_0045d900
game-server	0045d920	55	FUN_0045d920
game-server	0045d960	131	FUN_0045d960
game-server	0045d9f0	10	FUN_0045d9f0
game-server	0045da00	202	FUN_0045da00
game-server	0045dad0	95	FUN_0045dad0
game-server	0045db30	62	FUN_0045db30
game-server	0045db70	127	FUN_0045db70
game-server	0045dbf0	245	FUN_0045dbf0
game-server	0045dcf0	146	FUN_0045dcf0
game-server	0045dd90	32	FUN_0045dd90
game-server	0045ddb0	91	FUN_0045ddb0
game-server	0045de10	74	FUN_0045de10
game-server	0045de60	15	FUN_0045de60
game-server	0045de70	337	FUN_0045de70
game-server	0045dfd0	26	FUN_0045dfd0
game-server	0045dff0	42	FUN_0045dff0
game-server	0045e020	54	FUN_0045e020
game-server	0045e060	499	FUN_0045e060
game-server	0045e260	227	FUN_0045e260
game-server	0045e350	46	FUN_0045e350
game-server	0045e380	42	FUN_0045e380
game-server	0045e3b0	39	FUN_0045e3b0
game-server	0045e3e0	24	FUN_0045e3e0
game-server	0045e400	82	FUN_0045e400
game-server	0045e460	316	FUN_0045e460
game-server	0045e5c0	50	FUN_0045e5c0
game-server	0045e600	49	FUN_0045e600
game-server	0045e640	52	FUN_0045e640
game-server	0045e680	147	FUN_0045e680
game-server	0045e720	28	FUN_0045e720
game-server	0045e740	44	FUN_0045e740
game-server	0045e770	60	FUN_0045e770
game-server	0045e7b0	49	FUN_0045e7b0
game-server	0045e7f0	44	FUN_0045e7f0
game-server	0045e820	65	FUN_0045e820
game-server	0045e870	44	FUN_0045e870
game-server	0045e8a0	42	FUN_0045e8a0
game-server	0045e8d0	68	FUN_0045e8d0
game-server	0045e920	82	FUN_0045e920
game-server	0045e980	5	FUN_0045e980
game-server	0045e990	48	FUN_0045e990
game-server	0045e9c0	40	FUN_0045e9c0
game-server	0045e9f0	62	FUN_0045e9f0
game-server	0045ea2e	27	FUN_0045ea2e
game-server	0045ea49	99	FUN_0045ea49
game-server	0045eaac	20	FUN_0045eaac
game-server	0045eac0	20	FUN_0045eac0
game-server	0045ead4	138	FUN_0045ead4
game-server	0045eb5e	22	FUN_0045eb5e
game-server	0045eb74	25	FUN_0045eb74
game-server	0045eb90	63	FUN_0045eb90
game-server	0045ebd0	48	FUN_0045ebd0
game-server	0045ec00	45	FID_conflict:??1CException@@UAE@XZ
game-server	0045ec2d	22	FUN_0045ec2d
game-server	0045ec43	25	FUN_0045ec43
game-server	0045ec60	63	FUN_0045ec60
game-server	0045eca0	143	FUN_0045eca0
game-server	0045ed2f	45	FID_conflict:??1COleDialog@@UAE@XZ
game-server	0045ed5c	95	FUN_0045ed5c
game-server	0045edbb	165	FUN_0045edbb
game-server	0045ee60	20	FUN_0045ee60
game-server	0045ee74	302	FUN_0045ee74
game-server	0045efa2	88	FUN_0045efa2
game-server	0045effa	93	FUN_0045effa
game-server	0045f057	239	FUN_0045f057
game-server	0045f146	22	FUN_0045f146
game-server	0045f15c	25	FUN_0045f15c
game-server	0045f180	63	FUN_0045f180
game-server	0045f1c0	104	FUN_0045f1c0
game-server	0045f228	45	FID_conflict:??1COleDialog@@UAE@XZ
game-server	0045f255	20	FUN_0045f255
game-server	0045f269	22	FUN_0045f269
game-server	0045f27f	20	FUN_0045f27f
game-server	0045f293	22	FUN_0045f293
game-server	0045f2a9	52	FUN_0045f2a9
game-server	0045f2dd	81	FUN_0045f2dd
game-server	0045f32e	22	FUN_0045f32e
game-server	0045f344	25	FUN_0045f344
game-server	0045f360	63	FUN_0045f360
game-server	0045f3a0	176	FUN_0045f3a0
game-server	0045f450	45	FID_conflict:??1COleDialog@@UAE@XZ
game-server	0045f47d	570	FUN_0045f47d
game-server	0045f6b7	73	FUN_0045f6b7
game-server	0045f700	95	FUN_0045f700
game-server	0045f75f	412	FUN_0045f75f
game-server	0045f8fb	49	FUN_0045f8fb
game-server	0045f92c	102	FUN_0045f92c
game-server	0045f992	226	FUN_0045f992
game-server	0045fa74	22	FUN_0045fa74
game-server	0045fa8a	25	FUN_0045fa8a
game-server	0045fab0	63	FUN_0045fab0
game-server	0045faf0	48	FUN_0045faf0
game-server	0045fb20	45	FID_conflict:??1CException@@UAE@XZ
game-server	0045fb4d	22	FUN_0045fb4d
game-server	0045fb63	25	FUN_0045fb63
game-server	0045fb80	63	FUN_0045fb80
game-server	0045fbc0	121	FUN_0045fbc0
game-server	0045fc39	45	FID_conflict:??1COleDialog@@UAE@XZ
game-server	0045fc66	95	FUN_0045fc66
game-server	0045fcc5	165	FUN_0045fcc5
game-server	0045fd6a	20	FUN_0045fd6a
game-server	0045fd7e	22	FUN_0045fd7e
game-server	0045fd94	88	FUN_0045fd94
game-server	0045fdec	81	FUN_0045fdec
game-server	0045fe3d	22	FUN_0045fe3d
game-server	0045fe53	25	FUN_0045fe53
game-server	0045fe70	63	FUN_0045fe70
game-server	0045feb0	121	FUN_0045feb0
game-server	0045ff29	45	FID_conflict:??1COleDialog@@UAE@XZ
game-server	0045ff56	95	FUN_0045ff56
game-server	0045ffb5	157	FUN_0045ffb5
game-server	00460052	20	FUN_00460052
game-server	00460066	22	FUN_00460066
game-server	0046007c	112	FUN_0046007c
game-server	004600ec	81	FUN_004600ec
game-server	0046013d	22	FUN_0046013d
game-server	00460153	25	FUN_00460153
game-server	00460170	63	FUN_00460170
game-server	004601b0	121	FUN_004601b0
game-server	00460229	45	FID_conflict:??1COleDialog@@UAE@XZ
game-server	00460256	20	FUN_00460256
game-server	0046026a	178	FUN_0046026a
game-server	0046031c	20	FUN_0046031c
game-server	00460330	22	FUN_00460330
game-server	00460346	112	FUN_00460346
game-server	004603b6	81	FUN_004603b6
game-server	00460407	22	FUN_00460407
game-server	0046041d	25	FUN_0046041d
game-server	00460440	63	FUN_00460440
game-server	00460480	121	FUN_00460480
game-server	004604f9	45	FID_conflict:??1COleDialog@@UAE@XZ
game-server	00460526	20	FUN_00460526
game-server	0046053a	178	FUN_0046053a
game-server	004605ec	20	FUN_004605ec
game-server	00460600	22	FUN_00460600
game-server	00460616	112	FUN_00460616
game-server	00460686	81	FUN_00460686
game-server	004606d7	22	FUN_004606d7
game-server	004606ed	25	FUN_004606ed
game-server	00460710	63	FUN_00460710
game-server	00460750	164	FUN_00460750
game-server	004607f4	45	FID_conflict:??1COleDialog@@UAE@XZ
game-server	00460821	121	FUN_00460821
game-server	0046089a	256	FUN_0046089a
game-server	0046099a	20	FUN_0046099a
game-server	004609ae	22	FUN_004609ae
game-server	004609c4	88	FUN_004609c4
game-server	00460a1c	81	FUN_00460a1c
game-server	00460a6d	22	FUN_00460a6d
game-server	00460a83	25	FUN_00460a83
game-server	00460aa0	63	FUN_00460aa0
game-server	00460ae0	140	FUN_00460ae0
game-server	00460b6c	45	FID_conflict:??1COleDialog@@UAE@XZ
game-server	00460b99	910	FUN_00460b99
game-server	00460f27	76	FUN_00460f27
game-server	00460f73	121	FUN_00460f73
game-server	00460fec	545	FUN_00460fec
game-server	0046120d	181	FUN_0046120d
game-server	004612c2	24	FUN_004612c2
game-server	004612da	257	FUN_004612da
game-server	004613db	103	FUN_004613db
game-server	00461442	22	FUN_00461442
game-server	00461458	25	FUN_00461458
game-server	00461480	63	FUN_00461480
game-server	004614c0	130	FUN_004614c0
game-server	00461542	45	FID_conflict:??1COleDialog@@UAE@XZ
game-server	0046156f	897	FUN_0046156f
game-server	004618f0	100	FUN_004618f0
game-server	00461954	121	FUN_00461954
game-server	004619cd	22	FUN_004619cd
game-server	004619e3	52	FUN_004619e3
game-server	00461a17	24	FUN_00461a17
game-server	00461a2f	115	FUN_00461a2f
game-server	00461aa2	81	FUN_00461aa2
game-server	00461af3	22	FUN_00461af3
game-server	00461b09	25	FUN_00461b09
game-server	00461b30	63	FUN_00461b30
game-server	00461b70	172	FUN_00461b70
game-server	00461c1c	45	FID_conflict:??1COleDialog@@UAE@XZ
game-server	00461c49	133	FUN_00461c49
game-server	00461cce	354	FUN_00461cce
game-server	00461e30	22	FUN_00461e30
game-server	00461e46	25	FUN_00461e46
game-server	00461e60	63	FUN_00461e60
game-server	00461ea0	62	FUN_00461ea0
game-server	00461ede	27	FUN_00461ede
game-server	00461ef9	99	FUN_00461ef9
game-server	00461f5c	61	FUN_00461f5c
game-server	00461f99	191	FUN_00461f99
game-server	00462058	134	FUN_00462058
game-server	004620de	171	FUN_004620de
game-server	00462189	1609	FUN_00462189
game-server	004627d2	150	FUN_004627d2
game-server	00462868	930	FUN_00462868
game-server	00462c0a	22	FUN_00462c0a
game-server	00462c20	25	FUN_00462c20
game-server	00462c40	63	FUN_00462c40
game-server	00462c80	428	FUN_00462c80
game-server	00462e2c	206	FUN_00462e2c
game-server	00462efa	157	FUN_00462efa
game-server	00462f97	1097	FUN_00462f97
game-server	004633e0	45	FUN_004633e0
game-server	0046340d	1885	FUN_0046340d
game-server	00463b6a	338	FUN_00463b6a
game-server	00463cbc	370	FUN_00463cbc
game-server	00463e2e	65	FUN_00463e2e
game-server	00463e6f	468	FUN_00463e6f
game-server	00464043	1602	FUN_00464043
game-server	00464685	883	FUN_00464685
game-server	004649f8	101	FUN_004649f8
game-server	00464a5d	187	FUN_00464a5d
game-server	00464b18	187	FUN_00464b18
game-server	00464bd3	472	FUN_00464bd3
game-server	00464dab	239	FUN_00464dab
game-server	00464e9a	258	FUN_00464e9a
game-server	00464f9c	106	FUN_00464f9c
game-server	00465006	1356	FUN_00465006
game-server	00465552	99	FUN_00465552
game-server	004655b5	803	FUN_004655b5
game-server	004658d8	218	FUN_004658d8
game-server	004659b2	1518	FUN_004659b2
game-server	00465fa0	156	FUN_00465fa0
game-server	0046603c	343	FUN_0046603c
game-server	00466193	123	FUN_00466193
game-server	0046620e	245	FUN_0046620e
game-server	00466303	208	FUN_00466303
game-server	004663d3	1649	FUN_004663d3
game-server	00466a44	1317	FUN_00466a44
game-server	00466f8d	225	FUN_00466f8d
game-server	0046706e	254	FUN_0046706e
game-server	0046716c	682	FUN_0046716c
game-server	00467416	1003	FUN_00467416
game-server	00467801	601	FUN_00467801
game-server	00467a5a	466	FUN_00467a5a
game-server	00467c2c	684	FUN_00467c2c
game-server	00467ed8	320	FUN_00467ed8
game-server	00468018	286	FUN_00468018
game-server	00468136	96	FUN_00468136
game-server	00468196	132	FUN_00468196
game-server	0046821a	132	FUN_0046821a
game-server	0046829e	22	FUN_0046829e
game-server	004682b4	25	FUN_004682b4
game-server	004682d0	63	FUN_004682d0
game-server	00468310	39	FUN_00468310
game-server	00468340	39	FUN_00468340
game-server	00468370	48	FUN_00468370
game-server	004683a0	121	FUN_004683a0
game-server	00468420	63	FUN_00468420
game-server	00468460	67	FUN_00468460
game-server	004684b0	136	FUN_004684b0
game-server	00468540	158	FUN_00468540
game-server	004685e0	58	FUN_004685e0
game-server	00468620	24	FUN_00468620
game-server	00468640	58	FUN_00468640
game-server	0046867a	27	FUN_0046867a
game-server	00468695	90	FUN_00468695
game-server	004686ef	587	FUN_004686ef
game-server	0046893a	587	FUN_0046893a
game-server	00468b85	408	FUN_00468b85
game-server	00468d1d	408	FUN_00468d1d
game-server	00468eb5	6320	FUN_00468eb5
game-server	0046a765	6319	FUN_0046a765
game-server	0046c014	173	FUN_0046c014
game-server	0046c0c1	22	FUN_0046c0c1
game-server	0046c0d7	25	FUN_0046c0d7
game-server	0046c0f0	63	FUN_0046c0f0
game-server	0046c130	155	FUN_0046c130
game-server	0046c1cb	104	FUN_0046c1cb
game-server	0046c233	18	FUN_0046c233
game-server	0046c245	84	FUN_0046c245
game-server	0046c299	13995	FUN_0046c299
game-server	0046f974	1679	FUN_0046f974
game-server	00470003	455	FUN_00470003
game-server	004701ca	1004	FUN_004701ca
game-server	004705b6	344	FUN_004705b6
game-server	0047070e	111	FUN_0047070e
game-server	0047077d	20	FUN_0047077d
game-server	00470791	189	FUN_00470791
game-server	0047084e	508	FUN_0047084e
game-server	00470a4a	811	FUN_00470a4a
game-server	00470d75	194	FUN_00470d75
game-server	00470e37	189	FUN_00470e37
game-server	00470ef4	22	FUN_00470ef4
game-server	00470f0a	116	FUN_00470f0a
game-server	00470f7e	484	FUN_00470f7e
game-server	00471162	184	FUN_00471162
game-server	0047121a	259	FUN_0047121a
game-server	0047131d	22	FUN_0047131d
game-server	00471333	25	FUN_00471333
game-server	00471350	63	FUN_00471350
game-server	00471390	39	FUN_00471390
game-server	004713c0	39	FUN_004713c0
game-server	004713f0	337	FUN_004713f0
game-server	00471541	292	FUN_00471541
game-server	00471665	161	FUN_00471665
game-server	00471706	120	FUN_00471706
game-server	0047177e	93	FUN_0047177e
game-server	004717db	223	FUN_004717db
game-server	004718ba	340	FUN_004718ba
game-server	00471a0e	45	FUN_00471a0e
game-server	00471a3b	800	FUN_00471a3b
game-server	00471d5b	792	FUN_00471d5b
game-server	00472073	22	FUN_00472073
game-server	00472089	25	FUN_00472089
game-server	004720b0	63	FUN_004720b0
game-server	004720f0	135	FUN_004720f0
game-server	00472177	277	FUN_00472177
game-server	0047228c	755	FUN_0047228c
game-server	0047257f	340	FUN_0047257f
game-server	004726d3	5047	FUN_004726d3
game-server	00473aec	22	FUN_00473aec
game-server	00473b02	25	FUN_00473b02
game-server	00473b20	63	FUN_00473b20
game-server	00473b60	29	FUN_00473b60
game-server	00473b80	75	FUN_00473b80
game-server	00473bcb	48	FUN_00473bcb
game-server	00473bfb	293	FUN_00473bfb
game-server	00473d20	285	FUN_00473d20
game-server	00473e3d	560	FUN_00473e3d
game-server	0047406d	830	FUN_0047406d
game-server	004743ab	71	FUN_004743ab
game-server	004743f2	218	FUN_004743f2
game-server	004744cc	218	FUN_004744cc
game-server	004745a6	195	FUN_004745a6
game-server	00474669	80	FUN_00474669
game-server	004746b9	268	FUN_004746b9
game-server	004747c5	268	FUN_004747c5
game-server	004748d1	32	FUN_004748d1
game-server	004748f1	193	FUN_004748f1
game-server	004749b2	89	FUN_004749b2
game-server	00474a0b	188	FUN_00474a0b
game-server	00474ac7	130	FUN_00474ac7
game-server	00474b49	176	FUN_00474b49
game-server	00474bf9	117	FUN_00474bf9
game-server	00474c6e	22	FUN_00474c6e
game-server	00474c84	25	FUN_00474c84
game-server	00474ca0	63	FUN_00474ca0
game-server	00474ce0	75	FUN_00474ce0
game-server	00474d2b	257	FUN_00474d2b
game-server	00474e2c	203	FUN_00474e2c
game-server	00474ef7	161	FUN_00474ef7
game-server	00474f98	453	FUN_00474f98
game-server	0047515d	147	FUN_0047515d
game-server	004751f0	340	FUN_004751f0
game-server	00475344	183	FUN_00475344
game-server	004753fb	222	FUN_004753fb
game-server	004754d9	202	FUN_004754d9
game-server	004755a3	185	FUN_004755a3
game-server	0047565c	185	FUN_0047565c
game-server	00475715	154	FUN_00475715
game-server	004757af	146	FUN_004757af
game-server	00475841	146	FUN_00475841
game-server	004758d3	342	FUN_004758d3
game-server	00475a29	146	FUN_00475a29
game-server	00475abb	133	FUN_00475abb
game-server	00475b40	141	FUN_00475b40
game-server	00475bcd	163	FUN_00475bcd
game-server	00475c70	152	FUN_00475c70
game-server	00475d08	152	FUN_00475d08
game-server	00475da0	354	FUN_00475da0
game-server	00475f02	156	FUN_00475f02
game-server	00475f9e	153	FUN_00475f9e
game-server	00476037	151	FUN_00476037
game-server	004760ce	133	FUN_004760ce
game-server	00476153	138	FUN_00476153
game-server	004761dd	151	FUN_004761dd
game-server	00476274	213	FUN_00476274
game-server	00476349	205	FUN_00476349
game-server	00476416	152	FUN_00476416
game-server	004764ae	108	FUN_004764ae
game-server	0047651a	152	FUN_0047651a
game-server	004765b2	156	FUN_004765b2
game-server	0047664e	22	FUN_0047664e
game-server	00476664	25	FUN_00476664
game-server	00476680	63	FUN_00476680
game-server	004766c0	36	FUN_004766c0
game-server	004766f0	51	FUN_004766f0
game-server	00476730	61	FUN_00476730
game-server	00476770	61	FUN_00476770
game-server	004767b0	110	FUN_004767b0
game-server	00476820	42	FUN_00476820
game-server	00476850	36	FUN_00476850
game-server	00476880	65	FUN_00476880
game-server	004768d0	228	FUN_004768d0
game-server	004769c0	44	FUN_004769c0
game-server	004769f0	36	FUN_004769f0
game-server	00476a20	66	FUN_00476a20
game-server	00476a70	35	FUN_00476a70
game-server	00476aa0	52	FUN_00476aa0
game-server	00476ae0	71	FUN_00476ae0
game-server	00476b30	68	FUN_00476b30
game-server	00476b80	64	FUN_00476b80
game-server	00476bc0	597	FUN_00476bc0
game-server	00476e20	351	FUN_00476e20
game-server	00476f80	128	FUN_00476f80
game-server	00477000	82	FUN_00477000
game-server	00477060	186	FUN_00477060
game-server	00477120	44	FUN_00477120
game-server	00477150	42	FUN_00477150
game-server	00477180	39	FUN_00477180
game-server	004771b0	44	FUN_004771b0
game-server	004771e0	23	FUN_004771e0
game-server	00477200	42	FUN_00477200
game-server	00477230	46	FUN_00477230
game-server	00477260	8	FUN_00477260
game-server	00477270	11	FUN_00477270
game-server	00477280	11	FUN_00477280
game-server	00477290	24	FUN_00477290
game-server	004772b0	2160	FUN_004772b0
game-server	00477b20	70	FUN_00477b20
game-server	00477b70	103	FUN_00477b70
game-server	00477be0	207	FUN_00477be0
game-server	00477cb0	244	FUN_00477cb0
game-server	00477db0	1252	FUN_00477db0
game-server	004782a0	43	FUN_004782a0
game-server	004782d0	43	FUN_004782d0
game-server	00478300	43	FUN_00478300
game-server	00478330	240	FUN_00478330
game-server	00478420	23	FUN_00478420
game-server	00478440	45	FID_conflict:??0CAssoc@?$CMap@IIPAUHMENU__@@PAU1@@@QAE@I@Z
game-server	00478470	39	FUN_00478470
game-server	004784a0	11	FUN_004784a0
game-server	004784b0	11	FUN_004784b0
game-server	004784c0	70	FUN_004784c0
game-server	00478510	229	FUN_00478510
game-server	00478600	388	FUN_00478600
game-server	00478790	145	FUN_00478790
game-server	00478830	145	FUN_00478830
game-server	004788d0	388	FUN_004788d0
game-server	00478a60	89	FUN_00478a60
game-server	00478ac0	46	FUN_00478ac0
game-server	00478af0	42	FUN_00478af0
game-server	00478b20	31	FID_conflict:??0CPair@?$CMap@HHII@@IAE@H@Z
game-server	00478b40	295	FUN_00478b40
game-server	00478c70	44	FUN_00478c70
game-server	00478ca0	44	FUN_00478ca0
game-server	00478cd0	43	FUN_00478cd0
game-server	00478d00	229	FUN_00478d00
game-server	00478df0	64	FUN_00478df0
game-server	00478e30	41	FUN_00478e30
game-server	00478e60	88	FUN_00478e60
game-server	00478ec0	5	FUN_00478ec0
game-server	00478ed0	41	FUN_00478ed0
game-server	00478f00	58	FUN_00478f00
game-server	00478f40	22	FUN_00478f40
game-server	00478f56	22	FUN_00478f56
game-server	00478f6c	25	FUN_00478f6c
game-server	00478f85	22	FUN_00478f85
game-server	00478f9b	22	FUN_00478f9b
game-server	00478fb1	22	FUN_00478fb1
game-server	00478fc7	25	FUN_00478fc7
game-server	00478fe0	22	FUN_00478fe0
game-server	00478ff6	22	FUN_00478ff6
game-server	0047900c	22	FUN_0047900c
game-server	00479022	25	FUN_00479022
game-server	0047903b	22	FUN_0047903b
game-server	00479051	22	FUN_00479051
game-server	00479067	25	FUN_00479067
game-server	00479080	376	FUN_00479080
game-server	004791f8	436	FUN_004791f8
game-server	004793ac	209	FUN_004793ac
game-server	0047947d	1082	FUN_0047947d
game-server	004798b7	269	FUN_004798b7
game-server	004799c4	1370	FUN_004799c4
game-server	00479f1e	860	FUN_00479f1e
game-server	0047a27a	1473	FUN_0047a27a
game-server	0047a83b	499	FUN_0047a83b
game-server	0047aa2e	349	FUN_0047aa2e
game-server	0047ab8b	22	FUN_0047ab8b
game-server	0047aba1	25	FUN_0047aba1
game-server	0047abc0	63	FUN_0047abc0
game-server	0047ac00	24	FUN_0047ac00
game-server	0047ac20	36	FUN_0047ac20
game-server	0047ac50	36	FUN_0047ac50
game-server	0047ac80	36	FUN_0047ac80
game-server	0047acb0	36	FUN_0047acb0
game-server	0047ace0	200	FUN_0047ace0
game-server	0047adb0	166	FUN_0047adb0
game-server	0047ae60	187	FUN_0047ae60
game-server	0047af20	171	FUN_0047af20
game-server	0047afd0	200	FUN_0047afd0
game-server	0047b0a0	166	FUN_0047b0a0
game-server	0047b150	187	FUN_0047b150
game-server	0047b210	171	FUN_0047b210
game-server	0047b2c0	63	FUN_0047b2c0
game-server	0047b300	136	FUN_0047b300
game-server	0047b390	63	FUN_0047b390
game-server	0047b3d0	136	FUN_0047b3d0
game-server	0047b460	27	FUN_0047b460
game-server	0047b480	24	FUN_0047b480
game-server	0047b4a0	24	FUN_0047b4a0
game-server	0047b4c0	29	?SetPreMultiplyAutoCheck@CMFCToolBarImages@@QAEXH@Z
game-server	0047b4e0	145	FUN_0047b4e0
game-server	0047b571	104	FUN_0047b571
game-server	0047b5d9	137	FUN_0047b5d9
game-server	0047b662	1315	FUN_0047b662
game-server	0047bb85	838	FUN_0047bb85
game-server	0047becb	36	FUN_0047becb
game-server	0047beef	20	FUN_0047beef
game-server	0047bf03	18	FUN_0047bf03
game-server	0047bf15	732	FUN_0047bf15
game-server	0047c1f1	149	FUN_0047c1f1
game-server	0047c286	349	FUN_0047c286
game-server	0047c3e3	122	FUN_0047c3e3
game-server	0047c45d	194	FUN_0047c45d
game-server	0047c51f	122	FUN_0047c51f
game-server	0047c599	122	FUN_0047c599
game-server	0047c613	122	FUN_0047c613
game-server	0047c68d	236	FUN_0047c68d
game-server	0047c779	207	FUN_0047c779
game-server	0047c848	123	FUN_0047c848
game-server	0047c8c3	136	FUN_0047c8c3
game-server	0047c94b	264	FUN_0047c94b
game-server	0047ca53	22	FUN_0047ca53
game-server	0047ca69	25	FUN_0047ca69
game-server	0047ca90	63	FUN_0047ca90
game-server	0047cad0	71	FUN_0047cad0
game-server	0047cb20	117	FUN_0047cb20
game-server	0047cba0	75	FUN_0047cba0
game-server	0047cbf0	64	FUN_0047cbf0
game-server	0047cc30	77	FUN_0047cc30
game-server	0047cc80	213	FUN_0047cc80
game-server	0047cd60	82	FUN_0047cd60
game-server	0047cdc0	591	FUN_0047cdc0
game-server	0047d010	42	FUN_0047d010
game-server	0047d040	52	FUN_0047d040
game-server	0047d080	52	FUN_0047d080
game-server	0047d0c0	66	FUN_0047d0c0
game-server	0047d110	52	FUN_0047d110
game-server	0047d150	49	FUN_0047d150
game-server	0047d190	24	FUN_0047d190
game-server	0047d1b0	41	FUN_0047d1b0
game-server	0047d1e0	209	FUN_0047d1e0
game-server	0047d2c0	109	FUN_0047d2c0
game-server	0047d330	195	FUN_0047d330
game-server	0047d400	146	FUN_0047d400
game-server	0047d4a0	335	FUN_0047d4a0
game-server	0047d5f0	132	FUN_0047d5f0
game-server	0047d680	44	FUN_0047d680
game-server	0047d6b0	8	FUN_0047d6b0
game-server	0047d6c0	11	FUN_0047d6c0
game-server	0047d6d0	11	FUN_0047d6d0
game-server	0047d6e0	42	FUN_0047d6e0
game-server	0047d710	23	FUN_0047d710
game-server	0047d730	45	FID_conflict:??0CAssoc@?$CMap@IIPAUHMENU__@@PAU1@@@QAE@I@Z
game-server	0047d760	66	FUN_0047d760
game-server	0047d7b0	35	FUN_0047d7b0
game-server	0047d7e0	137	FUN_0047d7e0
game-server	0047d870	149	FUN_0047d870
game-server	0047d910	378	FUN_0047d910
game-server	0047da90	44	FUN_0047da90
game-server	0047dac0	42	FUN_0047dac0
game-server	0047daf0	46	FUN_0047daf0
game-server	0047db20	31	FID_conflict:??0CPair@?$CMap@HHII@@IAE@H@Z
game-server	0047db40	97	FUN_0047db40
game-server	0047dbb0	33	FUN_0047dbb0
game-server	0047dbe0	42	FUN_0047dbe0
game-server	0047dc10	52	FUN_0047dc10
game-server	0047dc50	52	FUN_0047dc50
game-server	0047dc90	35	FUN_0047dc90
game-server	0047dcc0	41	FUN_0047dcc0
game-server	0047dcf0	7	FUN_0047dcf0
game-server	0047dd00	41	FUN_0047dd00
game-server	0047dd30	35	FUN_0047dd30
game-server	0047dd60	64	FUN_0047dd60
game-server	0047dda0	139	FUN_0047dda0
game-server	0047de30	86	FUN_0047de30
game-server	0047de90	41	FUN_0047de90
game-server	0047dec0	58	FUN_0047dec0
game-server	0047df00	24	FUN_0047df00
game-server	0047df20	27	FUN_0047df20
game-server	0047df40	27	FUN_0047df40
game-server	0047df60	27	FUN_0047df60
game-server	0047df80	32	FUN_0047df80
game-server	0047dfa0	32	FUN_0047dfa0
game-server	0047dfc0	32	FUN_0047dfc0
game-server	0047dfe0	155	FUN_0047dfe0
game-server	0047e07b	116	FUN_0047e07b
game-server	0047e0ef	55	FUN_0047e0ef
game-server	0047e126	20	FUN_0047e126
game-server	0047e13a	338	FUN_0047e13a
game-server	0047e2ac	95	FUN_0047e2ac
game-server	0047e30b	138	FUN_0047e30b
game-server	0047e395	25	FUN_0047e395
game-server	0047e3ae	3568	FUN_0047e3ae
game-server	0047f201	689	FUN_0047f201
game-server	0047f4b2	534	FUN_0047f4b2
game-server	0047f6c8	815	FUN_0047f6c8
game-server	0047f9f7	118	FUN_0047f9f7
game-server	0047fa6d	140	FUN_0047fa6d
game-server	0047faf9	124	FUN_0047faf9
game-server	0047fb75	152	FUN_0047fb75
game-server	0047fc0d	154	FUN_0047fc0d
game-server	0047fca7	176	FUN_0047fca7
game-server	0047fd57	812	FUN_0047fd57
game-server	00480083	647	FUN_00480083
game-server	0048030a	809	FUN_0048030a
game-server	00480633	840	FUN_00480633
game-server	0048097b	922	FUN_0048097b
game-server	00480d15	426	FUN_00480d15
game-server	00480ebf	1368	FUN_00480ebf
game-server	00481417	395	FUN_00481417
game-server	004815a2	22	FUN_004815a2
game-server	004815b8	25	FUN_004815b8
game-server	004815e0	63	FUN_004815e0
game-server	00481620	39	FUN_00481620
game-server	00481650	78	FUN_00481650
game-server	004816a0	27	FUN_004816a0
game-server	004816c0	163	FUN_004816c0
game-server	00481770	63	FUN_00481770
game-server	004817b0	25	FUN_004817b0
game-server	004817d0	24	FUN_004817d0
game-server	004817f0	202	FUN_004817f0
game-server	004818ba	162	FUN_004818ba
game-server	0048195c	251	FUN_0048195c
game-server	00481a57	25	FUN_00481a57
game-server	00481a70	344	FUN_00481a70
game-server	00481bc8	25	FUN_00481bc8
game-server	00481be1	25	FUN_00481be1
game-server	00481bfa	25	FUN_00481bfa
game-server	00481c13	22	FUN_00481c13
game-server	00481c29	25	FUN_00481c29
game-server	00481c50	63	FUN_00481c50
game-server	00481c90	78	FUN_00481c90
game-server	00481ce0	27	FUN_00481ce0
game-server	00481d00	63	FUN_00481d00
game-server	00481d40	25	FUN_00481d40
game-server	00481d60	190	FUN_00481d60
game-server	00481e1e	110	FUN_00481e1e
game-server	00481e8c	23	FUN_00481e8c
game-server	00481ea3	95	FUN_00481ea3
game-server	00481f02	22	FUN_00481f02
game-server	00481f18	25	FUN_00481f18
game-server	00481f40	60	FUN_00481f40
game-server	00481f80	65	FUN_00481f80
game-server	00481fc1	687	FUN_00481fc1
game-server	00482270	571	FUN_00482270
game-server	004824ab	346	FUN_004824ab
game-server	00482605	176	FUN_00482605
game-server	004826b5	1666	FUN_004826b5
game-server	00482d4b	97	FUN_00482d4b
game-server	00482dac	1565	FUN_00482dac
game-server	004833c9	271	FUN_004833c9
game-server	004834d8	119	FUN_004834d8
game-server	0048354f	177	FUN_0048354f
game-server	00483600	1244	FUN_00483600
game-server	00483adc	25	FUN_00483adc
game-server	00483af5	92	FUN_00483af5
game-server	00483b51	422	FUN_00483b51
game-server	00483dfa	18	FUN_00483dfa
game-server	00483e0c	250	FUN_00483e0c
game-server	00483f06	1337	FUN_00483f06
game-server	0048443f	1432	FUN_0048443f
game-server	004849d7	795	FUN_004849d7
game-server	00484cf2	235	FUN_00484cf2
game-server	00484ddd	1715	FUN_00484ddd
game-server	00485490	206	FUN_00485490
game-server	0048555e	1391	FUN_0048555e
game-server	00485acd	22	FUN_00485acd
game-server	00485ae3	25	FUN_00485ae3
game-server	00485b00	49	FUN_00485b00
game-server	00485b40	63	FUN_00485b40
game-server	00485b80	45	FUN_00485b80
game-server	00485bb0	46	FUN_00485bb0
game-server	00485be0	66	FUN_00485be0
game-server	00485c30	24	FUN_00485c30
game-server	00485c50	35	FUN_00485c50
game-server	00485c80	35	FUN_00485c80
game-server	00485cb0	24	FUN_00485cb0
game-server	00485cd0	24	FUN_00485cd0
game-server	00485cf0	295	FUN_00485cf0
game-server	00485e20	61	FUN_00485e20
game-server	00485e60	101	FUN_00485e60
game-server	00485ed0	27	FUN_00485ed0
game-server	00485ef0	121	FUN_00485ef0
game-server	00485f70	63	FUN_00485f70
game-server	00485fb0	67	FUN_00485fb0
game-server	00486000	136	FUN_00486000
game-server	00486090	63	FUN_00486090
game-server	004860d0	63	FUN_004860d0
game-server	00486110	39	FUN_00486110
game-server	00486140	24	FUN_00486140
game-server	00486160	48	FUN_00486160
game-server	00486190	24	FUN_00486190
game-server	004861b0	24	FUN_004861b0
game-server	004861d0	29	FUN_004861d0
game-server	004861f0	29	?SetPaneDivider@CPaneContainer@@QAEXPAVCPaneDivider@@@Z
game-server	00486210	78	FUN_00486210
game-server	00486260	163	FUN_00486260
game-server	00486310	25	FUN_00486310
game-server	00486330	32	FUN_00486330
game-server	00486350	268	FUN_00486350
game-server	00486460	267	FUN_00486460
game-server	00486570	48	?EnableUserDefinedToolbars@CMFCToolBarsCustomizeDialog@@QAEXH@Z
game-server	004865a0	54	FUN_004865a0
game-server	004865d6	27	FUN_004865d6
game-server	004865f1	29	FUN_004865f1
game-server	0048660e	296	FUN_0048660e
game-server	00486736	299	FUN_00486736
game-server	00486861	296	FUN_00486861
game-server	00486989	299	FUN_00486989
game-server	00486ab4	22	FUN_00486ab4
game-server	00486aca	25	FUN_00486aca
game-server	00486af0	63	FUN_00486af0
game-server	00486b30	594	FUN_00486b30
game-server	00486d82	211	FUN_00486d82
game-server	00486e55	447	FUN_00486e55
game-server	00487014	66	FUN_00487014
game-server	00487056	71	FUN_00487056
game-server	0048709d	108	FUN_0048709d
game-server	00487109	297	FUN_00487109
game-server	00487232	970	FUN_00487232
game-server	004875fc	142	FUN_004875fc
game-server	0048768a	280	FUN_0048768a
game-server	004877a2	1597	FUN_004877a2
game-server	00487ddf	20	FUN_00487ddf
game-server	00487df3	18	FUN_00487df3
game-server	00487e05	18	FUN_00487e05
game-server	00487e17	20	FUN_00487e17
game-server	00487e2b	261	FUN_00487e2b
game-server	00487f64	115	FUN_00487f64
game-server	00487fd7	162	FUN_00487fd7
game-server	00488079	1560	FUN_00488079
game-server	004886ad	205	FUN_004886ad
game-server	0048877a	177	FUN_0048877a
game-server	0048882b	652	FUN_0048882b
game-server	00488ab7	87	FUN_00488ab7
game-server	00488b0e	25	FUN_00488b0e
game-server	00488b27	608	FUN_00488b27
game-server	00488e17	18	FUN_00488e17
game-server	00488e29	536	FUN_00488e29
game-server	00489041	329	FUN_00489041
game-server	0048918a	20	FUN_0048918a
game-server	004891a0	63	FUN_004891a0
game-server	004891e0	172	FUN_004891e0
game-server	00489290	49	FUN_00489290
game-server	004892d0	24	FUN_004892d0
game-server	004892f0	38	FUN_004892f0
game-server	00489320	41	FUN_00489320
game-server	00489350	21	FUN_00489350
game-server	00489370	41	FUN_00489370
game-server	004893a0	21	FUN_004893a0
game-server	004893c0	55	FUN_004893c0
game-server	00489400	72	FUN_00489400
game-server	00489450	62	FUN_00489450
game-server	00489490	90	FUN_00489490
game-server	004894f0	90	FUN_004894f0
game-server	00489550	90	FUN_00489550
game-server	004895b0	24	FUN_004895b0
game-server	004895d0	563	FUN_004895d0
game-server	00489803	81	FUN_00489803
game-server	00489854	58	FUN_00489854
game-server	0048988e	36	FUN_0048988e
game-server	004898b2	18	FUN_004898b2
game-server	004898c4	307	FUN_004898c4
game-server	004899f7	255	FUN_004899f7
game-server	00489af6	141	FUN_00489af6
game-server	00489b83	97	FUN_00489b83
game-server	00489be4	87	FUN_00489be4
game-server	00489c3b	370	FUN_00489c3b
game-server	00489dad	164	FUN_00489dad
game-server	00489e51	121	FUN_00489e51
game-server	00489eca	87	FUN_00489eca
game-server	00489f21	25	FUN_00489f21
game-server	00489f3a	270	FUN_00489f3a
game-server	0048a050	63	FUN_0048a050
game-server	0048a090	28	FUN_0048a090
game-server	0048a0b0	23	FUN_0048a0b0
game-server	0048a0d0	26	FUN_0048a0d0
game-server	0048a0f0	50	FUN_0048a0f0
game-server	0048a130	90	FUN_0048a130
game-server	0048a190	195	FUN_0048a190
game-server	0048a253	346	FUN_0048a253
game-server	0048a3ad	1122	FUN_0048a3ad
game-server	0048a80f	160	FUN_0048a80f
game-server	0048a8af	412	FUN_0048a8af
game-server	0048aa4b	23	FUN_0048aa4b
game-server	0048aa62	60	FUN_0048aa62
game-server	0048aa9e	154	FUN_0048aa9e
game-server	0048ab38	289	FUN_0048ab38
game-server	0048ac59	889	FUN_0048ac59
game-server	0048afd2	96	FUN_0048afd2
game-server	0048b032	116	FUN_0048b032
game-server	0048b0a6	105	FUN_0048b0a6
game-server	0048b10f	93	FUN_0048b10f
game-server	0048b16c	22	FUN_0048b16c
game-server	0048b182	173	FUN_0048b182
game-server	0048b22f	75	FUN_0048b22f
game-server	0048b27a	197	FUN_0048b27a
game-server	0048b33f	152	FUN_0048b33f
game-server	0048b3d7	136	FUN_0048b3d7
game-server	0048b45f	22	FUN_0048b45f
game-server	0048b475	25	FUN_0048b475
game-server	0048b48e	96	FUN_0048b48e
game-server	0048b4ee	133	FUN_0048b4ee
game-server	0048b573	18	FUN_0048b573
game-server	0048b585	82	FUN_0048b585
game-server	0048b5d7	646	FUN_0048b5d7
game-server	0048b85d	23	FUN_0048b85d
game-server	0048b874	110	FUN_0048b874
game-server	0048b8e2	162	FUN_0048b8e2
game-server	0048b984	103	FUN_0048b984
game-server	0048b9eb	76	FUN_0048b9eb
game-server	0048ba37	28	FUN_0048ba37
game-server	0048ba53	28	FUN_0048ba53
game-server	0048ba6f	60	FUN_0048ba6f
game-server	0048baab	147	FUN_0048baab
game-server	0048bb3e	76	FUN_0048bb3e
game-server	0048bb8a	51	FUN_0048bb8a
game-server	0048bbbd	18	FUN_0048bbbd
game-server	0048bbd0	60	FUN_0048bbd0
game-server	0048bc10	67	FUN_0048bc10
game-server	0048bc60	35	FUN_0048bc60
game-server	0048bc90	67	FUN_0048bc90
game-server	0048bce0	48	FUN_0048bce0
game-server	0048bd10	35	FUN_0048bd10
game-server	0048bd40	28	FUN_0048bd40
game-server	0048bd60	28	FUN_0048bd60
game-server	0048bd80	24	FUN_0048bd80
game-server	0048bda0	63	FUN_0048bda0
game-server	0048bde0	63	FUN_0048bde0
game-server	0048be20	72	FUN_0048be20
game-server	0048be70	18	FUN_0048be70
game-server	0048be90	162	FUN_0048be90
game-server	0048bf40	118	FUN_0048bf40
game-server	0048bfc0	131	FUN_0048bfc0
game-server	0048c050	144	FUN_0048c050
game-server	0048c0e0	118	FUN_0048c0e0
game-server	0048c160	131	FUN_0048c160
game-server	0048c1f0	153	FUN_0048c1f0
game-server	0048c290	48	FUN_0048c290
game-server	0048c2c0	32	?EnableBrowseButton@CVSListBoxBase@@QAEXH@Z
game-server	0048c2e0	27	FUN_0048c2e0
game-server	0048c300	35	FUN_0048c300
game-server	0048c330	41	FUN_0048c330
game-server	0048c360	27	FUN_0048c360
game-server	0048c380	90	FUN_0048c380
game-server	0048c3e0	72	FUN_0048c3e0
game-server	0048c430	53	FUN_0048c430
game-server	0048c470	61	FUN_0048c470
game-server	0048c4ad	143	FUN_0048c4ad
game-server	0048c53c	326	FUN_0048c53c
game-server	0048c682	190	FUN_0048c682
game-server	0048c740	22	FUN_0048c740
game-server	0048c760	63	FUN_0048c760
game-server	0048c7a0	182	FUN_0048c7a0
game-server	0048c856	76	FUN_0048c856
game-server	0048c8a2	134	FUN_0048c8a2
game-server	0048c928	102	FUN_0048c928
game-server	0048c98e	249	FUN_0048c98e
game-server	0048ca90	63	FUN_0048ca90
game-server	0048cad0	107	FUN_0048cad0
game-server	0048cb3b	45	FID_conflict:??1CDockablePaneAdapter@@UAE@XZ
game-server	0048cb68	46	FUN_0048cb68
game-server	0048cba0	63	FUN_0048cba0
game-server	0048cbe0	91	FUN_0048cbe0
game-server	0048cc3b	45	FUN_0048cc3b
game-server	0048cc70	63	FUN_0048cc70
game-server	0048ccb0	163	FUN_0048ccb0
game-server	0048cd53	45	FUN_0048cd53
game-server	0048cd80	266	FUN_0048cd80
game-server	0048ce90	63	FUN_0048ce90
game-server	0048cf80	53	?DrawState@@YGHPAUHDC__@@PAUHBRUSH__@@P6GH0JIHH@ZJIHHHHI@Z
game-server	0048cfc0	17	FUN_0048cfc0
game-server	0048cfe0	21	FUN_0048cfe0
game-server	0048d000	21	FUN_0048d000
game-server	0048d020	17	FUN_0048d020
game-server	0048d040	17	FUN_0048d040
game-server	0048d060	17	FUN_0048d060
game-server	0048d080	17	__tcsinc
game-server	0048d0a0	21	FUN_0048d0a0
game-server	0048d0c0	21	FUN_0048d0c0
game-server	0048d0e0	21	FUN_0048d0e0
game-server	0048d100	25	__tcsncmp
game-server	0048d120	17	FUN_0048d120
game-server	0048d140	21	FUN_0048d140
game-server	0048d160	21	FUN_0048d160
game-server	0048d180	21	FUN_0048d180
game-server	0048d1a0	21	FUN_0048d1a0
game-server	0048d1c0	19	?GetNextWindow@@YAPAUHWND__@@PAU1@I@Z
game-server	0048d1e0	28	FID_conflict:?LookupTemporary@CHandleMap@@QAEPAVCObject@@PAX@Z
game-server	0048d200	25	??0AFX_CLASSINIT@@QAE@PAUCRuntimeClass@@@Z
game-server	0048d220	9	?UnlockResource@@YGHPAX@Z
game-server	0048d250	329	FUN_0048d250
game-server	0048d399	99	_xGetSystemMetrics@4
game-server	0048d414	93	FUN_0048d414
game-server	0048d471	100	FUN_0048d471
game-server	0048d4d5	127	FUN_0048d4d5
game-server	0048d554	217	FUN_0048d554
game-server	0048d62d	303	_xEnumDisplayMonitors@16
game-server	0048d760	28	FID_conflict:?LookupTemporary@CHandleMap@@QAEPAVCObject@@PAX@Z
game-server	0048d780	8	FUN_0048d780
game-server	0048d790	43	FUN_0048d790
game-server	0048d7c0	20	FUN_0048d7c0
game-server	0048d7e0	28	_IsEqualGUID
game-server	0048d800	8	FUN_0048d800
game-server	0048d810	17	FUN_0048d810
game-server	0048d830	65	FUN_0048d830
game-server	0048d880	16	FUN_0048d880
game-server	0048d890	15	FUN_0048d890
game-server	0048d89f	5	FUN_0048d89f
game-server	0048d8a4	18	FUN_0048d8a4
game-server	0048d8b6	15	FUN_0048d8b6
game-server	0048d8c5	52	?AfxEnableControlContainer@@YAXPAVCOccManager@@@Z
game-server	0048d8f9	256	FUN_0048d8f9
game-server	0048d9f9	25	FUN_0048d9f9
game-server	0048da12	173	FUN_0048da12
game-server	0048dabf	33	?OnEvent@COccManager@@UAEHPAVCCmdTarget@@IPAUAFX_EVENT@@PAUAFX_CMDHANDLERINFO@@@Z
game-server	0048dae0	119	?CreateContainer@COccManager@@UAEPAVCOleControlContainer@@PAVCWnd@@@Z
game-server	0048db57	122	?CreateSite@COccManager@@UAEPAVCOleControlSite@@PAVCOleControlContainer@@@Z
game-server	0048dbd1	161	FUN_0048dbd1
game-server	0048dc72	35	FUN_0048dc72
game-server	0048dc95	57	FUN_0048dc95
game-server	0048dcce	579	FUN_0048dcce
game-server	0048df11	35	FUN_0048df11
game-server	0048df34	337	FUN_0048df34
game-server	0048e085	956	FUN_0048e085
game-server	0048e441	582	FUN_0048e441
game-server	0048e687	1658	FUN_0048e687
game-server	0048ed01	200	FUN_0048ed01
game-server	0048edd0	19	FUN_0048edd0
game-server	0048edf0	70	FUN_0048edf0
game-server	0048ee40	100	FID_conflict:?CreateObject@?$CThreadLocal@V_AFXCTL_AMBIENT_CACHE@@@@SGPAVCNoTrackObject@@XZ
game-server	0048eeb0	31	FID_conflict:??0_AFXCTL_AMBIENT_CACHE@@QAE@XZ
game-server	0048eed0	43	FUN_0048eed0
game-server	0048ef00	19	FUN_0048ef00
game-server	0048ef20	34	??0CSimpleList@@QAE@H@Z
game-server	0048ef50	59	FUN_0048ef50
game-server	0048ef90	54	??0CTypeLibCache@@QAE@XZ
game-server	0048efd0	59	FUN_0048efd0
game-server	0048f010	28	FUN_0048f010
game-server	0048f030	46	FUN_0048f030
game-server	0048f060	99	FUN_0048f060
game-server	0048f0d0	57	FUN_0048f0d0
game-server	0048f110	10	FUN_0048f110
game-server	0048f120	17	FUN_0048f120
game-server	0048f140	1026	FUN_0048f140
game-server	0048f5b1	182	?GetEventSinkEntry@CCmdTarget@@IAGPBUAFX_EVENTSINKMAP_ENTRY@@IPAUAFX_EVENT@@@Z
game-server	0048f670	120	FUN_0048f670
game-server	0048f6e8	133	FID_conflict:?CreateControl@CWnd@@QAEHABU_GUID@@PB_WKABUtagRECT@@PAV1@IPAVCFile@@HPA_W@Z
game-server	0048f76d	173	FUN_0048f76d
game-server	0048f81a	231	FUN_0048f81a
game-server	0048f937	16	FUN_0048f937
game-server	0048f947	16	FUN_0048f947
game-server	0048f957	166	FUN_0048f957
game-server	0048f9fd	347	FUN_0048f9fd
game-server	0048fb58	137	FID_conflict:?CreateControl@COleControlContainer@@QAEHPAVCWnd@@ABU_GUID@@PBDKABUtagRECT@@IPAVCFile@@HPA_WPAPAVCOleControlSite@@@Z
game-server	0048fbe1	319	FUN_0048fbe1
game-server	0048fd59	80	FUN_0048fd59
game-server	0048fda9	690	FUN_0048fda9
game-server	0049009b	590	FUN_0049009b
game-server	004902e9	72	FUN_004902e9
game-server	00490331	204	FUN_00490331
game-server	004903fd	96	FUN_004903fd
game-server	0049045d	34	FUN_0049045d
game-server	0049047f	100	FUN_0049047f
game-server	004904e3	143	FUN_004904e3
game-server	00490572	43	?GetDlgItem@COleControlContainer@@UBEPAVCWnd@@H@Z
game-server	0049059d	87	?GetDlgItem@COleControlContainer@@UBEXHPAPAUHWND__@@@Z
game-server	004905f4	249	FUN_004905f4
game-server	004906ed	59	FUN_004906ed
game-server	00490728	63	FUN_00490728
game-server	00490767	81	FUN_00490767
game-server	004907b8	53	FUN_004907b8
game-server	004907ed	166	FUN_004907ed
game-server	004908d9	35	?QueryInterface@XClassFactory@COleObjectFactory@@UAGJABU_GUID@@PAPAX@Z
game-server	004908fc	27	FUN_004908fc
game-server	00490917	27	FUN_00490917
game-server	00490932	35	?GetWindow@XOleIPFrame@COleControlContainer@@UAGJPAPAUHWND__@@@Z
game-server	00490955	12	FUN_00490955
game-server	00490961	12	FUN_00490961
game-server	0049096d	12	FUN_0049096d
game-server	00490979	12	FUN_00490979
game-server	00490985	92	?SetActiveObject@XOleIPFrame@COleControlContainer@@UAGJPAUIOleInPlaceActiveObject@@PB_W@Z
game-server	004909e1	12	FUN_004909e1
game-server	004909ed	12	FUN_004909ed
game-server	004909f9	12	FUN_004909f9
game-server	00490a05	12	FUN_00490a05
game-server	00490a11	9	FUN_00490a11
game-server	00490a1a	12	FUN_00490a1a
game-server	00490a26	16	FUN_00490a26
game-server	00490a36	192	FUN_00490a36
game-server	00490af6	94	FUN_00490af6
game-server	00490b54	35	FID_conflict:?QueryInterface@XOleContainer@COleControlContainer@@UAGJABU_GUID@@PAPAX@Z
game-server	00490b77	27	FUN_00490b77
game-server	00490b92	27	FUN_00490b92
game-server	00490bad	12	FUN_00490bad
game-server	00490bb9	673	FUN_00490bb9
game-server	00490e92	12	FUN_00490e92
game-server	00490ea0	43	FUN_00490ea0
game-server	00490ed0	31	FUN_00490ed0
game-server	00490ef0	31	FUN_00490ef0
game-server	00490f10	22	FUN_00490f10
game-server	00490f30	22	FUN_00490f30
game-server	00490f50	22	FUN_00490f50
game-server	00490f70	22	FUN_00490f70
game-server	00490f90	22	FUN_00490f90
game-server	00490fb0	14	??0IUnknown@@QAE@XZ
game-server	00490fc0	26	FUN_00490fc0
game-server	00490fe0	134	FUN_00490fe0
game-server	00491070	43	FUN_00491070
game-server	004910a0	45	??0CEnumUnknown@@QAE@PBXI@Z
game-server	004910d0	16	FUN_004910d0
game-server	004910e0	475	FUN_004910e0
game-server	004912bb	507	FUN_004912bb
game-server	004914b6	232	FUN_004914b6
game-server	0049159e	133	FUN_0049159e
game-server	00491623	1190	FUN_00491623
game-server	00491ac9	139	FUN_00491ac9
game-server	00491b54	259	FUN_00491b54
game-server	00491c57	675	FUN_00491c57
game-server	00491efa	1974	FUN_00491efa
game-server	004926b0	17	FUN_004926b0
game-server	004926c1	76	FUN_004926c1
game-server	0049270d	61	FUN_0049270d
game-server	0049274a	49	FUN_0049274a
game-server	0049277b	177	FUN_0049277b
game-server	0049282c	256	FUN_0049282c
game-server	0049292c	210	FUN_0049292c
game-server	004929fe	900	FUN_004929fe
game-server	00492d82	148	FUN_00492d82
game-server	00492e16	309	FUN_00492e16
game-server	00492f4b	148	FUN_00492f4b
game-server	00492fdf	118	FUN_00492fdf
game-server	00493055	241	FUN_00493055
game-server	00493146	172	FUN_00493146
game-server	004931f2	103	FUN_004931f2
game-server	00493259	184	FUN_00493259
game-server	00493311	184	FUN_00493311
game-server	004933c9	58	?InvokeHelper@COleControlSite@@UAAXJGGPAXPBEZZ
game-server	00493403	45	?GetProperty@COleControlSite@@UBEXJGPAX@Z
game-server	00493430	45	?SetProperty@COleControlSite@@UAAXJGZZ
game-server	0049345d	114	FUN_0049345d
game-server	00493515	215	FUN_00493515
game-server	0049365e	137	FUN_0049365e
game-server	00493720	236	FUN_00493720
game-server	0049380c	116	FUN_0049380c
game-server	00493880	118	FUN_00493880
game-server	004938f6	140	FUN_004938f6
game-server	00493a20	171	FUN_00493a20
game-server	00493acb	106	FUN_00493acb
game-server	00493b35	17	FUN_00493b35
game-server	00493b46	36	?SetDlgCtrlID@COleControlSite@@UAEHH@Z
game-server	00493b6a	291	FUN_00493b6a
game-server	00493c8d	279	FUN_00493c8d
game-server	00493da4	102	?ShowWindow@COleControlSite@@UAEHH@Z
game-server	00493e22	102	FUN_00493e22
game-server	00493ec1	129	FUN_00493ec1
game-server	00493f88	76	FUN_00493f88
game-server	00493fd4	155	?EnableDSC@COleControlSite@@UAEXXZ
game-server	0049406f	336	FUN_0049406f
game-server	004941bf	573	FUN_004941bf
game-server	004943fc	29	FUN_004943fc
game-server	00494419	29	FUN_00494419
game-server	00494436	37	FID_conflict:?QueryInterface@XRichEditOleCallback@CRichEditView@@UAGJABU_GUID@@PAPAX@Z
game-server	0049445b	12	FUN_0049445b
game-server	00494467	12	FUN_00494467
game-server	00494473	41	?GetContainer@XOleClientSite@COleControlSite@@UAGJPAPAUIOleContainer@@@Z
game-server	0049449c	31	FUN_0049449c
game-server	004944bb	9	FUN_004944bb
game-server	004944c4	12	FUN_004944c4
game-server	004944d0	29	FUN_004944d0
game-server	004944ed	29	FUN_004944ed
game-server	0049450a	37	FID_conflict:?QueryInterface@XRichEditOleCallback@CRichEditView@@UAGJABU_GUID@@PAPAX@Z
game-server	0049452f	59	?GetWindow@XOleIPSite@COleControlSite@@UAGJPAPAUHWND__@@@Z
game-server	0049456a	12	FUN_0049456a
game-server	00494576	9	FUN_00494576
game-server	0049457f	9	FUN_0049457f
game-server	00494588	44	FUN_00494588
game-server	004945b4	439	FUN_004945b4
game-server	0049476b	12	FUN_0049476b
game-server	00494777	44	FUN_00494777
game-server	004947a3	31	FUN_004947a3
game-server	004947c2	9	FUN_004947c2
game-server	004947cb	41	FUN_004947cb
game-server	004947f4	134	FUN_004947f4
game-server	0049487a	29	FUN_0049487a
game-server	00494897	29	FUN_00494897
game-server	004948b4	37	FID_conflict:?QueryInterface@XRichEditOleCallback@CRichEditView@@UAGJABU_GUID@@PAPAX@Z
game-server	004948d9	31	FUN_004948d9
game-server	004948f8	12	FUN_004948f8
game-server	00494904	12	FUN_00494904
game-server	00494910	356	FUN_00494910
game-server	00494a74	12	FUN_00494a74
game-server	00494a80	9	FUN_00494a80
game-server	00494a89	12	FUN_00494a89
game-server	00494a95	29	FUN_00494a95
game-server	00494ab2	29	FUN_00494ab2
game-server	00494acf	37	?QueryInterface@XOleClientSite@COleControlSite@@UAGJABU_GUID@@PAPAX@Z
game-server	00494af4	12	FUN_00494af4
game-server	00494b00	12	FUN_00494b00
game-server	00494b0c	12	FUN_00494b0c
game-server	00494b18	229	FUN_00494b18
game-server	00494bfd	92	FID_conflict:?QueryInterface@XNotifyDBEvents@COleControlSite@@UAGJABU_GUID@@PAPAX@Z
game-server	00494c59	12	FUN_00494c59
game-server	00494c65	9	FUN_00494c65
game-server	00494c6e	350	FUN_00494c6e
game-server	00494dcc	96	?OnRequestEdit@XPropertyNotifySink@COleControlSite@@UAGJJ@Z
game-server	00494e2c	12	FUN_00494e2c
game-server	00494e38	9	FUN_00494e38
game-server	00494e41	115	?QueryInterface@XEventSink@COleControlSite@@UAGJABU_GUID@@PAPAX@Z
game-server	00494eb4	12	FUN_00494eb4
game-server	00494ec0	12	FUN_00494ec0
game-server	00494ecc	12	FUN_00494ecc
game-server	00494ed8	198	FUN_00494ed8
game-server	00494f9e	270	FUN_00494f9e
game-server	004950ac	964	FUN_004950ac
game-server	00495470	542	FUN_00495470
game-server	0049568e	259	FUN_0049568e
game-server	00495791	1723	FUN_00495791
game-server	00495e4c	201	?CopyColumnID@CDataSourceControl@@QAEHPAUtagDBCOLUMNID@@PBU2@@Z
game-server	00495f15	602	FUN_00495f15
game-server	0049616f	145	FUN_0049616f
game-server	00496200	769	FUN_00496200
game-server	00496501	168	FUN_00496501
game-server	004965a9	2226	FUN_004965a9
game-server	00496f27	590	FUN_00496f27
game-server	00497175	2827	FUN_00497175
game-server	00497d5d	74	??0CDataBoundProperty@@QAE@PAV0@JG@Z
game-server	00497da7	21	FUN_00497da7
game-server	00497dbc	43	?SetDSCSite@CDataBoundProperty@@QAEXPAVCOleControlSite@@@Z
game-server	00497de7	17	FUN_00497de7
game-server	00497df8	29	FUN_00497df8
game-server	00497e15	212	FUN_00497e15
game-server	00497ee9	154	FUN_00497ee9
game-server	00497f83	91	?GetCursor@COleControlSite@@IAEJJPAPAUIUnknown@@PAPAX@Z
game-server	00497fde	29	FUN_00497fde
game-server	00497ffb	29	FUN_00497ffb
game-server	00498018	37	FUN_00498018
game-server	0049803d	41	?GetCursor@XBoundObjectSite@COleControlSite@@UAGJJPAPAUICursor@@PAPAX@Z
game-server	00498066	12	FUN_00498066
game-server	00498072	9	FUN_00498072
game-server	0049807b	92	?QueryInterface@XPropertyNotifySink@COleControlSite@@UAGJABU_GUID@@PAPAX@Z
game-server	004980d7	174	FUN_004980d7
game-server	00498185	61	FUN_00498185
game-server	004981c2	137	FUN_004981c2
game-server	0049824b	61	FUN_0049824b
game-server	00498288	61	FUN_00498288
game-server	004982c5	192	FUN_004982c5
game-server	00498385	142	FUN_00498385
game-server	00498413	252	FUN_00498413
game-server	0049854e	12	FUN_0049854e
game-server	0049855a	9	FUN_0049855a
game-server	00498563	92	FID_conflict:?QueryInterface@XNotifyDBEvents@COleControlSite@@UAGJABU_GUID@@PAPAX@Z
game-server	004985bf	261	FUN_004985bf
game-server	004986d8	437	FUN_004986d8
game-server	004988bf	326	FUN_004988bf
game-server	00498a10	43	FUN_00498a10
game-server	00498a40	31	FUN_00498a40
game-server	00498a60	31	FUN_00498a60
game-server	00498a80	31	FUN_00498a80
game-server	00498aa0	31	FUN_00498aa0
game-server	00498ac0	31	FUN_00498ac0
game-server	00498ae0	31	FUN_00498ae0
game-server	00498b00	31	FUN_00498b00
game-server	00498b20	31	FUN_00498b20
game-server	00498b40	31	FUN_00498b40
game-server	00498b60	22	FUN_00498b60
game-server	00498b80	22	FUN_00498b80
game-server	00498ba0	22	FUN_00498ba0
game-server	00498bc0	22	FUN_00498bc0
game-server	00498be0	22	FUN_00498be0
game-server	00498c00	31	FID_conflict:??0INotifyDBEvents@@QAE@XZ
game-server	00498c20	31	FID_conflict:??0INotifyDBEvents@@QAE@XZ
game-server	00498c40	31	FID_conflict:??0INotifyDBEvents@@QAE@XZ
game-server	00498c60	46	FUN_00498c60
game-server	00498c90	46	FUN_00498c90
game-server	00498cc0	11	FUN_00498cc0
game-server	00498cd0	90	??0AFX_EVENT@@QAE@HJPAUtagDISPPARAMS@@PAUtagEXCEPINFO@@PAI@Z
game-server	00498d30	338	FUN_00498d30
game-server	00498e90	126	FUN_00498e90
game-server	00498f10	112	FUN_00498f10
game-server	00498f80	46	FUN_00498f80
game-server	00498fb0	19	FUN_00498fb0
game-server	00498fd0	46	FUN_00498fd0
game-server	00499000	87	FUN_00499000
game-server	00499060	50	FUN_00499060
game-server	004990a0	140	FUN_004990a0
game-server	00499130	114	FUN_00499130
game-server	004991b0	98	FUN_004991b0
game-server	00499220	173	FUN_00499220
game-server	004992d0	23	FUN_004992d0
game-server	004992f0	266	FUN_004992f0
game-server	00499400	170	FUN_00499400
game-server	004994b0	169	FUN_004994b0
game-server	00499560	17	FUN_00499560
game-server	00499580	128	FUN_00499580
game-server	00499600	226	FUN_00499600
game-server	004996f0	80	FUN_004996f0
game-server	00499740	17	FUN_00499740
game-server	00499760	49	?SetupOptionalRowsetInterfaces@?$CRowset@VCAccessorBase@ATL@@@ATL@@QAEXXZ
game-server	004997a0	22	FUN_004997a0
game-server	004997c0	52	FUN_004997c0
game-server	00499800	43	FUN_00499800
game-server	00499830	17	FUN_00499830
game-server	00499850	1332	FUN_00499850
game-server	00499da0	186	FUN_00499da0
game-server	00499e60	460	FUN_00499e60
game-server	0049a040	289	FUN_0049a040
game-server	0049a170	33	FUN_0049a170
game-server	0049a1a0	53	FUN_0049a1a0
game-server	0049a1e0	202	FUN_0049a1e0
game-server	0049a2b0	63	FUN_0049a2b0
game-server	0049a2f0	50	FUN_0049a2f0
game-server	0049a330	147	FUN_0049a330
game-server	0049a3d0	37	?_GetDataPtr@CDynamicAccessor@ATL@@QBEPAXK@Z
game-server	0049a400	145	FUN_0049a400
game-server	0049a4a0	160	FUN_0049a4a0
game-server	0049a540	62	FUN_0049a540
game-server	0049a580	55	??1CManualAccessor@ATL@@QAE@XZ
game-server	0049a5c0	191	FUN_0049a5c0
game-server	0049a690	208	FUN_0049a690
game-server	0049a760	292	FUN_0049a760
game-server	0049a890	94	??0AFX_EVENT@@QAE@H@Z
game-server	0049a8f0	23	FUN_0049a8f0
game-server	0049a910	35	FUN_0049a910
game-server	0049a940	16	FUN_0049a940
game-server	0049a950	67	FUN_0049a950
game-server	0049a9a0	69	FUN_0049a9a0
game-server	0049a9f0	23	FUN_0049a9f0
game-server	0049aa10	35	FUN_0049aa10
game-server	0049aa40	48	FUN_0049aa40
game-server	0049aa70	16	??B?$CComPtrBase@UIRowset@@@ATL@@QBEPAUIRowset@@XZ
game-server	0049aa80	69	FUN_0049aa80
game-server	0049aad0	26	FUN_0049aad0
game-server	0049aaf0	60	FUN_0049aaf0
game-server	0049ab30	23	FUN_0049ab30
game-server	0049ab50	35	FUN_0049ab50
game-server	0049ab80	48	FUN_0049ab80
game-server	0049abb0	16	FUN_0049abb0
game-server	0049abc0	67	FUN_0049abc0
game-server	0049ac10	69	FUN_0049ac10
game-server	0049ac60	23	FUN_0049ac60
game-server	0049ac80	35	FUN_0049ac80
game-server	0049acb0	67	FUN_0049acb0
game-server	0049ad00	69	FUN_0049ad00
game-server	0049ad50	27	??$QueryInterface@UIRowsetChange@@@IUnknown@@QAGJPAPAUIRowsetChange@@@Z
game-server	0049ad70	27	FUN_0049ad70
game-server	0049ad90	27	FUN_0049ad90
game-server	0049adb0	56	FUN_0049adb0
game-server	0049adf0	56	FUN_0049adf0
game-server	0049ae30	56	FUN_0049ae30
game-server	0049ae70	56	FUN_0049ae70
game-server	0049aeb0	56	FUN_0049aeb0
game-server	0049aef0	56	FUN_0049aef0
game-server	0049af30	56	FUN_0049af30
game-server	0049af70	56	FUN_0049af70
game-server	0049afb0	56	FUN_0049afb0
game-server	0049aff0	56	FUN_0049aff0
game-server	0049b030	56	FUN_0049b030
game-server	0049b070	56	FUN_0049b070
game-server	0049b0b0	56	FUN_0049b0b0
game-server	0049b0f0	56	FUN_0049b0f0
game-server	0049b130	181	FUN_0049b130
game-server	0049b1f0	157	FUN_0049b1f0
game-server	0049b290	157	FUN_0049b290
game-server	0049b330	167	FUN_0049b330
game-server	0049b3e0	106	FUN_0049b3e0
game-server	0049b450	104	FUN_0049b450
game-server	0049b4c0	104	FUN_0049b4c0
game-server	0049b530	110	FUN_0049b530
game-server	0049b5a0	146	FUN_0049b5a0
game-server	0049b640	104	FUN_0049b640
game-server	0049b6b0	104	FUN_0049b6b0
game-server	0049b720	106	FUN_0049b720
game-server	0049b790	104	FUN_0049b790
game-server	0049b800	146	FUN_0049b800
game-server	0049b8a0	78	?_AfxGetDlgCode@@YGKPAVCWnd@@PAUtagMSG@@@Z
game-server	0049b8ee	50	FUN_0049b8ee
game-server	0049b920	87	?_AfxGetChildControl@@YGPAVCWnd@@PAV1@0@Z
game-server	0049b977	34	?HasChildStyle@@YAHPAVCWnd@@@Z
game-server	0049b999	23	?TestStyle@@YAKPAVCWnd@@K@Z
game-server	0049b9b0	22	?IsControlParent@@YAHPAVCWnd@@@Z
game-server	0049b9c6	23	?TestExStyle@@YAKPAVCWnd@@K@Z
game-server	0049b9dd	282	FUN_0049b9dd
game-server	0049baf7	55	FUN_0049baf7
game-server	0049bb2e	204	FUN_0049bb2e
game-server	0049bbfa	66	FUN_0049bbfa
game-server	0049bc3c	167	FUN_0049bc3c
game-server	0049bce3	133	FUN_0049bce3
game-server	0049bd68	201	FUN_0049bd68
game-server	0049be31	124	?_AfxFindDlgItem@@YGPAVCWnd@@PAV1@K@Z
game-server	0049bead	95	FUN_0049bead
game-server	0049bf0c	51	?GetDefBtnCode@COccManager@@SAKPAVCWnd@@@Z
game-server	0049bf3f	134	?_AfxRemoveDefaultButton@@YGXPAVCWnd@@0@Z
game-server	0049bfc5	79	FUN_0049bfc5
game-server	0049c014	342	FUN_0049c014
game-server	0049c16a	1237	FUN_0049c16a
game-server	0049c6c0	28	_IsEqualGUID
game-server	0049c6f0	59	FUN_0049c6f0
game-server	0049c730	28	FUN_0049c730
game-server	0049c750	25	FUN_0049c750
game-server	0049c770	21	FUN_0049c770
game-server	0049c790	26	_!=
game-server	0049c7b0	26	FUN_0049c7b0
game-server	0049c7d0	136	FUN_0049c7d0
game-server	0049c860	38	?AfxCheckError@@YGXJ@Z
game-server	0049c886	935	FUN_0049c886
game-server	0049ccd2	306	FUN_0049ccd2
game-server	0049ce04	66	?_AfxCopyBinaryData@@YGXPAUtagSAFEARRAY@@PBXK@Z
game-server	0049ce46	45	FID_conflict:??0COleVariant@@QAE@ABV0@@Z
game-server	0049cea0	45	??0COleVariant@@QAE@ABV0@@Z
game-server	0049cecd	290	FUN_0049cecd
game-server	0049cfef	295	FUN_0049cfef
game-server	0049d116	145	FUN_0049d116
game-server	0049d1a7	189	FUN_0049d1a7
game-server	0049d264	19	FUN_0049d264
game-server	0049d277	81	FUN_0049d277
game-server	0049d2c8	47	?Attach@COleVariant@@QAEXAAUtagVARIANT@@@Z
game-server	0049d2f7	78	FID_conflict:?Detach@COleVariant@@QAE?AUtagVARIANT@@XZ
game-server	0049d345	629	FUN_0049d345
game-server	0049d602	36	FUN_0049d602
game-server	0049d626	36	FUN_0049d626
game-server	0049d64a	36	FUN_0049d64a
game-server	0049d66e	188	FUN_0049d66e
game-server	0049d72a	175	FUN_0049d72a
game-server	0049d7d9	54	FUN_0049d7d9
game-server	0049d80f	112	FUN_0049d80f
game-server	0049d87f	130	FUN_0049d87f
game-server	0049d901	62	FUN_0049d901
game-server	0049d93f	54	FUN_0049d93f
game-server	0049d975	60	FUN_0049d975
game-server	0049d9b1	62	FUN_0049d9b1
game-server	0049d9ef	67	FUN_0049d9ef
game-server	0049da32	86	FUN_0049da32
game-server	0049da88	23	FUN_0049da88
game-server	0049da9f	947	FUN_0049da9f
game-server	0049de9a	988	FUN_0049de9a
game-server	0049e2fe	853	FUN_0049e2fe
game-server	0049e6f3	195	FUN_0049e6f3
game-server	0049e7b6	106	FUN_0049e7b6
game-server	0049e820	171	FUN_0049e820
game-server	0049e8cb	186	FUN_0049e8cb
game-server	0049e985	70	??$DumpElements@VCOleVariant@@@@YGXAAVCDumpContext@@PBVCOleVariant@@H@Z
game-server	0049e9cb	243	FUN_0049e9cb
game-server	0049eaf6	42	FUN_0049eaf6
game-server	0049eb20	40	FID_conflict:??0COleCurrency@@QAE@TtagCY@@@Z
game-server	0049eb48	44	??4COleCurrency@@QAEABV0@ABV0@@Z
game-server	0049eb74	188	FUN_0049eb74
game-server	0049ec8c	153	FUN_0049ec8c
game-server	0049ed25	153	FUN_0049ed25
game-server	0049edbe	152	FUN_0049edbe
game-server	0049ee56	152	FUN_0049ee56
game-server	0049eeee	244	FUN_0049eeee
game-server	0049efe2	244	FUN_0049efe2
game-server	0049f0d6	143	FUN_0049f0d6
game-server	0049f165	851	FUN_0049f165
game-server	0049f4b8	872	FUN_0049f4b8
game-server	0049f820	176	?SetCurrency@COleCurrency@@QAEXJJ@Z
game-server	0049f8d0	422	FUN_0049f8d0
game-server	0049fa76	429	FUN_0049fa76
game-server	0049fc23	156	??6@YGAAVCDumpContext@@AAV0@VCOleCurrency@@@Z
game-server	0049fcbf	43	??6@YGAAVCArchive@@AAV0@VCOleCurrency@@@Z
game-server	0049fcea	49	??5@YGAAVCArchive@@AAV0@AAVCOleCurrency@@@Z
game-server	0049fd1b	539	FUN_0049fd1b
game-server	0049ff36	748	FUN_0049ff36
game-server	004a0222	70	FUN_004a0222
game-server	004a0268	61	FUN_004a0268
game-server	004a02a5	58	FUN_004a02a5
game-server	004a02df	43	FUN_004a02df
game-server	004a030a	154	FUN_004a030a
game-server	004a03a4	56	FUN_004a03a4
game-server	004a03dc	56	FUN_004a03dc
game-server	004a0414	56	FUN_004a0414
game-server	004a044c	56	FUN_004a044c
game-server	004a0484	56	FUN_004a0484
game-server	004a04bc	56	FUN_004a04bc
game-server	004a04f4	56	FUN_004a04f4
game-server	004a052c	56	FUN_004a052c
game-server	004a0564	188	FUN_004a0564
game-server	004a0679	40	FID_conflict:??0COleCurrency@@QAE@TtagCY@@@Z
game-server	004a06a1	166	FUN_004a06a1
game-server	004a0747	83	FUN_004a0747
game-server	004a079a	161	FUN_004a079a
game-server	004a083b	159	FUN_004a083b
game-server	004a08da	159	FUN_004a08da
game-server	004a0979	159	FUN_004a0979
game-server	004a0a18	159	FUN_004a0a18
game-server	004a0ab7	197	FUN_004a0ab7
game-server	004a0b7c	197	FUN_004a0b7c
game-server	004a0c41	182	FUN_004a0c41
game-server	004a0cf7	69	FUN_004a0cf7
game-server	004a0d3c	416	FUN_004a0d3c
game-server	004a0edc	429	FUN_004a0edc
game-server	004a1089	345	FUN_004a1089
game-server	004a11e2	160	FUN_004a11e2
game-server	004a1282	57	FUN_004a1282
game-server	004a12bb	156	??6@YGAAVCDumpContext@@AAV0@VCOleDateTime@ATL@@@Z
game-server	004a1357	35	FUN_004a1357
game-server	004a137a	34	FUN_004a137a
game-server	004a139c	120	FUN_004a139c
game-server	004a1414	127	FUN_004a1414
game-server	004a1493	133	FUN_004a1493
game-server	004a1518	40	FID_conflict:??0COleCurrency@@QAE@TtagCY@@@Z
game-server	004a1540	44	FUN_004a1540
game-server	004a156c	165	FUN_004a156c
game-server	004a1611	165	FUN_004a1611
game-server	004a16b6	64	FUN_004a16b6
game-server	004a16f6	651	FUN_004a16f6
game-server	004a1981	160	FUN_004a1981
game-server	004a1a21	57	FUN_004a1a21
game-server	004a1a5a	160	FUN_004a1a5a
game-server	004a1afa	35	FUN_004a1afa
game-server	004a1b1d	34	FUN_004a1b1d
game-server	004a1b3f	94	FUN_004a1b3f
game-server	004a1b9d	94	FUN_004a1b9d
game-server	004a1bfb	65	FID_conflict:??0COleSafeArray@@QAE@ABUtagVARIANT@@@Z
game-server	004a1c3c	65	FID_conflict:??0COleSafeArray@@QAE@ABUtagVARIANT@@@Z
game-server	004a1c7d	65	FID_conflict:??0COleSafeArray@@QAE@ABUtagVARIANT@@@Z
game-server	004a1cbe	97	FUN_004a1cbe
game-server	004a1d1f	78	FID_conflict:?Detach@COleVariant@@QAE?AUtagVARIANT@@XZ
game-server	004a1d6d	86	FUN_004a1d6d
game-server	004a1dc3	86	FUN_004a1dc3
game-server	004a1e19	86	FUN_004a1e19
game-server	004a1e6f	86	FUN_004a1e6f
game-server	004a1ec5	29	FUN_004a1ec5
game-server	004a1ee2	29	FUN_004a1ee2
game-server	004a1eff	56	FUN_004a1eff
game-server	004a1f37	56	FUN_004a1f37
game-server	004a1f6f	56	FUN_004a1f6f
game-server	004a1fa7	56	FUN_004a1fa7
game-server	004a1fdf	627	FUN_004a1fdf
game-server	004a229a	626	FUN_004a229a
game-server	004a250c	139	FUN_004a250c
game-server	004a2597	95	FUN_004a2597
game-server	004a25f6	85	FUN_004a25f6
game-server	004a264b	227	FUN_004a264b
game-server	004a2774	382	FUN_004a2774
game-server	004a28f2	36	FUN_004a28f2
game-server	004a2916	30	FUN_004a2916
game-server	004a2934	30	FUN_004a2934
game-server	004a2952	36	?AllocDescriptor@COleSafeArray@@QAEXK@Z
game-server	004a2976	36	FUN_004a2976
game-server	004a299a	40	FID_conflict:?GetUBound@COleSafeArray@@QAEXKPAJ@Z
game-server	004a29c2	40	FID_conflict:?GetUBound@COleSafeArray@@QAEXKPAJ@Z
game-server	004a29ea	40	FID_conflict:?GetUBound@COleSafeArray@@QAEXKPAJ@Z
game-server	004a2a12	40	FID_conflict:?GetUBound@COleSafeArray@@QAEXKPAJ@Z
game-server	004a2a3a	40	FID_conflict:?GetUBound@COleSafeArray@@QAEXKPAJ@Z
game-server	004a2a62	36	FUN_004a2a62
game-server	004a2a86	30	FUN_004a2a86
game-server	004a2aa4	30	FUN_004a2aa4
game-server	004a2ac2	30	FUN_004a2ac2
game-server	004a2ae0	30	FUN_004a2ae0
game-server	004a2afe	30	FUN_004a2afe
game-server	004a2b1c	23	FUN_004a2b1c
game-server	004a2b33	264	FUN_004a2b33
game-server	004a2c3b	264	FUN_004a2c3b
game-server	004a2d50	46	FUN_004a2d50
game-server	004a2d80	13	FUN_004a2d80
game-server	004a2d90	90	FUN_004a2d90
game-server	004a2dea	420	FUN_004a2dea
game-server	004a2f8e	515	FUN_004a2f8e
game-server	004a3191	84	FUN_004a3191
game-server	004a31e5	121	FUN_004a31e5
game-server	004a325e	184	FUN_004a325e
game-server	004a3316	200	FUN_004a3316
game-server	004a33de	131	FUN_004a33de
game-server	004a3470	33	??0CTypeLibCacheMap@@QAE@XZ
game-server	004a34a0	43	FUN_004a34a0
game-server	004a34d0	19	FUN_004a34d0
game-server	004a34f0	15	FUN_004a34f0
game-server	004a3500	36	?ocscpy@@YAPA_WPA_WPB_W@Z
game-server	004a3530	259	FUN_004a3530
game-server	004a3640	260	FUN_004a3640
game-server	004a3750	229	FUN_004a3750
game-server	004a3835	77	FUN_004a3835
game-server	004a3882	279	FUN_004a3882
game-server	004a39ce	47	FUN_004a39ce
game-server	004a39fd	47	FUN_004a39fd
game-server	004a3a2c	174	?AfxOleUnlockControl@@YGHABU_GUID@@@Z
game-server	004a3ada	167	FUN_004a3ada
game-server	004a3b90	46	FUN_004a3b90
game-server	004a3bc0	24	FUN_004a3bc0
game-server	004a3be0	25	FUN_004a3be0
game-server	004a3c00	25	FUN_004a3c00
game-server	004a3c20	19	FUN_004a3c20
game-server	004a3c40	16	FUN_004a3c40
game-server	004a3c50	16	FUN_004a3c50
game-server	004a3c60	139	FUN_004a3c60
game-server	004a3ceb	148	??1COleDocObjectItem@@UAE@XZ
game-server	004a3d7f	29	FUN_004a3d7f
game-server	004a3d9c	29	FUN_004a3d9c
game-server	004a3db9	37	?QueryInterface@XOleDocumentSite@COleDocObjectItem@@UAGJABU_GUID@@PAPAX@Z
game-server	004a3dde	508	FUN_004a3dde
game-server	004a3fda	90	FUN_004a3fda
game-server	004a4034	118	FUN_004a4034
game-server	004a40aa	17	FUN_004a40aa
game-server	004a40bb	120	FUN_004a40bb
game-server	004a4133	113	FUN_004a4133
game-server	004a41a4	143	?SupportsIPrint@COleDocObjectItem@@IAEHXZ
game-server	004a4233	103	FUN_004a4233
game-server	004a429a	69	?GetHelpMenu@COleDocObjectItem@@MAEPAVCMenu@@AAI@Z
game-server	004a42df	614	FUN_004a42df
game-server	004a4545	138	FUN_004a4545
game-server	004a45cf	372	FUN_004a45cf
game-server	004a4743	646	FUN_004a4743
game-server	004a49d0	43	FUN_004a49d0
game-server	004a4a00	31	FUN_004a4a00
game-server	004a4a20	22	FUN_004a4a20
game-server	004a4a40	71	FUN_004a4a40
game-server	004a4a87	151	FUN_004a4a87
game-server	004a4b1e	185	FUN_004a4b1e
game-server	004a4bd7	28	FUN_004a4bd7
game-server	004a4bf3	391	FUN_004a4bf3
game-server	004a4d7a	30	FUN_004a4d7a
game-server	004a4d98	30	FUN_004a4d98
game-server	004a4db6	38	?QueryInterface@XOleCommandTarget@CDocObjectServer@@UAGJABU_GUID@@PAPAX@Z
game-server	004a4ddc	517	FUN_004a4ddc
game-server	004a4fe1	76	?QueryStatus@XOleCommandTarget@CDocObjectServer@@UAGJPBU_GUID@@KQAU_tagOLECMD@@PAU_tagOLECMDTEXT@@@Z
game-server	004a502d	260	FUN_004a502d
game-server	004a5131	127	?Exec@XOleCommandTarget@CDocObjectServer@@UAGJPBU_GUID@@KKPAUtagVARIANT@@1@Z
game-server	004a51b0	22	FUN_004a51b0
game-server	004a51d0	16	FUN_004a51d0
game-server	004a51e0	16	FUN_004a51e0
game-server	004a51f0	16	FUN_004a51f0
game-server	004a5200	232	FUN_004a5200
game-server	004a52e8	81	FUN_004a52e8
game-server	004a5339	48	FUN_004a5339
game-server	004a5369	30	?SetDocSite@CDocObjectServer@@QAEXPAUIOleDocumentSite@@@Z
game-server	004a5387	39	FUN_004a5387
game-server	004a53ae	116	FUN_004a53ae
game-server	004a5422	101	FUN_004a5422
game-server	004a5487	134	FUN_004a5487
game-server	004a550d	31	FUN_004a550d
game-server	004a552c	35	FUN_004a552c
game-server	004a554f	35	FUN_004a554f
game-server	004a5572	35	FUN_004a5572
game-server	004a5595	35	FUN_004a5595
game-server	004a55b8	30	FUN_004a55b8
game-server	004a55d6	30	FUN_004a55d6
game-server	004a55f4	35	FUN_004a55f4
game-server	004a5617	49	?SetInitialPageNum@XPrint@CDocObjectServer@@UAGJJ@Z
game-server	004a5648	348	FUN_004a5648
game-server	004a57a4	2808	FUN_004a57a4
game-server	004a629c	30	FUN_004a629c
game-server	004a62ba	30	FUN_004a62ba
game-server	004a62d8	35	FUN_004a62d8
game-server	004a62fb	235	FUN_004a62fb
game-server	004a63e6	87	FUN_004a63e6
game-server	004a643d	145	FUN_004a643d
game-server	004a64ce	30	FUN_004a64ce
game-server	004a64ec	30	FUN_004a64ec
game-server	004a650a	38	?QueryInterface@XOleObject@CDocObjectServer@@UAGJABU_GUID@@PAPAX@Z
game-server	004a6530	136	FUN_004a6530
game-server	004a65b8	70	FUN_004a65b8
game-server	004a65fe	74	FUN_004a65fe
game-server	004a6648	70	FUN_004a6648
game-server	004a668e	74	FUN_004a668e
game-server	004a66d8	77	FUN_004a66d8
game-server	004a6725	77	FUN_004a6725
game-server	004a6772	74	FUN_004a6772
game-server	004a67bc	89	FUN_004a67bc
game-server	004a6815	70	FUN_004a6815
game-server	004a685b	65	FUN_004a685b
game-server	004a689c	65	FUN_004a689c
game-server	004a68dd	70	FUN_004a68dd
game-server	004a6923	74	FUN_004a6923
game-server	004a696d	95	FUN_004a696d
game-server	004a69cc	74	FUN_004a69cc
game-server	004a6a16	74	FUN_004a6a16
game-server	004a6a60	70	FUN_004a6a60
game-server	004a6aa6	70	FUN_004a6aa6
game-server	004a6aec	74	FUN_004a6aec
game-server	004a6b36	70	FUN_004a6b36
game-server	004a6b7c	60	FUN_004a6b7c
game-server	004a6bb8	103	?Dump@CDocObjectServer@@MBEXAAVCDumpContext@@@Z
game-server	004a6c1f	16	FUN_004a6c1f
game-server	004a6c2f	41	FUN_004a6c2f
game-server	004a6c58	28	FUN_004a6c58
game-server	004a6c74	97	?OnDoVerb@CDocObjectServerItem@@MAEXJ@Z
game-server	004a6cd5	75	?OnHide@CDocObjectServerItem@@MAEXXZ
game-server	004a6d20	73	?OnShow@CDocObjectServerItem@@MAEXXZ
game-server	004a6d69	73	?OnShow@CDocObjectServerItem@@MAEXXZ
game-server	004a6db2	19	FUN_004a6db2
game-server	004a6dc5	25	?Dump@CDocObjectServerItem@@UBEXAAVCDumpContext@@@Z
game-server	004a6de0	43	FUN_004a6de0
game-server	004a6e10	31	FUN_004a6e10
game-server	004a6e30	31	FUN_004a6e30
game-server	004a6e50	31	FUN_004a6e50
game-server	004a6e70	31	FUN_004a6e70
game-server	004a6e90	31	FUN_004a6e90
game-server	004a6eb0	22	FUN_004a6eb0
game-server	004a6ed0	22	FUN_004a6ed0
game-server	004a6ef0	22	FUN_004a6ef0
game-server	004a6f10	22	FUN_004a6f10
game-server	004a6f30	43	FUN_004a6f30
game-server	004a6f60	19	FUN_004a6f60
game-server	004a6f80	13	FUN_004a6f80
game-server	004a6f8d	13	FUN_004a6f8d
game-server	004a6f9a	2130	FUN_004a6f9a
game-server	004a77ec	30	FUN_004a77ec
game-server	004a780a	30	FUN_004a780a
game-server	004a7828	38	?QueryInterface@XOleDocumentView@CDocObjectServer@@UAGJABU_GUID@@PAPAX@Z
game-server	004a784e	146	FUN_004a784e
game-server	004a78e0	116	FUN_004a78e0
game-server	004a7954	142	FUN_004a7954
game-server	004a79e2	41	FUN_004a79e2
game-server	004a7a0b	162	FUN_004a7a0b
game-server	004a7ae6	93	FUN_004a7ae6
game-server	004a7b43	43	FUN_004a7b43
game-server	004a7b6e	103	FUN_004a7b6e
game-server	004a7bd5	103	FUN_004a7bd5
game-server	004a7c3c	77	FUN_004a7c3c
game-server	004a7c89	74	?CloseView@XOleDocumentView@CDocObjectServer@@UAGJK@Z
game-server	004a7cd3	288	FUN_004a7cd3
game-server	004a7e6e	288	FUN_004a7e6e
game-server	004a8009	43	FUN_004a8009
game-server	004a8040	110	?CreateObject@COleDocIPFrameWnd@@SGPAVCObject@@XZ
game-server	004a80ae	16	FUN_004a80ae
game-server	004a80be	16	FUN_004a80be
game-server	004a80ce	44	??0COleDocIPFrameWnd@@QAE@XZ
game-server	004a80fa	28	FUN_004a80fa
game-server	004a8116	120	FUN_004a8116
game-server	004a818e	602	FUN_004a818e
game-server	004a83e8	520	FUN_004a83e8
game-server	004a85f0	384	FUN_004a85f0
game-server	004a8770	19	FUN_004a8770
game-server	004a8783	25	?Dump@COleDocIPFrameWnd@@UBEXAAVCDumpContext@@@Z
game-server	004a87a0	43	FUN_004a87a0
game-server	004a87e0	56	__chkesp
game-server	004a8820	179	FUN_004a8820
game-server	004a88e0	24	FUN_004a88e0
game-server	004a8900	77	FUN_004a8900
game-server	004a8950	117	FUN_004a8950
game-server	004a89c5	28	FUN_004a89c5
game-server	004a89e1	19	FUN_004a89e1
game-server	004a8a00	105	FUN_004a8a00
game-server	004a8a80	44	?ArrayUnwindFilter@@YAHPAU_EXCEPTION_POINTERS@@@Z
game-server	004a8ab0	113	??_L@YGXPAXIHP6EX0@Z1@Z
game-server	004a8b21	28	FUN_004a8b21
game-server	004a8b3d	19	FUN_004a8b3d
game-server	004a8b50	45	FUN_004a8b50
game-server	004a8b90	7	?_CallMemberFunction0@@YGXPAX0@Z
game-server	004a8ba0	7	FUN_004a8ba0
game-server	004a8bb0	7	FUN_004a8bb0
game-server	004a8bc0	86	FUN_004a8bc0
game-server	004a8c20	60	FID_conflict:___CxxFrameHandler3
game-server	004a8c60	38	___CxxLongjmpUnwind@4
game-server	004a8c90	104	FUN_004a8c90
game-server	004a8d00	57	FUN_004a8d00
game-server	004a8d40	204	FUN_004a8d40
game-server	004a8e10	124	FUN_004a8e10
game-server	004a8ea0	130	FUN_004a8ea0
game-server	004a8f30	32	__global_unwind2
game-server	004a8f72	104	__local_unwind2
game-server	004a8fda	35	__abnormal_termination
game-server	004a8ffd	9	__NLG_Notify1
game-server	004a9006	24	FUN_004a9006
game-server	004a9020	664	FUN_004a9020
game-server	004a9360	15	FUN_004a9360
game-server	004a9370	88	_memset
game-server	004a93d0	123	_strlen
game-server	004a9450	33	FUN_004a9450
game-server	004a9480	5	FUN_004a9480
game-server	004a9490	65	FUN_004a9490
game-server	004a94e0	28	FUN_004a94e0
game-server	004a94fc	39	__ftol
game-server	004a9530	255	FUN_004a9530
game-server	004a9630	17	FUN_004a9630
game-server	004a9650	297	FUN_004a9650
game-server	004a9780	56	_strncmp
game-server	004a97c0	47	FUN_004a97c0
game-server	004a97f0	16	FUN_004a97f0
game-server	004a9800	54	_rand
game-server	004a9840	254	_strncpy
game-server	004a9940	33	__allshr
game-server	004a9970	20	FUN_004a9970
game-server	004a9984	9	FUN_004a9984
game-server	004a998d	157	FUN_004a998d
game-server	004a9a30	243	FUN_004a9a30
game-server	004a9b30	20	FUN_004a9b30
game-server	004a9b44	9	FUN_004a9b44
game-server	004a9b4d	145	FUN_004a9b4d
game-server	004a9be0	20	FUN_004a9be0
game-server	004a9bf4	9	FUN_004a9bf4
game-server	004a9bfd	188	FUN_004a9bfd
game-server	004a9cb0	385	FUN_004a9cb0
game-server	004a9e40	7	FUN_004a9e40
game-server	004a9e50	224	FUN_004a9e50
game-server	004a9f30	33	_labs
game-server	004a9f60	207	FUN_004a9f60
game-server	004aa030	179	FUN_004aa030
game-server	004aa0f0	154	FUN_004aa0f0
game-server	004aa1c0	69	__endthreadex
game-server	004aa210	29	FUN_004aa210
game-server	004aa230	35	FUN_004aa230
game-server	004aa260	27	FUN_004aa260
game-server	004aa280	94	FUN_004aa280
game-server	004aa2e0	23	FUN_004aa2e0
game-server	004aa300	787	FUN_004aa300
game-server	004aa620	27	FUN_004aa620
game-server	004aa640	96	__calloc_dbg
game-server	004aa6a0	27	FUN_004aa6a0
game-server	004aa6c0	64	FUN_004aa6c0
game-server	004aa700	1297	FUN_004aa700
game-server	004aac20	27	FUN_004aac20
game-server	004aac40	64	FUN_004aac40
game-server	004aac80	19	FUN_004aac80
game-server	004aaca0	19	FUN_004aaca0
game-server	004aacc0	41	FUN_004aacc0
game-server	004aacf0	1004	FUN_004aacf0
game-server	004ab0e0	19	FUN_004ab0e0
game-server	004ab100	342	FUN_004ab100
game-server	004ab260	28	__CrtSetBreakAlloc
game-server	004ab280	157	FUN_004ab280
game-server	004ab320	28	__CrtSetAllocHook
game-server	004ab340	136	FUN_004ab340
game-server	004ab3d0	863	FUN_004ab3d0
game-server	004ab740	34	FUN_004ab740
game-server	004ab770	103	FUN_004ab770
game-server	004ab7e0	75	FID_conflict:?AtlIsValidAddress@ATL@@YAHPBXIH@Z
game-server	004ab830	134	FUN_004ab830
game-server	004ab8c0	227	FUN_004ab8c0
game-server	004ab9b0	28	FID_conflict:__CrtSetDumpClient
game-server	004ab9d0	362	FUN_004ab9d0
game-server	004abb40	291	FUN_004abb40
game-server	004abc70	697	FUN_004abc70
game-server	004abf30	276	FUN_004abf30
game-server	004ac050	116	FUN_004ac050
game-server	004ac0d0	197	FUN_004ac0d0
game-server	004ac1a0	608	FUN_004ac1a0
game-server	004ac400	52	__allmul
game-server	004ac440	31	__aullshr
game-server	004ac460	117	__aullrem
game-server	004ac4e0	104	__aulldiv
game-server	004ac550	130	FUN_004ac550
game-server	004ac5e0	190	FUN_004ac5e0
game-server	004ac6a0	193	FUN_004ac6a0
game-server	004ac770	252	FUN_004ac770
game-server	004ac870	23	FUN_004ac870
game-server	004ac890	664	FUN_004ac890
game-server	004acbd0	333	original_program_entry
game-server	004acd40	45	__amsg_exit
game-server	004acd70	42	FUN_004acd70
game-server	004acda0	64	FUN_004acda0
game-server	004acde0	46	FUN_004acde0
game-server	004ace10	40	??8type_info@@QBEHABV0@@Z
game-server	004ace40	41	FUN_004ace40
game-server	004ace70	44	?before@type_info@@QBEHABV1@@Z
game-server	004acea0	17	FUN_004acea0
game-server	004acec0	25	FUN_004acec0
game-server	004acee0	16	FUN_004acee0
game-server	004acef0	48	FUN_004acef0
game-server	004acf20	237	FUN_004acf20
game-server	004ad010	305	FUN_004ad010
game-server	004ad150	250	FUN_004ad150
game-server	004ad250	250	FUN_004ad250
game-server	004ad350	230	FUN_004ad350
game-server	004ad440	48	FUN_004ad440
game-server	004ad470	210	FUN_004ad470
game-server	004ad550	295	FUN_004ad550
game-server	004ad680	295	FUN_004ad680
game-server	004ad7b0	223	FUN_004ad7b0
game-server	004ad890	495	FUN_004ad890
game-server	004ada80	34	FUN_004ada80
game-server	004adab0	223	FUN_004adab0
game-server	004adb90	354	FUN_004adb90
game-server	004add00	666	FUN_004add00
game-server	004adfa0	64	__mbscoll
game-server	004adfe0	64	__mbsicoll
game-server	004ae020	19	FUN_004ae020
game-server	004ae040	19	FUN_004ae040
game-server	004ae060	777	FUN_004ae060
game-server	004ae370	511	_gmtime
game-server	004ae570	45	FID_conflict:__ctime64
game-server	004ae5a0	836	FUN_004ae5a0
game-server	004ae8f0	89	_getSystemCP
game-server	004ae950	80	FUN_004ae950
game-server	004ae9d0	116	_setSBCS
game-server	004aea50	770	FUN_004aea50
game-server	004aed60	23	FUN_004aed60
game-server	004aed80	34	FUN_004aed80
game-server	004aedb0	289	FUN_004aedb0
game-server	004aeee0	291	FUN_004aeee0
game-server	004af010	878	FUN_004af010
game-server	004af380	31	FUN_004af380
game-server	004af3a0	393	FUN_004af3a0
game-server	004af530	1389	FUN_004af530
game-server	004afb50	72	FID_conflict:?_store_str@@YAXPADPAPADPAI@Z
game-server	004afba0	173	FUN_004afba0
game-server	004afc50	172	FID_conflict:?_store_number@@YAXHPAPADPAI@Z
game-server	004afd00	1152	FUN_004afd00
game-server	004b0220	243	FUN_004b0220
game-server	004b0320	65	__CxxThrowException@8
game-server	004b0370	172	_memcmp
game-server	004b0420	71	__strdup
game-server	004b0470	56	FUN_004b0470
game-server	004b04b0	21	FUN_004b04b0
game-server	004b04d0	21	__exit
game-server	004b04f0	19	FUN_004b04f0
game-server	004b0510	19	FUN_004b0510
game-server	004b0530	227	FUN_004b0530
game-server	004b0620	15	FUN_004b0620
game-server	004b0630	15	FUN_004b0630
game-server	004b0640	37	__initterm
game-server	004b0670	27	FUN_004b0670
game-server	004b0690	817	FUN_004b0690
game-server	004b09d0	27	FUN_004b09d0
game-server	004b09f0	33	FUN_004b09f0
game-server	004b0a20	11	FUN_004b0a20
game-server	004b0a30	87	FUN_004b0a30
game-server	004b0a90	126	__CrtSetReportFile
game-server	004b0b10	28	FID_conflict:__CrtSetDumpClient
game-server	004b0b30	912	FUN_004b0b30
game-server	004b0ec0	780	FUN_004b0ec0
game-server	004b11d0	145	__dosmaperr
game-server	004b1270	13	FUN_004b1270
game-server	004b1280	13	FUN_004b1280
game-server	004b1355	27	FUN_004b1355
game-server	004b1370	66	__itoa
game-server	004b13c0	194	_xtoa
game-server	004b1490	63	__ltoa
game-server	004b14d0	30	__ultoa
game-server	004b14f0	72	__i64toa
game-server	004b1540	242	_x64toa@20
game-server	004b1640	31	__ui64toa
game-server	004b1660	84	FUN_004b1660
game-server	004b16c0	61	FUN_004b16c0
game-server	004b1700	116	FUN_004b1700
game-server	004b1780	173	FUN_004b1780
game-server	004b1830	309	FUN_004b1830
game-server	004b1970	243	FUN_004b1970
game-server	004b1a70	309	FUN_004b1a70
game-server	004b1bb0	398	FUN_004b1bb0
game-server	004b1d40	324	FUN_004b1d40
game-server	004b1e90	306	FUN_004b1e90
game-server	004b1fd0	94	FUN_004b1fd0
game-server	004b203e	6	FUN_004b203e
game-server	004b2044	17	FUN_004b2044
game-server	004b2060	29	FUN_004b2060
game-server	004b2080	90	FUN_004b2080
game-server	004b20ea	6	FUN_004b20ea
game-server	004b20f0	17	FUN_004b20f0
game-server	004b2110	239	FUN_004b2110
game-server	004b2200	672	FUN_004b2200
game-server	004b24a0	277	FUN_004b24a0
game-server	004b25c0	182	FUN_004b25c0
game-server	004b2680	224	FUN_004b2680
game-server	004b2780	44	?ArrayUnwindFilter@@YAHPAU_EXCEPTION_POINTERS@@@Z
game-server	004b27b0	183	?CatchIt@@YAXPAUEHExceptionRecord@@PAUEHRegistrationNode@@PAU_CONTEXT@@PAXPBU_s_FuncInfo@@PBU_s_HandlerType@@PBU_s_CatchableType@@PBU_s_TryBlockMapEntry@@H1E@Z
game-server	004b2870	172	FUN_004b2870
game-server	004b294d	94	FUN_004b294d
game-server	004b29ab	20	FUN_004b29ab
game-server	004b29c0	66	FUN_004b29c0
game-server	004b2a10	621	FUN_004b2a10
game-server	004b2c90	111	___DestructExceptionObject
game-server	004b2d20	70	FID_conflict:___AdjustPointer
game-server	004b2d70	76	__CallSettingFrame@12
game-server	004b2dc0	130	FUN_004b2dc0
game-server	004b2e50	41	FUN_004b2e50
game-server	004b2e80	25	FUN_004b2e80
game-server	004b2ea0	152	FUN_004b2ea0
game-server	004b2f40	263	FUN_004b2f40
game-server	004b3050	11	FUN_004b3050
game-server	004b3060	11	FUN_004b3060
game-server	004b3070	23	__setdefaultprecision
game-server	004b3090	94	FUN_004b3090
game-server	004b30f0	66	__ms_p5_mp_test_fdiv
game-server	004b3140	168	FUN_004b3140
game-server	004b31f0	215	__cropzeros
game-server	004b32d0	45	__positive
game-server	004b3300	72	__fassign
game-server	004b3350	118	FUN_004b3350
game-server	004b33d0	358	FUN_004b33d0
game-server	004b3540	106	FUN_004b3540
game-server	004b35b0	317	FUN_004b35b0
game-server	004b36f0	229	FUN_004b36f0
game-server	004b37e0	95	__cfltcvt
game-server	004b3840	46	__shift
game-server	004b3870	183	FUN_004b3870
game-server	004b3b00	23	FUN_004b3b00
game-server	004b3b17	60	__startOneArgErrorHandling
game-server	004b3b75	23	FUN_004b3b75
game-server	004b3b8c	25	FUN_004b3b8c
game-server	004b3ba5	67	__fload_withFB
game-server	004b3be8	22	FUN_004b3be8
game-server	004b3c0b	42	__math_exit
game-server	004b3cf0	628	FUN_004b3cf0
game-server	004b3f70	3108	FUN_004b3f70
game-server	004b4ca0	119	FUN_004b4ca0
game-server	004b4d20	53	FUN_004b4d20
game-server	004b4d60	74	FUN_004b4d60
game-server	004b4db0	26	FUN_004b4db0
game-server	004b4dd0	31	FUN_004b4dd0
game-server	004b4df0	27	FUN_004b4df0
game-server	004b5020	238	FUN_004b5020
game-server	004b5110	55	FUN_004b5110
game-server	004b5150	159	FUN_004b5150
game-server	004b51f0	151	FUN_004b51f0
game-server	004b5290	22	FUN_004b5290
game-server	004b52b0	28	FUN_004b52b0
game-server	004b52d0	39	_strrchr
game-server	004b5300	446	__XcptFilter
game-server	004b54c0	89	FUN_004b54c0
game-server	004b5520	48	?_set_new_handler@@YAP6AHI@ZP6AHI@Z@Z
game-server	004b5550	10	FUN_004b5550
game-server	004b5560	45	__callnewh
game-server	004b5590	23	FUN_004b5590
game-server	004b55b0	87	__nh_malloc_base
game-server	004b5610	109	FUN_004b5610
game-server	004b5680	10	FUN_004b5680
game-server	004b5690	173	FUN_004b5690
game-server	004b5740	490	FUN_004b5740
game-server	004b5930	104	FUN_004b5930
game-server	004b59a0	116	FUN_004b59a0
game-server	004b5a20	10	FUN_004b5a20
game-server	004b5a30	77	FUN_004b5a30
game-server	004b5a80	156	FUN_004b5a80
game-server	004b5b20	10	FUN_004b5b20
game-server	004b5b30	31	FUN_004b5b30
game-server	004b5b50	89	FUN_004b5b50
game-server	004b5bb0	85	FUN_004b5bb0
game-server	004b5c10	95	FUN_004b5c10
game-server	004b5c70	1485	FUN_004b5c70
game-server	004b6240	1334	FUN_004b6240
game-server	004b6780	271	FUN_004b6780
game-server	004b6890	494	FUN_004b6890
game-server	004b6a80	1515	FUN_004b6a80
game-server	004b7070	304	FUN_004b7070
game-server	004b71a0	1565	FUN_004b71a0
game-server	004b77c0	250	FUN_004b77c0
game-server	004b78c0	61	FUN_004b78c0
game-server	004b7900	30	FUN_004b7900
game-server	004b7920	939	FUN_004b7920
game-server	004b7cd0	46	FUN_004b7cd0
game-server	004b7d00	762	FUN_004b7d00
game-server	004b8000	504	FUN_004b8000
game-server	004b8200	300	FUN_004b8200
game-server	004b8330	26	FUN_004b8330
game-server	004b8350	61	FUN_004b8350
game-server	004b8390	41	FUN_004b8390
game-server	004b83c0	61	FUN_004b83c0
game-server	004b8400	41	FUN_004b8400
game-server	004b8430	122	FUN_004b8430
game-server	004b84b0	170	__close_lk
game-server	004b8560	146	FUN_004b8560
game-server	004b8600	68	FUN_004b8600
game-server	004b8650	65	FUN_004b8650
game-server	004b86a0	183	FUN_004b86a0
game-server	004b8760	15	FUN_004b8760
game-server	004b8770	319	FUN_004b8770
game-server	004b88b0	343	FUN_004b88b0
game-server	004b8a10	148	FUN_004b8a10
game-server	004b8ab0	797	FUN_004b8ab0
game-server	004b8e40	384	FUN_004b8e40
game-server	004b8fc0	188	FUN_004b8fc0
game-server	004b9080	329	FUN_004b9080
game-server	004b91d0	216	FUN_004b91d0
game-server	004b92b0	1060	FUN_004b92b0
game-server	004b96e0	537	FUN_004b96e0
game-server	004b9900	804	FUN_004b9900
game-server	004b9c30	155	__ioterm
game-server	004b9cd0	73	__FF_MSGBANNER
game-server	004b9d20	447	FUN_004b9d20
game-server	004b9ee0	80	__GET_RTERRMSG
game-server	004b9f30	129	_strcmp
game-server	004b9fd0	193	_strchr
game-server	004ba090	58	FUN_004ba090
game-server	004ba0d0	727	FUN_004ba0d0
game-server	004ba3e0	80	FUN_004ba3e0
game-server	004ba430	48	__strrev
game-server	004ba460	128	_strstr
game-server	004ba4e0	62	FUN_004ba4e0
game-server	004ba520	62	FUN_004ba520
game-server	004ba560	421	FUN_004ba560
game-server	004ba720	208	FUN_004ba720
game-server	004ba7f0	970	FUN_004ba7f0
game-server	004babf0	80	FUN_004babf0
game-server	004bac40	443	_asctime
game-server	004bae00	64	_store_dt
game-server	004bae40	1007	FUN_004bae40
game-server	004bb230	403	FUN_004bb230
game-server	004bb3d0	256	FUN_004bb3d0
game-server	004bb4d0	388	FUN_004bb4d0
game-server	004bb660	7	FUN_004bb660
game-server	004bb670	79	__strcats
game-server	004bb6c0	349	FUN_004bb6c0
game-server	004bb820	101	___lc_lctostr
game-server	004bb890	91	FUN_004bb890
game-server	004bb8f0	21	FUN_004bb8f0
game-server	004bb910	17	FUN_004bb910
game-server	004bb930	11	FUN_004bb930
game-server	004bb940	147	FUN_004bb940
game-server	004bb9e0	299	FUN_004bb9e0
game-server	004bbb10	249	FUN_004bbb10
game-server	004bbc10	507	FUN_004bbc10
game-server	004bbe40	146	FUN_004bbe40
game-server	004bbee0	522	FUN_004bbee0
game-server	004bc120	91	FUN_004bc120
game-server	004bc180	13	FUN_004bc180
game-server	004bc190	13	FUN_004bc190
game-server	004bc1a0	187	FUN_004bc1a0
game-server	004bc260	27	FUN_004bc260
game-server	004bc280	85	FUN_004bc280
game-server	004bc2e0	103	FUN_004bc2e0
game-server	004bc350	178	FUN_004bc350
game-server	004bc410	206	FUN_004bc410
game-server	004bc4e0	1201	FUN_004bc4e0
game-server	004bc9b0	882	FUN_004bc9b0
game-server	004bcd30	155	__umatherr
game-server	004bcdd0	58	FID_conflict:__set_errno_from_matherr
game-server	004bce10	63	__get_fname
game-server	004bce50	113	FUN_004bce50
game-server	004bced0	62	FUN_004bced0
game-server	004bcf10	45	FUN_004bcf10
game-server	004bcf40	51	FUN_004bcf40
game-server	004bcf80	52	FUN_004bcf80
game-server	004bcfc0	124	FUN_004bcfc0
game-server	004bd040	313	FUN_004bd040
game-server	004bd180	22	FUN_004bd180
game-server	004bd1a0	23	FUN_004bd1a0
game-server	004bd1c0	50	FUN_004bd1c0
game-server	004bd200	117	FUN_004bd200
game-server	004bd280	42	__copysign
game-server	004bd2b0	44	__chgsign
game-server	004bd2e0	25	FUN_004bd2e0
game-server	004bd300	300	FUN_004bd300
game-server	004bd430	826	FUN_004bd430
game-server	004bd770	34	FUN_004bd770
game-server	004bd7a0	73	FUN_004bd7a0
game-server	004bd7f0	211	FUN_004bd7f0
game-server	004bd8d0	3079	FUN_004bd8d0
game-server	004be5a0	58	FUN_004be5a0
game-server	004be5e0	54	_write_multi_char
game-server	004be620	76	FUN_004be620
game-server	004be670	26	FUN_004be670
game-server	004be690	31	FUN_004be690
game-server	004be6b0	119	FUN_004be6b0
game-server	004be730	354	FUN_004be730
game-server	004be8a0	32	_abort
game-server	004be8c0	43	FUN_004be8c0
game-server	004be8f0	43	FUN_004be8f0
game-server	004be920	39	?_ValidateExecute@@YAHP6GHXZ@Z
game-server	004be950	31	FUN_004be950
game-server	004be970	32	FUN_004be970
game-server	004be990	79	FUN_004be990
game-server	004be9e0	26	__controlfp
game-server	004bea00	88	FUN_004bea00
game-server	004bea60	377	FUN_004bea60
game-server	004bebe0	346	FUN_004bebe0
game-server	004bed40	167	FUN_004bed40
game-server	004bedf0	11	FUN_004bedf0
game-server	004bee00	147	FUN_004bee00
game-server	004beea0	299	FUN_004beea0
game-server	004befd0	132	FUN_004befd0
game-server	004bf060	168	__IncMan
game-server	004bf110	219	FUN_004bf110
game-server	004bf1f0	76	__CopyMan
game-server	004bf240	47	__FillZeroMan
game-server	004bf270	55	__IsZeroMan
game-server	004bf2b0	236	__ShrMan
game-server	004bf3a0	578	FUN_004bf3a0
game-server	004bf5f0	26	FUN_004bf5f0
game-server	004bf610	26	FUN_004bf610
game-server	004bf630	191	FUN_004bf630
game-server	004bf6f0	54	FUN_004bf6f0
game-server	004bf730	54	FUN_004bf730
game-server	004bf770	54	FUN_004bf770
game-server	004bf7b0	250	FUN_004bf7b0
game-server	004bf8b0	15	__fptrap
game-server	004bf8c0	348	FUN_004bf8c0
game-server	004bfa40	130	FUN_004bfa40
game-server	004bfad0	178	FUN_004bfad0
game-server	004bfb90	130	FUN_004bfb90
game-server	004bfc20	627	FUN_004bfc20
game-server	004bfea0	199	FUN_004bfea0
game-server	004bff70	50	__isatty
game-server	004bffb0	119	FUN_004bffb0
game-server	004c0030	160	FUN_004c0030
game-server	004c00d0	612	FUN_004c00d0
game-server	004c0340	128	FUN_004c0340
game-server	004c1150	46	FUN_004c1150
game-server	004c1180	198	FID_conflict:__getenv_lk
game-server	004c1250	218	FUN_004c1250
game-server	004c1330	482	FUN_004c1330
game-server	004c1520	183	__set_osfhnd
game-server	004c15e0	216	FUN_004c15e0
game-server	004c16c0	102	FUN_004c16c0
game-server	004c1730	260	FUN_004c1730
game-server	004c1840	134	FUN_004c1840
game-server	004c18d0	38	FUN_004c18d0
game-server	004c1900	210	FUN_004c1900
game-server	004c19e0	63	FID_conflict:__open
game-server	004c1a20	1294	FUN_004c1a20
game-server	004c1f80	21	FUN_004c1f80
game-server	004c1fa0	21	FUN_004c1fa0
game-server	004c1fc0	21	FUN_004c1fc0
game-server	004c1fe0	24	FUN_004c1fe0
game-server	004c2000	24	FUN_004c2000
game-server	004c2020	24	FUN_004c2020
game-server	004c2040	24	FUN_004c2040
game-server	004c2060	21	FUN_004c2060
game-server	004c2080	21	FUN_004c2080
game-server	004c20a0	21	FUN_004c20a0
game-server	004c20c0	59	__ismbbkana
game-server	004c2100	98	FUN_004c2100
game-server	004c2170	219	___init_time
game-server	004c2250	1423	FUN_004c2250
game-server	004c27e0	779	___free_lc_time
game-server	004c2af0	678	FUN_004c2af0
game-server	004c2da0	125	_fix_grouping
game-server	004c2e20	304	FUN_004c2e20
game-server	004c2f50	525	FUN_004c2f50
game-server	004c3160	125	_fix_grouping
game-server	004c31e0	147	FUN_004c31e0
game-server	004c3280	928	FUN_004c3280
game-server	004c3620	7	FUN_004c3620
game-server	004c3630	512	FUN_004c3630
game-server	004c3830	130	FUN_004c3830
game-server	004c38c0	186	FUN_004c38c0
game-server	004c3980	804	FUN_004c3980
game-server	004c3cb0	116	FUN_004c3cb0
game-server	004c3d30	287	FUN_004c3d30
game-server	004c3e50	69	FUN_004c3e50
game-server	004c3ea0	172	FUN_004c3ea0
game-server	004c3f50	43	FUN_004c3f50
game-server	004c3f80	155	FUN_004c3f80
game-server	004c4020	79	FUN_004c4020
game-server	004c4070	135	FUN_004c4070
game-server	004c4100	77	FUN_004c4100
game-server	004c4150	388	_crtGetLocaleInfoA@16
game-server	004c42e0	118	FUN_004c42e0
game-server	004c4360	101	_GetPrimaryLen
game-server	004c43d0	7	__matherr
game-server	004c43e0	700	FUN_004c43e0
game-server	004c46a0	122	FUN_004c46a0
game-server	004c4720	350	FUN_004c4720
game-server	004c4880	113	FUN_004c4880
game-server	004c4900	546	FUN_004c4900
game-server	004c4b30	22	FUN_004c4b30
game-server	004c4b50	1302	FUN_004c4b50
game-server	004c5070	62	___addl
game-server	004c50b0	173	___add_12
game-server	004c5160	96	___shl_12
game-server	004c51c0	99	___shr_12
game-server	004c5230	315	FUN_004c5230
game-server	004c5370	755	FUN_004c5370
game-server	004c5ea0	79	FUN_004c5ea0
game-server	004c5ef0	79	__mbsnbicoll
game-server	004c5f40	174	FUN_004c5f40
game-server	004c5ff0	115	FUN_004c5ff0
game-server	004c6070	560	FUN_004c6070
game-server	004c62a0	130	FUN_004c62a0
game-server	004c6330	1093	FUN_004c6330
game-server	004c6780	650	FUN_004c6780
game-server	004c6a10	10	FUN_004c6a10
game-server	004c6a20	575	FUN_004c6a20
game-server	004c6c90	257	FUN_004c6c90
game-server	004c6da0	654	FUN_004c6da0
game-server	004c7030	1085	FUN_004c7030
game-server	004c7470	195	FUN_004c7470
game-server	004c7540	736	FUN_004c7540
game-server	004c7820	124	_findenv
game-server	004c78a0	238	_copy_environ
game-server	004c7990	115	FUN_004c7990
game-server	004c7a10	207	FUN_004c7a10
game-server	004c7ae0	382	FUN_004c7ae0
game-server	004c7c80	398	FUN_004c7c80
game-server	004c80e4	6	FUN_004c80e4
game-server	004c871a	6	FUN_004c871a
game-server	004c8720	6	FUN_004c8720
game-server	004c8c00	6	FUN_004c8c00
game-server	004c8c06	6	FUN_004c8c06
game-server	004c8c0c	6	FUN_004c8c0c
game-server	004c8c12	6	FUN_004c8c12
game-server	004c8c18	6	FUN_004c8c18
game-server	004c8c1e	6	FUN_004c8c1e
game-server	004c8c24	6	FUN_004c8c24
game-server	004c8c2a	6	FUN_004c8c2a
game-server	004c8c30	6	FUN_004c8c30
game-server	004c8c36	6	FUN_004c8c36
game-server	004c8cd8	6	FUN_004c8cd8
game-server	004c8cde	6	FUN_004c8cde
game-server	004c8d80	6	FUN_004c8d80
game-server	004c8d86	6	FUN_004c8d86
game-server	004c8d8c	6	FUN_004c8d8c
game-server	004c8d92	6	FUN_004c8d92
game-server	004c8d98	6	FUN_004c8d98
game-server	004c8d9e	6	FUN_004c8d9e
game-server	004c8da4	6	FUN_004c8da4
game-server	004c9040	160	FUN_004c9040
game-server	004c90e0	49	FUN_004c90e0
game-server	004c9120	31	FUN_004c9120
game-server	004c9140	91	FUN_004c9140
game-server	004c91a0	100	FUN_004c91a0
game-server	004c9210	22	FUN_004c9210
game-server	004c9230	39	FUN_004c9230
game-server	004c9260	84	FID_conflict:??1logic_error@std@@UAE@XZ
game-server	004c92c0	46	FUN_004c92c0
game-server	004c92f0	37	FUN_004c92f0
game-server	004c9320	106	FUN_004c9320
game-server	004c9390	28	FUN_004c9390
game-server	004c93b0	39	FUN_004c93b0
game-server	004c93e0	46	FUN_004c93e0
game-server	004c9410	37	FUN_004c9410
game-server	004c9440	91	FUN_004c9440
game-server	004c94a0	37	FUN_004c94a0
game-server	004c94d0	28	FUN_004c94d0
game-server	004c94f0	39	FUN_004c94f0
game-server	004c9520	46	FUN_004c9520
game-server	004c9550	37	FUN_004c9550
game-server	004c9580	56	FUN_004c9580
game-server	004c95c0	48	FUN_004c95c0
game-server	004c95f0	44	FUN_004c95f0
game-server	004c9620	344	FUN_004c9620
game-server	004c9780	17	FUN_004c9780
game-server	004c97a0	165	FUN_004c97a0
game-server	004c9850	25	FUN_004c9850
game-server	004c9870	17	FUN_004c9870
game-server	004c9890	103	FUN_004c9890
game-server	004c9900	7	FUN_004c9900
game-server	004c9910	25	FUN_004c9910
game-server	004c9930	18	FUN_004c9930
game-server	004c9950	34	FUN_004c9950
game-server	004c9980	18	FUN_004c9980
game-server	004c99a0	5	FUN_004c99a0
game-server	004c99b0	29	FUN_004c99b0
game-server	004c99d0	70	FUN_004c99d0
game-server	004c9a20	229	FUN_004c9a20
game-server	004c9bc0	52	FUN_004c9bc0
game-server	004c9c00	82	FUN_004c9c00
game-server	004c9c60	26	FUN_004c9c60
game-server	004c9c80	41	FUN_004c9c80
game-server	004c9cb0	42	FUN_004c9cb0
game-server	004c9ce0	306	FUN_004c9ce0
game-server	004c9e20	111	FUN_004c9e20
game-server	004c9ed0	172	FUN_004c9ed0
game-server	004c9f80	101	FUN_004c9f80
game-server	004c9ff0	187	FUN_004c9ff0
game-server	004ca0b0	15	FUN_004ca0b0
game-server	004ca0c0	313	FUN_004ca0c0
game-server	004ca200	46	FUN_004ca200
game-server	004ca230	153	FUN_004ca230
game-server	004ca330	263	FUN_004ca330
game-server	004ca530	176	FUN_004ca530
game-server	004ca5e0	116	FUN_004ca5e0
game-server	004ca6e0	130	FUN_004ca6e0
game-server	004ca7c0	678	FUN_004ca7c0
game-server	004caa70	159	FUN_004caa70
game-server	004cab10	487	FUN_004cab10
game-server	004cad00	213	FUN_004cad00
game-server	004cade0	393	FUN_004cade0
game-server	004caf70	816	FUN_004caf70
game-server	004cb2a0	57	FUN_004cb2a0
game-server	004cb2e0	430	FUN_004cb2e0
game-server	004cb490	36	FUN_004cb490
game-server	004cb4c0	71	FUN_004cb4c0
game-server	004cb510	71	FUN_004cb510
game-server	004cb6c0	236	FUN_004cb6c0
game-server	004cb7b0	190	FUN_004cb7b0
game-server	004cb870	110	FUN_004cb870
game-server	004cb8e0	831	FUN_004cb8e0
game-server	004cbc20	1315	FUN_004cbc20
game-server	004cc170	686	FUN_004cc170
game-server	004cc450	822	FUN_004cc450
game-server	004cc790	335	FUN_004cc790
game-server	004cc910	558	FUN_004cc910
game-server	004ccbc0	213	FUN_004ccbc0
game-server	004ccca0	356	FUN_004ccca0
game-server	004ccf90	203	FUN_004ccf90
game-server	004cd060	407	FUN_004cd060
game-server	004cd200	28	FUN_004cd200
game-server	004cd21c	86	FUN_004cd21c
game-server	004cd272	24	FUN_004cd272
game-server	004cd28a	10	FUN_004cd28a
game-server	004cd294	35	FUN_004cd294
game-server	004cd2c0	43	FUN_004cd2c0
game-server	004cd2f0	46	FUN_004cd2f0
game-server	004cd320	105	??0exception@@QAE@ABQBD@Z
game-server	004cd390	132	??0exception@@QAE@ABV0@@Z
game-server	004cd420	44	??4exception@@QAEAAV0@ABV0@@Z
game-server	004cd450	52	??1exception@@UAE@XZ
game-server	004cd490	33	FUN_004cd490
game-server	004cd4e0	65	FUN_004cd4e0
game-server	004cd521	112	FUN_004cd521
game-server	004cd591	118	FUN_004cd591
game-server	004cd607	30	FUN_004cd607
game-server	004cd625	133	FUN_004cd625
game-server	004cd6aa	133	FUN_004cd6aa
game-server	004cd72f	136	FUN_004cd72f
game-server	004cd7b7	225	FUN_004cd7b7
game-server	004cd898	263	FUN_004cd898
game-server	004cd99f	126	FUN_004cd99f
game-server	004cda1d	558	FUN_004cda1d
game-server	004cdc4b	167	FUN_004cdc4b
game-server	004cdcf2	64	FUN_004cdcf2
game-server	004cdd32	345	FUN_004cdd32
game-server	004cde8b	191	FUN_004cde8b
game-server	004cdf4a	178	FUN_004cdf4a
game-server	004cdffc	111	FUN_004cdffc
game-server	004ce06b	111	FUN_004ce06b
game-server	004ce0da	70	FUN_004ce0da
game-server	004ce120	27	FUN_004ce120
game-server	004ce13b	142	FUN_004ce13b
game-server	004ce1c9	1810	FUN_004ce1c9
game-server	004ce95c	84	FUN_004ce95c
game-server	004ce9b0	153	FUN_004ce9b0
game-server	004cea49	89	FUN_004cea49
game-server	004ceaa2	203	FUN_004ceaa2
game-server	004ceb6d	142	FUN_004ceb6d
game-server	004cebfb	133	FUN_004cebfb
game-server	004cec80	136	FUN_004cec80
game-server	004ced08	174	FUN_004ced08
game-server	004cedb6	135	FUN_004cedb6
game-server	004cee3d	138	FUN_004cee3d
game-server	004ceec7	115	FUN_004ceec7
game-server	004cef3a	106	FUN_004cef3a
game-server	004cefa4	171	FUN_004cefa4
game-server	004cf04f	65	FUN_004cf04f
game-server	004cf090	61	??$HashKey@PBD@@YGIPBD@Z
game-server	004cf0d0	46	FUN_004cf0d0
game-server	004cf100	225	FUN_004cf100
game-server	004cf1e1	184	FUN_004cf1e1
game-server	004cf299	150	FUN_004cf299
game-server	004cf32f	104	FUN_004cf32f
game-server	004cf397	41	FUN_004cf397
game-server	004cf3c0	64	FUN_004cf3c0
game-server	004cf400	80	FID_conflict:?GetLocalTm@CTime@ATL@@QBEPAUtm@@PAU3@@Z
game-server	004cf450	155	FUN_004cf450
game-server	004cf4eb	118	FUN_004cf4eb
game-server	004cf561	19	FUN_004cf561
game-server	004cf574	19	FUN_004cf574
game-server	004cf587	132	FUN_004cf587
game-server	004cf60b	19	FUN_004cf60b
game-server	004cf61e	19	FUN_004cf61e
game-server	004cf631	669	FUN_004cf631
game-server	004cf915	160	FUN_004cf915
game-server	004cf9b5	127	FUN_004cf9b5
game-server	004cfa34	127	FUN_004cfa34
game-server	004cfab3	160	FUN_004cfab3
game-server	004cfb53	160	FUN_004cfb53
game-server	004cfc00	21	FUN_004cfc00
game-server	004cfc15	194	FUN_004cfc15
game-server	004cfce0	60	?InitString@CSimpleException@@QAEXXZ
game-server	004cfd1c	144	FUN_004cfd1c
game-server	004cfdac	29	FUN_004cfdac
game-server	004cfdc9	29	?AfxThrowNotSupportedException@@YGXXZ
game-server	004cfdf0	66	FUN_004cfdf0
game-server	004cfe32	36	FUN_004cfe32
game-server	004cfe56	77	FUN_004cfe56
game-server	004cfeb0	16	FUN_004cfeb0
game-server	004cfec0	863	FUN_004cfec0
game-server	004d021f	72	FUN_004d021f
game-server	004d0267	38	FUN_004d0267
game-server	004d028d	21	FUN_004d028d
game-server	004d02b0	523	FUN_004d02b0
game-server	004d04bb	571	FUN_004d04bb
game-server	004d06f6	374	FUN_004d06f6
game-server	004d086c	302	FUN_004d086c
game-server	004d099a	541	FUN_004d099a
game-server	004d0bb7	168	FUN_004d0bb7
game-server	004d0c5f	905	FUN_004d0c5f
game-server	004d0fe8	79	FUN_004d0fe8
game-server	004d1037	261	FUN_004d1037
game-server	004d113c	135	FUN_004d113c
game-server	004d11c3	133	FUN_004d11c3
game-server	004d1248	133	FUN_004d1248
game-server	004d12cd	34	FUN_004d12cd
game-server	004d12ef	32	FUN_004d12ef
game-server	004d130f	32	FUN_004d130f
game-server	004d132f	47	FUN_004d132f
game-server	004d135e	30	FUN_004d135e
game-server	004d137c	30	FUN_004d137c
game-server	004d139a	30	FUN_004d139a
game-server	004d13b8	336	FUN_004d13b8
game-server	004d1524	652	FUN_004d1524
game-server	004d17b0	43	FUN_004d17b0
game-server	004d17e0	78	??1CMiniDockFrameWnd@@UAE@XZ
game-server	004d1830	224	FUN_004d1830
game-server	004d1910	155	FUN_004d1910
game-server	004d19ab	426	FUN_004d19ab
game-server	004d1b55	396	FUN_004d1b55
game-server	004d1ce1	79	?AssertValid@CBitmapButton@@UBEXXZ
game-server	004d1d30	146	FID_conflict:?Dump@CBitmapButton@@UBEXAAVCDumpContext@@@Z
game-server	004d1dd0	10	FUN_004d1dd0
game-server	004d1dda	17	FUN_004d1dda
game-server	004d1deb	10	FUN_004d1deb
game-server	004d1df5	15	FUN_004d1df5
game-server	004d1e04	308	FUN_004d1e04
game-server	004d1f76	93	FUN_004d1f76
game-server	004d1fd3	250	FUN_004d1fd3
game-server	004d20cd	92	??1_AFX_DEBUG_STATE@@UAE@XZ
game-server	004d2129	15	FUN_004d2129
game-server	004d2138	5	FUN_004d2138
game-server	004d213d	18	FUN_004d213d
game-server	004d214f	15	FUN_004d214f
game-server	004d215e	64	FUN_004d215e
game-server	004d21a0	43	FUN_004d21a0
game-server	004d21d0	19	FUN_004d21d0
game-server	004d21f0	70	FUN_004d21f0
game-server	004d2240	100	FID_conflict:?CreateObject@?$CProcessLocal@V_AFX_COLOR_STATE@@@@SGPAVCNoTrackObject@@XZ
game-server	004d22b0	73	??0_AFX_COLOR_STATE@@QAE@XZ
game-server	004d22f9	16	FUN_004d22f9
game-server	004d2309	214	FUN_004d2309
game-server	004d23df	164	FUN_004d23df
game-server	004d2483	29	FUN_004d2483
game-server	004d24a0	88	FUN_004d24a0
game-server	004d24f8	18	FUN_004d24f8
game-server	004d250a	21	FUN_004d250a
game-server	004d251f	233	FUN_004d251f
game-server	004d2610	43	FUN_004d2610
game-server	004d2640	19	FUN_004d2640
game-server	004d2660	43	FUN_004d2660
game-server	004d2690	19	FUN_004d2690
game-server	004d26b0	188	FUN_004d26b0
game-server	004d276c	244	FUN_004d276c
game-server	004d2860	37	FUN_004d2860
game-server	004d2885	108	FUN_004d2885
game-server	004d28f1	109	FUN_004d28f1
game-server	004d295e	109	FUN_004d295e
game-server	004d29cb	46	?CreatePrinterDC@CPageSetupDialog@@QAEPAUHDC__@@XZ
game-server	004d29f9	69	FUN_004d29f9
game-server	004d2a3e	260	FUN_004d2a3e
game-server	004d2b42	15	FUN_004d2b42
game-server	004d2b51	15	FUN_004d2b51
game-server	004d2b60	176	FUN_004d2b60
game-server	004d2c10	16	FUN_004d2c10
game-server	004d2c20	293	FUN_004d2c20
game-server	004d2d45	44	FUN_004d2d45
game-server	004d2d71	180	?AttachOnSetup@CPrintDialog@@MAEPAV1@XZ
game-server	004d2e25	152	FUN_004d2e25
game-server	004d2ebd	96	?DoModal@CPrintDialog@@UAEHXZ
game-server	004d2f1d	73	?CreatePrinterDC@CPrintDialog@@QAEPAUHDC__@@XZ
game-server	004d2f66	74	FUN_004d2f66
game-server	004d2fb0	43	FUN_004d2fb0
game-server	004d2fdb	113	FUN_004d2fdb
game-server	004d304c	114	FUN_004d304c
game-server	004d30be	114	FUN_004d30be
game-server	004d3130	44	FUN_004d3130
game-server	004d315c	387	FUN_004d315c
game-server	004d32df	168	FUN_004d32df
game-server	004d3390	43	FUN_004d3390
game-server	004d33c0	19	FUN_004d33c0
game-server	004d33e0	43	FUN_004d33e0
game-server	004d3410	19	FUN_004d3410
game-server	004d3430	81	FID_conflict:??1CDragListBox@@UAE@XZ
game-server	004d3481	108	FUN_004d3481
game-server	004d34ed	61	?BeginDrag@CDragListBox@@UAEHVCPoint@@@Z
game-server	004d352a	29	FUN_004d352a
game-server	004d3547	88	FUN_004d3547
game-server	004d359f	325	FUN_004d359f
game-server	004d36e4	60	?DrawInsert@CDragListBox@@UAEXH@Z
game-server	004d3720	262	?DrawSingle@CDragListBox@@QAEXH@Z
game-server	004d3826	341	FUN_004d3826
game-server	004d398b	16	FUN_004d398b
game-server	004d399b	103	FUN_004d399b
game-server	004d3a02	81	FUN_004d3a02
game-server	004d3a53	108	FUN_004d3a53
game-server	004d3abf	136	FUN_004d3abf
game-server	004d3b47	106	FUN_004d3b47
game-server	004d3bb1	106	FUN_004d3bb1
game-server	004d3c1b	130	FUN_004d3c1b
game-server	004d3c9d	47	FID_conflict:?OnCreate@CToolBarCtrl@@IAEHPAUtagCREATESTRUCTA@@@Z
game-server	004d3ccc	121	FUN_004d3ccc
game-server	004d3d45	103	FUN_004d3d45
game-server	004d3dac	81	FUN_004d3dac
game-server	004d3dfd	165	FUN_004d3dfd
game-server	004d3ea2	300	FUN_004d3ea2
game-server	004d3fce	163	FUN_004d3fce
game-server	004d4071	194	FUN_004d4071
game-server	004d4133	124	FUN_004d4133
game-server	004d41af	54	FUN_004d41af
game-server	004d41e5	106	FUN_004d41e5
game-server	004d424f	16	FUN_004d424f
game-server	004d425f	103	FUN_004d425f
game-server	004d42c6	81	FUN_004d42c6
game-server	004d4317	96	FUN_004d4317
game-server	004d4377	137	FUN_004d4377
game-server	004d4400	138	FUN_004d4400
game-server	004d448a	138	FUN_004d448a
game-server	004d4514	170	FUN_004d4514
game-server	004d45be	92	FID_conflict:?InsertColumn@CListCtrl@@QAEHHPBDHHH@Z
game-server	004d461a	125	FUN_004d461a
game-server	004d4697	120	FUN_004d4697
game-server	004d470f	179	FUN_004d470f
game-server	004d47c2	102	FUN_004d47c2
game-server	004d4828	145	FUN_004d4828
game-server	004d48b9	261	FUN_004d48b9
game-server	004d49be	124	FUN_004d49be
game-server	004d4a3a	150	FUN_004d4a3a
game-server	004d4ad0	54	FUN_004d4ad0
game-server	004d4b06	106	FUN_004d4b06
game-server	004d4b70	69	FID_conflict:?RemoveImageList@CListCtrl@@IAEXH@Z
game-server	004d4bb5	49	FID_conflict:?OnNcDestroy@CListCtrl@@IAEXXZ
game-server	004d4be6	251	FUN_004d4be6
game-server	004d4ce1	16	FUN_004d4ce1
game-server	004d4cf1	103	FUN_004d4cf1
game-server	004d4d58	81	FUN_004d4d58
game-server	004d4da9	96	FUN_004d4da9
game-server	004d4e09	260	FUN_004d4e09
game-server	004d4f0d	129	FUN_004d4f0d
game-server	004d4f8e	147	FUN_004d4f8e
game-server	004d5021	134	FUN_004d5021
game-server	004d50a7	104	FUN_004d50a7
game-server	004d510f	136	FUN_004d510f
game-server	004d5197	142	FUN_004d5197
game-server	004d5225	120	FUN_004d5225
game-server	004d529d	69	FID_conflict:?RemoveImageList@CTreeView@@IAEXH@Z
game-server	004d52e2	39	FID_conflict:?OnDestroy@CTreeView@@QAEXXZ
game-server	004d5309	249	FUN_004d5309
game-server	004d5402	147	FUN_004d5402
game-server	004d5495	124	FUN_004d5495
game-server	004d5511	100	FUN_004d5511
game-server	004d5575	81	FUN_004d5575
game-server	004d55c6	118	FUN_004d55c6
game-server	004d563c	103	FUN_004d563c
game-server	004d56a3	81	FUN_004d56a3
game-server	004d56f4	88	FUN_004d56f4
game-server	004d574c	45	?SetRange@CSliderCtrl@@QAEXHHH@Z
game-server	004d5779	116	FUN_004d5779
game-server	004d57ed	110	FUN_004d57ed
game-server	004d585b	103	FUN_004d585b
game-server	004d58c2	81	FUN_004d58c2
game-server	004d5913	103	FUN_004d5913
game-server	004d597a	81	FUN_004d597a
game-server	004d59cb	54	FUN_004d59cb
game-server	004d5a01	106	FUN_004d5a01
game-server	004d5a6b	103	FUN_004d5a6b
game-server	004d5ad2	81	FUN_004d5ad2
game-server	004d5b23	129	FUN_004d5b23
game-server	004d5ba4	16	FUN_004d5ba4
game-server	004d5bb4	103	FUN_004d5bb4
game-server	004d5c1b	81	FUN_004d5c1b
game-server	004d5c6c	54	FUN_004d5c6c
game-server	004d5ca2	106	FUN_004d5ca2
game-server	004d5d0c	71	?OnDestroy@CTabCtrl@@IAEXXZ
game-server	004d5d53	136	FUN_004d5d53
game-server	004d5ddb	109	FUN_004d5ddb
game-server	004d5e48	114	FUN_004d5e48
game-server	004d5eba	126	FUN_004d5eba
game-server	004d5f38	103	FUN_004d5f38
game-server	004d5f9f	81	FUN_004d5f9f
game-server	004d5ff0	81	FUN_004d5ff0
game-server	004d6041	208	FUN_004d6041
game-server	004d6111	41	FID_conflict:??0CImageList@@QAE@XZ
game-server	004d613a	81	FID_conflict:??1CMenu@@UAE@XZ
game-server	004d618b	72	FID_conflict:?Detach@CImageList@@QAEPAU_IMAGELIST@@XZ
game-server	004d61d3	39	FID_conflict:?DeleteObject@CGdiObject@@QAEHXZ
game-server	004d61fa	121	FUN_004d61fa
game-server	004d6273	102	FUN_004d6273
game-server	004d62d9	48	FUN_004d62d9
game-server	004d6309	146	FUN_004d6309
game-server	004d639b	100	FUN_004d639b
game-server	004d63ff	58	?Create@CImageList@@QAEHAAV1@H0HHH@Z
game-server	004d6439	177	FUN_004d6439
game-server	004d64ea	165	FUN_004d64ea
game-server	004d658f	154	FUN_004d658f
game-server	004d6629	65	FID_conflict:?Dump@CGdiObject@@UBEXAAVCDumpContext@@@Z
game-server	004d666a	191	FUN_004d666a
game-server	004d6729	41	??0CDragListBox@@QAE@XZ
game-server	004d6752	98	FUN_004d6752
game-server	004d67b4	31	FUN_004d67b4
game-server	004d67d3	90	FUN_004d67d3
game-server	004d682d	90	FUN_004d682d
game-server	004d6887	90	FUN_004d6887
game-server	004d68e1	90	FUN_004d68e1
game-server	004d693b	90	FUN_004d693b
game-server	004d6995	83	FUN_004d6995
game-server	004d69e8	83	FUN_004d69e8
game-server	004d6a3b	83	FUN_004d6a3b
game-server	004d6a8e	83	FUN_004d6a8e
game-server	004d6ae1	83	FUN_004d6ae1
game-server	004d6b34	90	FUN_004d6b34
game-server	004d6b8e	83	FUN_004d6b8e
game-server	004d6be1	85	FUN_004d6be1
game-server	004d6c36	85	FUN_004d6c36
game-server	004d6c8b	83	FUN_004d6c8b
game-server	004d6cde	85	FUN_004d6cde
game-server	004d6d33	79	FUN_004d6d33
game-server	004d6d82	83	FUN_004d6d82
game-server	004d6dd5	79	FUN_004d6dd5
game-server	004d6e24	83	FUN_004d6e24
game-server	004d6e77	85	FUN_004d6e77
game-server	004d6ecc	83	FUN_004d6ecc
game-server	004d6f1f	102	FUN_004d6f1f
game-server	004d6f85	102	FUN_004d6f85
game-server	004d6feb	79	FUN_004d6feb
game-server	004d703a	85	FUN_004d703a
game-server	004d708f	88	FUN_004d708f
game-server	004d70e7	88	FUN_004d70e7
game-server	004d713f	105	FUN_004d713f
game-server	004d71a8	79	FUN_004d71a8
game-server	004d71f7	85	FUN_004d71f7
game-server	004d724c	79	FUN_004d724c
game-server	004d729b	83	FUN_004d729b
game-server	004d72ee	79	FUN_004d72ee
game-server	004d733d	83	FUN_004d733d
game-server	004d7390	79	FUN_004d7390
game-server	004d73df	83	FUN_004d73df
game-server	004d7432	31	FUN_004d7432
game-server	004d7451	120	FUN_004d7451
game-server	004d74c9	85	FUN_004d74c9
game-server	004d751e	85	FUN_004d751e
game-server	004d7573	83	FUN_004d7573
game-server	004d75c6	83	FUN_004d75c6
game-server	004d7619	83	FUN_004d7619
game-server	004d766c	85	FUN_004d766c
game-server	004d76c1	31	FUN_004d76c1
game-server	004d76e0	79	FUN_004d76e0
game-server	004d772f	83	FUN_004d772f
game-server	004d7782	92	FUN_004d7782
game-server	004d77de	99	FUN_004d77de
game-server	004d7841	82	FUN_004d7841
game-server	004d7893	86	FUN_004d7893
game-server	004d78e9	86	FUN_004d78e9
game-server	004d793f	90	FUN_004d793f
game-server	004d7999	86	FUN_004d7999
game-server	004d79ef	88	FUN_004d79ef
game-server	004d7a47	90	FUN_004d7a47
game-server	004d7aa1	86	FUN_004d7aa1
game-server	004d7af7	82	FUN_004d7af7
game-server	004d7b49	82	FUN_004d7b49
game-server	004d7b9b	86	FUN_004d7b9b
game-server	004d7bf1	93	FUN_004d7bf1
game-server	004d7c4e	75	FUN_004d7c4e
game-server	004d7c99	100	FUN_004d7c99
game-server	004d7cfd	88	FUN_004d7cfd
game-server	004d7d55	86	FUN_004d7d55
game-server	004d7dab	131	FUN_004d7dab
game-server	004d7e2e	88	FUN_004d7e2e
game-server	004d7e86	86	FUN_004d7e86
game-server	004d7edc	93	FUN_004d7edc
game-server	004d7f39	88	FUN_004d7f39
game-server	004d7f91	88	FUN_004d7f91
game-server	004d7fe9	86	FUN_004d7fe9
game-server	004d803f	92	FUN_004d803f
game-server	004d809b	88	FUN_004d809b
game-server	004d80f3	88	FUN_004d80f3
game-server	004d814b	88	FUN_004d814b
game-server	004d81a3	88	FUN_004d81a3
game-server	004d81fb	86	FUN_004d81fb
game-server	004d8251	86	FUN_004d8251
game-server	004d82a7	93	FUN_004d82a7
game-server	004d8304	86	FUN_004d8304
game-server	004d835a	82	FUN_004d835a
game-server	004d83ac	86	FUN_004d83ac
game-server	004d8402	82	FUN_004d8402
game-server	004d8454	86	FUN_004d8454
game-server	004d84aa	82	FUN_004d84aa
game-server	004d84fc	82	FUN_004d84fc
game-server	004d854e	86	FUN_004d854e
game-server	004d85a4	86	FUN_004d85a4
game-server	004d85fa	88	FUN_004d85fa
game-server	004d8652	88	FUN_004d8652
game-server	004d86aa	86	FUN_004d86aa
game-server	004d8700	131	FUN_004d8700
game-server	004d8783	82	FUN_004d8783
game-server	004d87d5	31	FUN_004d87d5
game-server	004d87f4	86	FUN_004d87f4
game-server	004d884a	98	FUN_004d884a
game-server	004d88ac	94	FUN_004d88ac
game-server	004d890a	86	FUN_004d890a
game-server	004d8960	85	FUN_004d8960
game-server	004d89b5	88	FUN_004d89b5
game-server	004d8a0d	82	FUN_004d8a0d
game-server	004d8a5f	82	FUN_004d8a5f
game-server	004d8ab1	86	FUN_004d8ab1
game-server	004d8b07	92	FUN_004d8b07
game-server	004d8b63	99	FUN_004d8b63
game-server	004d8bc6	88	FUN_004d8bc6
game-server	004d8c1e	86	FUN_004d8c1e
game-server	004d8c74	86	FUN_004d8c74
game-server	004d8cca	86	FUN_004d8cca
game-server	004d8d20	86	FUN_004d8d20
game-server	004d8d76	82	FUN_004d8d76
game-server	004d8dc8	86	FUN_004d8dc8
game-server	004d8e1e	86	FUN_004d8e1e
game-server	004d8e74	82	FUN_004d8e74
game-server	004d8ec6	82	FUN_004d8ec6
game-server	004d8f18	82	FUN_004d8f18
game-server	004d8f6a	88	FUN_004d8f6a
game-server	004d8fc2	86	FUN_004d8fc2
game-server	004d9018	86	FUN_004d9018
game-server	004d906e	86	FUN_004d906e
game-server	004d90c4	86	FUN_004d90c4
game-server	004d911a	86	FUN_004d911a
game-server	004d9170	90	FUN_004d9170
game-server	004d91ca	92	FUN_004d91ca
game-server	004d9226	92	FUN_004d9226
game-server	004d9282	90	FUN_004d9282
game-server	004d92dc	92	FUN_004d92dc
game-server	004d9338	86	FUN_004d9338
game-server	004d938e	88	FUN_004d938e
game-server	004d93e6	82	FUN_004d93e6
game-server	004d9438	86	FUN_004d9438
game-server	004d948e	86	FUN_004d948e
game-server	004d94e4	86	FUN_004d94e4
game-server	004d953a	88	FUN_004d953a
game-server	004d9592	97	FUN_004d9592
game-server	004d95f3	82	FUN_004d95f3
game-server	004d9645	86	FUN_004d9645
game-server	004d969b	82	FUN_004d969b
game-server	004d96ed	87	FUN_004d96ed
game-server	004d9744	82	FUN_004d9744
game-server	004d9796	86	FUN_004d9796
game-server	004d97ec	88	FUN_004d97ec
game-server	004d9844	82	FUN_004d9844
game-server	004d9896	86	FUN_004d9896
game-server	004d98ec	31	FUN_004d98ec
game-server	004d990b	110	FUN_004d990b
game-server	004d9979	82	FUN_004d9979
game-server	004d99cb	99	FUN_004d99cb
game-server	004d9a2e	86	FUN_004d9a2e
game-server	004d9a84	86	FUN_004d9a84
game-server	004d9ada	86	FUN_004d9ada
game-server	004d9b30	82	FUN_004d9b30
game-server	004d9b82	31	FUN_004d9b82
game-server	004d9ba1	93	FUN_004d9ba1
game-server	004d9bfe	87	FUN_004d9bfe
game-server	004d9c55	88	FUN_004d9c55
game-server	004d9cad	82	FUN_004d9cad
game-server	004d9cff	82	FUN_004d9cff
game-server	004d9d51	93	FUN_004d9d51
game-server	004d9dae	86	FUN_004d9dae
game-server	004d9e04	97	FUN_004d9e04
game-server	004d9e65	94	FUN_004d9e65
game-server	004d9ec3	105	FUN_004d9ec3
game-server	004d9f2c	31	FUN_004d9f2c
game-server	004d9f4b	82	FUN_004d9f4b
game-server	004d9f9d	86	FUN_004d9f9d
game-server	004d9ff3	82	FUN_004d9ff3
game-server	004da045	86	FUN_004da045
game-server	004da09b	82	FUN_004da09b
game-server	004da0ed	82	FUN_004da0ed
game-server	004da13f	88	FUN_004da13f
game-server	004da197	88	FUN_004da197
game-server	004da1ef	86	FUN_004da1ef
game-server	004da245	86	FUN_004da245
game-server	004da29b	86	FUN_004da29b
game-server	004da2f1	82	FUN_004da2f1
game-server	004da343	86	FUN_004da343
game-server	004da399	82	FUN_004da399
game-server	004da3eb	86	FUN_004da3eb
game-server	004da441	82	FUN_004da441
game-server	004da493	82	FUN_004da493
game-server	004da4e5	86	FUN_004da4e5
game-server	004da53b	86	FUN_004da53b
game-server	004da591	86	FUN_004da591
game-server	004da5e7	86	FUN_004da5e7
game-server	004da63d	92	FUN_004da63d
game-server	004da699	99	FUN_004da699
game-server	004da6fc	88	FUN_004da6fc
game-server	004da754	91	FUN_004da754
game-server	004da7af	86	FUN_004da7af
game-server	004da805	31	FUN_004da805
game-server	004da824	105	FUN_004da824
game-server	004da88d	88	FUN_004da88d
game-server	004da8e5	82	FUN_004da8e5
game-server	004da937	86	FUN_004da937
game-server	004da98d	86	FUN_004da98d
game-server	004da9e3	82	FUN_004da9e3
game-server	004daa35	31	FUN_004daa35
game-server	004daa54	82	FUN_004daa54
game-server	004daaa6	88	FUN_004daaa6
game-server	004daafe	86	FUN_004daafe
game-server	004dab54	88	FUN_004dab54
game-server	004dabac	88	FUN_004dabac
game-server	004dac04	86	FUN_004dac04
game-server	004dac5a	17	FUN_004dac5a
game-server	004dac6b	40	?GetSafeHandle@CImageList@@QBEPAU_IMAGELIST@@XZ
game-server	004dac93	65	FUN_004dac93
game-server	004dacd4	85	FUN_004dacd4
game-server	004dad29	80	FUN_004dad29
game-server	004dad79	71	FUN_004dad79
game-server	004dadc0	89	FUN_004dadc0
game-server	004dae19	73	FUN_004dae19
game-server	004dae62	75	FUN_004dae62
game-server	004daead	73	FUN_004daead
game-server	004daef6	124	FUN_004daef6
game-server	004daf72	71	FUN_004daf72
game-server	004dafb9	65	FUN_004dafb9
game-server	004daffa	75	FUN_004daffa
game-server	004db045	75	FUN_004db045
game-server	004db090	79	FUN_004db090
game-server	004db0df	11	FUN_004db0df
game-server	004db0ea	21	FUN_004db0ea
game-server	004db0ff	79	FUN_004db0ff
game-server	004db14e	17	FUN_004db14e
game-server	004db15f	27	FUN_004db15f
game-server	004db17a	30	FUN_004db17a
game-server	004db198	22	FUN_004db198
game-server	004db1ae	31	FUN_004db1ae
game-server	004db1cd	88	FUN_004db1cd
game-server	004db225	97	FUN_004db225
game-server	004db286	82	FUN_004db286
game-server	004db2d8	88	FUN_004db2d8
game-server	004db330	88	FUN_004db330
game-server	004db388	86	FUN_004db388
game-server	004db3de	86	FUN_004db3de
game-server	004db434	88	FUN_004db434
game-server	004db48c	84	FUN_004db48c
game-server	004db4e0	86	FUN_004db4e0
game-server	004db536	86	FUN_004db536
game-server	004db58c	82	FUN_004db58c
game-server	004db5de	88	FUN_004db5de
game-server	004db636	82	FUN_004db636
game-server	004db688	86	FUN_004db688
game-server	004db6de	86	FUN_004db6de
game-server	004db734	88	FUN_004db734
game-server	004db78c	132	FUN_004db78c
game-server	004db810	86	FUN_004db810
game-server	004db866	105	FUN_004db866
game-server	004db8cf	82	FUN_004db8cf
game-server	004db921	88	FUN_004db921
game-server	004db979	91	FUN_004db979
game-server	004db9d4	82	FUN_004db9d4
game-server	004dba26	86	FUN_004dba26
game-server	004dba7c	86	FUN_004dba7c
game-server	004dbad2	93	FUN_004dbad2
game-server	004dbb2f	82	FUN_004dbb2f
game-server	004dbb81	88	FUN_004dbb81
game-server	004dbbd9	31	FUN_004dbbd9
game-server	004dbbf8	86	FUN_004dbbf8
game-server	004dbc4e	86	FUN_004dbc4e
game-server	004dbca4	107	FUN_004dbca4
game-server	004dbd0f	82	FUN_004dbd0f
game-server	004dbd61	82	FUN_004dbd61
game-server	004dbdb3	105	FUN_004dbdb3
game-server	004dbe1c	31	FUN_004dbe1c
game-server	004dbe3b	82	FUN_004dbe3b
game-server	004dbe8d	82	FUN_004dbe8d
game-server	004dbedf	82	FUN_004dbedf
game-server	004dbf31	86	FUN_004dbf31
game-server	004dbf87	86	FUN_004dbf87
game-server	004dbfdd	115	FUN_004dbfdd
game-server	004dc050	94	FUN_004dc050
game-server	004dc0ae	82	FUN_004dc0ae
game-server	004dc100	88	FUN_004dc100
game-server	004dc158	86	FUN_004dc158
game-server	004dc1ae	82	FUN_004dc1ae
game-server	004dc200	82	FUN_004dc200
game-server	004dc252	82	FUN_004dc252
game-server	004dc2a4	82	FUN_004dc2a4
game-server	004dc2f6	82	FUN_004dc2f6
game-server	004dc348	86	FUN_004dc348
game-server	004dc39e	82	FUN_004dc39e
game-server	004dc3f0	86	FUN_004dc3f0
game-server	004dc446	86	FUN_004dc446
game-server	004dc49c	86	FUN_004dc49c
game-server	004dc4f2	86	FUN_004dc4f2
game-server	004dc548	86	FUN_004dc548
game-server	004dc59e	88	FUN_004dc59e
game-server	004dc5f6	88	FUN_004dc5f6
game-server	004dc64e	82	FUN_004dc64e
game-server	004dc6a0	82	FUN_004dc6a0
game-server	004dc6f2	86	FUN_004dc6f2
game-server	004dc748	88	FUN_004dc748
game-server	004dc7a0	82	FUN_004dc7a0
game-server	004dc7f2	82	FUN_004dc7f2
game-server	004dc844	88	FUN_004dc844
game-server	004dc89c	86	FUN_004dc89c
game-server	004dc8f2	86	FUN_004dc8f2
game-server	004dc948	88	FUN_004dc948
game-server	004dc9a0	91	FUN_004dc9a0
game-server	004dc9fb	88	FUN_004dc9fb
game-server	004dca53	88	FUN_004dca53
game-server	004dcaab	79	FUN_004dcaab
game-server	004dcb00	43	FUN_004dcb00
game-server	004dcb30	43	FUN_004dcb30
game-server	004dcb60	43	FUN_004dcb60
game-server	004dcb90	43	FUN_004dcb90
game-server	004dcbc0	43	FUN_004dcbc0
game-server	004dcbf0	43	FUN_004dcbf0
game-server	004dcc20	43	FUN_004dcc20
game-server	004dcc50	43	FUN_004dcc50
game-server	004dcc80	43	FUN_004dcc80
game-server	004dccb0	43	FUN_004dccb0
game-server	004dcce0	43	FUN_004dcce0
game-server	004dcd10	43	FUN_004dcd10
game-server	004dcd40	43	FUN_004dcd40
game-server	004dcd70	43	FUN_004dcd70
game-server	004dcda0	100	FUN_004dcda0
game-server	004dce04	83	FUN_004dce04
game-server	004dce57	152	FUN_004dce57
game-server	004dceef	152	FUN_004dceef
game-server	004dcf87	152	FUN_004dcf87
game-server	004dd01f	81	FID_conflict:??1CDragListBox@@UAE@XZ
game-server	004dd070	100	FUN_004dd070
game-server	004dd0d4	67	?GetImageList@CReBarCtrl@@QBEPAVCImageList@@XZ
game-server	004dd117	52	?SetImageList@CReBarCtrl@@QAEHPAVCImageList@@@Z
game-server	004dd14b	41	FUN_004dd14b
game-server	004dd174	41	FUN_004dd174
game-server	004dd19d	136	FUN_004dd19d
game-server	004dd225	220	FUN_004dd225
game-server	004dd301	74	FUN_004dd301
game-server	004dd34b	74	FUN_004dd34b
game-server	004dd395	103	FUN_004dd395
game-server	004dd3fc	113	FUN_004dd3fc
game-server	004dd46d	106	FUN_004dd46d
game-server	004dd4d7	136	FUN_004dd4d7
game-server	004dd55f	171	FUN_004dd55f
game-server	004dd60a	104	FUN_004dd60a
game-server	004dd672	79	FUN_004dd672
game-server	004dd6c1	85	FUN_004dd6c1
game-server	004dd716	83	FUN_004dd716
game-server	004dd769	85	FUN_004dd769
game-server	004dd7be	85	FUN_004dd7be
game-server	004dd813	85	FUN_004dd813
game-server	004dd868	79	FUN_004dd868
game-server	004dd8b7	85	FUN_004dd8b7
game-server	004dd90c	85	FUN_004dd90c
game-server	004dd961	85	FUN_004dd961
game-server	004dd9b6	79	FUN_004dd9b6
game-server	004dda05	79	FUN_004dda05
game-server	004dda54	85	FUN_004dda54
game-server	004ddaa9	83	FUN_004ddaa9
game-server	004ddafc	85	FUN_004ddafc
game-server	004ddb51	102	FUN_004ddb51
game-server	004ddbb7	94	FUN_004ddbb7
game-server	004ddc15	94	FUN_004ddc15
game-server	004ddc73	94	FUN_004ddc73
game-server	004ddcd1	83	FUN_004ddcd1
game-server	004ddd24	83	FUN_004ddd24
game-server	004ddd77	83	FUN_004ddd77
game-server	004dddca	85	FUN_004dddca
game-server	004dde1f	85	FUN_004dde1f
game-server	004dde74	85	FUN_004dde74
game-server	004ddec9	79	FUN_004ddec9
game-server	004ddf18	83	FUN_004ddf18
game-server	004ddf6b	79	FUN_004ddf6b
game-server	004ddfba	83	FUN_004ddfba
game-server	004de00d	83	FUN_004de00d
game-server	004de060	83	FUN_004de060
game-server	004de0b3	83	FUN_004de0b3
game-server	004de106	85	FUN_004de106
game-server	004de15b	86	FUN_004de15b
game-server	004de1b1	90	FUN_004de1b1
game-server	004de20b	85	FUN_004de20b
game-server	004de260	83	FUN_004de260
game-server	004de2b3	89	FUN_004de2b3
game-server	004de30c	83	FUN_004de30c
game-server	004de35f	85	FUN_004de35f
game-server	004de3b4	83	FUN_004de3b4
game-server	004de407	79	FUN_004de407
game-server	004de456	79	FUN_004de456
game-server	004de4a5	79	FUN_004de4a5
game-server	004de4f4	131	FUN_004de4f4
game-server	004de577	83	FUN_004de577
game-server	004de5ca	79	FUN_004de5ca
game-server	004de619	85	FUN_004de619
game-server	004de66e	83	FUN_004de66e
game-server	004de6c1	83	FUN_004de6c1
game-server	004de714	86	FUN_004de714
game-server	004de76a	86	FUN_004de76a
game-server	004de7c0	82	FUN_004de7c0
game-server	004de812	120	FUN_004de812
game-server	004de88a	86	FUN_004de88a
game-server	004de8e0	105	FUN_004de8e0
game-server	004de949	86	FUN_004de949
game-server	004de99f	88	FUN_004de99f
game-server	004de9f7	97	FUN_004de9f7
game-server	004dea58	92	FUN_004dea58
game-server	004deab4	31	FUN_004deab4
game-server	004dead3	82	FUN_004dead3
game-server	004deb25	88	FUN_004deb25
game-server	004deb7d	82	FUN_004deb7d
game-server	004debcf	86	FUN_004debcf
game-server	004dec25	82	FUN_004dec25
game-server	004dec77	89	FUN_004dec77
game-server	004decd0	88	FUN_004decd0
game-server	004ded28	82	FUN_004ded28
game-server	004ded7a	86	FUN_004ded7a
game-server	004dedd0	82	FUN_004dedd0
game-server	004dee22	88	FUN_004dee22
game-server	004dee7a	86	FUN_004dee7a
game-server	004deed0	88	FUN_004deed0
game-server	004def28	86	FUN_004def28
game-server	004def7e	86	FUN_004def7e
game-server	004defd4	95	FUN_004defd4
game-server	004df033	86	FUN_004df033
game-server	004df089	89	FUN_004df089
game-server	004df0e2	88	FUN_004df0e2
game-server	004df13a	86	FUN_004df13a
game-server	004df190	86	FUN_004df190
game-server	004df1e6	82	FUN_004df1e6
game-server	004df238	86	FUN_004df238
game-server	004df28e	88	FUN_004df28e
game-server	004df2e6	86	FUN_004df2e6
game-server	004df33c	86	FUN_004df33c
game-server	004df392	86	FUN_004df392
game-server	004df3e8	88	FUN_004df3e8
game-server	004df440	88	FUN_004df440
game-server	004df498	88	FUN_004df498
game-server	004df4f0	92	FUN_004df4f0
game-server	004df54c	88	FUN_004df54c
game-server	004df5a4	86	FUN_004df5a4
game-server	004df5fa	86	FUN_004df5fa
game-server	004df650	86	FUN_004df650
game-server	004df6a6	82	FUN_004df6a6
game-server	004df6f8	82	FUN_004df6f8
game-server	004df74a	82	FUN_004df74a
game-server	004df79c	82	FUN_004df79c
game-server	004df7ee	93	FUN_004df7ee
game-server	004df84b	86	FUN_004df84b
game-server	004df8a1	86	FUN_004df8a1
game-server	004df8f7	86	FUN_004df8f7
game-server	004df94d	86	FUN_004df94d
game-server	004df9a3	82	FUN_004df9a3
game-server	004df9f5	31	FUN_004df9f5
game-server	004dfa14	82	FUN_004dfa14
game-server	004dfa66	88	FUN_004dfa66
game-server	004dfabe	82	FUN_004dfabe
game-server	004dfb10	88	FUN_004dfb10
game-server	004dfb68	88	FUN_004dfb68
game-server	004dfbc0	97	FUN_004dfbc0
game-server	004dfc21	88	FUN_004dfc21
game-server	004dfc79	57	FUN_004dfc79
game-server	004dfcb2	57	FUN_004dfcb2
game-server	004dfceb	57	FUN_004dfceb
game-server	004dfd24	56	FUN_004dfd24
game-server	004dfd5c	57	FUN_004dfd5c
game-server	004dfd95	86	FUN_004dfd95
game-server	004dfdeb	31	FUN_004dfdeb
game-server	004dfe0a	82	FUN_004dfe0a
game-server	004dfe5c	82	FUN_004dfe5c
game-server	004dfeae	86	FUN_004dfeae
game-server	004dff04	86	FUN_004dff04
game-server	004dff5a	133	FUN_004dff5a
game-server	004dffdf	91	FUN_004dffdf
game-server	004e003a	112	FUN_004e003a
game-server	004e00aa	71	FUN_004e00aa
game-server	004e00f1	86	FUN_004e00f1
game-server	004e0147	132	FUN_004e0147
game-server	004e01d0	43	FUN_004e01d0
game-server	004e0200	43	FUN_004e0200
game-server	004e0230	19	FUN_004e0230
game-server	004e0250	42	??0CArchiveStream@@QAE@PAVCArchive@@@Z
game-server	004e027a	12	FUN_004e027a
game-server	004e0286	9	FUN_004e0286
game-server	004e028f	66	FUN_004e028f
game-server	004e02d1	190	FUN_004e02d1
game-server	004e03d7	187	FUN_004e03d7
game-server	004e04da	231	FUN_004e04da
game-server	004e0609	12	FUN_004e0609
game-server	004e0615	12	FUN_004e0615
game-server	004e0621	12	FUN_004e0621
game-server	004e062d	12	FUN_004e062d
game-server	004e0639	12	FUN_004e0639
game-server	004e0645	12	FUN_004e0645
game-server	004e0651	12	FUN_004e0651
game-server	004e065d	12	FUN_004e065d
game-server	004e0670	22	FUN_004e0670
game-server	004e0690	22	FUN_004e0690
game-server	004e06b0	16	FUN_004e06b0
game-server	004e06c0	89	FUN_004e06c0
game-server	004e0719	142	FUN_004e0719
game-server	004e07a7	96	FUN_004e07a7
game-server	004e0807	83	?DestroyToolTipCtrl@CToolTipCtrl@@UAEHXZ
game-server	004e085a	165	FUN_004e085a
game-server	004e08ff	32	?OnDisableModal@CToolTipCtrl@@IAEJIJ@Z
game-server	004e091f	32	?OnEnable@CToolTipCtrl@@IAEXH@Z
game-server	004e093f	220	FUN_004e093f
game-server	004e0a1b	252	FUN_004e0a1b
game-server	004e0b17	297	FUN_004e0b17
game-server	004e0c40	140	FUN_004e0c40
game-server	004e0ccc	166	FUN_004e0ccc
game-server	004e0d72	150	FUN_004e0d72
game-server	004e0e08	229	FUN_004e0e08
game-server	004e0eed	190	FUN_004e0eed
game-server	004e0fab	146	FUN_004e0fab
game-server	004e103d	181	FUN_004e103d
game-server	004e10f2	122	FID_conflict:?FillInToolInfo@CToolTipCtrl@@QBEXAAUtagTOOLINFOA@@PAVCWnd@@I@Z
game-server	004e116c	295	FUN_004e116c
game-server	004e1293	27	FUN_004e1293
game-server	004e12ae	30	FUN_004e12ae
game-server	004e12cc	146	FUN_004e12cc
game-server	004e135e	19	FUN_004e135e
game-server	004e1371	1945	FUN_004e1371
game-server	004e1b10	43	FUN_004e1b10
game-server	004e1b40	17	FUN_004e1b40
game-server	004e1b60	71	FID_conflict:??0CDWordArray@@QAE@XZ
game-server	004e1ba7	112	FID_conflict:??1CPtrArray@@UAE@XZ
game-server	004e1c17	727	FUN_004e1c17
game-server	004e1eee	141	FUN_004e1eee
game-server	004e1f7b	118	FUN_004e1f7b
game-server	004e1ff1	209	FUN_004e1ff1
game-server	004e20c2	113	FUN_004e20c2
game-server	004e2133	309	FUN_004e2133
game-server	004e2268	219	FUN_004e2268
game-server	004e2343	271	FUN_004e2343
game-server	004e2452	144	FUN_004e2452
game-server	004e24e2	178	?Dump@CByteArray@@UBEXAAVCDumpContext@@@Z
game-server	004e2594	270	FUN_004e2594
game-server	004e26b0	43	FUN_004e26b0
game-server	004e26e0	71	FID_conflict:??0CDWordArray@@QAE@XZ
game-server	004e2727	112	FID_conflict:??1CPtrArray@@UAE@XZ
game-server	004e2797	751	FUN_004e2797
game-server	004e2a86	146	FUN_004e2a86
game-server	004e2b18	120	FUN_004e2b18
game-server	004e2b90	216	FUN_004e2b90
game-server	004e2c68	115	FUN_004e2c68
game-server	004e2cdb	322	FUN_004e2cdb
game-server	004e2e1d	225	FUN_004e2e1d
game-server	004e2efe	271	FUN_004e2efe
game-server	004e300d	148	FUN_004e300d
game-server	004e30a1	179	?Dump@CWordArray@@UBEXAAVCDumpContext@@@Z
game-server	004e3154	272	FUN_004e3154
game-server	004e3270	43	FUN_004e3270
game-server	004e32a0	71	FID_conflict:??0CDWordArray@@QAE@XZ
game-server	004e32e7	112	FID_conflict:??1CPtrArray@@UAE@XZ
game-server	004e3357	757	FUN_004e3357
game-server	004e364c	147	FUN_004e364c
game-server	004e36df	121	FUN_004e36df
game-server	004e3758	218	FUN_004e3758
game-server	004e3832	113	FUN_004e3832
game-server	004e38a3	322	FUN_004e38a3
game-server	004e39e5	226	FUN_004e39e5
game-server	004e3ac7	271	FUN_004e3ac7
game-server	004e3bd6	150	FUN_004e3bd6
game-server	004e3c6c	178	FID_conflict:?Dump@CPtrArray@@UBEXAAVCDumpContext@@@Z
game-server	004e3d1e	273	FUN_004e3d1e
game-server	004e3e30	43	FUN_004e3e30
game-server	004e3e60	71	FID_conflict:??0?$CArray@HABH@@QAE@XZ
game-server	004e3ea7	112	FID_conflict:??1CPtrArray@@UAE@XZ
game-server	004e3f17	757	FUN_004e3f17
game-server	004e420c	147	FUN_004e420c
game-server	004e429f	121	FUN_004e429f
game-server	004e4318	218	FUN_004e4318
game-server	004e43f2	113	FUN_004e43f2
game-server	004e4463	322	FUN_004e4463
game-server	004e45a5	226	FUN_004e45a5
game-server	004e4687	271	FUN_004e4687
game-server	004e4796	178	FID_conflict:?Dump@CPtrArray@@UBEXAAVCDumpContext@@@Z
game-server	004e4848	273	FUN_004e4848
game-server	004e4960	43	FUN_004e4960
game-server	004e4990	71	FID_conflict:??0?$CArray@HABH@@QAE@XZ
game-server	004e49d7	112	FID_conflict:??1CPtrArray@@UAE@XZ
game-server	004e4a47	757	FUN_004e4a47
game-server	004e4d3c	147	FUN_004e4d3c
game-server	004e4dcf	121	FUN_004e4dcf
game-server	004e4e48	218	FUN_004e4e48
game-server	004e4f22	113	FUN_004e4f22
game-server	004e4f93	322	FUN_004e4f93
game-server	004e50d5	226	FUN_004e50d5
game-server	004e51b7	271	FUN_004e51b7
game-server	004e52c6	178	FID_conflict:?Dump@CPtrArray@@UBEXAAVCDumpContext@@@Z
game-server	004e5378	273	FUN_004e5378
game-server	004e5490	43	FUN_004e5490
game-server	004e54c0	71	FID_conflict:??0CDWordArray@@QAE@XZ
game-server	004e5507	112	FID_conflict:??1CPtrArray@@UAE@XZ
game-server	004e5577	757	FUN_004e5577
game-server	004e586c	147	FUN_004e586c
game-server	004e58ff	121	FUN_004e58ff
game-server	004e5978	218	FUN_004e5978
game-server	004e5a52	113	FUN_004e5a52
game-server	004e5ac3	322	FUN_004e5ac3
game-server	004e5c05	226	FUN_004e5c05
game-server	004e5ce7	271	FUN_004e5ce7
game-server	004e5df6	206	?Serialize@CObArray@@UAEXAAVCArchive@@@Z
game-server	004e5ec4	178	FID_conflict:?Dump@CPtrArray@@UBEXAAVCDumpContext@@@Z
game-server	004e5f76	273	FUN_004e5f76
game-server	004e6090	43	FUN_004e6090
game-server	004e60c0	71	FID_conflict:??0CDWordArray@@QAE@XZ
game-server	004e6107	134	??1CStringArray@@UAE@XZ
game-server	004e618d	79	FUN_004e618d
game-server	004e61dc	15	FUN_004e61dc
game-server	004e61eb	820	FUN_004e61eb
game-server	004e651f	79	FUN_004e651f
game-server	004e656e	24	FUN_004e656e
game-server	004e6586	144	FUN_004e6586
game-server	004e6616	88	FUN_004e6616
game-server	004e666e	118	FUN_004e666e
game-server	004e66e4	218	FUN_004e66e4
game-server	004e67be	119	FUN_004e67be
game-server	004e6835	119	FUN_004e6835
game-server	004e68ac	275	FUN_004e68ac
game-server	004e69bf	150	FUN_004e69bf
game-server	004e6a55	85	FUN_004e6a55
game-server	004e6aaa	251	FUN_004e6aaa
game-server	004e6ba5	382	FUN_004e6ba5
game-server	004e6d23	206	?Serialize@CStringArray@@UAEXAAVCArchive@@@Z
game-server	004e6df1	177	?Dump@CStringArray@@UBEXAAVCDumpContext@@@Z
game-server	004e6ea2	273	FUN_004e6ea2
game-server	004e6fc0	43	FUN_004e6fc0
game-server	004e6ff0	172	FUN_004e6ff0
game-server	004e709c	88	FID_conflict:?RemoveAll@CObList@@QAEXXZ
game-server	004e70f4	119	FUN_004e70f4
game-server	004e716b	277	FUN_004e716b
game-server	004e7280	103	FUN_004e7280
game-server	004e72e7	107	?AddHead@CPtrList@@QAEPAU__POSITION@@PAX@Z
game-server	004e7352	106	?AddTail@CPtrList@@QAEPAU__POSITION@@PAX@Z
game-server	004e73bc	176	FUN_004e73bc
game-server	004e746c	176	FUN_004e746c
game-server	004e751c	197	FUN_004e751c
game-server	004e75e1	197	FUN_004e75e1
game-server	004e76a6	226	FUN_004e76a6
game-server	004e7788	265	FUN_004e7788
game-server	004e7891	268	FUN_004e7891
game-server	004e799d	142	FUN_004e799d
game-server	004e7a2b	150	FUN_004e7a2b
game-server	004e7ac1	143	FUN_004e7ac1
game-server	004e7b50	198	FUN_004e7b50
game-server	004e7c20	43	FUN_004e7c20
game-server	004e7c50	109	FUN_004e7c50
game-server	004e7cbd	65	?FreeDataChain@CPlex@@QAEXXZ
game-server	004e7d00	172	FUN_004e7d00
game-server	004e7dac	88	FID_conflict:?RemoveAll@CObList@@QAEXXZ
game-server	004e7e04	119	FUN_004e7e04
game-server	004e7e7b	277	FUN_004e7e7b
game-server	004e7f90	103	FUN_004e7f90
game-server	004e7ff7	107	?AddHead@CPtrList@@QAEPAU__POSITION@@PAX@Z
game-server	004e8062	106	?AddTail@CPtrList@@QAEPAU__POSITION@@PAX@Z
game-server	004e80cc	176	FUN_004e80cc
game-server	004e817c	176	FUN_004e817c
game-server	004e822c	197	FUN_004e822c
game-server	004e82f1	197	FUN_004e82f1
game-server	004e83b6	226	FUN_004e83b6
game-server	004e8498	265	FUN_004e8498
game-server	004e85a1	268	FUN_004e85a1
game-server	004e86ad	142	FUN_004e86ad
game-server	004e873b	150	FUN_004e873b
game-server	004e87d1	221	FUN_004e87d1
game-server	004e88ae	143	FUN_004e88ae
game-server	004e893d	198	FUN_004e893d
game-server	004e8a10	43	FUN_004e8a10
game-server	004e8a40	172	FUN_004e8a40
game-server	004e8aec	211	FUN_004e8aec
game-server	004e8bbf	110	FID_conflict:?RemoveAll@CMapPtrToPtr@@QAEXXZ
game-server	004e8c2d	119	FUN_004e8c2d
game-server	004e8ca4	270	FUN_004e8ca4
game-server	004e8db2	106	FUN_004e8db2
game-server	004e8e1c	118	FUN_004e8e1c
game-server	004e8e92	80	FUN_004e8e92
game-server	004e8ee2	146	FUN_004e8ee2
game-server	004e8f74	164	FUN_004e8f74
game-server	004e9018	373	FUN_004e9018
game-server	004e918d	178	FUN_004e918d
game-server	004e923f	104	FUN_004e923f
game-server	004e92b0	43	FUN_004e92b0
game-server	004e92e0	24	FUN_004e92e0
game-server	004e9300	172	FUN_004e9300
game-server	004e93ac	211	FUN_004e93ac
game-server	004e947f	189	FID_conflict:?RemoveAll@CMapStringToPtr@@QAEXXZ
game-server	004e953c	15	?DestructElement@@YAXPAV?$CStringT@DV?$StrTraitMFC@DV?$ChTraitsCRT@D@ATL@@@@@ATL@@@Z
game-server	004e954b	119	FUN_004e954b
game-server	004e95c2	286	FUN_004e95c2
game-server	004e96e0	121	FUN_004e96e0
game-server	004e9759	120	FUN_004e9759
game-server	004e97d1	79	FUN_004e97d1
game-server	004e9820	84	FUN_004e9820
game-server	004e9874	158	FUN_004e9874
game-server	004e9912	167	FUN_004e9912
game-server	004e99b9	357	FUN_004e99b9
game-server	004e9b1e	367	FUN_004e9b1e
game-server	004e9c8d	237	FUN_004e9c8d
game-server	004e9d7a	104	FUN_004e9d7a
game-server	004e9df0	43	FUN_004e9df0
game-server	004e9e20	66	FUN_004e9e20
game-server	004e9e70	172	FUN_004e9e70
game-server	004e9f1c	211	FUN_004e9f1c
game-server	004e9fef	110	FID_conflict:?RemoveAll@CMapPtrToPtr@@QAEXXZ
game-server	004ea05d	119	FUN_004ea05d
game-server	004ea0d4	270	FUN_004ea0d4
game-server	004ea1e2	106	FUN_004ea1e2
game-server	004ea24c	118	FUN_004ea24c
game-server	004ea2c2	80	FUN_004ea2c2
game-server	004ea312	146	FUN_004ea312
game-server	004ea3a4	164	FUN_004ea3a4
game-server	004ea448	373	FUN_004ea448
game-server	004ea5bd	301	FUN_004ea5bd
game-server	004ea6ea	178	FUN_004ea6ea
game-server	004ea79c	104	FUN_004ea79c
game-server	004ea810	43	FUN_004ea810
game-server	004ea840	24	FUN_004ea840
game-server	004ea860	172	FUN_004ea860
game-server	004ea90c	211	FUN_004ea90c
game-server	004ea9df	110	FID_conflict:?RemoveAll@CMapPtrToPtr@@QAEXXZ
game-server	004eaa4d	119	FUN_004eaa4d
game-server	004eaac4	270	FUN_004eaac4
game-server	004eabd2	106	FUN_004eabd2
game-server	004eac3c	106	FUN_004eac3c
game-server	004eaca6	81	FUN_004eaca6
game-server	004eacf7	143	FUN_004eacf7
game-server	004ead86	153	?RemoveKey@CMapPtrToWord@@QAEHPAX@Z
game-server	004eae1f	372	FUN_004eae1f
game-server	004eaf93	178	FUN_004eaf93
game-server	004eb045	104	FUN_004eb045
game-server	004eb0b0	43	FUN_004eb0b0
game-server	004eb0e0	19	?HashKey@CMapPtrToWord@@QBEIPAX@Z
game-server	004eb100	172	FUN_004eb100
game-server	004eb1ac	211	FUN_004eb1ac
game-server	004eb27f	110	FID_conflict:?RemoveAll@CMapPtrToPtr@@QAEXXZ
game-server	004eb2ed	119	FUN_004eb2ed
game-server	004eb364	271	FUN_004eb364
game-server	004eb473	106	FUN_004eb473
game-server	004eb4dd	106	FUN_004eb4dd
game-server	004eb547	105	?GetValueAt@CMapPtrToPtr@@QBEPAXPAX@Z
game-server	004eb5b0	79	FUN_004eb5b0
game-server	004eb5ff	143	FUN_004eb5ff
game-server	004eb68e	153	?RemoveKey@CMapPtrToPtr@@QAEHPAX@Z
game-server	004eb727	370	FUN_004eb727
game-server	004eb899	177	FUN_004eb899
game-server	004eb94a	104	FUN_004eb94a
game-server	004eb9c0	43	FUN_004eb9c0
game-server	004eb9f0	19	?HashKey@CMapPtrToPtr@@QBEIPAX@Z
game-server	004eba10	172	FUN_004eba10
game-server	004ebabc	211	FUN_004ebabc
game-server	004ebb8f	189	FID_conflict:?RemoveAll@CMapStringToPtr@@QAEXXZ
game-server	004ebc4c	15	?DestructElement@@YAXPAV?$CStringT@DV?$StrTraitMFC@DV?$ChTraitsCRT@D@ATL@@@@@ATL@@@Z
game-server	004ebc5b	119	FUN_004ebc5b
game-server	004ebcd2	286	FUN_004ebcd2
game-server	004ebdf0	121	FUN_004ebdf0
game-server	004ebe69	120	FUN_004ebe69
game-server	004ebee1	79	FUN_004ebee1
game-server	004ebf30	84	FUN_004ebf30
game-server	004ebf84	158	FUN_004ebf84
game-server	004ec022	167	FUN_004ec022
game-server	004ec0c9	357	FUN_004ec0c9
game-server	004ec22e	237	FUN_004ec22e
game-server	004ec31b	104	FUN_004ec31b
game-server	004ec390	43	FUN_004ec390
game-server	004ec3c0	66	FUN_004ec3c0
game-server	004ec410	172	FUN_004ec410
game-server	004ec4bc	211	FUN_004ec4bc
game-server	004ec58f	204	FUN_004ec58f
game-server	004ec65b	15	FUN_004ec65b
game-server	004ec66a	119	FUN_004ec66a
game-server	004ec6e1	291	FUN_004ec6e1
game-server	004ec804	24	FUN_004ec804
game-server	004ec81c	136	FUN_004ec81c
game-server	004ec8a4	120	FUN_004ec8a4
game-server	004ec91c	83	FUN_004ec91c
game-server	004ec96f	84	FUN_004ec96f
game-server	004ec9c3	158	FUN_004ec9c3
game-server	004eca61	167	FUN_004eca61
game-server	004ecb08	361	FUN_004ecb08
game-server	004ecc71	399	FUN_004ecc71
game-server	004ece00	264	FUN_004ece00
game-server	004ecf08	104	FUN_004ecf08
game-server	004ecf70	43	FUN_004ecf70
game-server	004ecfa0	66	FUN_004ecfa0
game-server	004ecff0	25	FUN_004ecff0
game-server	004ed009	21	FUN_004ed009
game-server	004ed01e	21	FUN_004ed01e
game-server	004ed033	27	??_U@YAPAXIPBDH@Z
game-server	004ed04e	17	FUN_004ed04e
game-server	004ed05f	29	FUN_004ed05f
game-server	004ed07c	21	FUN_004ed07c
game-server	004ed091	41	FUN_004ed091
game-server	004ed0ba	33	FUN_004ed0ba
game-server	004ed0db	12	FUN_004ed0db
game-server	004ed0e7	127	FUN_004ed0e7
game-server	004ed166	57	?AfxSetAllocHook@@YGP6GHIHJ@ZP6GHIHJ@Z@Z
game-server	004ed19f	82	FUN_004ed19f
game-server	004ed1f1	19	?AfxSetAllocStop@@YGXJ@Z
game-server	004ed204	10	FUN_004ed204
game-server	004ed20e	31	?AfxIsMemoryBlock@@YGHPBXIPAJ@Z
game-server	004ed22d	30	??0CMemoryState@@QAE@XZ
game-server	004ed24b	105	?UpdateData@CMemoryState@@QAEXXZ
game-server	004ed2b4	55	?Difference@CMemoryState@@QAEHABU1@0@Z
game-server	004ed2eb	23	FUN_004ed2eb
game-server	004ed302	31	?Checkpoint@CMemoryState@@QAEXXZ
game-server	004ed321	23	FUN_004ed321
game-server	004ed338	33	?_AfxDoForAllObjectsProxy@@YAXPAX0@Z
game-server	004ed359	41	FUN_004ed359
game-server	004ed382	10	FUN_004ed382
game-server	004ed38c	12	FUN_004ed38c
game-server	004ed398	10	FUN_004ed398
game-server	004ed3a2	30	FUN_004ed3a2
game-server	004ed3c0	73	??2@YAPAXI@Z
game-server	004ed409	19	FUN_004ed409
game-server	004ed41c	79	??2@YAPAXIHPBDH@Z
game-server	004ed470	10	FUN_004ed470
game-server	004ed47a	159	FUN_004ed47a
game-server	004ed519	184	FUN_004ed519
game-server	004ed5d1	31	FUN_004ed5d1
game-server	004ed5f0	114	FUN_004ed5f0
game-server	004ed662	80	FUN_004ed662
game-server	004ed6b2	165	FUN_004ed6b2
game-server	004ed757	138	FUN_004ed757
game-server	004ed7e1	107	FUN_004ed7e1
game-server	004ed84c	61	FUN_004ed84c
game-server	004ed889	79	FUN_004ed889
game-server	004ed8d8	151	FUN_004ed8d8
game-server	004ed96f	118	FUN_004ed96f
game-server	004ed9e5	24	FUN_004ed9e5
game-server	004ed9fd	73	FUN_004ed9fd
game-server	004eda46	183	FUN_004eda46
game-server	004edafd	91	FUN_004edafd
game-server	004edb58	104	FUN_004edb58
game-server	004edbc0	89	FUN_004edbc0
game-server	004edc19	145	FUN_004edc19
game-server	004edcaa	194	FUN_004edcaa
game-server	004edd6c	194	FUN_004edd6c
game-server	004ede2e	295	FUN_004ede2e
game-server	004edf55	91	FUN_004edf55
game-server	004edfb0	30	FUN_004edfb0
game-server	004edfce	42	FUN_004edfce
game-server	004edff8	315	FUN_004edff8
game-server	004ee133	116	FUN_004ee133
game-server	004ee1a7	94	FUN_004ee1a7
game-server	004ee205	255	FUN_004ee205
game-server	004ee304	43	FUN_004ee304
game-server	004ee32f	86	FUN_004ee32f
game-server	004ee385	27	FUN_004ee385
game-server	004ee3a0	101	FUN_004ee3a0
game-server	004ee405	112	FUN_004ee405
game-server	004ee475	33	FUN_004ee475
game-server	004ee496	33	FUN_004ee496
game-server	004ee4b7	33	FUN_004ee4b7
game-server	004ee4d8	115	FUN_004ee4d8
game-server	004ee54b	37	FUN_004ee54b
game-server	004ee570	37	FUN_004ee570
game-server	004ee595	120	FUN_004ee595
game-server	004ee60d	119	FUN_004ee60d
game-server	004ee684	120	FUN_004ee684
game-server	004ee6fc	122	FUN_004ee6fc
game-server	004ee780	80	FUN_004ee780
game-server	004ee7d0	33	?GetControlUnknown@CWnd@@QAEPAUIUnknown@@XZ
game-server	004ee7f1	116	FUN_004ee7f1
game-server	004ee865	124	FUN_004ee865
game-server	004ee8e1	114	FUN_004ee8e1
game-server	004ee953	146	FUN_004ee953
game-server	004ee9e5	124	FUN_004ee9e5
game-server	004eea61	127	FUN_004eea61
game-server	004eeae0	135	FUN_004eeae0
game-server	004eeb67	130	FUN_004eeb67
game-server	004eebe9	122	FUN_004eebe9
game-server	004eec63	114	FUN_004eec63
game-server	004eecd5	165	FUN_004eecd5
game-server	004eed7a	132	FUN_004eed7a
game-server	004eedfe	103	FUN_004eedfe
game-server	004eee65	103	FUN_004eee65
game-server	004eeecc	129	FUN_004eeecc
game-server	004eef4d	129	FUN_004eef4d
game-server	004eefce	114	FUN_004eefce
game-server	004ef040	122	FUN_004ef040
game-server	004ef0ba	104	FUN_004ef0ba
game-server	004ef122	104	FUN_004ef122
game-server	004ef18a	116	FUN_004ef18a
game-server	004ef1fe	146	FUN_004ef1fe
game-server	004ef290	159	FUN_004ef290
game-server	004ef32f	114	FUN_004ef32f
game-server	004ef3a1	104	FUN_004ef3a1
game-server	004ef409	114	FUN_004ef409
game-server	004ef47b	110	FUN_004ef47b
game-server	004ef4e9	116	FUN_004ef4e9
game-server	004ef55d	94	FUN_004ef55d
game-server	004ef5bb	103	FUN_004ef5bb
game-server	004ef622	153	FUN_004ef622
game-server	004ef6bb	91	FUN_004ef6bb
game-server	004ef716	82	FUN_004ef716
game-server	004ef768	94	FUN_004ef768
game-server	004ef7c6	125	FUN_004ef7c6
game-server	004ef843	166	FUN_004ef843
game-server	004ef8f0	76	?AfxDlgProc@@YGHPAUHWND__@@IIJ@Z
game-server	004ef93c	16	FUN_004ef93c
game-server	004ef94c	257	FUN_004ef94c
game-server	004efa4d	341	FUN_004efa4d
game-server	004efba2	136	FUN_004efba2
game-server	004efc2a	126	FUN_004efc2a
game-server	004efca8	286	FUN_004efca8
game-server	004efdc6	31	FUN_004efdc6
game-server	004efde5	103	FUN_004efde5
game-server	004efe4c	35	?CreateIndirect@CDialog@@UAEHPBUDLGTEMPLATE@@PAVCWnd@@PAX@Z
game-server	004efe6f	94	FUN_004efe6f
game-server	004efecd	175	FUN_004efecd
game-server	004eff7c	31	FUN_004eff7c
game-server	004eff9b	1000	FUN_004eff9b
game-server	004f03cc	27	FUN_004f03cc
game-server	004f03e7	224	FUN_004f03e7
game-server	004f04c7	85	FUN_004f04c7
game-server	004f051c	153	FUN_004f051c
game-server	004f05b5	162	FUN_004f05b5
game-server	004f0657	117	FUN_004f0657
game-server	004f06cc	92	?PostModal@CDialog@@IAEXXZ
game-server	004f0728	614	FUN_004f0728
game-server	004f09d7	107	FUN_004f09d7
game-server	004f0a42	45	?HandleSetFont@CDialog@@IAEJIJ@Z
game-server	004f0a6f	11	FUN_004f0a6f
game-server	004f0a7a	243	FUN_004f0a7a
game-server	004f0b6d	104	FUN_004f0b6d
game-server	004f0bd5	13	FUN_004f0bd5
game-server	004f0be2	192	FUN_004f0be2
game-server	004f0ca2	55	FUN_004f0ca2
game-server	004f0cd9	21	?OnCancel@CDialog@@MAEXXZ
game-server	004f0cee	303	FUN_004f0cee
game-server	004f0e1d	33	FUN_004f0e1d
game-server	004f0e3e	94	?OnCommandHelp@CDialog@@IAEJIJ@Z
game-server	004f0e9c	37	?OnHelpHitTest@CDialog@@IAEJIJ@Z
game-server	004f0ec1	19	FUN_004f0ec1
game-server	004f0ed4	219	FUN_004f0ed4
game-server	004f0faf	450	FUN_004f0faf
game-server	004f1180	43	FUN_004f1180
game-server	004f11b0	10	FUN_004f11b0
game-server	004f11ba	21	FUN_004f11ba
game-server	004f11cf	15	FUN_004f11cf
game-server	004f11de	17	FUN_004f11de
game-server	004f11ef	18	FUN_004f11ef
game-server	004f1201	44	FUN_004f1201
game-server	004f122d	15	FUN_004f122d
game-server	004f123c	17	FUN_004f123c
game-server	004f124d	18	FUN_004f124d
game-server	004f125f	44	FUN_004f125f
game-server	004f128b	15	FUN_004f128b
game-server	004f129a	17	FUN_004f129a
game-server	004f12ab	18	FUN_004f12ab
game-server	004f12bd	44	FUN_004f12bd
game-server	004f12e9	15	FUN_004f12e9
game-server	004f12f8	17	FUN_004f12f8
game-server	004f1309	18	FUN_004f1309
game-server	004f131b	44	FUN_004f131b
game-server	004f1347	50	FUN_004f1347
game-server	004f1379	61	FUN_004f1379
game-server	004f13b6	147	FUN_004f13b6
game-server	004f1449	30	?ModifyStyle@CWnd@@SGHPAUHWND__@@KKI@Z
game-server	004f1467	30	FUN_004f1467
game-server	004f1485	96	FUN_004f1485
game-server	004f14e5	159	FUN_004f14e5
game-server	004f1584	132	FUN_004f1584
game-server	004f1608	116	?_AfxHandleSetCursor@@YGHPAVCWnd@@II@Z
game-server	004f167c	319	FUN_004f167c
game-server	004f182c	70	?GetCurrentMessage@CWnd@@KGPBUtagMSG@@XZ
game-server	004f1872	61	?Default@CWnd@@IAEJXZ
game-server	004f18af	208	FUN_004f18af
game-server	004f197f	133	FUN_004f197f
game-server	004f1a04	102	FUN_004f1a04
game-server	004f1a6a	189	FUN_004f1a6a
game-server	004f1b27	82	?Detach@CWnd@@QAEPAUHWND__@@XZ
game-server	004f1b79	11	FUN_004f1b79
game-server	004f1b84	138	FUN_004f1b84
game-server	004f1c0e	10	FUN_004f1c0e
game-server	004f1c18	496	FUN_004f1c18
game-server	004f1e8e	147	FUN_004f1e8e
game-server	004f1f21	1038	FUN_004f1f21
game-server	004f232f	242	FUN_004f232f
game-server	004f2421	95	FUN_004f2421
game-server	004f2480	92	FUN_004f2480
game-server	004f24dc	302	FUN_004f24dc
game-server	004f260a	121	FUN_004f260a
game-server	004f2683	172	FUN_004f2683
game-server	004f272f	223	FUN_004f272f
game-server	004f280e	77	FUN_004f280e
game-server	004f285b	460	FUN_004f285b
game-server	004f2a27	11	FUN_004f2a27
game-server	004f2a32	47	?OnFinalRelease@CWnd@@UAEXXZ
game-server	004f2a61	386	FUN_004f2a61
game-server	004f2be3	527	FUN_004f2be3
game-server	004f2df2	249	FUN_004f2df2
game-server	004f2eeb	139	FID_conflict:?DefWindowProcA@CWnd@@MAEJIIJ@Z
game-server	004f2f76	17	FUN_004f2f76
game-server	004f2f87	54	?PreTranslateMessage@CWnd@@UAEHPAUtagMSG@@@Z
game-server	004f2fbd	116	FUN_004f2fbd
game-server	004f3031	192	FUN_004f3031
game-server	004f30f1	158	FUN_004f30f1
game-server	004f318f	208	FUN_004f318f
game-server	004f325f	88	FUN_004f325f
game-server	004f32b7	88	FUN_004f32b7
game-server	004f330f	91	FUN_004f330f
game-server	004f336a	48	?OnCompareItem@CWnd@@IAEHHPAUtagCOMPAREITEMSTRUCT@@@Z
game-server	004f339a	41	?OnDeleteItem@CWnd@@IAEXHPAUtagDELETEITEMSTRUCT@@@Z
game-server	004f33c3	50	FID_conflict:?OnCharToItem@CWnd@@IAEHIPAVCListBox@@I@Z
game-server	004f33f5	50	FID_conflict:?OnCharToItem@CWnd@@IAEHIPAVCListBox@@I@Z
game-server	004f3427	170	FUN_004f3427
game-server	004f34d1	159	?_AfxFindPopupMenuFromID@@YGPAVCMenu@@PAV1@I@Z
game-server	004f3570	237	FUN_004f3570
game-server	004f365d	320	FUN_004f365d
game-server	004f37d8	267	FUN_004f37d8
game-server	004f38e3	146	FUN_004f38e3
game-server	004f3975	371	FUN_004f3975
game-server	004f3ae8	16	FUN_004f3ae8
game-server	004f3af8	133	FUN_004f3af8
game-server	004f3b7d	25	FUN_004f3b7d
game-server	004f3b96	88	?WindowProc@CWnd@@MAEJIIJ@Z
game-server	004f3bee	2990	FUN_004f3bee
game-server	004f4883	41	FID_conflict:??0CTestCmdUI@@QAE@XZ
game-server	004f48ac	32	FUN_004f48ac
game-server	004f48cc	13	FUN_004f48cc
game-server	004f48d9	13	FUN_004f48d9
game-server	004f48e6	13	FUN_004f48e6
game-server	004f48f3	321	FUN_004f48f3
game-server	004f4a34	270	FUN_004f4a34
game-server	004f4b42	103	?GetParentFrame@CWnd@@QBEPAVCFrameWnd@@XZ
game-server	004f4ba9	101	FUN_004f4ba9
game-server	004f4c0e	92	?GetTopLevelParent@CWnd@@QBEPAV1@XZ
game-server	004f4c6a	95	?GetTopLevelOwner@CWnd@@QBEPAV1@XZ
game-server	004f4cc9	114	FUN_004f4cc9
game-server	004f4d3b	102	FUN_004f4d3b
game-server	004f4da1	84	?ActivateTopParent@CWnd@@QAEXXZ
game-server	004f4df5	117	?GetTopLevelFrame@CWnd@@QBEPAVCFrameWnd@@XZ
game-server	004f4e6a	40	?GetSafeOwner@CWnd@@SGPAV1@PAV1@PAPAUHWND__@@@Z
game-server	004f4e92	62	FUN_004f4e92
game-server	004f4ed0	193	?GetDescendantWindow@CWnd@@SGPAV1@PAUHWND__@@HH@Z
game-server	004f4f91	184	?SendMessageToDescendants@CWnd@@SGXPAUHWND__@@IIJHH@Z
game-server	004f5049	15	FUN_004f5049
game-server	004f5058	82	FID_conflict:?SetScrollPos@CWnd@@QAEHHHH@Z
game-server	004f50aa	66	?GetScrollPos@CWnd@@QBEHH@Z
game-server	004f50ec	90	?SetScrollRange@CWnd@@QAEXHHHH@Z
game-server	004f5146	82	FID_conflict:?SetScrollPos@CWnd@@QAEHHHH@Z
game-server	004f5198	105	?EnableScrollBarCtrl@CWnd@@QAEXHH@Z
game-server	004f5201	160	FUN_004f5201
game-server	004f52a1	160	FUN_004f52a1
game-server	004f5341	97	FUN_004f5341
game-server	004f53a2	278	FUN_004f53a2
game-server	004f54b8	586	FUN_004f54b8
game-server	004f5702	359	FUN_004f5702
game-server	004f5869	66	FUN_004f5869
game-server	004f58ab	256	FUN_004f58ab
game-server	004f5a78	186	FUN_004f5a78
game-server	004f5b32	67	?SendChildNotifyLastMsg@CWnd@@QAEHPAJ@Z
game-server	004f5b75	325	FUN_004f5b75
game-server	004f5cba	125	?OnChildNotify@CWnd@@MAEHIIJPAJ@Z
game-server	004f5d37	456	FUN_004f5d37
game-server	004f5f2f	65	FUN_004f5f2f
game-server	004f5f70	63	FUN_004f5f70
game-server	004f5faf	155	FUN_004f5faf
game-server	004f604a	101	FUN_004f604a
game-server	004f60af	91	FUN_004f60af
game-server	004f610a	110	FUN_004f610a
game-server	004f6178	126	FUN_004f6178
game-server	004f61f6	101	FUN_004f61f6
game-server	004f625b	92	FUN_004f625b
game-server	004f62b7	43	FID_conflict:?OnHScroll@CWnd@@IAEXIIPAVCScrollBar@@@Z
game-server	004f62e2	43	FID_conflict:?OnHScroll@CWnd@@IAEXIIPAVCScrollBar@@@Z
game-server	004f630d	63	?OnEnterIdle@CWnd@@IAEXIPAV1@@Z
game-server	004f634c	91	FUN_004f634c
game-server	004f63a7	108	FUN_004f63a7
game-server	004f6413	198	FUN_004f6413
game-server	004f64d9	18	FUN_004f64d9
game-server	004f64eb	253	FUN_004f64eb
game-server	004f66aa	62	??0CDataExchange@@QAE@PAVCWnd@@H@Z
game-server	004f66e8	744	FUN_004f66e8
game-server	004f69d0	16	FUN_004f69d0
game-server	004f69e0	198	FUN_004f69e0
game-server	004f6aa6	703	FUN_004f6aa6
game-server	004f6d65	362	FUN_004f6d65
game-server	004f6ecf	126	FUN_004f6ecf
game-server	004f6f4d	710	FUN_004f6f4d
game-server	004f7213	20	FUN_004f7213
game-server	004f7227	113	FUN_004f7227
game-server	004f7298	56	FUN_004f7298
game-server	004f72d0	90	FUN_004f72d0
game-server	004f732a	209	FUN_004f732a
game-server	004f73fb	975	FUN_004f73fb
game-server	004f77ca	13	FUN_004f77ca
game-server	004f77d7	16	FUN_004f77d7
game-server	004f77e7	74	?IsTracking@CFrameWnd@@QBEHXZ
game-server	004f7831	189	FUN_004f7831
game-server	004f78ee	157	FUN_004f78ee
game-server	004f798b	79	FUN_004f798b
game-server	004f79da	302	FUN_004f79da
game-server	004f7b08	304	FUN_004f7b08
game-server	004f7c38	117	FUN_004f7c38
game-server	004f7cb0	43	FUN_004f7cb0
game-server	004f7ce0	91	??0CCmdTarget@@QAE@XZ
game-server	004f7d3b	135	FUN_004f7d3b
game-server	004f7dc2	1275	FUN_004f7dc2
game-server	004f831f	644	FUN_004f831f
game-server	004f85a3	18	FUN_004f85a3
game-server	004f85b5	15	FUN_004f85b5
game-server	004f85c4	13	FUN_004f85c4
game-server	004f85d1	13	FUN_004f85d1
game-server	004f85de	18	FUN_004f85de
game-server	004f85f0	37	FUN_004f85f0
game-server	004f8615	37	FUN_004f8615
game-server	004f863a	37	FUN_004f863a
game-server	004f865f	16	FUN_004f865f
game-server	004f866f	16	FUN_004f866f
game-server	004f867f	16	FUN_004f867f
game-server	004f868f	16	FUN_004f868f
game-server	004f869f	98	?OnFinalRelease@CCmdTarget@@UAEXXZ
game-server	004f8701	16	FUN_004f8701
game-server	004f8711	15	?GetInterfaceHook@CCmdTarget@@UAEPAUIUnknown@@PBX@Z
game-server	004f8720	16	FUN_004f8720
game-server	004f8730	15	FUN_004f8730
game-server	004f873f	15	FUN_004f873f
game-server	004f874e	16	FUN_004f874e
game-server	004f875e	16	FUN_004f875e
game-server	004f876e	16	FUN_004f876e
game-server	004f877e	113	??0CCmdUI@@QAE@XZ
game-server	004f87ef	235	FUN_004f87ef
game-server	004f88da	202	FUN_004f88da
game-server	004f89a4	159	FUN_004f89a4
game-server	004f8a43	321	FUN_004f8a43
game-server	004f8b84	264	FUN_004f8b84
game-server	004f8c90	43	FUN_004f8c90
game-server	004f8cc0	16	FUN_004f8cc0
game-server	004f8cd0	62	FUN_004f8cd0
game-server	004f8d0e	91	FUN_004f8d0e
game-server	004f8d69	181	?ProcessWndProcException@CWinApp@@UAEJPAVCException@@PBUtagMSG@@@Z
game-server	004f8e1e	242	FUN_004f8e1e
game-server	004f8f10	334	FUN_004f8f10
game-server	004f905e	155	FUN_004f905e
game-server	004f90f9	869	FUN_004f90f9
game-server	004f9460	694	FUN_004f9460
game-server	004f97b9	44	FUN_004f97b9
game-server	004f97e5	319	FUN_004f97e5
game-server	004f9924	280	FUN_004f9924
game-server	004f9a3c	164	FUN_004f9a3c
game-server	004f9ae0	148	FUN_004f9ae0
game-server	004f9b74	205	FUN_004f9b74
game-server	004f9c41	504	FUN_004f9c41
game-server	004f9e39	65	?Delete@CWinThread@@UAEXXZ
game-server	004f9e7a	32	FUN_004f9e7a
game-server	004f9e9a	220	FUN_004f9e9a
game-server	004f9f99	176	FUN_004f9f99
game-server	004fa049	86	FUN_004fa049
game-server	004fa09f	522	FUN_004fa09f
game-server	004fa2a9	25	FUN_004fa2a9
game-server	004fa2c2	299	FUN_004fa2c2
game-server	004fa3ed	157	FUN_004fa3ed
game-server	004fa48a	56	FUN_004fa48a
game-server	004fa4c2	144	FUN_004fa4c2
game-server	004fa552	123	FUN_004fa552
game-server	004fa5cd	456	FUN_004fa5cd
game-server	004fa795	50	?GetMainWnd@CWinThread@@UAEPAVCWnd@@XZ
game-server	004fa7c7	268	FUN_004fa7c7
game-server	004fa8d3	19	FUN_004fa8d3
game-server	004fa8e6	580	FUN_004fa8e6
game-server	004fab30	48	?IsEnterKey@@YAHPAUtagMSG@@@Z
game-server	004fab60	22	FUN_004fab60
game-server	004fab80	192	FUN_004fab80
game-server	004fac40	143	FUN_004fac40
game-server	004faccf	218	FUN_004faccf
game-server	004fadb0	113	FUN_004fadb0
game-server	004fae21	16	FUN_004fae21
game-server	004fae31	51	??0CException@@QAE@XZ
game-server	004fae64	52	??0CException@@QAE@H@Z
game-server	004fae98	75	?Delete@CException@@QAEXXZ
game-server	004faee3	48	FUN_004faee3
game-server	004faf13	128	FUN_004faf13
game-server	004faf93	52	??0AFX_EXCEPTION_LINK@@QAE@XZ
game-server	004fafc7	94	FUN_004fafc7
game-server	004fb025	42	?AfxThrowLastCleanup@@YGXXZ
game-server	004fb050	48	?AfxGetExceptionContext@@YAPAUAFX_EXCEPTION_CONTEXT@@XZ
game-server	004fb080	16	FUN_004fb080
game-server	004fb090	115	FUN_004fb090
game-server	004fb103	34	?AfxDynamicDownCast@@YAPAVCObject@@PAUCRuntimeClass@@PAV1@@Z
game-server	004fb125	59	FUN_004fb125
game-server	004fb160	266	FUN_004fb160
game-server	004fb26a	46	FUN_004fb26a
game-server	004fb298	81	?Dump@CObject@@UBEXAAVCDumpContext@@@Z
game-server	004fb2e9	127	FUN_004fb2e9
game-server	004fb3a1	35	?IsSerializable@CObject@@QBEHXZ
game-server	004fb3c4	47	?AfxClassInit@@YGXPAUCRuntimeClass@@@Z
game-server	004fb3f3	55	FUN_004fb3f3
game-server	004fb42a	211	FUN_004fb42a
game-server	004fb4fd	81	?AfxDoForAllClasses@@YGXP6AXPBUCRuntimeClass@@PAX@Z1@Z
game-server	004fb550	25	FUN_004fb550
game-server	004fb570	19	FUN_004fb570
game-server	004fb590	201	FUN_004fb590
game-server	004fb659	115	FUN_004fb659
game-server	004fb6cc	99	FUN_004fb6cc
game-server	004fb72f	74	FUN_004fb72f
game-server	004fb779	65	FID_conflict:?Dump@CGdiObject@@UBEXAAVCDumpContext@@@Z
game-server	004fb7ba	132	FUN_004fb7ba
game-server	004fb83e	72	FID_conflict:?Detach@CImageList@@QAEPAU_IMAGELIST@@XZ
game-server	004fb886	39	FID_conflict:?DeleteObject@CGdiObject@@QAEHXZ
game-server	004fb8ad	13	FUN_004fb8ad
game-server	004fb8ba	13	FUN_004fb8ba
game-server	004fb8d0	36	FUN_004fb8d0
game-server	004fb8f4	40	FUN_004fb8f4
game-server	004fb91c	271	FUN_004fb91c
game-server	004fba2b	133	?Dump@CFileException@@UBEXAAVCDumpContext@@@Z
game-server	004fbab0	211	FUN_004fbab0
game-server	004fbb83	103	FUN_004fbb83
game-server	004fbc2e	838	FUN_004fbc2e
game-server	004fc190	329	FUN_004fc190
game-server	004fc2d9	78	??0CDialogTemplate@@QAE@PBUDLGTEMPLATE@@@Z
game-server	004fc327	103	??0CDialogTemplate@@QAE@PAX@Z
game-server	004fc38e	137	?SetTemplate@CDialogTemplate@@IAEHPBUDLGTEMPLATE@@I@Z
game-server	004fc417	31	FUN_004fc417
game-server	004fc436	143	FID_conflict:?Load@CDialogTemplate@@QAEHPBD@Z
game-server	004fc4c5	33	FUN_004fc4c5
game-server	004fc4e6	58	?HasFont@CDialogTemplate@@QBEHXZ
game-server	004fc520	177	FUN_004fc520
game-server	004fc5d1	321	FUN_004fc5d1
game-server	004fc712	170	FUN_004fc712
game-server	004fc7bc	108	FUN_004fc7bc
game-server	004fc828	466	FUN_004fc828
game-server	004fc9fa	192	FUN_004fc9fa
game-server	004fcaba	199	FUN_004fcaba
game-server	004fcb81	328	FUN_004fcb81
game-server	004fccd0	25	FUN_004fccd0
game-server	004fccf0	49	?HasFont@@YAHPBUDLGTEMPLATE@@@Z
game-server	004fcd30	20	FUN_004fcd30
game-server	004fcd50	31	FUN_004fcd50
game-server	004fcd70	31	FUN_004fcd70
game-server	004fcd8f	445	FUN_004fcd8f
game-server	004fcf4c	212	FUN_004fcf4c
game-server	004fd020	484	FUN_004fd020
game-server	004fd24a	54	?SetPermanent@CHandleMap@@QAEXPAXPAVCObject@@@Z
game-server	004fd280	228	FUN_004fd280
game-server	004fd364	310	FUN_004fd364
game-server	004fd49a	27	FUN_004fd49a
game-server	004fd4b5	27	FUN_004fd4b5
game-server	004fd4d0	27	FUN_004fd4d0
game-server	004fd4eb	27	FUN_004fd4eb
game-server	004fd506	27	FUN_004fd506
game-server	004fd530	179	FUN_004fd530
game-server	004fd5e3	159	FUN_004fd5e3
game-server	004fd690	586	FUN_004fd690
game-server	004fd8da	319	FUN_004fd8da
game-server	004fda19	151	FUN_004fda19
game-server	004fdab0	418	FUN_004fdab0
game-server	004fdc52	225	FUN_004fdc52
game-server	004fdd33	490	FUN_004fdd33
game-server	004fdf1d	1158	FUN_004fdf1d
game-server	004fe3a3	344	FUN_004fe3a3
game-server	004fe4fb	376	FUN_004fe4fb
game-server	004fe680	46	FUN_004fe680
game-server	004fe6b0	112	FUN_004fe6b0
game-server	004fe720	45	?IsDirSep@@YAHD@Z
game-server	004fe750	107	FUN_004fe750
game-server	004fe7bb	108	FUN_004fe7bb
game-server	004fe827	215	FUN_004fe827
game-server	004fe8fe	114	??1CFile@@UAE@XZ
game-server	004fe970	323	FUN_004fe970
game-server	004feab3	781	FUN_004feab3
game-server	004fee15	210	FUN_004fee15
game-server	004feee7	247	FUN_004feee7
game-server	004fefde	181	FUN_004fefde
game-server	004ff093	118	FUN_004ff093
game-server	004ff109	72	FUN_004ff109
game-server	004ff151	161	FUN_004ff151
game-server	004ff1f2	73	?Abort@CFile@@UAEXXZ
game-server	004ff23b	116	FUN_004ff23b
game-server	004ff2af	116	FUN_004ff2af
game-server	004ff323	121	FUN_004ff323
game-server	004ff39c	124	FUN_004ff39c
game-server	004ff418	53	FUN_004ff418
game-server	004ff44d	39	FUN_004ff44d
game-server	004ff474	35	FUN_004ff474
game-server	004ff497	137	FUN_004ff497
game-server	004ff520	332	?GetClassObject@AFX_COM@@QAEJABU_GUID@@0PAPAX@Z
game-server	004ff66c	176	FUN_004ff66c
game-server	004ff71c	223	FUN_004ff71c
game-server	004ff7fb	420	FUN_004ff7fb
game-server	004ff99f	421	FUN_004ff99f
game-server	004ffb44	502	FUN_004ffb44
game-server	004ffd3a	581	FUN_004ffd3a
game-server	004fff7f	229	FUN_004fff7f
game-server	00500064	98	FUN_00500064
game-server	005000c6	19	FUN_005000c6
game-server	005000d9	103	?Dump@CFile@@UBEXAAVCDumpContext@@@Z
game-server	00500140	43	FUN_00500140
game-server	00500170	234	FUN_00500170
game-server	0050025a	208	FUN_0050025a
game-server	0050032a	208	FUN_0050032a
game-server	005003fa	111	FUN_005003fa
game-server	00500469	403	FUN_00500469
game-server	005005fc	348	FUN_005005fc
game-server	00500758	152	FUN_00500758
game-server	005007f0	423	FUN_005007f0
game-server	00500997	99	FUN_00500997
game-server	00500a00	279	FUN_00500a00
game-server	00500b20	66	FUN_00500b20
game-server	00500b70	66	FUN_00500b70
game-server	00500bb2	66	FUN_00500bb2
game-server	00500bf4	123	??6@YGAAVCDumpContext@@AAV0@ABUtagRECT@@@Z
game-server	00500c6f	61	??0CDC@@QAE@XZ
game-server	00500cac	19	FUN_00500cac
game-server	00500cbf	119	?Dump@CDC@@UBEXAAVCDumpContext@@@Z
game-server	00500d36	190	FUN_00500d36
game-server	00500df4	115	FUN_00500df4
game-server	00500e67	182	FUN_00500e67
game-server	00500f1d	83	?Detach@CDC@@QAEPAUHDC__@@XZ
game-server	00500f70	39	?DeleteDC@CDC@@QAEHXZ
game-server	00500f97	97	??1CDC@@UAE@XZ
game-server	00500ff8	22	?SetAttribDC@CDC@@UAEXPAUHDC__@@@Z
game-server	0050100e	119	FUN_0050100e
game-server	00501085	21	FUN_00501085
game-server	0050109a	118	FUN_0050109a
game-server	00501110	56	FUN_00501110
game-server	00501148	127	FUN_00501148
game-server	005011c7	204	FUN_005011c7
game-server	00501293	27	FUN_00501293
game-server	005012ae	180	FUN_005012ae
game-server	00501362	145	FUN_00501362
game-server	005013f3	145	FUN_005013f3
game-server	00501484	145	FUN_00501484
game-server	00501515	139	FUN_00501515
game-server	005015a0	86	FUN_005015a0
game-server	005015f6	129	FUN_005015f6
game-server	00501677	129	FUN_00501677
game-server	005016f8	129	FUN_005016f8
game-server	00501779	129	FUN_00501779
game-server	005017fa	129	FUN_005017fa
game-server	0050187b	129	FUN_0050187b
game-server	005018fc	129	FUN_005018fc
game-server	0050197d	214	FUN_0050197d
game-server	00501a53	214	FUN_00501a53
game-server	00501b29	214	FUN_00501b29
game-server	00501bff	230	FUN_00501bff
game-server	00501ce5	214	FUN_00501ce5
game-server	00501dbb	214	FUN_00501dbb
game-server	00501e91	214	FUN_00501e91
game-server	00501f67	230	FUN_00501f67
game-server	0050204d	71	FUN_0050204d
game-server	00502094	139	FUN_00502094
game-server	0050211f	153	FUN_0050211f
game-server	005021b8	175	FUN_005021b8
game-server	00502267	153	FUN_00502267
game-server	00502300	175	FUN_00502300
game-server	005023af	137	FUN_005023af
game-server	00502438	137	FUN_00502438
game-server	005024c1	214	FUN_005024c1
game-server	00502597	121	FUN_00502597
game-server	00502610	126	FUN_00502610
game-server	0050268e	137	FUN_0050268e
game-server	00502717	129	FUN_00502717
game-server	00502798	129	FUN_00502798
game-server	00502819	164	FUN_00502819
game-server	005028bd	176	FUN_005028bd
game-server	0050296d	128	FUN_0050296d
game-server	005029ed	128	FUN_005029ed
game-server	00502a6d	229	FUN_00502a6d
game-server	00502b52	129	FUN_00502b52
game-server	00502bd3	209	FUN_00502bd3
game-server	00502ca4	205	FUN_00502ca4
game-server	00502d71	129	FUN_00502d71
game-server	00502df2	205	FUN_00502df2
game-server	00502ebf	199	FUN_00502ebf
game-server	00502f86	147	FUN_00502f86
game-server	00503019	860	FUN_00503019
game-server	00503375	78	?PlayMetaFile@CDC@@QAEHPAUHMETAFILE__@@@Z
game-server	005033c3	198	FUN_005033c3
game-server	00503489	198	FUN_00503489
game-server	0050354f	77	FUN_0050354f
game-server	0050359c	65	FID_conflict:?Dump@CWindowDC@@UBEXAAVCDumpContext@@@Z
game-server	005035dd	178	FUN_005035dd
game-server	0050368f	136	FUN_0050368f
game-server	00503717	77	FUN_00503717
game-server	00503764	65	FID_conflict:?Dump@CWindowDC@@UBEXAAVCDumpContext@@@Z
game-server	005037a5	178	FUN_005037a5
game-server	00503857	136	FUN_00503857
game-server	005038df	68	FUN_005038df
game-server	00503923	156	?Dump@CPaintDC@@UBEXAAVCDumpContext@@@Z
game-server	005039bf	196	FUN_005039bf
game-server	00503a83	185	FUN_00503a83
game-server	00503b3c	65	FID_conflict:?Dump@CGdiObject@@UBEXAAVCDumpContext@@@Z
game-server	00503b7d	86	FUN_00503b7d
game-server	00503bd3	190	FUN_00503bd3
game-server	00503c91	121	FUN_00503c91
game-server	00503d0a	138	FUN_00503d0a
game-server	00503d94	72	FID_conflict:?Detach@CImageList@@QAEPAU_IMAGELIST@@XZ
game-server	00503ddc	39	FID_conflict:?DeleteObject@CGdiObject@@QAEHXZ
game-server	00503e03	114	??0CPen@@QAE@HHK@Z
game-server	00503e75	122	??0CPen@@QAE@HHPBUtagLOGBRUSH@@HPBK@Z
game-server	00503eef	221	FUN_00503eef
game-server	00503fcc	106	??0CBrush@@QAE@K@Z
game-server	00504036	110	??0CBrush@@QAE@HK@Z
game-server	005040a4	128	??0CBrush@@QAE@PAVCBitmap@@@Z
game-server	00504124	137	FUN_00504124
game-server	005041ad	221	FUN_005041ad
game-server	0050428a	530	FUN_0050428a
game-server	0050449c	295	FUN_0050449c
game-server	005045c3	29	?AfxThrowResourceException@@YGXXZ
game-server	005045e0	29	FUN_005045e0
game-server	00504600	43	FUN_00504600
game-server	00504630	43	FUN_00504630
game-server	00504660	43	FUN_00504660
game-server	00504690	43	FUN_00504690
game-server	005046c0	174	FUN_005046c0
game-server	0050476e	125	FUN_0050476e
game-server	005047eb	304	FUN_005047eb
game-server	0050491b	165	FUN_0050491b
game-server	005049c0	223	FUN_005049c0
game-server	00504a9f	83	FUN_00504a9f
game-server	00504af2	590	FUN_00504af2
game-server	00504d40	105	FUN_00504d40
game-server	00504da9	430	FUN_00504da9
game-server	00504f57	51	?Close@CArchive@@QAEXXZ
game-server	00504f8a	1110	FUN_00504f8a
game-server	005053e0	831	FUN_005053e0
game-server	0050571f	597	FUN_0050571f
game-server	00505974	881	FUN_00505974
game-server	00505ce5	62	?WriteCount@CArchive@@QAEXK@Z
game-server	00505d23	67	FUN_00505d23
game-server	00505d66	83	FUN_00505d66
game-server	00505db9	292	FUN_00505db9
game-server	00505f48	229	?ReadString@CArchive@@QAEHAAV?$CStringT@DV?$StrTraitMFC@DV?$ChTraitsCRT@D@ATL@@@@@ATL@@@Z
game-server	00506030	271	FUN_00506030
game-server	0050613f	106	?Dump@CArchiveException@@UBEXAAVCDumpContext@@@Z
game-server	005061a9	185	FUN_005061a9
game-server	00506270	42	FUN_00506270
game-server	0050629a	302	FUN_0050629a
game-server	005063c8	414	FUN_005063c8
game-server	00506566	35	FUN_00506566
game-server	00506589	466	FUN_00506589
game-server	0050675b	292	FUN_0050675b
game-server	0050687f	888	FUN_0050687f
game-server	00506bf7	55	?SerializeClass@CArchive@@QAEXPBUCRuntimeClass@@@Z
game-server	00506c30	225	FUN_00506c30
game-server	00506d11	82	FUN_00506d11
game-server	00506d63	90	FUN_00506d63
game-server	00506dbd	198	FUN_00506dbd
game-server	00506e83	99	FUN_00506e83
game-server	00506ee6	71	FUN_00506ee6
game-server	00506f2d	167	FUN_00506f2d
game-server	00506fd4	123	FUN_00506fd4
game-server	0050704f	248	FUN_0050704f
game-server	00507150	642	FUN_00507150
game-server	005073d2	304	FUN_005073d2
game-server	00507502	249	FUN_00507502
game-server	005075fb	80	FUN_005075fb
game-server	0050764b	216	FUN_0050764b
game-server	00507723	40	FUN_00507723
game-server	0050774b	82	FUN_0050774b
game-server	0050779d	85	FUN_0050779d
game-server	005077f2	374	FUN_005077f2
game-server	00507968	192	FUN_00507968
game-server	00507a28	362	FUN_00507a28
game-server	00507b92	256	FUN_00507b92
game-server	00507c92	29	?InitialUpdateFrame@CDocTemplate@@UAEXPAVCFrameWnd@@PAVCDocument@@H@Z
game-server	00507caf	80	?SaveAllModified@CDocTemplate@@UAEHXZ
game-server	00507cff	69	?CloseAllDocuments@CDocTemplate@@UAEXH@Z
game-server	00507d44	135	FUN_00507d44
game-server	00507dcb	112	?OnCmdMsg@CDocTemplate@@UAEHIHPAXPAUAFX_CMDHANDLERINFO@@@Z
game-server	00507e3b	248	?Dump@CDocTemplate@@UBEXAAVCDumpContext@@@Z
game-server	00507f33	80	?AssertValid@CDocTemplate@@UBEXXZ
game-server	00507f90	43	FUN_00507f90
game-server	00507fc0	16	FUN_00507fc0
game-server	00507fd0	41	FUN_00507fd0
game-server	00507ff9	97	FUN_00507ff9
game-server	0050805a	173	FUN_0050805a
game-server	00508107	167	FUN_00508107
game-server	005081ae	63	?OnDestroy@CView@@IAEXXZ
game-server	005081ed	56	FID_conflict:?PostNcDestroy@CFrameWnd@@MAEXXZ
game-server	00508225	193	FUN_00508225
game-server	005082e6	167	FUN_005082e6
game-server	0050838d	116	FUN_0050838d
game-server	00508401	31	FUN_00508401
game-server	00508420	63	FUN_00508420
game-server	0050845f	50	?OnPrint@CView@@MAEXPAVCDC@@PAUCPrintInfo@@@Z
game-server	00508491	13	FUN_00508491
game-server	0050849e	34	FUN_0050849e
game-server	005084c0	79	FUN_005084c0
game-server	0050850f	13	FUN_0050850f
game-server	0050851c	238	FUN_0050851c
game-server	0050860a	15	FUN_0050860a
game-server	00508619	15	FUN_00508619
game-server	00508628	18	FUN_00508628
game-server	0050863a	15	FUN_0050863a
game-server	00508649	15	FUN_00508649
game-server	00508658	15	FUN_00508658
game-server	00508667	16	FUN_00508667
game-server	00508677	11	FUN_00508677
game-server	00508682	86	?GetParentSplitter@CView@@SGPAVCSplitterWnd@@PBVCWnd@@H@Z
game-server	005086d8	233	FUN_005086d8
game-server	005087c1	77	?OnUpdateSplitCmd@CView@@IAEXPAVCCmdUI@@@Z
game-server	0050880e	102	FUN_0050880e
game-server	00508874	155	FUN_00508874
game-server	0050890f	121	FUN_0050890f
game-server	00508988	89	?OnPrepareDC@CView@@UAEXPAVCDC@@PAUCPrintInfo@@@Z
game-server	005089e1	18	FUN_005089e1
game-server	005089f3	32	FUN_005089f3
game-server	00508a13	32	FUN_00508a13
game-server	00508a33	272	FUN_00508a33
game-server	00508b43	76	?Dump@CView@@UBEXAAVCDumpContext@@@Z
game-server	00508b8f	19	FUN_00508b8f
game-server	00508ba2	16	FUN_00508ba2
game-server	00508bb2	117	FUN_00508bb2
game-server	00508c27	176	FUN_00508c27
game-server	00508cd7	54	FUN_00508cd7
game-server	00508d0d	19	FUN_00508d0d
game-server	00508d20	78	FUN_00508d20
game-server	00508d6e	66	FUN_00508d6e
game-server	00508db0	43	FUN_00508db0
game-server	00508de0	43	FUN_00508de0
game-server	00508e10	75	FUN_00508e10
game-server	00508e60	16	FUN_00508e60
game-server	00508e70	356	FUN_00508e70
game-server	00508fd4	149	FUN_00508fd4
game-server	00509069	28	FUN_00509069
game-server	00509085	652	FUN_00509085
game-server	00509311	284	FUN_00509311
game-server	0050942d	693	FUN_0050942d
game-server	005096e2	239	FUN_005096e2
game-server	005097d1	257	FUN_005097d1
game-server	005098d2	215	FUN_005098d2
game-server	005099a9	102	FUN_005099a9
game-server	00509a0f	169	FUN_00509a0f
game-server	00509ab8	222	FUN_00509ab8
game-server	00509b96	557	FUN_00509b96
game-server	00509dc3	85	?OnSize@CScrollView@@QAEXIHH@Z
game-server	00509e18	298	FUN_00509e18
game-server	00509f42	155	FUN_00509f42
game-server	00509fdd	240	FUN_00509fdd
game-server	0050a0cd	374	FUN_0050a0cd
game-server	0050a243	572	FUN_0050a243
game-server	0050a47f	237	FUN_0050a47f
game-server	0050a56c	94	FUN_0050a56c
game-server	0050a5ca	97	FUN_0050a5ca
game-server	0050a62b	71	FUN_0050a62b
game-server	0050a672	535	FUN_0050a672
game-server	0050a889	357	FUN_0050a889
game-server	0050aa2e	393	FUN_0050aa2e
game-server	0050abb7	446	FUN_0050abb7
game-server	0050ad95	141	FUN_0050ad95
game-server	0050ae40	43	FUN_0050ae40
game-server	0050ae70	830	FUN_0050ae70
game-server	0050b1ae	115	?GetOpenDocumentCount@CDocManager@@UAEHXZ
game-server	0050b230	16	FUN_0050b230
game-server	0050b240	207	FUN_0050b240
game-server	0050b30f	262	FUN_0050b30f
game-server	0050b415	41	FUN_0050b415
game-server	0050b43e	116	FUN_0050b43e
game-server	0050b4b2	42	FUN_0050b4b2
game-server	0050b4dc	11	FUN_0050b4dc
game-server	0050b4e7	65	?OnChangedViewList@CDocument@@UAEXXZ
game-server	0050b528	598	FUN_0050b528
game-server	0050b77e	159	?CanCloseFrame@CDocument@@UAEHPAVCFrameWnd@@@Z
game-server	0050b81d	13	FUN_0050b81d
game-server	0050b82a	269	FUN_0050b82a
game-server	0050b937	45	?OnFileClose@CDocument@@IAEXXZ
game-server	0050b964	25	FUN_0050b964
game-server	0050b97d	51	FUN_0050b97d
game-server	0050b9b0	149	FUN_0050b9b0
game-server	0050ba45	601	FUN_0050ba45
game-server	0050bcef	501	FUN_0050bcef
game-server	0050bee4	13	FUN_0050bee4
game-server	0050bef1	13	FUN_0050bef1
game-server	0050befe	598	FUN_0050befe
game-server	0050c170	212	FUN_0050c170
game-server	0050c244	794	FUN_0050c244
game-server	0050c55e	51	FUN_0050c55e
game-server	0050c591	728	FUN_0050c591
game-server	0050c869	226	FUN_0050c869
game-server	0050c94b	137	FUN_0050c94b
game-server	0050c9d4	84	FUN_0050c9d4
game-server	0050ca28	492	FUN_0050ca28
game-server	0050cd17	401	FUN_0050cd17
game-server	0050cf9a	215	?OnCloseDocument@CDocument@@UAEXXZ
game-server	0050d071	11	FUN_0050d071
game-server	0050d07c	190	FUN_0050d07c
game-server	0050d13a	125	FUN_0050d13a
game-server	0050d1b7	22	?GetFirstViewPosition@CDocument@@UBEPAU__POSITION@@XZ
game-server	0050d1cd	131	FUN_0050d1cd
game-server	0050d250	161	FUN_0050d250
game-server	0050d2f1	86	?SendInitialUpdate@CDocument@@QAEXXZ
game-server	0050d347	103	FUN_0050d347
game-server	0050d3ae	222	?Dump@CDocument@@UBEXAAVCDumpContext@@@Z
game-server	0050d48c	80	FUN_0050d48c
game-server	0050d4e0	43	FUN_0050d4e0
game-server	0050d510	44	FUN_0050d510
game-server	0050d540	87	FUN_0050d540
game-server	0050d5a0	43	FUN_0050d5a0
game-server	0050d5d0	75	FUN_0050d5d0
game-server	0050d620	131	FUN_0050d620
game-server	0050d6a3	458	FUN_0050d6a3
game-server	0050d881	72	FID_conflict:?AfxMessageBox@@YGHPBDII@Z
game-server	0050d8c9	187	FUN_0050d8c9
game-server	0050d984	242	FUN_0050d984
game-server	0050da76	50	FUN_0050da76
game-server	0050daa8	50	FUN_0050daa8
game-server	0050dae0	128	FUN_0050dae0
game-server	0050db60	29	FUN_0050db60
game-server	0050db7d	29	FUN_0050db7d
game-server	0050db9a	29	FUN_0050db9a
game-server	0050dbb7	136	FUN_0050dbb7
game-server	0050dc40	82	?HideApplication@CWinApp@@QAEXXZ
game-server	0050dc92	217	FUN_0050dc92
game-server	0050dd6b	53	FUN_0050dd6b
game-server	0050dda0	141	FUN_0050dda0
game-server	0050de2d	81	FUN_0050de2d
game-server	0050de7e	52	FUN_0050de7e
game-server	0050deb2	82	FUN_0050deb2
game-server	0050df04	56	FUN_0050df04
game-server	0050df3c	350	FUN_0050df3c
game-server	0050e0a0	78	FUN_0050e0a0
game-server	0050e0ee	209	FUN_0050e0ee
game-server	0050e1bf	117	FUN_0050e1bf
game-server	0050e234	578	FUN_0050e234
game-server	0050e476	137	FUN_0050e476
game-server	0050e4ff	129	FUN_0050e4ff
game-server	0050e580	80	?DDX_Text@@YGXPAVCDataExchange@@HAAF@Z
game-server	0050e5d0	79	FID_conflict:?DDX_Text@@YGXPAVCDataExchange@@HAAH@Z
game-server	0050e61f	79	FID_conflict:?DDX_Text@@YGXPAVCDataExchange@@HAAI@Z
game-server	0050e66e	79	FID_conflict:?DDX_Text@@YGXPAVCDataExchange@@HAAH@Z
game-server	0050e6bd	79	FID_conflict:?DDX_Text@@YGXPAVCDataExchange@@HAAI@Z
game-server	0050e70c	108	FID_conflict:?DDX_Text@@YGXPAVCDataExchange@@HAAV?$CStringT@DV?$StrTraitMFC@DV?$ChTraitsCRT@D@ATL@@@@@ATL@@@Z
game-server	0050e778	147	FUN_0050e778
game-server	0050e80b	174	FUN_0050e80b
game-server	0050e8b9	363	FUN_0050e8b9
game-server	0050ea24	190	FUN_0050ea24
game-server	0050eae2	130	FUN_0050eae2
game-server	0050eb64	176	FUN_0050eb64
game-server	0050ec14	130	FUN_0050ec14
game-server	0050ec96	82	FUN_0050ec96
game-server	0050ece8	82	FUN_0050ece8
game-server	0050ed3a	72	FUN_0050ed3a
game-server	0050ed82	82	FUN_0050ed82
game-server	0050edd4	241	FUN_0050edd4
game-server	0050eec5	141	FUN_0050eec5
game-server	0050ef52	104	FUN_0050ef52
game-server	0050efba	90	FUN_0050efba
game-server	0050f014	90	FUN_0050f014
game-server	0050f06e	90	FUN_0050f06e
game-server	0050f0c8	90	FUN_0050f0c8
game-server	0050f122	159	FUN_0050f122
game-server	0050f1c1	253	FUN_0050f1c1
game-server	0050f2be	175	FUN_0050f2be
game-server	0050f36d	150	FUN_0050f36d
game-server	0050f403	126	?AfxFailRadio@@YGXPAVCDataExchange@@@Z
game-server	0050f490	261	FUN_0050f490
game-server	0050f595	397	FUN_0050f595
game-server	0050f722	345	FUN_0050f722
game-server	0050f880	16	FUN_0050f880
game-server	0050f890	396	FUN_0050f890
game-server	0050fa1c	117	FUN_0050fa1c
game-server	0050fa91	617	FUN_0050fa91
game-server	0050fcfa	386	FUN_0050fcfa
game-server	0050fe7c	688	FUN_0050fe7c
game-server	00510174	87	FID_conflict:?OnNcCreate@CSplitterWnd@@IAEHPAUtagCREATESTRUCTW@@@Z
game-server	005101cb	918	FUN_005101cb
game-server	005105b3	169	FUN_005105b3
game-server	0051065c	192	FUN_0051065c
game-server	0051071c	103	FUN_0051071c
game-server	00510783	306	FUN_00510783
game-server	005108b5	122	FUN_005108b5
game-server	0051092f	182	FUN_0051092f
game-server	005109e5	122	FUN_005109e5
game-server	00510a5f	182	FUN_00510a5f
game-server	00510b15	64	?GetScrollStyle@CSplitterWnd@@QBEKXZ
game-server	00510b55	488	FUN_00510b55
game-server	00510d3d	152	FUN_00510d3d
game-server	00510dd5	491	FUN_00510dd5
game-server	00510fd0	240	FUN_00510fd0
game-server	005110c0	645	FUN_005110c0
game-server	00511345	645	FUN_00511345
game-server	005115ca	576	FUN_005115ca
game-server	0051180a	576	FUN_0051180a
game-server	00511a4a	187	FUN_00511a4a
game-server	00511b05	687	?StartTracking@CSplitterWnd@@MAEXH@Z
game-server	00511db4	316	FUN_00511db4
game-server	00511ef0	316	FUN_00511ef0
game-server	0051202c	735	?StopTracking@CSplitterWnd@@MAEXH@Z
game-server	0051230b	870	FUN_0051230b
game-server	00512671	658	FUN_00512671
game-server	00512903	255	FUN_00512903
game-server	00512a02	378	FUN_00512a02
game-server	00512b7c	49	?OnDisplayChange@CSplitterWnd@@IAEXXZ
game-server	00512bad	65	?OnSize@CSplitterWnd@@IAEXIHH@Z
game-server	00512bee	747	FUN_00512bee
game-server	00512ed9	386	FUN_00512ed9
game-server	0051305b	258	FUN_0051305b
game-server	0051315d	1460	FUN_0051315d
game-server	00513711	700	FUN_00513711
game-server	005139cd	828	FUN_005139cd
game-server	00513d09	66	?OnSetCursor@CSplitterWnd@@IAEHPAVCWnd@@II@Z
game-server	00513d4b	482	FUN_00513d4b
game-server	00513f2d	748	?OnMouseMove@CSplitterWnd@@IAEXIVCPoint@@@Z
game-server	00514219	64	?OnLButtonDown@CSplitterWnd@@IAEXIVCPoint@@@Z
game-server	00514259	502	FUN_00514259
game-server	0051444f	29	FUN_0051444f
game-server	0051446c	27	FUN_0051446c
game-server	00514487	473	FUN_00514487
game-server	00514698	86	FUN_00514698
game-server	005146ee	68	FUN_005146ee
game-server	00514732	79	?OnNotify@CSplitterWnd@@MAEHIJPAJ@Z
game-server	00514781	269	FUN_00514781
game-server	0051488e	341	FUN_0051488e
game-server	005149e3	341	FUN_005149e3
game-server	00514b38	729	FUN_00514b38
game-server	00514e11	699	FUN_00514e11
game-server	005150cc	191	FUN_005150cc
game-server	0051518b	315	FUN_0051518b
game-server	005152c6	143	FUN_005152c6
game-server	00515355	136	?GetActivePane@CSplitterWnd@@UAEPAVCWnd@@PAH0@Z
game-server	005153dd	289	FUN_005153dd
game-server	005154fe	485	FUN_005154fe
game-server	005156f0	43	FUN_005156f0
game-server	00515720	16	FUN_00515720
game-server	00515730	298	FUN_00515730
game-server	0051585a	65	FUN_0051585a
game-server	0051589b	108	?CalcFixedLayout@CControlBar@@UAE?AVCSize@@HH@Z
game-server	00515907	63	FUN_00515907
game-server	00515946	13	FUN_00515946
game-server	00515953	93	FUN_00515953
game-server	005159b0	443	FUN_005159b0
game-server	00515b6b	223	FUN_00515b6b
game-server	00515c4a	677	FUN_00515c4a
game-server	00515eef	328	FUN_00515eef
game-server	00516126	131	FUN_00516126
game-server	005161a9	330	FUN_005161a9
game-server	005162f3	115	FUN_005162f3
game-server	00516366	137	FUN_00516366
game-server	005163ef	66	?DestroyWindow@CControlBar@@UAEHXZ
game-server	00516431	60	?OnMouseActivate@CControlBar@@QAEHPAVCWnd@@II@Z
game-server	0051646d	114	FUN_0051646d
game-server	005164df	267	FUN_005164df
game-server	005165ea	94	?OnCtlColor@CControlBar@@QAEPAUHBRUSH__@@PAVCDC@@PAVCWnd@@I@Z
game-server	00516648	147	FUN_00516648
game-server	005166db	128	FUN_005166db
game-server	0051675b	269	FUN_0051675b
game-server	00516868	23	FUN_00516868
game-server	0051687f	349	FUN_0051687f
game-server	005169dc	656	FUN_005169dc
game-server	00516c6c	106	FUN_00516c6c
game-server	00516cd6	67	FUN_00516cd6
game-server	00516d19	110	FUN_00516d19
game-server	00516d87	787	FUN_00516d87
game-server	0051709a	187	FUN_0051709a
game-server	00517155	375	FUN_00517155
game-server	005172cc	115	FUN_005172cc
game-server	0051733f	227	?Dump@CControlBar@@UBEXAAVCDumpContext@@@Z
game-server	00517430	46	FUN_00517430
game-server	00517460	607	FUN_00517460
game-server	005176bf	99	FUN_005176bf
game-server	00517722	423	FUN_00517722
game-server	005178c9	114	FUN_005178c9
game-server	0051793b	102	FUN_0051793b
game-server	005179a1	150	FUN_005179a1
game-server	00517a37	193	FUN_00517a37
game-server	00517af8	121	FUN_00517af8
game-server	00517b71	199	FUN_00517b71
game-server	00517c38	739	FUN_00517c38
game-server	00517f1b	634	FUN_00517f1b
game-server	00518195	598	FUN_00518195
game-server	005183eb	2028	FUN_005183eb
game-server	00518bd7	79	FUN_00518bd7
game-server	00518c26	147	FUN_00518c26
game-server	00518cb9	142	FUN_00518cb9
game-server	00518d47	152	FUN_00518d47
game-server	00518ddf	452	FUN_00518ddf
game-server	00518fa3	439	FUN_00518fa3
game-server	0051915a	119	FUN_0051915a
game-server	005191d1	204	FUN_005191d1
game-server	0051929d	16	FUN_0051929d
game-server	005192ad	21	FUN_005192ad
game-server	005192c2	18	FUN_005192c2
game-server	005192d4	238	FUN_005192d4
game-server	005193c2	223	FUN_005193c2
game-server	005194a1	19	FUN_005194a1
game-server	005194b4	95	FUN_005194b4
game-server	00519513	39	FUN_00519513
game-server	0051953a	35	FUN_0051953a
game-server	0051955d	35	FUN_0051955d
game-server	00519580	184	FUN_00519580
game-server	00519638	152	FUN_00519638
game-server	005196d0	76	FUN_005196d0
game-server	0051971c	262	FUN_0051971c
game-server	00519822	300	FUN_00519822
game-server	0051994e	13	FUN_0051994e
game-server	0051995b	206	FUN_0051995b
game-server	00519a29	141	FUN_00519a29
game-server	00519ab6	501	FUN_00519ab6
game-server	00519cb0	25	FUN_00519cb0
game-server	00519cd0	31	FID_conflict:??0CMFCToolBarCmdUI@@QAE@XZ
game-server	00519cf0	113	FUN_00519cf0
game-server	00519d61	81	??1CDialogBar@@UAE@XZ
game-server	00519db2	466	FUN_00519db2
game-server	00519f84	123	FUN_00519f84
game-server	00519fff	29	FUN_00519fff
game-server	0051a01c	16	FUN_0051a01c
game-server	0051a02c	121	FUN_0051a02c
game-server	0051a0a5	30	FUN_0051a0a5
game-server	0051a0d0	43	FUN_0051a0d0
game-server	0051a100	218	?OnHelp@CWnd@@QAEXXZ
game-server	0051a1da	75	FUN_0051a1da
game-server	0051a225	39	FUN_0051a225
game-server	0051a24c	39	FUN_0051a24c
game-server	0051a273	39	FUN_0051a273
game-server	0051a29a	152	FUN_0051a29a
game-server	0051a332	689	FUN_0051a332
game-server	0051a5e3	349	FUN_0051a5e3
game-server	0051a740	206	FUN_0051a740
game-server	0051a80e	70	FUN_0051a80e
game-server	0051a854	1004	FUN_0051a854
game-server	0051ac40	172	FUN_0051ac40
game-server	0051acec	178	FUN_0051acec
game-server	0051ad9e	116	FUN_0051ad9e
game-server	0051ae12	65	?Detach@CMemFile@@QAEPAEXZ
game-server	0051ae53	168	FUN_0051ae53
game-server	0051aefb	25	FUN_0051aefb
game-server	0051af14	29	FUN_0051af14
game-server	0051af31	186	FUN_0051af31
game-server	0051afeb	60	FUN_0051afeb
game-server	0051b027	33	FUN_0051b027
game-server	0051b048	234	FUN_0051b048
game-server	0051b132	106	FUN_0051b132
game-server	0051b19c	257	FUN_0051b19c
game-server	0051b29d	299	FUN_0051b29d
game-server	0051b3c8	200	FUN_0051b3c8
game-server	0051b490	30	FUN_0051b490
game-server	0051b4ae	221	FUN_0051b4ae
game-server	0051b58b	41	FUN_0051b58b
game-server	0051b5b4	37	FUN_0051b5b4
game-server	0051b5d9	37	FUN_0051b5d9
game-server	0051b5fe	37	FUN_0051b5fe
game-server	0051b623	539	FUN_0051b623
game-server	0051b83e	146	FID_conflict:?Dump@CBitmapButton@@UBEXAAVCDumpContext@@@Z
game-server	0051b8d0	134	FUN_0051b8d0
game-server	0051b960	43	FUN_0051b960
game-server	0051b990	126	FUN_0051b990
game-server	0051ba0e	625	FUN_0051ba0e
game-server	0051bc7f	26	FUN_0051bc7f
game-server	0051bc99	43	FUN_0051bc99
game-server	0051bcd0	164	?_AfxAdjustRectangle@@YGXAAVCRect@@VCPoint@@@Z
game-server	0051bd74	424	FUN_0051bd74
game-server	0051bf1c	95	FUN_0051bf1c
game-server	0051bf7b	2288	FUN_0051bf7b
game-server	0051c86b	267	?Move@CDockContext@@QAEXVCPoint@@@Z
game-server	0051c976	66	?OnKey@CDockContext@@QAEXHH@Z
game-server	0051c9b8	569	FUN_0051c9b8
game-server	0051cbf1	836	FUN_0051cbf1
game-server	0051cf35	690	FUN_0051cf35
game-server	0051d1e7	111	FUN_0051d1e7
game-server	0051d256	381	FUN_0051d256
game-server	0051d3d3	355	FUN_0051d3d3
game-server	0051d536	88	?CancelLoop@CDockContext@@QAEXXZ
game-server	0051d58e	584	FUN_0051d58e
game-server	0051d7d6	150	FUN_0051d7d6
game-server	0051d86c	620	FUN_0051d86c
game-server	0051dad8	316	FUN_0051dad8
game-server	0051dc14	438	FUN_0051dc14
game-server	0051ddd0	453	FUN_0051ddd0
game-server	0051df95	16	FUN_0051df95
game-server	0051dfa5	507	FUN_0051dfa5
game-server	0051e1a0	187	FUN_0051e1a0
game-server	0051e25b	256	FUN_0051e25b
game-server	0051e35b	22	FUN_0051e35b
game-server	0051e371	28	FUN_0051e371
game-server	0051e38d	131	FUN_0051e38d
game-server	0051e410	124	FUN_0051e410
game-server	0051e48c	683	FUN_0051e48c
game-server	0051e737	111	?GetDocumentCount@CDocManager@@IAEHXZ
game-server	0051e7a6	2419	FUN_0051e7a6
game-server	0051f119	306	FUN_0051f119
game-server	0051f24b	155	FUN_0051f24b
game-server	0051f2e6	80	?AssertValid@CDocManager@@UBEXXZ
game-server	0051f336	142	?Dump@CDocManager@@UBEXAAVCDumpContext@@@Z
game-server	0051f3d0	59	??0CNewTypeDlg@@QAE@PAVCPtrList@@@Z
game-server	0051f410	28	FUN_0051f410
game-server	0051f430	43	FUN_0051f430
game-server	0051f460	16	FUN_0051f460
game-server	0051f470	206	FUN_0051f470
game-server	0051f53e	168	FUN_0051f53e
game-server	0051f5e6	188	FUN_0051f5e6
game-server	0051f6a2	16	FUN_0051f6a2
game-server	0051f6b2	84	FUN_0051f6b2
game-server	0051f706	121	FUN_0051f706
game-server	0051f77f	1039	FUN_0051f77f
game-server	0051fb8e	931	FUN_0051fb8e
game-server	0051ff31	156	FUN_0051ff31
game-server	0051ffcd	533	FUN_0051ffcd
game-server	005201e2	2141	FUN_005201e2
game-server	00520a3f	171	?OnSizeParent@CDockBar@@IAEJIJ@Z
game-server	00520aea	114	FUN_00520aea
game-server	00520b5c	19	FUN_00520b5c
game-server	00520b6f	13	FUN_00520b6f
game-server	00520b7c	132	FUN_00520b7c
game-server	00520c00	60	FUN_00520c00
game-server	00520c3c	89	FUN_00520c3c
game-server	00520c95	101	FUN_00520c95
game-server	00520cfa	62	FUN_00520cfa
game-server	00520d38	576	FUN_00520d38
game-server	00520f78	13	FUN_00520f78
game-server	00520f85	162	FUN_00520f85
game-server	00521027	92	FUN_00521027
game-server	00521083	270	FUN_00521083
game-server	00521191	16	FUN_00521191
game-server	005211a1	52	?OnMouseActivate@CMiniDockFrameWnd@@QAEHPAVCWnd@@II@Z
game-server	005211d5	105	FUN_005211d5
game-server	0052123e	469	FUN_0052123e
game-server	00521413	102	FUN_00521413
game-server	00521479	27	FUN_00521479
game-server	00521494	588	FUN_00521494
game-server	005216e0	285	FUN_005216e0
game-server	00521800	43	FUN_00521800
game-server	00521830	43	FUN_00521830
game-server	00521860	78	??1CMiniDockFrameWnd@@UAE@XZ
game-server	005218b0	46	FUN_005218b0
game-server	005218de	75	FUN_005218de
game-server	00521929	97	FUN_00521929
game-server	00521990	59	FID_conflict:?Create@CStatic@@UAEHPBDKABUtagRECT@@PAVCWnd@@I@Z
game-server	005219cb	81	FUN_005219cb
game-server	00521a1c	59	FID_conflict:?Create@CStatic@@UAEHPBDKABUtagRECT@@PAVCWnd@@I@Z
game-server	00521a57	81	??1CButton@@UAE@XZ
game-server	00521aa8	65	FID_conflict:?GetCheckedRadioButton@CWnd@@QAEHHH@Z
game-server	00521ae9	51	FUN_00521ae9
game-server	00521b1c	103	FUN_00521b1c
game-server	00521b83	57	FID_conflict:?Create@CEdit@@UAEHKABUtagRECT@@PAVCWnd@@I@Z
game-server	00521bbc	81	??1CListBox@@UAE@XZ
game-server	00521c0d	51	FUN_00521c0d
game-server	00521c40	51	FUN_00521c40
game-server	00521c73	53	FUN_00521c73
game-server	00521ca8	13	FUN_00521ca8
game-server	00521cb5	21	FUN_00521cb5
game-server	00521cca	21	FUN_00521cca
game-server	00521cdf	408	FUN_00521cdf
game-server	00521ea2	106	FUN_00521ea2
game-server	00521f0c	147	FUN_00521f0c
game-server	00521f9f	57	FID_conflict:?Create@CEdit@@UAEHKABUtagRECT@@PAVCWnd@@I@Z
game-server	00521fd8	81	??1CComboBox@@UAE@XZ
game-server	00522029	54	FUN_00522029
game-server	0052205f	54	FUN_0052205f
game-server	00522095	56	FUN_00522095
game-server	005220cd	13	FUN_005220cd
game-server	005220da	314	FUN_005220da
game-server	00522237	106	FUN_00522237
game-server	005222a1	57	FID_conflict:?Create@CEdit@@UAEHKABUtagRECT@@PAVCWnd@@I@Z
game-server	005222da	81	FUN_005222da
game-server	0052232b	57	FID_conflict:?Create@CEdit@@UAEHKABUtagRECT@@PAVCWnd@@I@Z
game-server	00522364	81	FUN_00522364
game-server	005223c0	15	FUN_005223c0
game-server	005223cf	10	FUN_005223cf
game-server	005223d9	23	FUN_005223d9
game-server	005223f0	323	FUN_005223f0
game-server	00522533	323	FUN_00522533
game-server	00522676	83	FUN_00522676
game-server	005226c9	83	FUN_005226c9
game-server	0052271c	144	FUN_0052271c
game-server	005227ac	842	FUN_005227ac
game-server	00522af6	119	FUN_00522af6
game-server	00522b6d	151	FUN_00522b6d
game-server	00522c04	67	?Draw3dRect@CDC@@QAEXPBUtagRECT@@KK@Z
game-server	00522c47	129	?Draw3dRect@CDC@@QAEXHHHHKK@Z
game-server	00522cc8	120	FUN_00522cc8
game-server	00522d40	288	FUN_00522d40
game-server	00522e60	98	?NormalizeRect@CRect@@QAEXXZ
game-server	00522ec2	82	?InflateRect@CRect@@QAEXPBUtagRECT@@@Z
game-server	00522f14	71	?InflateRect@CRect@@QAEXHHHH@Z
game-server	00522f5b	82	?DeflateRect@CRect@@QAEXPBUtagRECT@@@Z
game-server	00522fad	71	?DeflateRect@CRect@@QAEXHHHH@Z
game-server	00522ff4	138	FUN_00522ff4
game-server	00523080	242	FUN_00523080
game-server	005231ac	16	FUN_005231ac
game-server	005231bc	152	FUN_005231bc
game-server	00523254	156	FUN_00523254
game-server	005232f0	70	FUN_005232f0
game-server	00523336	93	FUN_00523336
game-server	00523393	106	FUN_00523393
game-server	005233fd	282	FUN_005233fd
game-server	00523517	121	FUN_00523517
game-server	00523590	85	?Cleanup@CPropertyPage@@IAEXXZ
game-server	005235e5	318	FUN_005235e5
game-server	00523723	75	FUN_00523723
game-server	0052376e	470	FUN_0052376e
game-server	00523944	122	FUN_00523944
game-server	005239be	179	FUN_005239be
game-server	00523a71	128	FUN_00523a71
game-server	00523af1	49	?OnApply@CPropertyPage@@UAEHXZ
game-server	00523b22	44	FUN_00523b22
game-server	00523b4e	30	FUN_00523b4e
game-server	00523b6c	30	FUN_00523b6c
game-server	00523b8a	72	?OnSetActive@CPropertyPage@@UAEHXZ
game-server	00523bd2	71	FUN_00523bd2
game-server	00523c19	16	FUN_00523c19
game-server	00523c29	13	FUN_00523c29
game-server	00523c36	13	FUN_00523c36
game-server	00523c43	16	FUN_00523c43
game-server	00523c53	209	FUN_00523c53
game-server	00523d24	62	?IsButtonEnabled@CPropertyPage@@IAEHH@Z
game-server	00523d62	533	FUN_00523d62
game-server	00523f9f	63	FUN_00523f9f
game-server	00523fde	125	FUN_00523fde
game-server	0052405b	176	FUN_0052405b
game-server	0052410b	105	FUN_0052410b
game-server	00524174	58	?EndDialog@CPropertyPage@@QAEXH@Z
game-server	005241ae	16	FUN_005241ae
game-server	005241be	55	FUN_005241be
game-server	005241f5	268	FUN_005241f5
game-server	00524301	118	FUN_00524301
game-server	00524377	207	FUN_00524377
game-server	00524446	177	FUN_00524446
game-server	005244f7	112	FUN_005244f7
game-server	00524567	82	FUN_00524567
game-server	005245b9	137	FUN_005245b9
game-server	00524642	25	FUN_00524642
game-server	0052465b	207	FUN_0052465b
game-server	0052472a	126	FUN_0052472a
game-server	005247a8	151	?PreTranslateMessage@CPropertySheet@@UAEHPAUtagMSG@@@Z
game-server	0052483f	344	FUN_0052483f
game-server	00524997	111	?GetActivePage@CPropertySheet@@QBEPAVCPropertyPage@@XZ
game-server	00524a06	101	FUN_00524a06
game-server	00524a6b	626	FUN_00524a6b
game-server	00524cdd	155	FUN_00524cdd
game-server	00524d78	402	FUN_00524d78
game-server	00524f0a	231	FUN_00524f0a
game-server	00524ff1	92	FUN_00524ff1
game-server	0052504d	73	FUN_0052504d
game-server	00525096	62	FUN_00525096
game-server	005250d4	73	?GetPageIndex@CPropertySheet@@QAEHPAVCPropertyPage@@@Z
game-server	0052511d	174	FUN_0052511d
game-server	005251cb	400	FUN_005251cb
game-server	0052535b	174	FUN_0052535b
game-server	00525409	77	FUN_00525409
game-server	00525456	86	?EndDialog@CPropertySheet@@QAEXH@Z
game-server	005254ac	54	?OnClose@CPropertySheet@@IAEXXZ
game-server	005254e2	84	?OnSysCommand@CPropertySheet@@IAEXIJ@Z
game-server	00525536	727	FUN_00525536
game-server	0052580d	38	FUN_0052580d
game-server	00525833	35	FUN_00525833
game-server	00525856	177	FUN_00525856
game-server	00525907	93	?OnCommandHelp@CPropertySheet@@IAEJIJ@Z
game-server	00525964	125	FUN_00525964
game-server	005259e1	115	FUN_005259e1
game-server	00525a54	191	FUN_00525a54
game-server	00525b13	182	FUN_00525b13
game-server	00525bc9	185	FUN_00525bc9
game-server	00525c82	81	FUN_00525c82
game-server	00525cd3	104	FUN_00525cd3
game-server	00525d3b	128	FUN_00525d3b
game-server	00525dbb	393	FUN_00525dbb
game-server	00525f44	176	FUN_00525f44
game-server	00525ff4	187	FUN_00525ff4
game-server	005260af	94	FUN_005260af
game-server	0052610d	189	FUN_0052610d
game-server	005261ca	159	FUN_005261ca
game-server	00526269	124	FUN_00526269
game-server	005262e5	94	FUN_005262e5
game-server	00526343	282	FUN_00526343
game-server	0052645d	444	FUN_0052645d
game-server	00526619	99	FUN_00526619
game-server	0052667c	515	FUN_0052667c
game-server	0052687f	121	FUN_0052687f
game-server	005268f8	191	FUN_005268f8
game-server	005269c0	43	FUN_005269c0
game-server	005269f0	43	FUN_005269f0
game-server	00526a20	43	FUN_00526a20
game-server	00526a50	96	FUN_00526a50
game-server	00526ab0	43	FUN_00526ab0
game-server	00526ae0	25	FUN_00526ae0
game-server	00526af9	10	FUN_00526af9
game-server	00526b03	23	FUN_00526b03
game-server	00526b1a	147	FUN_00526b1a
game-server	00526bad	616	FUN_00526bad
game-server	00526e15	20	FUN_00526e15
game-server	00526e29	899	FUN_00526e29
game-server	005271ac	226	FUN_005271ac
game-server	0052728e	192	FUN_0052728e
game-server	0052734e	157	FUN_0052734e
game-server	005273eb	81	?Track@CRectTracker@@QAEHPAVCWnd@@VCPoint@@H0@Z
game-server	0052743c	73	?TrackRubberBand@CRectTracker@@QAEHPAVCWnd@@VCPoint@@H@Z
game-server	00527485	360	FUN_00527485
game-server	005275ed	490	FUN_005275ed
game-server	005277d7	208	FUN_005277d7
game-server	005278a7	13	FUN_005278a7
game-server	005278b4	387	FUN_005278b4
game-server	00527a37	180	FUN_00527a37
game-server	00527aeb	307	FUN_00527aeb
game-server	00527c1e	1073	FUN_00527c1e
game-server	0052804f	316	FUN_0052804f
game-server	0052818b	108	FUN_0052818b
game-server	00528200	275	FUN_00528200
game-server	00528313	50	FID_conflict:??1_AFX_MAIL_STATE@@UAE@XZ
game-server	00528345	16	FUN_00528345
game-server	00528355	56	FUN_00528355
game-server	0052838d	81	FUN_0052838d
game-server	005283de	324	FUN_005283de
game-server	00528522	119	FUN_00528522
game-server	00528599	299	FUN_00528599
game-server	005286c4	123	FUN_005286c4
game-server	0052873f	42	?OnGetCheckPosition@CCheckListBox@@UAE?AVCRect@@V2@0@Z
game-server	00528769	621	FUN_00528769
game-server	005289d6	61	FUN_005289d6
game-server	00528a13	1019	FUN_00528a13
game-server	00528e0e	206	FUN_00528e0e
game-server	00528edc	105	FUN_00528edc
game-server	00528f45	142	FUN_00528f45
game-server	00528fd3	287	FUN_00528fd3
game-server	00529115	66	FUN_00529115
game-server	00529157	263	FUN_00529157
game-server	0052925e	92	?InvalidateCheck@CCheckListBox@@IAEXH@Z
game-server	005292ba	63	?InvalidateItem@CCheckListBox@@IAEXH@Z
game-server	005292f9	283	FUN_005292f9
game-server	00529414	170	FUN_00529414
game-server	005294be	366	FUN_005294be
game-server	0052962c	83	?OnLButtonDblClk@CCheckListBox@@IAEXIVCPoint@@@Z
game-server	0052967f	562	FUN_0052967f
game-server	005298b1	72	FID_conflict:?OnCreate@CCheckListBox@@IAEHPAUtagCREATESTRUCTA@@@Z
game-server	005298f9	58	?OnSetFont@CCheckListBox@@IAEJIJ@Z
game-server	00529933	221	FUN_00529933
game-server	00529a10	129	FUN_00529a10
game-server	00529a91	129	FUN_00529a91
game-server	00529b12	79	?OnLBGetItemData@CCheckListBox@@IAEJIJ@Z
game-server	00529b61	95	FUN_00529b61
game-server	00529bc0	221	FUN_00529bc0
game-server	00529c9d	141	FUN_00529c9d
game-server	00529d2a	237	?OnLBSetItemData@CCheckListBox@@IAEJIJ@Z
game-server	00529e17	100	FUN_00529e17
game-server	00529e80	43	FUN_00529e80
game-server	00529eb0	43	??0AFX_CHECK_DATA@@QAE@XZ
game-server	00529ee0	10	FUN_00529ee0
game-server	00529eea	29	FID_conflict:??__E?rectDefault@CFrameWnd@@2VCRect@@B@@YAXXZ
game-server	00529f07	10	FUN_00529f07
game-server	00529f11	127	FUN_00529f11
game-server	00529f90	16	FUN_00529f90
game-server	00529fa0	415	FUN_00529fa0
game-server	0052a13f	152	FUN_0052a13f
game-server	0052a1d7	49	FUN_0052a1d7
game-server	0052a208	49	FUN_0052a208
game-server	0052a239	130	FUN_0052a239
game-server	0052a2bb	77	?GetDefaultAccelerator@CFrameWnd@@UAEPAUHACCEL__@@XZ
game-server	0052a308	212	FUN_0052a308
game-server	0052a3dc	56	FID_conflict:?PostNcDestroy@CFrameWnd@@MAEXXZ
game-server	0052a414	55	FUN_0052a414
game-server	0052a44b	56	FUN_0052a44b
game-server	0052a483	205	FUN_0052a483
game-server	0052a550	94	?OnSetCursor@CFrameWnd@@IAEHPAVCWnd@@II@Z
game-server	0052a5ae	119	?OnCommandHelp@CFrameWnd@@IAEJIJ@Z
game-server	0052a625	43	?OnHelpHitTest@CFrameWnd@@IAEJIJ@Z
game-server	0052a650	177	FUN_0052a650
game-server	0052a701	128	FUN_0052a701
game-server	0052a781	586	FUN_0052a781
game-server	0052a9cb	286	FUN_0052a9cb
game-server	0052aae9	245	FUN_0052aae9
game-server	0052abde	304	FUN_0052abde
game-server	0052ad0e	352	FUN_0052ad0e
game-server	0052ae6e	144	FUN_0052ae6e
game-server	0052aefe	242	FUN_0052aefe
game-server	0052aff0	376	FUN_0052aff0
game-server	0052b168	57	FUN_0052b168
game-server	0052b1a1	39	FID_conflict:?OnCreate@CFrameWnd@@IAEHPAUtagCREATESTRUCTW@@@Z
game-server	0052b1c8	122	FUN_0052b1c8
game-server	0052b242	199	FUN_0052b242
game-server	0052b309	489	FUN_0052b309
game-server	0052b4f2	93	?OnUpdateFrameMenu@CFrameWnd@@UAEXPAUHMENU__@@@Z
game-server	0052b54f	287	?InitialUpdateFrame@CFrameWnd@@QAEXPAVCDocument@@H@Z
game-server	0052b66e	387	FUN_0052b66e
game-server	0052b7f1	176	FUN_0052b7f1
game-server	0052b8a1	56	?RemoveControlBar@CFrameWnd@@QAEXPAVCControlBar@@@Z
game-server	0052b8d9	295	?OnCmdMsg@CFrameWnd@@UAEHIHPAXPAUAFX_CMDHANDLERINFO@@@Z
game-server	0052ba00	67	?OnHScroll@CFrameWnd@@IAEXIIPAVCScrollBar@@@Z
game-server	0052ba43	67	?OnVScroll@CFrameWnd@@IAEXIIPAVCScrollBar@@@Z
game-server	0052ba86	227	FUN_0052ba86
game-server	0052bb69	375	FUN_0052bb69
game-server	0052bce0	77	FUN_0052bce0
game-server	0052bd2d	245	FUN_0052bd2d
game-server	0052bf44	182	FUN_0052bf44
game-server	0052bffa	59	?OnQueryEndSession@CFrameWnd@@IAEHXZ
game-server	0052c035	76	?OnEndSession@CFrameWnd@@IAEXH@Z
game-server	0052c081	449	FUN_0052c081
game-server	0052c242	296	FUN_0052c242
game-server	0052c36a	41	?OnDDETerminate@CFrameWnd@@IAEJIJ@Z
game-server	0052c393	87	FUN_0052c393
game-server	0052c3ea	239	FUN_0052c3ea
game-server	0052c4d9	53	?OnSetFocus@CFrameWnd@@IAEXPAVCWnd@@@Z
game-server	0052c50e	61	?GetActiveDocument@CFrameWnd@@UAEPAVCDocument@@XZ
game-server	0052c54b	483	FUN_0052c54b
game-server	0052c72e	54	FUN_0052c72e
game-server	0052c764	704	FUN_0052c764
game-server	0052ca24	512	FUN_0052ca24
game-server	0052cc24	111	FUN_0052cc24
game-server	0052cc93	51	FUN_0052cc93
game-server	0052ccc6	335	FUN_0052ccc6
game-server	0052ce15	19	FUN_0052ce15
game-server	0052ce28	26	FUN_0052ce28
game-server	0052ce42	127	FUN_0052ce42
game-server	0052cec1	32	FUN_0052cec1
game-server	0052cee1	32	?SetMessageText@CFrameWnd@@QAEXI@Z
game-server	0052cf01	285	FUN_0052cf01
game-server	0052d01e	188	FUN_0052d01e
game-server	0052d0da	125	FUN_0052d0da
game-server	0052d157	123	FUN_0052d157
game-server	0052d1d2	460	FUN_0052d1d2
game-server	0052d39e	209	FUN_0052d39e
game-server	0052d487	57	FUN_0052d487
game-server	0052d4c0	131	FUN_0052d4c0
game-server	0052d543	337	FUN_0052d543
game-server	0052d694	939	FUN_0052d694
game-server	0052da3f	45	FUN_0052da3f
game-server	0052da6c	237	FUN_0052da6c
game-server	0052db59	14	FUN_0052db59
game-server	0052db67	330	FUN_0052db67
game-server	0052dcb1	278	FUN_0052dcb1
game-server	0052ddc7	55	?OnSize@CFrameWnd@@IAEXIHH@Z
game-server	0052ddfe	44	?OnEraseBkgnd@CFrameWnd@@IAEHPAVCDC@@@Z
game-server	0052de2a	227	FUN_0052de2a
game-server	0052df0d	101	?ActivateFrame@CFrameWnd@@UAEXH@Z
game-server	0052df72	71	?BringToTop@CFrameWnd@@IAEXH@Z
game-server	0052dfb9	56	FUN_0052dfb9
game-server	0052dff1	239	?Dump@CFrameWnd@@UBEXAAVCDumpContext@@@Z
game-server	0052e0e0	123	FUN_0052e0e0
game-server	0052e15b	79	FUN_0052e15b
game-server	0052e1b0	43	FUN_0052e1b0
game-server	0052e1e0	104	FUN_0052e1e0
game-server	0052e248	30	FUN_0052e248
game-server	0052e266	29	?AfxOleLockApp@@YGXXZ
game-server	0052e283	76	FUN_0052e283
game-server	0052e2cf	100	FUN_0052e2cf
game-server	0052e333	22	FUN_0052e333
game-server	0052e350	25	FUN_0052e350
game-server	0052e369	10	FUN_0052e369
game-server	0052e373	23	FUN_0052e373
game-server	0052e38a	16	FUN_0052e38a
game-server	0052e39a	112	FUN_0052e39a
game-server	0052e40a	473	FUN_0052e40a
game-server	0052e5e3	99	??1CMiniFrameWnd@@UAE@XZ
game-server	0052e646	47	FID_conflict:?Create@CMiniFrameWnd@@UAEHPBD0KABUtagRECT@@PAVCWnd@@I@Z
game-server	0052e675	152	FID_conflict:?CreateEx@CMiniFrameWnd@@UAEHKPBD0KABUtagRECT@@PAVCWnd@@I@Z
game-server	0052e70d	214	FUN_0052e70d
game-server	0052e7e3	153	FUN_0052e7e3
game-server	0052e87c	111	?OnGetMinMaxInfo@CMiniFrameWnd@@QAEXPAUtagMINMAXINFO@@@Z
game-server	0052e8eb	119	FUN_0052e8eb
game-server	0052e962	153	FUN_0052e962
game-server	0052e9fb	1163	FUN_0052e9fb
game-server	0052eea8	92	FUN_0052eea8
game-server	0052ef04	156	FUN_0052ef04
game-server	0052efa0	109	FUN_0052efa0
game-server	0052f00d	176	FUN_0052f00d
game-server	0052f0bd	200	FUN_0052f0bd
game-server	0052f185	1701	FUN_0052f185
game-server	0052f82a	136	FUN_0052f82a
game-server	0052f8b2	155	FUN_0052f8b2
game-server	0052f94d	146	FUN_0052f94d
game-server	0052f9df	100	FUN_0052f9df
game-server	0052fa43	46	FUN_0052fa43
game-server	0052fa71	180	FUN_0052fa71
game-server	0052fb62	383	FUN_0052fb62
game-server	0052fce1	68	?OnQueryCenterWnd@CMiniFrameWnd@@QAEJIJ@Z
game-server	0052fd30	43	FUN_0052fd30
game-server	0052fd60	165	FUN_0052fd60
game-server	0052fe05	311	FUN_0052fe05
game-server	0052ff3c	71	?DockControlBar@CFrameWnd@@QAEXPAVCControlBar@@IPBUtagRECT@@@Z
game-server	0052ff83	322	FUN_0052ff83
game-server	005300c5	430	FUN_005300c5
game-server	00530273	667	FUN_00530273
game-server	0053050e	295	FUN_0053050e
game-server	00530640	66	??0CSharedFile@@QAE@II@Z
game-server	00530682	128	FUN_00530682
game-server	00530702	183	FUN_00530702
game-server	005307b9	100	FUN_005307b9
game-server	0053081d	138	FUN_0053081d
game-server	005308a7	77	FUN_005308a7
game-server	005308f4	93	FUN_005308f4
game-server	00530960	43	FUN_00530960
game-server	00530990	23	FUN_00530990
game-server	005309a7	20	FUN_005309a7
game-server	005309bb	13	FUN_005309bb
game-server	005309c8	10	FUN_005309c8
game-server	005309d2	21	FUN_005309d2
game-server	005309e7	21	FUN_005309e7
game-server	005309fc	28	FUN_005309fc
game-server	00530a18	51	??0CSimpleException@@QAE@XZ
game-server	00530a4b	57	??0CSimpleException@@QAE@H@Z
game-server	00530a84	28	FUN_00530a84
game-server	00530aa0	31	FUN_00530aa0
game-server	00530abf	49	FID_conflict:??0CNotSupportedException@@QAE@HI@Z
game-server	00530af0	28	FUN_00530af0
game-server	00530b0c	31	FUN_00530b0c
game-server	00530b2b	49	FID_conflict:??0CNotSupportedException@@QAE@HI@Z
game-server	00530b5c	28	FUN_00530b5c
game-server	00530b78	117	FUN_00530b78
game-server	00530bed	84	FUN_00530bed
game-server	00530c41	126	FUN_00530c41
game-server	00530cbf	84	FUN_00530cbf
game-server	00530d13	17	FUN_00530d13
game-server	00530d24	32	?Connect@CAsyncSocket@@QAEHPBUsockaddr@@H@Z
game-server	00530d44	32	FUN_00530d44
game-server	00530d64	26	FUN_00530d64
game-server	00530d7e	26	FUN_00530d7e
game-server	00530d98	88	FUN_00530d98
game-server	00530df0	24	FUN_00530df0
game-server	00530e08	24	FUN_00530e08
game-server	00530e20	27	FUN_00530e20
game-server	00530e3b	24	FUN_00530e3b
game-server	00530e53	24	FUN_00530e53
game-server	00530e6b	27	FUN_00530e6b
game-server	00530e86	27	FUN_00530e86
game-server	00530ea1	24	FUN_00530ea1
game-server	00530eb9	56	FUN_00530eb9
game-server	00530ef1	22	FUN_00530ef1
game-server	00530f07	25	FUN_00530f07
game-server	00530f20	36	FUN_00530f20
game-server	00530f44	28	FUN_00530f44
game-server	00530f60	22	FUN_00530f60
game-server	00530f76	22	FUN_00530f76
game-server	00530f8c	30	FUN_00530f8c
game-server	00530faa	16	FUN_00530faa
game-server	00530fba	41	FUN_00530fba
game-server	00530fe3	78	FUN_00530fe3
game-server	00531031	78	FUN_00531031
game-server	0053107f	78	FUN_0053107f
game-server	005310cd	78	FUN_005310cd
game-server	0053111b	104	FUN_0053111b
game-server	00531183	104	FUN_00531183
game-server	005311eb	29	FUN_005311eb
game-server	00531208	24	FUN_00531208
game-server	00531220	24	FUN_00531220
game-server	00531238	30	FUN_00531238
game-server	00531256	25	FUN_00531256
game-server	0053126f	25	FUN_0053126f
game-server	00531288	33	FUN_00531288
game-server	005312a9	28	FUN_005312a9
game-server	005312c5	28	FUN_005312c5
game-server	005312e1	33	FUN_005312e1
game-server	00531302	28	FUN_00531302
game-server	0053131e	28	FUN_0053131e
game-server	0053133a	33	FUN_0053133a
game-server	0053135b	28	FUN_0053135b
game-server	00531377	28	FUN_00531377
game-server	00531393	33	FUN_00531393
game-server	005313b4	28	FUN_005313b4
game-server	005313d0	28	FUN_005313d0
game-server	005313ec	14	FUN_005313ec
game-server	005313fa	24	FUN_005313fa
game-server	00531412	48	FUN_00531412
game-server	00531442	26	FUN_00531442
game-server	0053145c	26	FUN_0053145c
game-server	00531476	24	FUN_00531476
game-server	0053148e	24	FUN_0053148e
game-server	005314a6	38	FUN_005314a6
game-server	005314cc	24	FUN_005314cc
game-server	005314e4	38	FUN_005314e4
game-server	0053150a	16	FUN_0053150a
game-server	0053151a	38	FUN_0053151a
game-server	00531540	44	FUN_00531540
game-server	0053156c	44	FUN_0053156c
game-server	00531598	29	FUN_00531598
game-server	005315b5	29	FUN_005315b5
game-server	005315d2	26	FUN_005315d2
game-server	005315ec	26	FUN_005315ec
game-server	00531606	26	FUN_00531606
game-server	00531620	26	FUN_00531620
game-server	0053163a	26	FUN_0053163a
game-server	00531654	26	FUN_00531654
game-server	0053166e	14	FUN_0053166e
game-server	0053167c	24	FUN_0053167c
game-server	00531694	26	FUN_00531694
game-server	005316ae	26	FUN_005316ae
game-server	005316c8	24	FUN_005316c8
game-server	005316e0	16	FUN_005316e0
game-server	005316f0	29	FUN_005316f0
game-server	0053170d	27	FUN_0053170d
game-server	00531728	24	FUN_00531728
game-server	00531740	24	FUN_00531740
game-server	00531758	24	FUN_00531758
game-server	00531770	23	FUN_00531770
game-server	00531787	27	FUN_00531787
game-server	005317a2	44	FUN_005317a2
game-server	005317ce	44	FUN_005317ce
game-server	005317fa	44	FUN_005317fa
game-server	00531826	29	FUN_00531826
game-server	00531843	29	FUN_00531843
game-server	00531860	26	FUN_00531860
game-server	0053187a	26	FUN_0053187a
game-server	00531894	26	FUN_00531894
game-server	005318ae	26	FUN_005318ae
game-server	005318c8	26	FUN_005318c8
game-server	005318e2	26	FUN_005318e2
game-server	005318fc	26	FUN_005318fc
game-server	00531916	25	FUN_00531916
game-server	0053192f	25	FUN_0053192f
game-server	00531948	28	FUN_00531948
game-server	00531964	17	FUN_00531964
game-server	00531975	22	FUN_00531975
game-server	0053198b	110	FUN_0053198b
game-server	005319f9	101	FUN_005319f9
game-server	00531a5e	25	FUN_00531a5e
game-server	00531a77	25	FUN_00531a77
game-server	00531a90	26	FUN_00531a90
game-server	00531aaa	25	FUN_00531aaa
game-server	00531ac3	67	FUN_00531ac3
game-server	00531b06	69	FUN_00531b06
game-server	00531b4b	67	FUN_00531b4b
game-server	00531b8e	67	FUN_00531b8e
game-server	00531bd1	67	FUN_00531bd1
game-server	00531c14	73	FUN_00531c14
game-server	00531c5d	25	FUN_00531c5d
game-server	00531c76	25	FUN_00531c76
game-server	00531c8f	25	FUN_00531c8f
game-server	00531ca8	25	FUN_00531ca8
game-server	00531cc1	89	FUN_00531cc1
game-server	00531d1a	91	FUN_00531d1a
game-server	00531d75	89	FUN_00531d75
game-server	00531dce	89	FUN_00531dce
game-server	00531e27	95	FUN_00531e27
game-server	00531e86	89	FUN_00531e86
game-server	00531edf	27	FUN_00531edf
game-server	00531efa	13	FUN_00531efa
game-server	00531f07	22	??6@YGAAVCArchive@@AAV0@PBVCObject@@@Z
game-server	00531f1d	25	??5@YGAAVCArchive@@AAV0@AAPAVCObject@@@Z
game-server	00531f36	25	FUN_00531f36
game-server	00531f4f	16	?GetDepth@CDumpContext@@QBEHXZ
game-server	00531f5f	21	FUN_00531f5f
game-server	00531f74	16	FUN_00531f74
game-server	00531f84	13	FUN_00531f84
game-server	00531f91	17	FUN_00531f91
game-server	00531fa2	20	FUN_00531fa2
game-server	00531fb6	23	FUN_00531fb6
game-server	00531fcd	71	FUN_00531fcd
game-server	00532014	74	FUN_00532014
game-server	0053205e	68	FUN_0053205e
game-server	005320a2	17	FUN_005320a2
game-server	005320b3	17	FUN_005320b3
game-server	005320c4	43	?Add@CByteArray@@QAEHE@Z
game-server	005320ef	25	FUN_005320ef
game-server	00532108	25	FUN_00532108
game-server	00532121	17	FUN_00532121
game-server	00532132	20	FUN_00532132
game-server	00532146	23	FUN_00532146
game-server	0053215d	72	FUN_0053215d
game-server	005321a5	76	FUN_005321a5
game-server	005321f1	71	FUN_005321f1
game-server	00532238	17	FUN_00532238
game-server	00532249	17	FUN_00532249
game-server	0053225a	44	?Add@CWordArray@@QAEHG@Z
game-server	00532286	25	FUN_00532286
game-server	0053229f	25	FUN_0053229f
game-server	005322b8	17	FUN_005322b8
game-server	005322c9	20	FUN_005322c9
game-server	005322dd	23	FUN_005322dd
game-server	005322f4	71	FUN_005322f4
game-server	0053233b	74	FUN_0053233b
game-server	00532385	71	FUN_00532385
game-server	005323cc	17	FUN_005323cc
game-server	005323dd	17	FUN_005323dd
game-server	005323ee	43	FUN_005323ee
game-server	00532419	25	FUN_00532419
game-server	00532432	25	FUN_00532432
game-server	0053244b	17	FUN_0053244b
game-server	0053245c	20	FUN_0053245c
game-server	00532470	23	FUN_00532470
game-server	00532487	71	FUN_00532487
game-server	005324ce	74	FUN_005324ce
game-server	00532518	74	FUN_00532518
game-server	00532562	17	FUN_00532562
game-server	00532573	17	FUN_00532573
game-server	00532584	43	FUN_00532584
game-server	005325af	25	FUN_005325af
game-server	005325c8	25	FUN_005325c8
game-server	005325e1	17	FUN_005325e1
game-server	005325f2	20	FUN_005325f2
game-server	00532606	23	FUN_00532606
game-server	0053261d	74	FUN_0053261d
game-server	00532667	77	FUN_00532667
game-server	005326b4	74	FUN_005326b4
game-server	005326fe	17	FUN_005326fe
game-server	0053270f	17	FUN_0053270f
game-server	00532720	43	FUN_00532720
game-server	0053274b	25	FUN_0053274b
game-server	00532764	25	FUN_00532764
game-server	0053277d	17	FUN_0053277d
game-server	0053278e	20	FUN_0053278e
game-server	005327a2	23	FUN_005327a2
game-server	005327b9	74	FUN_005327b9
game-server	00532803	77	FUN_00532803
game-server	00532850	74	FUN_00532850
game-server	0053289a	17	FUN_0053289a
game-server	005328ab	17	FUN_005328ab
game-server	005328bc	43	FUN_005328bc
game-server	005328e7	25	FUN_005328e7
game-server	00532900	25	FUN_00532900
game-server	00532919	17	FUN_00532919
game-server	0053292a	20	FUN_0053292a
game-server	0053293e	23	FUN_0053293e
game-server	00532955	104	FUN_00532955
game-server	005329bd	83	FUN_005329bd
game-server	00532a10	83	FUN_00532a10
game-server	00532a63	74	FUN_00532a63
game-server	00532aad	17	FUN_00532aad
game-server	00532abe	17	FUN_00532abe
game-server	00532acf	43	FUN_00532acf
game-server	00532afa	43	FUN_00532afa
game-server	00532b25	50	FUN_00532b25
game-server	00532b57	25	FUN_00532b57
game-server	00532b70	17	FUN_00532b70
game-server	00532b81	25	?IsEmpty@CPtrList@@QBEHXZ
game-server	00532b9a	61	FUN_00532b9a
game-server	00532bd7	61	FUN_00532bd7
game-server	00532c14	61	FUN_00532c14
game-server	00532c51	61	FUN_00532c51
game-server	00532c8e	17	FUN_00532c8e
game-server	00532c9f	17	FUN_00532c9f
game-server	00532cb0	88	FUN_00532cb0
game-server	00532d08	88	FUN_00532d08
game-server	00532d60	89	FUN_00532d60
game-server	00532db9	89	FUN_00532db9
game-server	00532e12	76	FUN_00532e12
game-server	00532e5e	76	FUN_00532e5e
game-server	00532eaa	79	FUN_00532eaa
game-server	00532ef9	17	FUN_00532ef9
game-server	00532f0a	25	FUN_00532f0a
game-server	00532f23	61	FUN_00532f23
game-server	00532f60	61	FUN_00532f60
game-server	00532f9d	61	FUN_00532f9d
game-server	00532fda	61	FUN_00532fda
game-server	00533017	17	FUN_00533017
game-server	00533028	17	FUN_00533028
game-server	00533039	88	FUN_00533039
game-server	00533091	88	FUN_00533091
game-server	005330e9	89	FUN_005330e9
game-server	00533142	89	FUN_00533142
game-server	0053319b	76	FUN_0053319b
game-server	005331e7	76	FUN_005331e7
game-server	00533233	79	FUN_00533233
game-server	00533282	17	FUN_00533282
game-server	00533293	25	FUN_00533293
game-server	005332ac	61	FUN_005332ac
game-server	005332e9	93	FUN_005332e9
game-server	00533346	61	FUN_00533346
game-server	00533383	93	FUN_00533383
game-server	005333e0	17	FUN_005333e0
game-server	005333f1	17	FUN_005333f1
game-server	00533402	88	FUN_00533402
game-server	0053345a	116	FUN_0053345a
game-server	005334ce	89	FUN_005334ce
game-server	00533527	117	FUN_00533527
game-server	0053359c	76	FUN_0053359c
game-server	005335e8	104	FUN_005335e8
game-server	00533650	85	FUN_00533650
game-server	005336a5	85	FUN_005336a5
game-server	005336fa	17	FUN_005336fa
game-server	0053370b	25	FUN_0053370b
game-server	00533724	31	FUN_00533724
game-server	00533743	21	FUN_00533743
game-server	00533758	17	FUN_00533758
game-server	00533769	17	FUN_00533769
game-server	0053377a	25	FUN_0053377a
game-server	00533793	32	?SetAt@CMapPtrToWord@@QAEXPAXG@Z
game-server	005337b3	21	FUN_005337b3
game-server	005337c8	17	FUN_005337c8
game-server	005337d9	17	FUN_005337d9
game-server	005337ea	25	FUN_005337ea
game-server	00533803	30	FUN_00533803
game-server	00533821	21	FID_conflict:?GetStartPosition@CMapPtrToPtr@@QBEPAU__POSITION@@XZ
game-server	00533836	17	FUN_00533836
game-server	00533847	17	FUN_00533847
game-server	00533858	25	FUN_00533858
game-server	00533871	31	FUN_00533871
game-server	00533890	21	FUN_00533890
game-server	005338a5	17	FUN_005338a5
game-server	005338b6	17	FUN_005338b6
game-server	005338c7	25	FUN_005338c7
game-server	005338e0	30	FUN_005338e0
game-server	005338fe	21	FUN_005338fe
game-server	00533913	17	FUN_00533913
game-server	00533924	17	FUN_00533924
game-server	00533935	25	FUN_00533935
game-server	0053394e	30	FUN_0053394e
game-server	0053396c	21	FUN_0053396c
game-server	00533981	17	FUN_00533981
game-server	00533992	17	FUN_00533992
game-server	005339a3	25	FUN_005339a3
game-server	005339bc	36	FUN_005339bc
game-server	005339e0	21	FUN_005339e0
game-server	005339f5	17	FUN_005339f5
game-server	00533a06	39	??0CCommonDialog@@QAE@PAVCWnd@@@Z
game-server	00533a2d	29	?PrintSelection@CPrintDialogEx@@QBEHXZ
game-server	00533a4a	40	FUN_00533a4a
game-server	00533a72	17	FUN_00533a72
game-server	00533a83	52	FUN_00533a83
game-server	00533ab7	52	FUN_00533ab7
game-server	00533aeb	17	FUN_00533aeb
game-server	00533afc	20	FUN_00533afc
game-server	00533b10	30	FUN_00533b10
game-server	00533b2e	30	FUN_00533b2e
game-server	00533b4c	29	FUN_00533b4c
game-server	00533b69	30	FUN_00533b69
game-server	00533b87	17	FUN_00533b87
game-server	00533b98	17	FUN_00533b98
game-server	00533ba9	29	FID_conflict:?PrintRange@CPrintDialog@@QBEHXZ
game-server	00533bc6	29	FID_conflict:?PrintRange@CPrintDialog@@QBEHXZ
game-server	00533be3	56	?PrintAll@CPrintDialog@@QBEHXZ
game-server	00533c1b	29	FUN_00533c1b
game-server	00533c38	52	FUN_00533c38
game-server	00533c6c	52	FUN_00533c6c
game-server	00533ca0	83	FUN_00533ca0
game-server	00533cf3	26	FUN_00533cf3
game-server	00533d0d	49	FUN_00533d0d
game-server	00533d3e	49	FUN_00533d3e
game-server	00533d6f	26	FUN_00533d6f
game-server	00533d89	26	FUN_00533d89
game-server	00533da3	26	FUN_00533da3
game-server	00533dbd	26	FUN_00533dbd
game-server	00533dd7	26	FUN_00533dd7
game-server	00533df1	26	FUN_00533df1
game-server	00533e0b	42	FUN_00533e0b
game-server	00533e35	26	FUN_00533e35
game-server	00533e4f	83	FUN_00533e4f
game-server	00533ea2	83	FUN_00533ea2
game-server	00533ef5	85	FUN_00533ef5
game-server	00533f4a	83	FUN_00533f4a
game-server	00533f9d	33	FUN_00533f9d
game-server	00533fbe	32	FUN_00533fbe
game-server	00533fde	53	FUN_00533fde
game-server	00534013	30	FUN_00534013
game-server	00534031	32	FUN_00534031
game-server	00534051	26	FID_conflict:?CloseEnhanced@CMetaFileDC@@QAEPAUHENHMETAFILE__@@XZ
game-server	0053406b	49	FID_conflict:?CreateEnhanced@CMetaFileDC@@QAEHPAVCDC@@PBDPBUtagRECT@@1@Z
game-server	0053409c	26	FID_conflict:?CloseEnhanced@CMetaFileDC@@QAEPAUHENHMETAFILE__@@XZ
game-server	005340b6	92	FUN_005340b6
game-server	00534112	92	FUN_00534112
game-server	0053416e	88	FUN_0053416e
game-server	005341c6	102	FUN_005341c6
game-server	0053422c	114	FUN_0053422c
game-server	0053429e	88	FUN_0053429e
game-server	005342f6	70	FUN_005342f6
game-server	0053433c	17	FUN_0053433c
game-server	0053434d	17	FUN_0053434d
game-server	0053435e	33	FUN_0053435e
game-server	0053437f	35	FUN_0053437f
game-server	005343a2	20	?IsTracking@CSplitterWnd@@QAEHXZ
game-server	005343b6	17	FUN_005343b6
game-server	005343c7	17	FUN_005343c7
game-server	005343d8	48	FUN_005343d8
game-server	00534408	79	FUN_00534408
game-server	00534457	30	FUN_00534457
game-server	00534475	30	FUN_00534475
game-server	00534493	14	FUN_00534493
game-server	005344a1	43	FUN_005344a1
game-server	005344cc	14	FUN_005344cc
game-server	005344da	48	FUN_005344da
game-server	0053450a	72	FUN_0053450a
game-server	00534552	51	FUN_00534552
game-server	00534585	14	FUN_00534585
game-server	00534593	51	FUN_00534593
game-server	005345c6	75	FUN_005345c6
game-server	00534611	132	FUN_00534611
game-server	00534695	59	FUN_00534695
game-server	005346d0	29	FUN_005346d0
game-server	005346ed	29	FUN_005346ed
game-server	0053470a	25	FUN_0053470a
game-server	00534723	25	FUN_00534723
game-server	0053473c	25	FUN_0053473c
game-server	00534755	25	FUN_00534755
game-server	0053476e	14	FUN_0053476e
game-server	00534780	43	FUN_00534780
game-server	005347b0	43	FUN_005347b0
game-server	005347e0	43	FUN_005347e0
game-server	00534810	43	FUN_00534810
game-server	00534840	43	FUN_00534840
game-server	00534870	43	FUN_00534870
game-server	005348a0	43	FUN_005348a0
game-server	005348d0	43	FUN_005348d0
game-server	00534900	19	FUN_00534900
game-server	00534920	46	FUN_00534920
game-server	00534950	43	FUN_00534950
game-server	00534980	120	??1CBitmapButton@@UAE@XZ
game-server	00534a00	77	?AfxAssertFailedLine@@YGHPBDH@Z
game-server	00534a50	110	FUN_00534a50
game-server	00534abe	56	??0CDumpContext@@QAE@PAVCFile@@@Z
game-server	00534af6	37	FUN_00534af6
game-server	00534b1b	318	FUN_00534b1b
game-server	00534c59	57	FUN_00534c59
game-server	00534c92	57	FUN_00534c92
game-server	00534ccb	52	FUN_00534ccb
game-server	00534cff	52	FUN_00534cff
game-server	00534d33	52	FUN_00534d33
game-server	00534d67	52	FUN_00534d67
game-server	00534d9b	64	FUN_00534d9b
game-server	00534ddb	25	FUN_00534ddb
game-server	00534df4	52	FUN_00534df4
game-server	00534e28	365	FUN_00534e28
game-server	00534f95	110	FUN_00534f95
game-server	00535010	541	FUN_00535010
game-server	0053522d	596	FUN_0053522d
game-server	00535490	53	FUN_00535490
game-server	005354c5	52	FUN_005354c5
game-server	00535500	13	?AfxGetApp@@YAPAVCWinApp@@XZ
game-server	0053550d	53	FUN_0053550d
game-server	00535542	53	FUN_00535542
game-server	00535577	53	FUN_00535577
game-server	005355ac	53	FUN_005355ac
game-server	005355e1	31	FUN_005355e1
game-server	00535600	50	?AfxGetMainWnd@@YGPAVCWnd@@XZ
game-server	00535632	14	??0CSize@@QAE@XZ
game-server	00535640	33	FUN_00535640
game-server	00535661	30	FUN_00535661
game-server	0053567f	30	FUN_0053567f
game-server	0053569d	46	FUN_0053569d
game-server	005356cb	55	FUN_005356cb
game-server	00535702	55	FUN_00535702
game-server	00535739	41	FUN_00535739
game-server	00535762	41	FUN_00535762
game-server	0053578b	58	FUN_0053578b
game-server	005357c5	58	FUN_005357c5
game-server	005357ff	56	FUN_005357ff
game-server	00535837	58	FUN_00535837
game-server	00535871	58	FUN_00535871
game-server	005358ab	88	FUN_005358ab
game-server	00535903	88	FUN_00535903
game-server	0053595b	14	??0CPoint@@QAE@XZ
game-server	00535969	33	FUN_00535969
game-server	0053598a	30	FUN_0053598a
game-server	005359a8	30	??0CPoint@@QAE@UtagSIZE@@@Z
game-server	005359c6	46	??0CPoint@@QAE@J@Z
game-server	005359f4	41	FUN_005359f4
game-server	00535a1d	41	?Offset@CPoint@@QAEXUtagPOINT@@@Z
game-server	00535a46	41	FUN_00535a46
game-server	00535a6f	55	FUN_00535a6f
game-server	00535aa6	55	FUN_00535aa6
game-server	00535add	41	FUN_00535add
game-server	00535b06	41	FUN_00535b06
game-server	00535b2f	41	FUN_00535b2f
game-server	00535b58	41	FUN_00535b58
game-server	00535b81	58	FUN_00535b81
game-server	00535bbb	58	FUN_00535bbb
game-server	00535bf5	56	FUN_00535bf5
game-server	00535c2d	58	FUN_00535c2d
game-server	00535c67	58	FUN_00535c67
game-server	00535ca1	88	FUN_00535ca1
game-server	00535cf9	88	FUN_00535cf9
game-server	00535d51	14	FUN_00535d51
game-server	00535d5f	51	??0CRect@@QAE@HHHH@Z
game-server	00535d92	30	??0CRect@@QAE@ABUtagRECT@@@Z
game-server	00535db0	30	??0CRect@@QAE@PBUtagRECT@@@Z
game-server	00535dce	57	??0CRect@@QAE@UtagPOINT@@UtagSIZE@@@Z
game-server	00535e07	51	FUN_00535e07
game-server	00535e3a	22	FUN_00535e3a
game-server	00535e50	23	FUN_00535e50
game-server	00535e67	64	FUN_00535e67
game-server	00535ea7	14	?TopLeft@CRect@@QAEAAVCPoint@@XZ
game-server	00535eb5	17	FUN_00535eb5
game-server	00535ec6	14	FUN_00535ec6
game-server	00535ed4	17	FUN_00535ed4
game-server	00535ee5	74	FUN_00535ee5
game-server	00535f2f	23	?SwapLeftRight@CRect@@QAEXXZ
game-server	00535f46	36	?SwapLeftRight@CRect@@SAXPAUtagRECT@@@Z
game-server	00535f6a	14	FUN_00535f6a
game-server	00535f78	14	FUN_00535f78
game-server	00535f86	21	FUN_00535f86
game-server	00535f9b	67	?IsRectNull@CRect@@QBEHXZ
game-server	00535fde	31	FUN_00535fde
game-server	00535ffd	39	?SetRect@CRect@@QAEXHHHH@Z
game-server	00536024	39	FUN_00536024
game-server	0053604b	21	FUN_0053604b
game-server	00536060	27	FUN_00536060
game-server	0053607b	27	FUN_0053607b
game-server	00536096	31	FUN_00536096
game-server	005360b5	31	FUN_005360b5
game-server	005360d4	35	FUN_005360d4
game-server	005360f7	35	FUN_005360f7
game-server	0053611a	31	?OffsetRect@CRect@@QAEXHH@Z
game-server	00536139	31	?OffsetRect@CRect@@QAEXUtagPOINT@@@Z
game-server	00536158	31	FUN_00536158
game-server	00536177	31	FUN_00536177
game-server	00536196	31	FUN_00536196
game-server	005361b5	27	??4CRect@@QAEXABUtagRECT@@@Z
game-server	005361d0	27	FUN_005361d0
game-server	005361eb	32	??9CRect@@QBEHABUtagRECT@@@Z
game-server	0053620b	31	FUN_0053620b
game-server	0053622a	31	FUN_0053622a
game-server	00536249	25	??YCRect@@QAEXPBUtagRECT@@@Z
game-server	00536262	35	FUN_00536262
game-server	00536285	35	FUN_00536285
game-server	005362a8	25	??ZCRect@@QAEXPBUtagRECT@@@Z
game-server	005362c1	31	FUN_005362c1
game-server	005362e0	31	FUN_005362e0
game-server	005362ff	88	FID_conflict:??HCRect@@QBE?AV0@UtagSIZE@@@Z
game-server	00536357	92	FID_conflict:??GCRect@@QBE?AV0@UtagPOINT@@@Z
game-server	005363b3	88	FID_conflict:??HCRect@@QBE?AV0@UtagSIZE@@@Z
game-server	0053640b	92	FID_conflict:??GCRect@@QBE?AV0@UtagPOINT@@@Z
game-server	00536467	68	??HCRect@@QBE?AV0@PBUtagRECT@@@Z
game-server	005364ab	68	??GCRect@@QBE?AV0@PBUtagRECT@@@Z
game-server	005364ef	70	FID_conflict:??ICRect@@QBE?AV0@ABUtagRECT@@@Z
game-server	00536535	70	FID_conflict:??ICRect@@QBE?AV0@ABUtagRECT@@@Z
game-server	0053657b	31	FUN_0053657b
game-server	0053659a	24	FUN_0053659a
game-server	005365b2	24	FUN_005365b2
game-server	005365ca	24	FUN_005365ca
game-server	005365e2	24	FUN_005365e2
game-server	005365fa	24	FUN_005365fa
game-server	00536612	24	FUN_00536612
game-server	0053662a	31	FUN_0053662a
game-server	00536649	49	FID_conflict:??0CNotSupportedException@@QAE@HI@Z
game-server	0053667a	28	FUN_0053667a
game-server	00536696	31	FUN_00536696
game-server	005366b5	49	FID_conflict:??0CNotSupportedException@@QAE@HI@Z
game-server	005366e6	28	FUN_005366e6
game-server	00536702	40	??BCGdiObject@@QBEPAXXZ
game-server	0053672a	40	FID_conflict:?GetSafeHdc@CDC@@QBEPAUHDC__@@XZ
game-server	00536752	41	??0CGdiObject@@QAE@XZ
game-server	0053677b	81	FID_conflict:??1CMenu@@UAE@XZ
game-server	005367cc	75	FUN_005367cc
game-server	00536817	41	?CreateStockObject@CGdiObject@@QAEHH@Z
game-server	00536840	65	FUN_00536840
game-server	00536881	24	FUN_00536881
game-server	00536899	34	??8CGdiObject@@QBEHABV0@@Z
game-server	005368bb	34	??9CGdiObject@@QBEHABV0@@Z
game-server	005368dd	40	FUN_005368dd
game-server	00536905	16	FUN_00536905
game-server	00536915	31	FUN_00536915
game-server	00536934	28	FUN_00536934
game-server	00536950	40	FUN_00536950
game-server	00536978	32	FUN_00536978
game-server	00536998	48	FUN_00536998
game-server	005369c8	73	FUN_005369c8
game-server	00536a11	73	FUN_00536a11
game-server	00536a5a	40	FUN_00536a5a
game-server	00536a82	16	FUN_00536a82
game-server	00536a92	31	FUN_00536a92
game-server	00536ab1	28	FUN_00536ab1
game-server	00536acd	32	FUN_00536acd
game-server	00536aed	36	FUN_00536aed
game-server	00536b11	32	FUN_00536b11
game-server	00536b31	37	FUN_00536b31
game-server	00536b56	36	FUN_00536b56
game-server	00536b7a	32	FUN_00536b7a
game-server	00536b9a	73	FUN_00536b9a
game-server	00536be3	40	FUN_00536be3
game-server	00536c0b	16	?FromHandle@CFont@@SGPAV1@PAUHFONT__@@@Z
game-server	00536c1b	31	FUN_00536c1b
game-server	00536c3a	28	FUN_00536c3a
game-server	00536c56	32	FUN_00536c56
game-server	00536c76	130	FUN_00536c76
game-server	00536cf8	73	FUN_00536cf8
game-server	00536d41	40	FUN_00536d41
game-server	00536d69	16	FUN_00536d69
game-server	00536d79	31	FUN_00536d79
game-server	00536d98	28	FUN_00536d98
game-server	00536db4	48	FUN_00536db4
game-server	00536de4	32	FUN_00536de4
game-server	00536e04	34	FUN_00536e04
game-server	00536e26	34	FUN_00536e26
game-server	00536e48	38	FUN_00536e48
game-server	00536e6e	56	FUN_00536e6e
game-server	00536ea6	95	FUN_00536ea6
game-server	00536f05	87	FUN_00536f05
game-server	00536f5c	43	FUN_00536f5c
game-server	00536f87	39	FUN_00536f87
game-server	00536fae	43	FUN_00536fae
game-server	00536fd9	43	FUN_00536fd9
game-server	00537004	73	FUN_00537004
game-server	0053704d	40	FUN_0053704d
game-server	00537075	16	FUN_00537075
game-server	00537085	31	FUN_00537085
game-server	005370a4	28	FUN_005370a4
game-server	005370c0	32	FUN_005370c0
game-server	005370e0	82	FUN_005370e0
game-server	00537132	79	FUN_00537132
game-server	00537181	79	FUN_00537181
game-server	005371d0	79	FUN_005371d0
game-server	0053721f	71	FUN_0053721f
game-server	00537266	71	FUN_00537266
game-server	005372ad	81	FUN_005372ad
game-server	005372fe	40	FUN_005372fe
game-server	00537326	16	FUN_00537326
game-server	00537336	31	??0CRgn@@QAE@XZ
game-server	00537355	28	FUN_00537355
game-server	00537371	44	FUN_00537371
game-server	0053739d	32	?CreateRectRgnIndirect@CRgn@@QAEHPBUtagRECT@@@Z
game-server	005373bd	44	FUN_005373bd
game-server	005373e9	32	FUN_005373e9
game-server	00537409	40	FUN_00537409
game-server	00537431	44	FUN_00537431
game-server	0053745d	52	?CreateRoundRectRgn@CRgn@@QAEHHHHHHH@Z
game-server	00537491	73	FUN_00537491
game-server	005374da	40	FUN_005374da
game-server	00537502	75	FUN_00537502
game-server	0053754d	83	FUN_0053754d
game-server	005375a0	94	FUN_005375a0
game-server	005375fe	89	FUN_005375fe
game-server	00537657	80	FUN_00537657
game-server	005376a7	76	FUN_005376a7
game-server	005376f3	75	FUN_005376f3
game-server	0053773e	75	FUN_0053773e
game-server	00537789	71	FUN_00537789
game-server	005377d0	75	FUN_005377d0
game-server	0053781b	75	FUN_0053781b
game-server	00537866	71	FUN_00537866
game-server	005378ad	40	FUN_005378ad
game-server	005378d5	40	?GetSafeHdc@CDC@@QBEPAUHDC__@@XZ
game-server	005378fd	71	FUN_005378fd
game-server	00537944	17	FUN_00537944
game-server	00537955	44	FUN_00537955
game-server	00537981	44	FUN_00537981
game-server	005379ad	37	FUN_005379ad
game-server	005379d2	74	FUN_005379d2
game-server	00537a1c	71	FUN_00537a1c
game-server	00537a63	122	FUN_00537a63
game-server	00537add	130	FUN_00537add
game-server	00537b5f	128	FUN_00537b5f
game-server	00537bdf	79	FUN_00537bdf
game-server	00537c2e	75	FUN_00537c2e
game-server	00537c79	75	FUN_00537c79
game-server	00537cc4	99	FUN_00537cc4
game-server	00537d27	71	FUN_00537d27
game-server	00537d6e	65	FUN_00537d6e
game-server	00537daf	65	FUN_00537daf
game-server	00537df0	65	FUN_00537df0
game-server	00537e31	65	FUN_00537e31
game-server	00537e72	65	FUN_00537e72
game-server	00537eb3	65	FUN_00537eb3
game-server	00537ef4	65	FUN_00537ef4
game-server	00537f35	65	FUN_00537f35
game-server	00537f76	65	FUN_00537f76
game-server	00537fb7	122	FUN_00537fb7
game-server	00538031	122	FUN_00538031
game-server	005380ab	122	FUN_005380ab
game-server	00538125	122	FUN_00538125
game-server	0053819f	95	FUN_0053819f
game-server	005381fe	95	FUN_005381fe
game-server	0053825d	92	FUN_0053825d
game-server	005382b9	95	FUN_005382b9
game-server	00538318	105	FUN_00538318
game-server	00538381	103	FUN_00538381
game-server	005383e8	105	FUN_005383e8
game-server	00538451	103	FUN_00538451
game-server	005384b8	85	FUN_005384b8
game-server	0053850d	93	FUN_0053850d
game-server	0053856a	76	FUN_0053856a
game-server	005385b6	76	FUN_005385b6
game-server	00538602	75	FUN_00538602
game-server	0053864d	73	FUN_0053864d
game-server	00538696	71	FUN_00538696
game-server	005386dd	122	FUN_005386dd
game-server	00538757	92	FUN_00538757
game-server	005387b3	70	FUN_005387b3
game-server	005387f9	99	FUN_005387f9
game-server	0053885c	110	FUN_0053885c
game-server	005388ca	75	FUN_005388ca
game-server	00538915	80	FUN_00538915
game-server	00538965	80	FUN_00538965
game-server	005389b5	71	FUN_005389b5
game-server	005389fc	79	FUN_005389fc
game-server	00538a4b	79	FUN_00538a4b
game-server	00538a9a	101	FUN_00538a9a
game-server	00538aff	111	FUN_00538aff
game-server	00538b6e	101	FUN_00538b6e
game-server	00538bd3	106	FUN_00538bd3
game-server	00538c3d	112	FUN_00538c3d
game-server	00538cad	117	FUN_00538cad
game-server	00538d22	100	FUN_00538d22
game-server	00538d86	105	FUN_00538d86
game-server	00538def	79	FUN_00538def
game-server	00538e3e	79	FUN_00538e3e
game-server	00538e8d	99	FUN_00538e8d
game-server	00538ef0	110	FUN_00538ef0
game-server	00538f5e	71	FUN_00538f5e
game-server	00538fa5	83	FUN_00538fa5
game-server	00538ff8	94	FUN_00538ff8
game-server	00539056	99	FUN_00539056
game-server	005390b9	110	FUN_005390b9
game-server	00539127	75	FUN_00539127
game-server	00539172	79	FUN_00539172
game-server	005391c1	83	FUN_005391c1
game-server	00539214	94	FUN_00539214
game-server	00539272	91	FUN_00539272
game-server	005392cd	102	FUN_005392cd
game-server	00539333	87	FUN_00539333
game-server	0053938a	104	FUN_0053938a
game-server	005393f2	112	FUN_005393f2
game-server	00539462	75	FUN_00539462
game-server	005394ad	75	FUN_005394ad
game-server	005394f8	79	FUN_005394f8
game-server	00539547	79	FUN_00539547
game-server	00539596	79	FUN_00539596
game-server	005395e5	83	FUN_005395e5
game-server	00539638	83	FUN_00539638
game-server	0053968b	91	FUN_0053968b
game-server	005396e6	95	FUN_005396e6
game-server	00539745	105	FUN_00539745
game-server	005397ae	107	FUN_005397ae
game-server	00539819	117	FUN_00539819
game-server	0053988e	83	FUN_0053988e
game-server	005398e1	177	FUN_005398e1
game-server	00539992	130	FUN_00539992
game-server	00539a14	140	FUN_00539a14
game-server	00539aa0	130	FUN_00539aa0
game-server	00539b22	140	FUN_00539b22
game-server	00539bae	95	FUN_00539bae
game-server	00539c0d	105	FUN_00539c0d
game-server	00539c76	95	FUN_00539c76
game-server	00539cd5	105	FUN_00539cd5
game-server	00539d3e	104	FUN_00539d3e
game-server	00539da6	65	FUN_00539da6
game-server	00539de7	75	FUN_00539de7
game-server	00539e32	104	FUN_00539e32
game-server	00539e9a	71	FUN_00539e9a
game-server	00539ee1	71	FUN_00539ee1
game-server	00539f28	65	FUN_00539f28
game-server	00539f69	79	FUN_00539f69
game-server	00539fb8	79	FUN_00539fb8
game-server	0053a007	122	FUN_0053a007
game-server	0053a081	96	FUN_0053a081
game-server	0053a0e1	83	FUN_0053a0e1
game-server	0053a134	75	FUN_0053a134
game-server	0053a17f	75	FUN_0053a17f
game-server	0053a1ca	77	FUN_0053a1ca
game-server	0053a217	75	FUN_0053a217
game-server	0053a262	79	FUN_0053a262
game-server	0053a2b1	83	FUN_0053a2b1
game-server	0053a304	75	FUN_0053a304
game-server	0053a34f	91	FUN_0053a34f
game-server	0053a3aa	71	FUN_0053a3aa
game-server	0053a3f1	65	FUN_0053a3f1
game-server	0053a432	65	FUN_0053a432
game-server	0053a473	71	FUN_0053a473
game-server	0053a4ba	65	FUN_0053a4ba
game-server	0053a4fb	65	FUN_0053a4fb
game-server	0053a53c	119	FUN_0053a53c
game-server	0053a5b3	111	FUN_0053a5b3
game-server	0053a622	79	FUN_0053a622
game-server	0053a671	79	FUN_0053a671
game-server	0053a6c0	87	FUN_0053a6c0
game-server	0053a717	105	FUN_0053a717
game-server	0053a780	65	FUN_0053a780
game-server	0053a7c1	79	FUN_0053a7c1
game-server	0053a810	71	FUN_0053a810
game-server	0053a857	73	FUN_0053a857
game-server	0053a8a0	73	FUN_0053a8a0
game-server	0053a8e9	73	FUN_0053a8e9
game-server	0053a932	73	FUN_0053a932
game-server	0053a97b	73	FUN_0053a97b
game-server	0053a9c4	75	FUN_0053a9c4
game-server	0053aa0f	79	FUN_0053aa0f
game-server	0053aa5e	87	FUN_0053aa5e
game-server	0053aab5	79	FUN_0053aab5
game-server	0053ab04	79	FUN_0053ab04
game-server	0053ab53	65	FUN_0053ab53
game-server	0053ab94	65	FUN_0053ab94
game-server	0053abd5	65	FUN_0053abd5
game-server	0053ac16	65	FUN_0053ac16
game-server	0053ac57	65	FUN_0053ac57
game-server	0053ac98	65	FUN_0053ac98
game-server	0053acd9	104	FUN_0053acd9
game-server	0053ad41	79	FUN_0053ad41
game-server	0053ad90	73	FUN_0053ad90
game-server	0053add9	65	FUN_0053add9
game-server	0053ae1a	65	FUN_0053ae1a
game-server	0053ae5b	65	FUN_0053ae5b
game-server	0053ae9c	75	FUN_0053ae9c
game-server	0053aee7	75	FUN_0053aee7
game-server	0053af32	41	FID_conflict:??0CImageList@@QAE@XZ
game-server	0053af5b	81	FID_conflict:??1CMenu@@UAE@XZ
game-server	0053afac	26	FUN_0053afac
game-server	0053afc6	26	FUN_0053afc6
game-server	0053afe0	104	FUN_0053afe0
game-server	0053b048	34	FUN_0053b048
game-server	0053b06a	34	FUN_0053b06a
game-server	0053b08c	104	FUN_0053b08c
game-server	0053b0f4	83	FUN_0053b0f4
game-server	0053b147	87	FUN_0053b147
game-server	0053b19e	95	FUN_0053b19e
game-server	0053b1fd	83	FUN_0053b1fd
game-server	0053b250	83	FUN_0053b250
game-server	0053b2a3	83	FUN_0053b2a3
game-server	0053b2f6	83	FUN_0053b2f6
game-server	0053b349	73	FUN_0053b349
game-server	0053b392	79	FUN_0053b392
game-server	0053b3e1	83	FUN_0053b3e1
game-server	0053b434	91	FUN_0053b434
game-server	0053b48f	120	FUN_0053b48f
game-server	0053b507	136	FUN_0053b507
game-server	0053b58f	85	FUN_0053b58f
game-server	0053b5e4	91	FUN_0053b5e4
game-server	0053b63f	99	FUN_0053b63f
game-server	0053b6a2	91	FUN_0053b6a2
game-server	0053b6fd	99	FUN_0053b6fd
game-server	0053b760	83	FUN_0053b760
game-server	0053b7b3	101	FUN_0053b7b3
game-server	0053b818	38	FUN_0053b818
game-server	0053b83e	43	FUN_0053b83e
game-server	0053b869	32	FUN_0053b869
game-server	0053b889	30	?SetMenuContextHelpId@CMenu@@QAEHK@Z
game-server	0053b8a7	24	FUN_0053b8a7
game-server	0053b8bf	42	?CheckMenuRadioItem@CMenu@@QAEHIIII@Z
game-server	0053b8e9	21	?ContinueRouting@CCmdUI@@QAEXXZ
game-server	0053b900	43	FUN_0053b900
game-server	0053b930	43	FUN_0053b930
game-server	0053b960	43	FUN_0053b960
game-server	0053b990	43	FUN_0053b990
game-server	0053b9c0	43	FUN_0053b9c0
game-server	0053b9f0	43	FUN_0053b9f0
game-server	0053ba20	43	FUN_0053ba20
game-server	0053ba50	43	FUN_0053ba50
game-server	0053ba80	43	FUN_0053ba80
game-server	0053bab0	43	FUN_0053bab0
game-server	0053bae0	40	??BCWnd@@QBEPAUHWND__@@XZ
game-server	0053bb08	34	FUN_0053bb08
game-server	0053bb2a	34	??9CWnd@@QBEHABV0@@Z
game-server	0053bb4c	40	FUN_0053bb4c
game-server	0053bb74	53	?GetOwner@CWnd@@QBEPAV1@XZ
game-server	0053bba9	48	?SetOwner@CWnd@@QAEXPAV1@@Z
game-server	0053bbd9	84	FUN_0053bbd9
game-server	0053bc2d	84	FUN_0053bc2d
game-server	0053bc81	87	FUN_0053bc81
game-server	0053bcd8	82	FUN_0053bcd8
game-server	0053bd2a	76	FUN_0053bd2a
game-server	0053bd76	81	FUN_0053bd76
game-server	0053bdc7	70	FUN_0053bdc7
game-server	0053be0d	82	FUN_0053be0d
game-server	0053be5f	87	FUN_0053be5f
game-server	0053beb6	70	FUN_0053beb6
game-server	0053befc	70	FUN_0053befc
game-server	0053bf42	63	?MoveWindow@CWnd@@QAEXPBUtagRECT@@H@Z
game-server	0053bf81	70	FUN_0053bf81
game-server	0053bfc7	80	FUN_0053bfc7
game-server	0053c017	82	FUN_0053c017
game-server	0053c069	70	FUN_0053c069
game-server	0053c0af	76	FUN_0053c0af
game-server	0053c0fb	76	FUN_0053c0fb
game-server	0053c147	89	FUN_0053c147
game-server	0053c1a0	87	FUN_0053c1a0
game-server	0053c1f7	76	FUN_0053c1f7
game-server	0053c243	76	FUN_0053c243
game-server	0053c28f	82	FUN_0053c28f
game-server	0053c2e1	76	FUN_0053c2e1
game-server	0053c32d	76	FUN_0053c32d
game-server	0053c379	76	FUN_0053c379
game-server	0053c3c5	79	FUN_0053c3c5
game-server	0053c414	70	FUN_0053c414
game-server	0053c45a	80	FUN_0053c45a
game-server	0053c4aa	80	FUN_0053c4aa
game-server	0053c4fa	85	FUN_0053c4fa
game-server	0053c54f	78	FUN_0053c54f
game-server	0053c59d	83	FUN_0053c59d
game-server	0053c5f0	88	FUN_0053c5f0
game-server	0053c648	79	FUN_0053c648
game-server	0053c697	84	FUN_0053c697
game-server	0053c6eb	73	FUN_0053c6eb
game-server	0053c734	79	FUN_0053c734
game-server	0053c783	94	FUN_0053c783
game-server	0053c7e1	82	FUN_0053c7e1
game-server	0053c833	94	FUN_0053c833
game-server	0053c891	73	FUN_0053c891
game-server	0053c8da	68	FUN_0053c8da
game-server	0053c91e	92	FUN_0053c91e
game-server	0053c97a	83	FUN_0053c97a
game-server	0053c9cd	87	FUN_0053c9cd
game-server	0053ca24	79	FUN_0053ca24
game-server	0053ca73	17	?GetActiveWindow@CWnd@@SGPAV1@XZ
game-server	0053ca84	79	FUN_0053ca84
game-server	0053cad3	17	?GetCapture@CWnd@@SGPAV1@XZ
game-server	0053cae4	79	FUN_0053cae4
game-server	0053cb33	17	?GetFocus@CWnd@@SGPAV1@XZ
game-server	0053cb44	17	?GetDesktopWindow@CWnd@@SGPAV1@XZ
game-server	0053cb55	91	FUN_0053cb55
game-server	0053cbb0	91	FUN_0053cbb0
game-server	0053cc0b	88	FUN_0053cc0b
game-server	0053cc63	88	FUN_0053cc63
game-server	0053ccbb	94	FUN_0053ccbb
game-server	0053cd19	94	FUN_0053cd19
game-server	0053cd77	83	FUN_0053cd77
game-server	0053cdca	89	FUN_0053cdca
game-server	0053ce23	93	FUN_0053ce23
game-server	0053ce80	27	FUN_0053ce80
game-server	0053ce9b	87	FUN_0053ce9b
game-server	0053cef2	79	FUN_0053cef2
game-server	0053cf41	85	FUN_0053cf41
game-server	0053cf96	79	FUN_0053cf96
game-server	0053cfe5	84	FUN_0053cfe5
game-server	0053d039	79	FUN_0053d039
game-server	0053d088	90	FUN_0053d088
game-server	0053d0e2	27	FUN_0053d0e2
game-server	0053d0fd	79	FUN_0053d0fd
game-server	0053d14c	79	FUN_0053d14c
game-server	0053d19b	73	FUN_0053d19b
game-server	0053d1e4	73	FUN_0053d1e4
game-server	0053d22d	17	FUN_0053d22d
game-server	0053d23e	17	FUN_0053d23e
game-server	0053d24f	17	FUN_0053d24f
game-server	0053d260	88	FUN_0053d260
game-server	0053d2b8	85	FUN_0053d2b8
game-server	0053d30d	85	FUN_0053d30d
game-server	0053d362	47	?GetCaretPos@CWnd@@SG?AVCPoint@@XZ
game-server	0053d391	21	FUN_0053d391
game-server	0053d3a6	73	FUN_0053d3a6
game-server	0053d3ef	73	FUN_0053d3ef
game-server	0053d438	73	FUN_0053d438
game-server	0053d481	17	?GetForegroundWindow@CWnd@@SGPAV1@XZ
game-server	0053d492	87	FUN_0053d492
game-server	0053d4e9	88	FUN_0053d4e9
game-server	0053d541	83	FUN_0053d541
game-server	0053d594	93	FUN_0053d594
game-server	0053d5f1	93	FUN_0053d5f1
game-server	0053d64e	79	FUN_0053d64e
game-server	0053d69d	73	FUN_0053d69d
game-server	0053d6e6	21	FUN_0053d6e6
game-server	0053d6fb	21	FUN_0053d6fb
game-server	0053d710	19	FUN_0053d710
game-server	0053d723	19	FUN_0053d723
game-server	0053d736	19	FUN_0053d736
game-server	0053d749	21	FUN_0053d749
game-server	0053d75e	21	FUN_0053d75e
game-server	0053d773	21	FID_conflict:?OnCreate@CWnd@@IAEHPAUtagCREATESTRUCTW@@@Z
game-server	0053d788	21	FUN_0053d788
game-server	0053d79d	21	FUN_0053d79d
game-server	0053d7b2	21	?OnEraseBkgnd@CWnd@@IAEHPAVCDC@@@Z
game-server	0053d7c7	21	?OnGetMinMaxInfo@CWnd@@IAEXPAUtagMINMAXINFO@@@Z
game-server	0053d7dc	21	FUN_0053d7dc
game-server	0053d7f1	21	FUN_0053d7f1
game-server	0053d806	21	FUN_0053d806
game-server	0053d81b	21	FUN_0053d81b
game-server	0053d830	21	FUN_0053d830
game-server	0053d845	19	FUN_0053d845
game-server	0053d858	19	FUN_0053d858
game-server	0053d86b	19	FUN_0053d86b
game-server	0053d87e	19	FUN_0053d87e
game-server	0053d891	19	FUN_0053d891
game-server	0053d8a4	21	?OnSetCursor@CWnd@@IAEHPAV1@II@Z
game-server	0053d8b9	21	FUN_0053d8b9
game-server	0053d8ce	21	FUN_0053d8ce
game-server	0053d8e3	21	?OnSize@CWnd@@IAEXIHH@Z
game-server	0053d8f8	21	FUN_0053d8f8
game-server	0053d90d	21	?OnWindowPosChanging@CWnd@@IAEXPAUtagWINDOWPOS@@@Z
game-server	0053d922	21	FUN_0053d922
game-server	0053d937	21	FUN_0053d937
game-server	0053d94c	21	FUN_0053d94c
game-server	0053d961	21	FUN_0053d961
game-server	0053d976	21	FUN_0053d976
game-server	0053d98b	21	FID_conflict:?OnNcCreate@CWnd@@IAEHPAUtagCREATESTRUCTA@@@Z
game-server	0053d9a0	21	FUN_0053d9a0
game-server	0053d9b5	21	FUN_0053d9b5
game-server	0053d9ca	21	FUN_0053d9ca
game-server	0053d9df	21	FUN_0053d9df
game-server	0053d9f4	21	FUN_0053d9f4
game-server	0053da09	21	FUN_0053da09
game-server	0053da1e	21	FUN_0053da1e
game-server	0053da33	21	FUN_0053da33
game-server	0053da48	19	FUN_0053da48
game-server	0053da5b	21	FUN_0053da5b
game-server	0053da70	21	FUN_0053da70
game-server	0053da85	21	FUN_0053da85
game-server	0053da9a	21	FUN_0053da9a
game-server	0053daaf	21	FUN_0053daaf
game-server	0053dac4	21	FUN_0053dac4
game-server	0053dad9	21	FUN_0053dad9
game-server	0053daee	21	FUN_0053daee
game-server	0053db03	21	FUN_0053db03
game-server	0053db18	19	FUN_0053db18
game-server	0053db2b	21	FUN_0053db2b
game-server	0053db40	21	FUN_0053db40
game-server	0053db55	19	FUN_0053db55
game-server	0053db68	21	FUN_0053db68
game-server	0053db7d	21	FUN_0053db7d
game-server	0053db92	21	FUN_0053db92
game-server	0053dba7	21	FUN_0053dba7
game-server	0053dbbc	21	?OnLButtonDblClk@CWnd@@IAEXIVCPoint@@@Z
game-server	0053dbd1	21	FUN_0053dbd1
game-server	0053dbe6	21	FUN_0053dbe6
game-server	0053dbfb	21	FUN_0053dbfb
game-server	0053dc10	21	FUN_0053dc10
game-server	0053dc25	21	FUN_0053dc25
game-server	0053dc3a	21	?OnMouseActivate@CWnd@@IAEHPAV1@II@Z
game-server	0053dc4f	21	FUN_0053dc4f
game-server	0053dc64	21	FUN_0053dc64
game-server	0053dc79	21	FUN_0053dc79
game-server	0053dc8e	21	FUN_0053dc8e
game-server	0053dca3	21	FUN_0053dca3
game-server	0053dcb8	21	FUN_0053dcb8
game-server	0053dccd	21	FUN_0053dccd
game-server	0053dce2	21	FUN_0053dce2
game-server	0053dcf7	21	FUN_0053dcf7
game-server	0053dd0c	21	FUN_0053dd0c
game-server	0053dd21	21	FUN_0053dd21
game-server	0053dd36	19	FUN_0053dd36
game-server	0053dd49	19	FUN_0053dd49
game-server	0053dd5c	21	FUN_0053dd5c
game-server	0053dd71	21	FUN_0053dd71
game-server	0053dd86	19	FUN_0053dd86
game-server	0053dd99	21	FUN_0053dd99
game-server	0053ddae	21	FUN_0053ddae
game-server	0053ddc3	21	FUN_0053ddc3
game-server	0053ddd8	19	FUN_0053ddd8
game-server	0053ddeb	21	FUN_0053ddeb
game-server	0053de00	21	FUN_0053de00
game-server	0053de15	21	FUN_0053de15
game-server	0053de2a	21	FUN_0053de2a
game-server	0053de3f	21	FUN_0053de3f
game-server	0053de54	21	FUN_0053de54
game-server	0053de69	21	FUN_0053de69
game-server	0053de7e	21	FUN_0053de7e
game-server	0053de93	21	FUN_0053de93
game-server	0053dea8	13	FUN_0053dea8
game-server	0053deb5	26	FUN_0053deb5
game-server	0053decf	26	FUN_0053decf
game-server	0053dee9	32	FUN_0053dee9
game-server	0053df09	45	FUN_0053df09
game-server	0053df36	28	?InModalState@CFrameWnd@@QBEHXZ
game-server	0053df52	28	FUN_0053df52
game-server	0053df6e	31	FUN_0053df6e
game-server	0053df8d	51	FUN_0053df8d
game-server	0053dfc0	35	FUN_0053dfc0
game-server	0053dfe3	79	FUN_0053dfe3
game-server	0053e032	22	FUN_0053e032
game-server	0053e048	79	FUN_0053e048
game-server	0053e097	79	FUN_0053e097
game-server	0053e0e6	86	FUN_0053e0e6
game-server	0053e13c	86	FUN_0053e13c
game-server	0053e192	82	FUN_0053e192
game-server	0053e1e4	31	FUN_0053e1e4
game-server	0053e203	86	FUN_0053e203
game-server	0053e259	82	FUN_0053e259
game-server	0053e2ab	86	FUN_0053e2ab
game-server	0053e301	82	FUN_0053e301
game-server	0053e353	86	FUN_0053e353
game-server	0053e3a9	82	FUN_0053e3a9
game-server	0053e3fb	86	FUN_0053e3fb
game-server	0053e451	82	FUN_0053e451
game-server	0053e4a3	31	FUN_0053e4a3
game-server	0053e4c2	82	FUN_0053e4c2
game-server	0053e514	37	?SetState@CButton@@QAEXH@Z
game-server	0053e539	82	FUN_0053e539
game-server	0053e58b	86	FUN_0053e58b
game-server	0053e5e1	80	FUN_0053e5e1
game-server	0053e631	88	FUN_0053e631
game-server	0053e689	86	FUN_0053e689
game-server	0053e6df	82	FUN_0053e6df
game-server	0053e731	86	FUN_0053e731
game-server	0053e787	82	FUN_0053e787
game-server	0053e7d9	86	FUN_0053e7d9
game-server	0053e82f	82	FUN_0053e82f
game-server	0053e881	31	FUN_0053e881
game-server	0053e8a0	82	FUN_0053e8a0
game-server	0053e8f2	82	FUN_0053e8f2
game-server	0053e944	86	FUN_0053e944
game-server	0053e99a	82	FUN_0053e99a
game-server	0053e9ec	86	FUN_0053e9ec
game-server	0053ea42	82	FUN_0053ea42
game-server	0053ea94	88	FUN_0053ea94
game-server	0053eaec	82	FUN_0053eaec
game-server	0053eb3e	86	FUN_0053eb3e
game-server	0053eb94	86	FUN_0053eb94
game-server	0053ebea	88	FUN_0053ebea
game-server	0053ec42	86	FUN_0053ec42
game-server	0053ec98	78	FUN_0053ec98
game-server	0053ece6	88	FUN_0053ece6
game-server	0053ed3e	86	FUN_0053ed3e
game-server	0053ed94	88	FUN_0053ed94
game-server	0053edec	88	FUN_0053edec
game-server	0053ee44	86	FUN_0053ee44
game-server	0053ee9a	86	FUN_0053ee9a
game-server	0053eef0	88	FUN_0053eef0
game-server	0053ef48	112	FUN_0053ef48
game-server	0053efb8	86	FUN_0053efb8
game-server	0053f00e	93	FUN_0053f00e
game-server	0053f06b	86	FUN_0053f06b
game-server	0053f0c1	88	FUN_0053f0c1
game-server	0053f119	82	FUN_0053f119
game-server	0053f16b	93	FUN_0053f16b
game-server	0053f1c8	86	FUN_0053f1c8
game-server	0053f21e	86	FUN_0053f21e
game-server	0053f274	88	FUN_0053f274
game-server	0053f2cc	82	FUN_0053f2cc
game-server	0053f31e	88	FUN_0053f31e
game-server	0053f376	88	FUN_0053f376
game-server	0053f3ce	88	FUN_0053f3ce
game-server	0053f426	133	FUN_0053f426
game-server	0053f4ab	86	FUN_0053f4ab
game-server	0053f501	82	FUN_0053f501
game-server	0053f553	82	FUN_0053f553
game-server	0053f5a5	86	FUN_0053f5a5
game-server	0053f5fb	88	FUN_0053f5fb
game-server	0053f653	51	FUN_0053f653
game-server	0053f686	17	FUN_0053f686
game-server	0053f697	31	FUN_0053f697
game-server	0053f6b6	82	FUN_0053f6b6
game-server	0053f708	82	FUN_0053f708
game-server	0053f75a	86	FUN_0053f75a
game-server	0053f7b0	82	FUN_0053f7b0
game-server	0053f802	86	FUN_0053f802
game-server	0053f858	105	FUN_0053f858
game-server	0053f8c1	86	FUN_0053f8c1
game-server	0053f917	88	FUN_0053f917
game-server	0053f96f	74	FUN_0053f96f
game-server	0053f9b9	78	FUN_0053f9b9
game-server	0053fa07	88	FUN_0053fa07
game-server	0053fa5f	86	FUN_0053fa5f
game-server	0053fab5	86	FUN_0053fab5
game-server	0053fb0b	86	FUN_0053fb0b
game-server	0053fb61	86	FUN_0053fb61
game-server	0053fbb7	88	FUN_0053fbb7
game-server	0053fc0f	82	FUN_0053fc0f
game-server	0053fc61	88	FUN_0053fc61
game-server	0053fcb9	88	FUN_0053fcb9
game-server	0053fd11	88	FUN_0053fd11
game-server	0053fd69	82	FUN_0053fd69
game-server	0053fdbb	82	FUN_0053fdbb
game-server	0053fe0d	82	FUN_0053fe0d
game-server	0053fe5f	82	FUN_0053fe5f
game-server	0053feb1	93	FUN_0053feb1
game-server	0053ff0e	86	FUN_0053ff0e
game-server	0053ff64	88	FUN_0053ff64
game-server	0053ffbc	86	FUN_0053ffbc
game-server	00540012	82	FUN_00540012
game-server	00540064	86	FUN_00540064
game-server	005400ba	82	FUN_005400ba
game-server	0054010c	82	FUN_0054010c
game-server	0054015e	86	FUN_0054015e
game-server	005401b4	82	FUN_005401b4
game-server	00540206	86	FUN_00540206
game-server	0054025c	88	FUN_0054025c
game-server	005402b4	86	FUN_005402b4
game-server	0054030a	82	FUN_0054030a
game-server	0054035c	86	FUN_0054035c
game-server	005403b2	82	FUN_005403b2
game-server	00540404	31	FUN_00540404
game-server	00540423	82	FUN_00540423
game-server	00540475	82	FUN_00540475
game-server	005404c7	82	FUN_005404c7
game-server	00540519	86	FUN_00540519
game-server	0054056f	86	FUN_0054056f
game-server	005405c5	88	FUN_005405c5
game-server	0054061d	82	FUN_0054061d
game-server	0054066f	82	FUN_0054066f
game-server	005406c1	86	FUN_005406c1
game-server	00540717	88	FUN_00540717
game-server	0054076f	98	FUN_0054076f
game-server	005407d1	82	FUN_005407d1
game-server	00540823	86	FUN_00540823
game-server	00540879	86	FUN_00540879
game-server	005408cf	86	FUN_005408cf
game-server	00540925	86	FUN_00540925
game-server	0054097b	86	FUN_0054097b
game-server	005409d1	88	FUN_005409d1
game-server	00540a29	88	FUN_00540a29
game-server	00540a81	87	FUN_00540a81
game-server	00540ad8	86	FUN_00540ad8
game-server	00540b2e	86	FUN_00540b2e
game-server	00540b84	135	FUN_00540b84
game-server	00540c0b	116	FUN_00540c0b
game-server	00540c7f	88	FUN_00540c7f
game-server	00540cd7	112	FUN_00540cd7
game-server	00540d47	86	FUN_00540d47
game-server	00540d9d	82	FUN_00540d9d
game-server	00540def	82	FUN_00540def
game-server	00540e41	82	FUN_00540e41
game-server	00540e93	82	FUN_00540e93
game-server	00540ee5	82	FUN_00540ee5
game-server	00540f37	86	FUN_00540f37
game-server	00540f8d	82	FUN_00540f8d
game-server	00540fdf	82	FUN_00540fdf
game-server	00541031	105	FUN_00541031
game-server	0054109a	82	FUN_0054109a
game-server	005410ec	86	FUN_005410ec
game-server	00541142	82	FUN_00541142
game-server	00541194	113	FUN_00541194
game-server	00541205	105	FUN_00541205
game-server	0054126e	31	FUN_0054126e
game-server	0054128d	75	FUN_0054128d
game-server	005412d8	85	FUN_005412d8
game-server	0054132d	85	FUN_0054132d
game-server	00541382	89	FUN_00541382
game-server	005413db	81	FUN_005413db
game-server	0054142c	81	FUN_0054142c
game-server	0054147d	31	FUN_0054147d
game-server	0054149c	31	FUN_0054149c
game-server	005414bb	21	FUN_005414bb
game-server	005414d0	92	FUN_005414d0
game-server	0054152c	85	FUN_0054152c
game-server	00541581	92	FUN_00541581
game-server	005415dd	85	FUN_005415dd
game-server	00541632	92	FUN_00541632
game-server	0054168e	107	FUN_0054168e
game-server	005416f9	85	FUN_005416f9
game-server	0054174e	85	FUN_0054174e
game-server	005417a3	89	FUN_005417a3
game-server	005417fc	89	FUN_005417fc
game-server	00541855	92	FUN_00541855
game-server	005418b1	92	FUN_005418b1
game-server	0054190d	92	FUN_0054190d
game-server	00541969	92	FUN_00541969
game-server	005419c5	55	FUN_005419c5
game-server	005419fc	71	FUN_005419fc
game-server	00541a43	55	FUN_00541a43
game-server	00541a7a	55	FUN_00541a7a
game-server	00541ab1	55	FUN_00541ab1
game-server	00541ae8	55	FUN_00541ae8
game-server	00541b1f	60	FUN_00541b1f
game-server	00541b5b	40	??BCWinThread@@QBEPAXXZ
game-server	00541b83	71	FUN_00541b83
game-server	00541bca	65	FUN_00541bca
game-server	00541c0b	65	FUN_00541c0b
game-server	00541c4c	65	FUN_00541c4c
game-server	00541c8d	79	FUN_00541c8d
game-server	00541cdc	29	FUN_00541cdc
game-server	00541cf9	34	FUN_00541cf9
game-server	00541d1b	25	FUN_00541d1b
game-server	00541d34	30	FUN_00541d34
game-server	00541d52	29	FUN_00541d52
game-server	00541d6f	34	FUN_00541d6f
game-server	00541d91	25	FUN_00541d91
game-server	00541daa	30	FUN_00541daa
game-server	00541dc8	26	??0CWaitCursor@@QAE@XZ
game-server	00541de2	23	??1CWaitCursor@@QAE@XZ
game-server	00541df9	23	FUN_00541df9
game-server	00541e10	73	FUN_00541e10
game-server	00541e59	73	FUN_00541e59
game-server	00541eb0	43	FUN_00541eb0
game-server	00541ee0	43	FUN_00541ee0
game-server	00541f10	43	FUN_00541f10
game-server	00541f40	43	FUN_00541f40
game-server	00541f70	19	FUN_00541f70
game-server	00541f90	43	FUN_00541f90
game-server	00541fc0	43	FUN_00541fc0
game-server	00541ff0	43	FUN_00541ff0
game-server	00542020	81	FUN_00542020
game-server	00542071	136	FUN_00542071
game-server	005420f9	154	FUN_005420f9
game-server	005421a0	43	FUN_005421a0
game-server	005421d0	16	FUN_005421d0
game-server	005421e0	112	FUN_005421e0
game-server	00542250	16	FUN_00542250
game-server	00542260	10	FUN_00542260
game-server	0054226a	20	FUN_0054226a
game-server	0054227e	28	FUN_0054227e
game-server	005422a0	16	FUN_005422a0
game-server	005422b0	110	FUN_005422b0
game-server	0054231e	16	FUN_0054231e
game-server	0054232e	110	FUN_0054232e
game-server	0054239c	16	FUN_0054239c
game-server	005423b0	31	FUN_005423b0
game-server	005423d0	43	FUN_005423d0
game-server	00542400	19	FUN_00542400
game-server	00542420	19	FUN_00542420
game-server	00542440	70	FUN_00542440
game-server	00542490	19	FUN_00542490
game-server	005424b0	16	FUN_005424b0
game-server	005424c0	19	FUN_005424c0
game-server	005424e0	70	FUN_005424e0
game-server	00542530	103	?CreateObject@CMDIChildWnd@@SGPAVCObject@@XZ
game-server	005425a0	70	FUN_005425a0
game-server	005425f0	100	FID_conflict:?CreateObject@?$CThreadLocal@V_AFXCTL_AMBIENT_CACHE@@@@SGPAVCNoTrackObject@@XZ
game-server	00542660	100	FID_conflict:?CreateObject@?$CThreadLocal@V_AFXCTL_AMBIENT_CACHE@@@@SGPAVCNoTrackObject@@XZ
game-server	005426d0	31	FID_conflict:??0_AFXCTL_AMBIENT_CACHE@@QAE@XZ
game-server	005426f0	43	FUN_005426f0
game-server	00542720	23	FUN_00542720
game-server	00542740	458	FUN_00542740
game-server	0054290a	228	?Dump@CCmdTarget@@UBEXAAVCDumpContext@@@Z
game-server	005429ee	19	FUN_005429ee
game-server	00542a01	16	FUN_00542a01
game-server	00542a20	112	FUN_00542a20
game-server	00542a90	16	FUN_00542a90
game-server	00542aa0	10	FUN_00542aa0
game-server	00542aaa	20	FUN_00542aaa
game-server	00542abe	28	FUN_00542abe
game-server	00542ae0	31	FID_conflict:??0_AFXCTL_AMBIENT_CACHE@@QAE@XZ
game-server	00542aff	560	FUN_00542aff
game-server	00542d2f	111	FUN_00542d2f
game-server	00542d9e	16	FUN_00542d9e
game-server	00542dae	256	FUN_00542dae
game-server	00542eae	148	FUN_00542eae
game-server	00542f42	172	FUN_00542f42
game-server	00542fee	129	FUN_00542fee
game-server	0054306f	96	FUN_0054306f
game-server	005430cf	266	FUN_005430cf
game-server	005431d9	166	FUN_005431d9
game-server	0054327f	98	FUN_0054327f
game-server	005432e1	675	FUN_005432e1
game-server	00543584	105	FUN_00543584
game-server	005435ed	133	FUN_005435ed
game-server	00543672	16	FUN_00543672
game-server	00543682	15	FUN_00543682
game-server	00543691	5	FUN_00543691
game-server	00543696	18	FUN_00543696
game-server	005436a8	15	FUN_005436a8
game-server	005436c0	43	FUN_005436c0
game-server	005436f0	43	FUN_005436f0
game-server	00543720	43	FUN_00543720
game-server	00543750	19	FUN_00543750
game-server	00543770	19	FUN_00543770
game-server	00543790	70	FUN_00543790
game-server	005437e0	100	FID_conflict:?CreateObject@?$CProcessLocal@V_AFX_COLOR_STATE@@@@SGPAVCNoTrackObject@@XZ
game-server	00543850	115	FUN_00543850
game-server	005438c3	115	FUN_005438c3
game-server	00543936	124	FUN_00543936
game-server	005439b2	16	FUN_005439b2
game-server	005439d0	43	FUN_005439d0
game-server	00543a00	19	FUN_00543a00
game-server	00543a20	27	FID_conflict:?GetDataNA@?$CThreadLocal@V_AFX_THREAD_STATE@@@@QAEPAV_AFX_THREAD_STATE@@XZ
game-server	00543a40	19	FUN_00543a40
game-server	00543a60	70	FUN_00543a60
game-server	00543ab0	100	FID_conflict:?CreateObject@?$CThreadLocal@V_AFXCTL_AMBIENT_CACHE@@@@SGPAVCNoTrackObject@@XZ
game-server	00543b20	31	FID_conflict:??0_AFXCTL_AMBIENT_CACHE@@QAE@XZ
game-server	00543b40	43	FUN_00543b40
game-server	00543b70	332	FUN_00543b70
game-server	00543cc0	16	FUN_00543cc0
game-server	00543cd0	16	FUN_00543cd0
game-server	00543ce0	16	FUN_00543ce0
game-server	00543cf0	16	FUN_00543cf0
game-server	00543d00	16	FUN_00543d00
game-server	00543d10	16	FUN_00543d10
game-server	00543d20	16	FUN_00543d20
game-server	00543d30	16	FUN_00543d30
game-server	00543d40	16	FUN_00543d40
game-server	00543d50	16	FUN_00543d50
game-server	00543d60	16	FUN_00543d60
game-server	00543d70	16	FUN_00543d70
game-server	00543d80	16	FUN_00543d80
game-server	00543d90	110	FID_conflict:?CreateObject@CImageList@@SGPAVCObject@@XZ
game-server	00543dfe	16	FUN_00543dfe
game-server	00543e0e	110	FUN_00543e0e
game-server	00543e7c	16	FUN_00543e7c
game-server	00543e8c	16	FUN_00543e8c
game-server	00543ea0	31	FUN_00543ea0
game-server	00543ec0	43	FUN_00543ec0
game-server	00543ef0	19	FUN_00543ef0
game-server	00543f10	16	FUN_00543f10
game-server	00543f20	16	FUN_00543f20
game-server	00543f30	16	FUN_00543f30
game-server	00543f40	16	FUN_00543f40
game-server	00543f50	16	FUN_00543f50
game-server	00543f60	16	FUN_00543f60
game-server	00543f70	16	FUN_00543f70
game-server	00543f80	16	FUN_00543f80
game-server	00543f90	16	FUN_00543f90
game-server	00543fa0	15	FUN_00543fa0
game-server	00543faf	22	FUN_00543faf
game-server	00543fc5	18	FUN_00543fc5
game-server	00543fd7	15	FUN_00543fd7
game-server	00543fe6	16	FUN_00543fe6
game-server	00543ff6	15	FUN_00543ff6
game-server	00544005	22	FUN_00544005
game-server	0054401b	18	FUN_0054401b
game-server	0054402d	15	FUN_0054402d
game-server	0054403c	100	?CreateObject@CDC@@SGPAVCObject@@XZ
game-server	005440a0	16	FUN_005440a0
game-server	005440b0	16	FUN_005440b0
game-server	005440c0	16	FUN_005440c0
game-server	005440d0	16	FUN_005440d0
game-server	005440e0	100	?CreateObject@CGdiObject@@SGPAVCObject@@XZ
game-server	00544144	16	FUN_00544144
game-server	00544154	16	FUN_00544154
game-server	00544164	16	FUN_00544164
game-server	00544174	16	FUN_00544174
game-server	00544184	16	FUN_00544184
game-server	00544194	16	FUN_00544194
game-server	005441a4	16	FUN_005441a4
game-server	005441b4	100	FID_conflict:?CreateObject@?$CThreadLocal@V_AFXCTL_AMBIENT_CACHE@@@@SGPAVCNoTrackObject@@XZ
game-server	00544218	16	FUN_00544218
game-server	00544228	100	FID_conflict:?CreateObject@?$CThreadLocal@V_AFXCTL_AMBIENT_CACHE@@@@SGPAVCNoTrackObject@@XZ
game-server	0054428c	16	FUN_0054428c
game-server	005442a0	31	??0CMetaFileDC@@QAE@XZ
game-server	005442c0	43	FUN_005442c0
game-server	005442f0	19	FUN_005442f0
game-server	00544310	31	FUN_00544310
game-server	00544330	43	FUN_00544330
game-server	00544360	19	FUN_00544360
game-server	00544380	217	FUN_00544380
game-server	00544459	131	FUN_00544459
game-server	005444dc	262	FUN_005444dc
game-server	005445e2	126	FUN_005445e2
game-server	00544660	312	FUN_00544660
game-server	00544798	667	FUN_00544798
game-server	00544a33	789	FUN_00544a33
game-server	00544d50	16	FUN_00544d50
game-server	00544d60	16	FUN_00544d60
game-server	00544d70	15	FUN_00544d70
game-server	00544d7f	22	FUN_00544d7f
game-server	00544d95	18	FUN_00544d95
game-server	00544da7	15	FUN_00544da7
game-server	00544db6	16	FUN_00544db6
game-server	00544dc6	15	FUN_00544dc6
game-server	00544dd5	22	FUN_00544dd5
game-server	00544deb	18	FUN_00544deb
game-server	00544dfd	15	FUN_00544dfd
game-server	00544e10	57	??0CMDIChildWnd@@QAE@XZ
game-server	00544e49	268	FUN_00544e49
game-server	00544f55	15	?AfxGetThreadState@@YGPAV_AFX_THREAD_STATE@@XZ
game-server	00544f64	15	FUN_00544f64
game-server	00544f73	5	FUN_00544f73
game-server	00544f78	18	FUN_00544f78
game-server	00544f8a	15	FUN_00544f8a
game-server	00544f99	209	FUN_00544f99
game-server	0054506a	235	FUN_0054506a
game-server	00545155	80	?RemoveAll@CTypeLibCacheMap@@UAEXPAX@Z
game-server	005451a5	112	FUN_005451a5
game-server	00545215	490	FUN_00545215
game-server	005453ff	15	FUN_005453ff
game-server	0054540e	5	FUN_0054540e
game-server	00545413	18	FUN_00545413
game-server	00545425	15	FUN_00545425
game-server	00545434	15	FUN_00545434
game-server	00545443	97	FUN_00545443
game-server	005454a4	23	FUN_005454a4
game-server	005454bb	143	FUN_005454bb
game-server	00545550	43	FUN_00545550
game-server	00545580	19	FUN_00545580
game-server	005455a0	43	FUN_005455a0
game-server	005455d0	19	FUN_005455d0
game-server	005455f0	43	FUN_005455f0
game-server	00545620	19	FUN_00545620
game-server	00545640	28	FUN_00545640
game-server	00545660	28	FUN_00545660
game-server	00545680	28	FUN_00545680
game-server	005456a0	28	FUN_005456a0
game-server	005456c0	19	FUN_005456c0
game-server	005456e0	70	FUN_005456e0
game-server	00545730	103	?CreateObject@?$CProcessLocal@V_AFX_BASE_MODULE_STATE@@@@SGPAVCNoTrackObject@@XZ
game-server	005457a0	33	??0_AFX_BASE_MODULE_STATE@@QAE@XZ
game-server	005457d0	43	FUN_005457d0
game-server	00545800	19	FUN_00545800
game-server	00545820	110	FID_conflict:?CreateObject@CImageList@@SGPAVCObject@@XZ
game-server	0054588e	16	FUN_0054588e
game-server	0054589e	110	FUN_0054589e
game-server	0054590c	16	FUN_0054590c
game-server	00545920	31	FUN_00545920
game-server	00545940	43	FUN_00545940
game-server	00545970	19	FUN_00545970
game-server	00545990	16	FUN_00545990
game-server	005459a0	16	FUN_005459a0
game-server	005459b0	110	FID_conflict:?CreateObject@CStringArray@@SGPAVCObject@@XZ
game-server	00545a1e	16	FUN_00545a1e
game-server	00545a2e	10	FUN_00545a2e
game-server	00545a38	20	FUN_00545a38
game-server	00545a4c	28	FUN_00545a4c
game-server	00545a70	110	FID_conflict:?CreateObject@CStringArray@@SGPAVCObject@@XZ
game-server	00545ade	16	FUN_00545ade
game-server	00545aee	10	FUN_00545aee
game-server	00545af8	20	FUN_00545af8
game-server	00545b0c	28	FUN_00545b0c
game-server	00545b30	110	FID_conflict:?CreateObject@CStringArray@@SGPAVCObject@@XZ
game-server	00545b9e	16	FUN_00545b9e
game-server	00545bae	10	FUN_00545bae
game-server	00545bb8	20	FUN_00545bb8
game-server	00545bcc	28	FUN_00545bcc
game-server	00545bf0	16	FUN_00545bf0
game-server	00545c00	16	FUN_00545c00
game-server	00545c10	110	FID_conflict:?CreateObject@CStringArray@@SGPAVCObject@@XZ
game-server	00545c7e	16	FUN_00545c7e
game-server	00545c8e	10	FUN_00545c8e
game-server	00545c98	20	FUN_00545c98
game-server	00545cac	28	FUN_00545cac
game-server	00545cd0	110	FID_conflict:?CreateObject@CStringArray@@SGPAVCObject@@XZ
game-server	00545d3e	16	FUN_00545d3e
game-server	00545d4e	10	FUN_00545d4e
game-server	00545d58	20	FUN_00545d58
game-server	00545d6c	28	FUN_00545d6c
game-server	00545d90	16	FUN_00545d90
game-server	00545da0	16	FUN_00545da0
game-server	00545db0	16	FUN_00545db0
game-server	00545dc0	112	FUN_00545dc0
game-server	00545e30	16	FUN_00545e30
game-server	00545e40	10	FUN_00545e40
game-server	00545e4a	20	FUN_00545e4a
game-server	00545e5e	28	FUN_00545e5e
game-server	00545e80	16	FUN_00545e80
game-server	00545e90	16	FUN_00545e90
game-server	00545ea0	16	FUN_00545ea0
game-server	00545eb0	16	FUN_00545eb0
game-server	00545ec0	16	FUN_00545ec0
game-server	00545ed0	191	FUN_00545ed0
game-server	00545f8f	171	FUN_00545f8f
game-server	0054603a	240	FUN_0054603a
game-server	0054612a	126	FUN_0054612a
game-server	005461a8	13	FUN_005461a8
game-server	005461b5	234	FUN_005461b5
game-server	005462a0	43	FUN_005462a0
game-server	005462d0	262	FUN_005462d0
game-server	005463d6	282	FUN_005463d6
game-server	005464f0	235	FUN_005464f0
game-server	005465db	149	??1CToolBar@@UAE@XZ
game-server	00546670	100	FUN_00546670
game-server	005466d4	419	FUN_005466d4
game-server	00546877	98	FID_conflict:?OnNcCreate@CToolBar@@IAEHPAUtagCREATESTRUCTA@@@Z
game-server	005468d9	132	FUN_005468d9
game-server	0054695d	433	FUN_0054695d
game-server	00546b0e	225	FUN_00546b0e
game-server	00546bef	506	FUN_00546bef
game-server	00546de9	170	FUN_00546de9
game-server	00546e93	102	FUN_00546e93
game-server	00546ef9	250	FUN_00546ef9
game-server	00546ff3	620	FUN_00546ff3
game-server	0054725f	16	FUN_0054725f
game-server	00547270	43	FUN_00547270
game-server	005472a0	17	FUN_005472a0
game-server	005472c0	16	FUN_005472c0
game-server	005472d0	16	FUN_005472d0
game-server	005472e0	16	FUN_005472e0
game-server	005472f0	16	FUN_005472f0
game-server	00547300	15	FUN_00547300
game-server	0054730f	5	FUN_0054730f
game-server	00547314	18	FUN_00547314
game-server	00547326	15	FUN_00547326
game-server	00547340	19	FUN_00547340
game-server	00547360	19	FUN_00547360
game-server	00547380	70	FUN_00547380
game-server	005473d0	100	FID_conflict:?CreateObject@?$CProcessLocal@V_AFX_COLOR_STATE@@@@SGPAVCNoTrackObject@@XZ
game-server	00547440	113	FUN_00547440
game-server	005474b1	16	FUN_005474b1
game-server	005474c1	16	FUN_005474c1
game-server	005474d1	16	FUN_005474d1
game-server	005474f0	25	FUN_005474f0
game-server	00547510	25	FUN_00547510
game-server	00547530	112	FUN_00547530
game-server	005475a0	109	FUN_005475a0
game-server	0054760d	538	FUN_0054760d
game-server	00547827	15	FUN_00547827
game-server	00547836	15	FUN_00547836
game-server	00547845	5	FUN_00547845
game-server	0054784a	18	FUN_0054784a
game-server	0054785c	15	FUN_0054785c
game-server	0054786b	15	FUN_0054786b
game-server	0054787a	5	FUN_0054787a
game-server	0054787f	18	FUN_0054787f
game-server	00547891	15	FUN_00547891
game-server	005478a0	19	FUN_005478a0
game-server	005478c0	19	FUN_005478c0
game-server	005478e0	15	FUN_005478e0
game-server	005478ef	15	FUN_005478ef
game-server	005478fe	18	FUN_005478fe
game-server	00547910	15	FUN_00547910
game-server	0054791f	56	FUN_0054791f
game-server	00547957	41	FUN_00547957
game-server	00547980	383	FUN_00547980
game-server	00547b00	39	FUN_00547b00
game-server	00547b27	10	FUN_00547b27
game-server	00547b31	15	FUN_00547b31
game-server	00547b40	155	FUN_00547b40
game-server	00547bdb	255	FUN_00547bdb
game-server	00547cda	306	FUN_00547cda
game-server	00547e0c	204	FUN_00547e0c
game-server	00547ee0	115	FUN_00547ee0
game-server	00547f53	244	FUN_00547f53
game-server	00548047	16	??2CNoTrackObject@@SGPAXIPBDH@Z
game-server	00548057	23	FUN_00548057
game-server	0054806e	39	??2CNoTrackObject@@SGPAXI@Z
game-server	00548095	23	FUN_00548095
game-server	005480ac	117	??0CThreadSlotData@@QAE@XZ
game-server	00548121	161	FUN_00548121
game-server	005481c2	501	FUN_005481c2
game-server	005483b7	306	FUN_005483b7
game-server	005484e9	575	FUN_005484e9
game-server	00548728	196	FUN_00548728
game-server	005487ec	325	FUN_005487ec
game-server	00548931	139	?DeleteValues@CThreadSlotData@@QAEXPAUHINSTANCE__@@H@Z
game-server	005489bc	281	FUN_005489bc
game-server	00548ad5	57	?GetDataNA@CThreadLocalObject@@QAEPAVCNoTrackObject@@XZ
game-server	00548b0e	54	??1CThreadLocalObject@@QAE@XZ
game-server	00548b44	121	?GetData@CProcessLocalObject@@QAEPAVCNoTrackObject@@P6GPAV2@XZ@Z
game-server	00548bf8	71	FUN_00548bf8
game-server	00548c3f	31	FUN_00548c3f
game-server	00548c5e	35	?AfxTermLocalData@@YGXPAUHINSTANCE__@@H@Z
game-server	00548c81	18	FUN_00548c81
game-server	00548c93	68	FUN_00548c93
game-server	00548ce0	31	FUN_00548ce0
game-server	00548d00	43	FUN_00548d00
game-server	00548d30	19	FUN_00548d30
game-server	00548d50	226	FUN_00548d50
game-server	00548e40	46	FUN_00548e40
game-server	00548e70	28	FUN_00548e70
game-server	00548e90	25	FUN_00548e90
game-server	00548eb0	25	FUN_00548eb0
game-server	00548ed0	19	FUN_00548ed0
game-server	00548ef0	16	FUN_00548ef0
game-server	00548f00	16	FUN_00548f00
game-server	00548f10	16	FUN_00548f10
game-server	00548f20	15	FUN_00548f20
game-server	00548f2f	5	FUN_00548f2f
game-server	00548f34	18	FUN_00548f34
game-server	00548f46	15	FUN_00548f46
game-server	00548f60	19	FUN_00548f60
game-server	00548f80	19	FUN_00548f80
game-server	00548fa0	70	FUN_00548fa0
game-server	00548ff0	100	?CreateObject@?$CProcessLocal@V_AFX_COLOR_STATE@@@@SGPAVCNoTrackObject@@XZ
game-server	00549060	15	FUN_00549060
game-server	0054906f	5	FUN_0054906f
game-server	00549074	18	FUN_00549074
game-server	00549086	15	FUN_00549086
game-server	00549095	289	FUN_00549095
game-server	005491c0	19	FUN_005491c0
game-server	005491e0	70	FUN_005491e0
game-server	00549230	100	FID_conflict:?CreateObject@?$CProcessLocal@V_AFX_COLOR_STATE@@@@SGPAVCNoTrackObject@@XZ
game-server	005492a0	50	FUN_005492a0
game-server	005492e0	43	FUN_005492e0
game-server	00549310	41	??1_AFX_PROPPAGEFONTINFO@@UAE@XZ
game-server	00549340	16	FUN_00549340
game-server	00549350	16	FUN_00549350
game-server	00549360	16	FUN_00549360
game-server	00549370	16	FUN_00549370
game-server	00549380	175	FUN_00549380
game-server	0054942f	757	FUN_0054942f
game-server	00549724	241	FUN_00549724
game-server	00549820	16	FUN_00549820
game-server	00549830	237	FUN_00549830
game-server	0054991d	190	FUN_0054991d
game-server	005499db	89	FUN_005499db
game-server	00549a34	986	FUN_00549a34
game-server	00549e0e	2320	FUN_00549e0e
game-server	0054a71e	16	FUN_0054a71e
game-server	0054a730	43	FUN_0054a730
game-server	0054a760	16	FUN_0054a760
game-server	0054a770	16	FUN_0054a770
game-server	0054a780	10	FUN_0054a780
game-server	0054a78a	15	FID_conflict:??__E_oleData@@YAXXZ
game-server	0054a799	217	??0OLE_DATA@@QAE@XZ
game-server	0054a872	344	FUN_0054a872
game-server	0054a9ca	148	?AfxOleTerm@@YGXH@Z
game-server	0054aa5e	95	?AfxOleTermOrFreeLib@@YGXHH@Z
game-server	0054aabd	147	?_AfxParseOption@@YGHPADPBD@Z
game-server	0054ab50	89	FUN_0054ab50
game-server	0054aba9	89	FUN_0054aba9
game-server	0054ac10	16	FUN_0054ac10
game-server	0054ac20	113	FUN_0054ac20
game-server	0054ac91	16	FUN_0054ac91
game-server	0054acb0	113	FUN_0054acb0
game-server	0054ad21	16	FUN_0054ad21
game-server	0054ad40	163	FUN_0054ad40
game-server	0054ade3	136	FUN_0054ade3
game-server	0054ae6b	35	FUN_0054ae6b
game-server	0054ae8e	35	FUN_0054ae8e
game-server	0054aeb1	205	FUN_0054aeb1
game-server	0054af7e	205	FUN_0054af7e
game-server	0054b04b	212	FUN_0054b04b
game-server	0054b11f	228	FUN_0054b11f
game-server	0054b203	83	FUN_0054b203
game-server	0054b256	122	FUN_0054b256
game-server	0054b2d0	127	FUN_0054b2d0
game-server	0054b34f	80	FUN_0054b34f
game-server	0054b3a0	16	FUN_0054b3a0
game-server	0054b3b0	183	FUN_0054b3b0
game-server	0054b467	103	FUN_0054b467
game-server	0054b4d0	43	FUN_0054b4d0
game-server	0054b500	31	FUN_0054b500
game-server	0054b520	22	FUN_0054b520
game-server	0054b540	386	FUN_0054b540
game-server	0054b6c2	16	?Unregister@COleObjectFactory@@QAEHXZ
game-server	0054b6d2	264	FUN_0054b6d2
game-server	0054b7da	109	?UnregisterAll@COleObjectFactory@@SGHXZ
game-server	0054b847	136	?RegisterAll@COleObjectFactory@@SGHXZ
game-server	0054b8cf	16	FUN_0054b8cf
game-server	0054b8e0	43	FUN_0054b8e0
game-server	0054b910	31	FUN_0054b910
game-server	0054b930	22	FUN_0054b930
game-server	0054b950	22	FUN_0054b950
game-server	0054b970	25	FUN_0054b970
game-server	0054b990	25	FUN_0054b990
game-server	0054b9b0	19	FUN_0054b9b0
game-server	0054b9d0	16	FUN_0054b9d0
game-server	0054b9e0	16	FUN_0054b9e0
game-server	0054b9f0	16	FUN_0054b9f0
game-server	0054ba00	16	FUN_0054ba00
game-server	0054ba10	16	FUN_0054ba10
game-server	0054ba20	16	FUN_0054ba20
game-server	0054ba30	16	FUN_0054ba30
game-server	0054ba40	16	FUN_0054ba40
game-server	0054ba50	31	FID_conflict:??0_AFXCTL_AMBIENT_CACHE@@QAE@XZ
game-server	0054ba6f	28	FUN_0054ba6f
game-server	0054ba8b	15	FUN_0054ba8b
game-server	0054ba9a	5	FUN_0054ba9a
game-server	0054ba9f	18	FUN_0054ba9f
game-server	0054bab1	15	FUN_0054bab1
game-server	0054bac0	43	FUN_0054bac0
game-server	0054baf0	19	FUN_0054baf0
game-server	0054bb10	16	FUN_0054bb10
game-server	0054bb20	16	FUN_0054bb20
game-server	0054bb30	110	FID_conflict:?CreateObject@CImageList@@SGPAVCObject@@XZ
game-server	0054bb9e	16	FUN_0054bb9e
game-server	0054bbae	10	FUN_0054bbae
game-server	0054bbb8	20	FUN_0054bbb8
game-server	0054bbcc	28	??5@YGAAVCArchive@@AAV0@AAPAVCDocItem@@@Z
game-server	0054bbe8	16	FUN_0054bbe8
game-server	0054bbf8	16	FUN_0054bbf8
game-server	0054bc08	16	FUN_0054bc08
game-server	0054bc20	16	FUN_0054bc20
game-server	0054bc30	112	FUN_0054bc30
game-server	0054bca0	16	FUN_0054bca0
game-server	0054bcb0	10	FUN_0054bcb0
game-server	0054bcba	20	FUN_0054bcba
game-server	0054bcce	28	FUN_0054bcce
game-server	0054bcf0	16	FUN_0054bcf0
game-server	0054bd00	113	FUN_0054bd00
game-server	0054bd71	16	FUN_0054bd71
game-server	0054bd90	16	FUN_0054bd90
game-server	0054bda0	16	FUN_0054bda0
game-server	0054bdb0	16	FUN_0054bdb0
game-server	0054bdc0	198	FUN_0054bdc0
game-server	0054be86	85	FUN_0054be86
game-server	0054bedb	91	FUN_0054bedb
game-server	0054bf36	49	FUN_0054bf36
game-server	0054bf67	48	FUN_0054bf67
game-server	0054bf97	109	FUN_0054bf97
game-server	0054c004	48	FUN_0054c004
game-server	0054c034	461	FUN_0054c034
game-server	0054c201	229	FUN_0054c201
game-server	0054c2e6	84	?InternalQueryInterface@CCmdTarget@@QAEKPBXPAPAX@Z
game-server	0054c33a	65	FUN_0054c33a
game-server	0054c37b	27	FUN_0054c37b
game-server	0054c396	27	FUN_0054c396
game-server	0054c3b1	76	?QueryInterface@CInnerUnknown@@UAGJABU_GUID@@PAPAX@Z
game-server	0054c3fd	113	FUN_0054c3fd
game-server	0054c46e	49	?GetControllingUnknown@CCmdTarget@@QAEPAUIUnknown@@XZ
game-server	0054c49f	41	??0COleException@@QAE@XZ
game-server	0054c4c8	28	FUN_0054c4c8
game-server	0054c4e4	68	FUN_0054c4e4
game-server	0054c528	39	FUN_0054c528
game-server	0054c54f	33	?GetClassID@COleObjectFactory@@QBEABU_GUID@@XZ
game-server	0054c570	19	FUN_0054c570
game-server	0054c583	16	FUN_0054c583
game-server	0054c593	23	FUN_0054c593
game-server	0054c5aa	54	FUN_0054c5aa
game-server	0054c5e0	54	FUN_0054c5e0
game-server	0054c616	36	FUN_0054c616
game-server	0054c63a	36	FUN_0054c63a
game-server	0054c65e	33	??0COleVariant@@QAE@E@Z
game-server	0054c67f	41	??0COleVariant@@QAE@ABVCOleCurrency@@@Z
game-server	0054c6a8	33	??0COleVariant@@QAE@M@Z
game-server	0054c6c9	39	FUN_0054c6c9
game-server	0054c6f0	41	FUN_0054c6f0
game-server	0054c719	36	FUN_0054c719
game-server	0054c73d	36	FUN_0054c73d
game-server	0054c761	25	FUN_0054c761
game-server	0054c77a	14	FUN_0054c77a
game-server	0054c788	14	FUN_0054c788
game-server	0054c796	43	??0COleCurrency@@QAE@XZ
game-server	0054c7c1	40	FID_conflict:??0COleCurrency@@QAE@TtagCY@@@Z
game-server	0054c7e9	44	FUN_0054c7e9
game-server	0054c815	28	FUN_0054c815
game-server	0054c831	17	FUN_0054c831
game-server	0054c842	22	?SetStatus@COleCurrency@@QAEXW4CurrencyStatus@1@@Z
game-server	0054c858	43	FID_conflict:??_0COleCurrency@@QAEABV0@J@Z
game-server	0054c883	43	FID_conflict:??_0COleCurrency@@QAEABV0@J@Z
game-server	0054c8ae	43	FID_conflict:??_0COleCurrency@@QAEABV0@J@Z
game-server	0054c8d9	43	FID_conflict:??_0COleCurrency@@QAEABV0@J@Z
game-server	0054c904	74	??8COleCurrency@@QBEHABV0@@Z
game-server	0054c94e	74	??9COleCurrency@@QBEHABV0@@Z
game-server	0054c998	32	??BCOleCurrency@@QBE?ATtagCY@@XZ
game-server	0054c9b8	40	FUN_0054c9b8
game-server	0054c9e0	44	FUN_0054c9e0
game-server	0054ca0c	28	FUN_0054ca0c
game-server	0054ca28	40	FID_conflict:??0COleCurrency@@QAE@TtagCY@@@Z
game-server	0054ca50	28	FUN_0054ca50
game-server	0054ca6c	28	FUN_0054ca6c
game-server	0054ca88	28	FUN_0054ca88
game-server	0054caa4	48	??0COleDateTime@ATL@@QAE@HHHHHH@Z
game-server	0054cad4	47	??0COleDateTime@ATL@@QAE@GG@Z
game-server	0054cb03	44	FUN_0054cb03
game-server	0054cb2f	17	FUN_0054cb2f
game-server	0054cb40	22	?SetStatus@COleCurrency@@QAEXW4CurrencyStatus@1@@Z
game-server	0054cb56	65	FUN_0054cb56
game-server	0054cb97	65	FUN_0054cb97
game-server	0054cbd8	43	FUN_0054cbd8
game-server	0054cc03	43	FUN_0054cc03
game-server	0054cc2e	16	FUN_0054cc2e
game-server	0054cc3e	39	?SetDate@COleDateTime@ATL@@QAEHHHH@Z
game-server	0054cc65	42	?SetTime@COleDateTime@ATL@@QAEHHHH@Z
game-server	0054cc8f	40	FUN_0054cc8f
game-server	0054ccb7	40	FID_conflict:??0COleCurrency@@QAE@TtagCY@@@Z
game-server	0054ccdf	44	FUN_0054ccdf
game-server	0054cd0b	40	??0COleDateTimeSpan@ATL@@QAE@JHHH@Z
game-server	0054cd33	17	FUN_0054cd33
game-server	0054cd44	22	?SetStatus@COleCurrency@@QAEXW4CurrencyStatus@1@@Z
game-server	0054cd5a	60	FUN_0054cd5a
game-server	0054cd96	85	FUN_0054cd96
game-server	0054cdeb	91	FUN_0054cdeb
game-server	0054ce46	97	FUN_0054ce46
game-server	0054cea7	65	FUN_0054cea7
game-server	0054cee8	65	FUN_0054cee8
game-server	0054cf29	65	FUN_0054cf29
game-server	0054cf6a	133	FUN_0054cf6a
game-server	0054cfef	133	FUN_0054cfef
game-server	0054d074	133	FUN_0054d074
game-server	0054d0f9	133	FUN_0054d0f9
game-server	0054d17e	43	FUN_0054d17e
game-server	0054d1a9	43	FUN_0054d1a9
game-server	0054d1d4	37	??GCOleDateTimeSpan@ATL@@QBE?AV01@XZ
game-server	0054d1f9	16	FUN_0054d1f9
game-server	0054d209	31	??0COleSafeArray@@QAE@XZ
game-server	0054d228	19	FUN_0054d228
game-server	0054d23b	57	FUN_0054d23b
game-server	0054d274	14	FUN_0054d274
game-server	0054d282	14	FUN_0054d282
game-server	0054d290	24	FID_conflict:?GetDim@COleSafeArray@@QAEKXZ
game-server	0054d2a8	24	FID_conflict:?GetDim@COleSafeArray@@QAEKXZ
game-server	0054d2c0	31	FUN_0054d2c0
game-server	0054d2e0	43	FUN_0054d2e0
game-server	0054d310	68	FUN_0054d310
game-server	0054d354	86	FID_conflict:?AfxGetScodeRangeString@@YGPB_WJ@Z
game-server	0054d3aa	23	FUN_0054d3aa
game-server	0054d3c1	49	FUN_0054d3c1
game-server	0054d3f2	152	FUN_0054d3f2
game-server	0054d48a	167	FUN_0054d48a
game-server	0054d531	165	FUN_0054d531
game-server	0054d5d6	100	?Process@COleException@@SGJPBVCException@@@Z
game-server	0054d63a	940	FUN_0054d63a
game-server	0054d9e6	408	FUN_0054d9e6
game-server	0054db7e	123	FUN_0054db7e
game-server	0054dbf9	257	FUN_0054dbf9
game-server	0054dcfa	1632	FUN_0054dcfa
game-server	0054e40e	379	FUN_0054e40e
game-server	0054e589	1047	FUN_0054e589
game-server	0054e9a0	360	FUN_0054e9a0
game-server	0054eb08	172	?_AfxOleDoTreatAsClass@@YGJPBDABU_GUID@@1@Z
game-server	0054ebb4	886	FUN_0054ebb4
game-server	0054ef2a	129	FID_conflict:?_AfxOleCreateTargetDevice@@YGPAUtagDVTARGETDEVICE@@PAUtagPDA@@@Z
game-server	0054efab	216	FUN_0054efab
game-server	0054f083	363	FUN_0054f083
game-server	0054f1ee	70	?_AfxOleCopyTargetDevice@@YGPAUtagDVTARGETDEVICE@@PAU1@@Z
game-server	0054f234	143	FUN_0054f234
game-server	0054f2c3	460	FUN_0054f2c3
game-server	0054f48f	48	?_AfxDeleteMetafilePict@@YGXPAX@Z
game-server	0054f4bf	138	?_AfxXformSizeInPixelsToHimetric@@YGXPAUHDC__@@PAUtagSIZE@@1@Z
game-server	0054f549	138	?_AfxXformSizeInHimetricToPixels@@YGXPAUHDC__@@PAUtagSIZE@@1@Z
game-server	0054f5e0	373	FUN_0054f5e0
game-server	0054f755	152	FUN_0054f755
game-server	0054f7ed	35	?Detach@COleStreamFile@@QAEPAUIStream@@XZ
game-server	0054f810	99	FUN_0054f810
game-server	0054f873	136	FUN_0054f873
game-server	0054f8fb	268	FUN_0054f8fb
game-server	0054fa23	115	FUN_0054fa23
game-server	0054fa96	388	FUN_0054fa96
game-server	0054fc1a	68	FUN_0054fc1a
game-server	0054fc5e	172	FUN_0054fc5e
game-server	0054fd0a	412	FUN_0054fd0a
game-server	0054fea6	620	FUN_0054fea6
game-server	00550112	184	FUN_00550112
game-server	005501ca	332	FUN_005501ca
game-server	00550356	220	FUN_00550356
game-server	00550432	132	FUN_00550432
game-server	005504b6	150	FUN_005504b6
game-server	0055054c	120	FUN_0055054c
game-server	005505c4	210	FUN_005505c4
game-server	00550696	155	FUN_00550696
game-server	00550731	155	FUN_00550731
game-server	005507cc	111	FUN_005507cc
game-server	0055083b	111	FUN_0055083b
game-server	005508aa	104	FUN_005508aa
game-server	00550912	17	FUN_00550912
game-server	00550923	19	FUN_00550923
game-server	00550936	91	?Dump@COleStreamFile@@UBEXAAVCDumpContext@@@Z
game-server	005509a0	43	FUN_005509a0
game-server	005509d0	348	FUN_005509d0
game-server	00550b2c	322	FUN_00550b2c
game-server	00550c6e	131	FUN_00550c6e
game-server	00550cf1	236	FUN_00550cf1
game-server	00550ddd	38	FUN_00550ddd
game-server	00550e03	176	FUN_00550e03
game-server	00550eb3	88	?GetNextItemOfKind@COleDocument@@IBEPAVCDocItem@@AAPAU__POSITION@@PAUCRuntimeClass@@@Z
game-server	00550f0b	38	?GetNextClientItem@COleDocument@@QBEPAVCOleClientItem@@AAPAU__POSITION@@@Z
game-server	00550f31	38	?GetNextServerItem@COleDocument@@QBEPAVCOleServerItem@@AAPAU__POSITION@@@Z
game-server	00550f57	101	?DeleteContents@COleDocument@@UAEXXZ
game-server	00550fbc	295	FUN_00550fbc
game-server	005510e3	296	?Serialize@COleDocument@@UAEXAAVCArchive@@@Z
game-server	0055120b	73	FUN_0055120b
game-server	00551254	121	?HasBlankItems@COleDocument@@QBEHXZ
game-server	005512cd	99	?UpdateModifiedFlag@COleDocument@@UAEXXZ
game-server	00551330	217	FUN_00551330
game-server	00551409	391	FUN_00551409
game-server	00551590	13	FUN_00551590
game-server	0055159d	192	FUN_0055159d
game-server	0055165d	175	FUN_0055165d
game-server	0055170c	184	FUN_0055170c
game-server	005517c4	13	FUN_005517c4
game-server	005517d1	177	FUN_005517d1
game-server	00551882	683	FUN_00551882
game-server	00551c3a	710	FUN_00551c3a
game-server	00552011	132	FUN_00552011
game-server	00552095	432	FUN_00552095
game-server	00552294	404	FUN_00552294
game-server	0055247b	168	FUN_0055247b
game-server	00552523	277	?Dump@COleDocument@@UBEXAAVCDumpContext@@@Z
game-server	00552638	41	??0CDocItem@@IAE@XZ
game-server	00552661	114	FUN_00552661
game-server	005526d3	213	FUN_005526d3
game-server	005527a8	13	FUN_005527a8
game-server	005527b5	45	FUN_005527b5
game-server	005527e2	65	?Dump@CDocItem@@UBEXAAVCDumpContext@@@Z
game-server	00552823	17	FUN_00552823
game-server	00552834	22	FUN_00552834
game-server	0055284a	38	FUN_0055284a
game-server	00552870	38	FUN_00552870
game-server	00552896	38	FUN_00552896
game-server	005528bc	38	FUN_005528bc
game-server	005528e2	38	?EnableBusyDialog@COleMessageFilter@@QAEXH@Z
game-server	00552910	43	FUN_00552910
game-server	00552940	43	FUN_00552940
game-server	00552970	403	FUN_00552970
game-server	00552b03	145	FUN_00552b03
game-server	00552b94	292	FUN_00552b94
game-server	00552cb8	635	FUN_00552cb8
game-server	00552f33	271	FUN_00552f33
game-server	00553042	158	?GetNewItemNumber@COleClientItem@@QAEKXZ
game-server	005530e0	136	FUN_005530e0
game-server	00553168	62	FUN_00553168
game-server	005531a6	784	FUN_005531a6
game-server	005534b6	144	?AfxGetIconInfo@@YAXPBDPADAAI@Z
game-server	00553546	183	FUN_00553546
game-server	005535fd	899	FUN_005535fd
game-server	005539eb	315	FUN_005539eb
game-server	00553b26	315	FUN_00553b26
game-server	00553c61	315	FUN_00553c61
game-server	00553d9c	360	FUN_00553d9c
game-server	00553f04	360	FUN_00553f04
game-server	0055406c	360	FUN_0055406c
game-server	005541d4	457	FUN_005541d4
game-server	0055439d	453	FUN_0055439d
game-server	00554562	347	FUN_00554562
game-server	005546bd	543	FUN_005546bd
game-server	005548dc	276	FUN_005548dc
game-server	005549f0	335	FUN_005549f0
game-server	00554b3f	648	FUN_00554b3f
game-server	00554dc7	517	FUN_00554dc7
game-server	00554fcc	475	FUN_00554fcc
game-server	005551a7	914	FUN_005551a7
game-server	00555539	785	FUN_00555539
game-server	0055584a	43	?GetItemStorage@COleClientItem@@UAEXXZ
game-server	00555875	53	FID_conflict:?WriteItem@COleClientItem@@UAEXAAVCArchive@@@Z
game-server	005558aa	53	FID_conflict:?WriteItem@COleClientItem@@UAEXAAVCArchive@@@Z
game-server	005558df	319	FUN_005558df
game-server	00555a1e	716	FUN_00555a1e
game-server	00555cea	176	FUN_00555cea
game-server	00555db2	54	FUN_00555db2
game-server	00555de8	13	FUN_00555de8
game-server	00555df5	118	FUN_00555df5
game-server	00555e6b	299	FUN_00555e6b
game-server	00555f96	180	FUN_00555f96
game-server	0055604a	175	FUN_0055604a
game-server	005560f9	219	FUN_005560f9
game-server	005561d4	329	FUN_005561d4
game-server	0055631d	836	FUN_0055631d
game-server	00556661	120	FUN_00556661
game-server	005566d9	306	FUN_005566d9
game-server	0055680b	141	FUN_0055680b
game-server	00556898	482	FUN_00556898
game-server	00556a7a	454	FUN_00556a7a
game-server	00556c40	414	FUN_00556c40
game-server	00556dde	603	FUN_00556dde
game-server	00557039	464	FUN_00557039
game-server	00557209	379	FUN_00557209
game-server	00557384	114	FUN_00557384
game-server	005573f6	16	FUN_005573f6
game-server	00557406	27	FUN_00557406
game-server	00557421	27	FUN_00557421
game-server	0055743c	35	?QueryInterface@XOleClientSite@COleClientItem@@UAGJABU_GUID@@PAPAX@Z
game-server	0055745f	200	FUN_0055745f
game-server	00557527	732	FUN_00557527
game-server	00557813	89	FUN_00557813
game-server	0055786c	113	FUN_0055786c
game-server	00557916	165	FUN_00557916
game-server	005579f4	12	FUN_005579f4
game-server	00557a00	27	FUN_00557a00
game-server	00557a1b	27	FUN_00557a1b
game-server	00557a36	35	FUN_00557a36
game-server	00557a59	60	?OnDataChange@XAdviseSink@COleClientItem@@UAGXPAUtagFORMATETC@@PAUtagSTGMEDIUM@@@Z
game-server	00557a95	55	?OnViewChange@XAdviseSink@COleClientItem@@UAGXKJ@Z
game-server	00557acc	7	FUN_00557acc
game-server	00557ad3	53	FUN_00557ad3
game-server	00557b08	53	FUN_00557b08
game-server	00557b3d	150	FUN_00557b3d
game-server	00557bd3	457	?Dump@COleClientItem@@UBEXAAVCDumpContext@@@Z
game-server	00557d9c	36	FUN_00557d9c
game-server	00557dc0	36	?GetDocument@COleClientItem@@QBEPAVCOleDocument@@XZ
game-server	00557de4	36	FUN_00557de4
game-server	00557e08	36	?GetDrawAspect@COleClientItem@@QBE?AW4tagDVASPECT@@XZ
game-server	00557e2c	84	FUN_00557e2c
game-server	00557e80	36	FUN_00557e80
game-server	00557ea4	69	?IsInPlaceActive@COleClientItem@@QBEHXZ
game-server	00557ee9	42	?IsOpen@COleClientItem@@QBEHXZ
game-server	00557f13	94	FUN_00557f13
game-server	00557f71	17	FUN_00557f71
game-server	00557f82	76	FUN_00557f82
game-server	00557fce	19	FUN_00557fce
game-server	00557ff0	43	FUN_00557ff0
game-server	00558020	31	FUN_00558020
game-server	00558040	31	FUN_00558040
game-server	00558060	31	FUN_00558060
game-server	00558080	22	FUN_00558080
game-server	005580a0	83	FUN_005580a0
game-server	005580f3	409	FUN_005580f3
game-server	0055828c	97	FUN_0055828c
game-server	005582ed	150	FUN_005582ed
game-server	005583e2	209	FUN_005583e2
game-server	00558512	471	FUN_00558512
game-server	0055872b	266	FUN_0055872b
game-server	00558835	167	?CanPaste@COleClientItem@@SGHXZ
game-server	005588dc	93	?CanPasteLink@COleClientItem@@SGHXZ
game-server	00558939	94	?CanCreateFromData@COleClientItem@@SGHPBVCOleDataObject@@@Z
game-server	00558997	94	?CanCreateLinkFromData@COleClientItem@@SGHPBVCOleDataObject@@@Z
game-server	005589f5	352	FUN_005589f5
game-server	00558b55	176	FUN_00558b55
game-server	00558c05	260	FUN_00558c05
game-server	00558d09	534	FUN_00558d09
game-server	00558f1f	123	FUN_00558f1f
game-server	00558f9a	211	FUN_00558f9a
game-server	0055906d	169	FUN_0055906d
game-server	00559116	172	FUN_00559116
game-server	005591c2	871	FUN_005591c2
game-server	00559529	177	FUN_00559529
game-server	005595da	176	FUN_005595da
game-server	00559690	93	FUN_00559690
game-server	005596ed	47	??0COleDialog@@QAE@PAVCWnd@@@Z
game-server	0055971c	51	?MapResult@COleDialog@@QAEHI@Z
game-server	0055974f	65	FUN_0055974f
game-server	00559790	179	FUN_00559790
game-server	00559843	28	FUN_00559843
game-server	0055985f	203	?DoModal@COleBusyDialog@@UAEHXZ
game-server	0055992a	327	FUN_0055992a
game-server	00559a80	43	FUN_00559a80
game-server	00559ab0	19	FUN_00559ab0
game-server	00559ad0	43	FUN_00559ad0
game-server	00559b00	91	FUN_00559b00
game-server	00559b5b	809	FUN_00559b5b
game-server	00559e84	134	FUN_00559e84
game-server	00559f0a	9	FUN_00559f0a
game-server	00559f13	9	FUN_00559f13
game-server	00559f1c	12	FUN_00559f1c
game-server	00559f28	167	FUN_00559f28
game-server	00559fcf	198	FUN_00559fcf
game-server	0055a0e0	194	FUN_0055a0e0
game-server	0055a1ed	1350	FUN_0055a1ed
game-server	0055a733	701	FUN_0055a733
game-server	0055a9f0	203	FUN_0055a9f0
game-server	0055ab06	191	FUN_0055ab06
game-server	0055ac29	239	FUN_0055ac29
game-server	0055ad63	37	FUN_0055ad63
game-server	0055ad88	238	FUN_0055ad88
game-server	0055ae76	88	FID_conflict:??1COleChangeIconDialog@@UAE@XZ
game-server	0055aece	248	?AddClassIDToList@COleInsertDialog@@IAEXAAPAU_GUID@@AAH1PAU2@@Z
game-server	0055afc6	1307	FUN_0055afc6
game-server	0055b4e1	122	FUN_0055b4e1
game-server	0055b55b	117	FUN_0055b55b
game-server	0055b5d0	360	FUN_0055b5d0
game-server	0055b738	357	FUN_0055b738
game-server	0055b89d	668	FUN_0055b89d
game-server	0055bb39	88	FID_conflict:??1COleChangeIconDialog@@UAE@XZ
game-server	0055bb91	122	FUN_0055bb91
game-server	0055bc0b	449	FUN_0055bc0b
game-server	0055bdcc	104	FUN_0055bdcc
game-server	0055be34	480	FUN_0055be34
game-server	0055c014	241	FUN_0055c014
game-server	0055c105	88	FID_conflict:??1COleChangeIconDialog@@UAE@XZ
game-server	0055c15d	122	FUN_0055c15d
game-server	0055c1d7	109	?DoChangeIcon@COleChangeIconDialog@@QAEHPAVCOleClientItem@@@Z
game-server	0055c244	327	FUN_0055c244
game-server	0055c38b	300	FUN_0055c38b
game-server	0055c4b7	28	FUN_0055c4b7
game-server	0055c4d3	135	FUN_0055c4d3
game-server	0055c55a	297	FUN_0055c55a
game-server	0055c683	19	FUN_0055c683
game-server	0055c696	214	FUN_0055c696
game-server	0055c76c	87	??1COleResizeBar@@UAE@XZ
game-server	0055c7c3	180	FUN_0055c7c3
game-server	0055c877	67	?Dump@COleUpdateDialog@@UBEXAAVCDumpContext@@@Z
game-server	0055c8ba	390	FUN_0055c8ba
game-server	0055ca40	253	FUN_0055ca40
game-server	0055cb3d	139	FUN_0055cb3d
game-server	0055cbc8	206	FUN_0055cbc8
game-server	0055cc96	447	FUN_0055cc96
game-server	0055ce55	151	FUN_0055ce55
game-server	0055ceec	207	FUN_0055ceec
game-server	0055cfbb	487	FUN_0055cfbb
game-server	0055d1a2	196	FUN_0055d1a2
game-server	0055d266	209	FUN_0055d266
game-server	0055d337	523	FUN_0055d337
game-server	0055d542	17	FUN_0055d542
game-server	0055d553	114	FUN_0055d553
game-server	0055d5c5	38	FUN_0055d5c5
game-server	0055d5eb	39	FUN_0055d5eb
game-server	0055d612	49	FUN_0055d612
game-server	0055d643	39	FUN_0055d643
game-server	0055d66a	39	FUN_0055d66a
game-server	0055d691	38	FUN_0055d691
game-server	0055d6b7	39	?GetIconicMetafile@COleChangeIconDialog@@QBEPAXXZ
game-server	0055d6de	39	FUN_0055d6de
game-server	0055d705	49	FUN_0055d705
game-server	0055d736	39	FUN_0055d736
game-server	0055d75d	39	FUN_0055d75d
game-server	0055d784	20	FUN_0055d784
game-server	0055d798	52	FUN_0055d798
game-server	0055d7cc	62	FUN_0055d7cc
game-server	0055d80a	60	FUN_0055d80a
game-server	0055d846	52	FUN_0055d846
game-server	0055d87a	52	FUN_0055d87a
game-server	0055d8b0	31	FUN_0055d8b0
game-server	0055d8d0	31	FID_conflict:??0INotifyDBEvents@@QAE@XZ
game-server	0055d8f0	43	FUN_0055d8f0
game-server	0055d920	43	FUN_0055d920
game-server	0055d950	43	FUN_0055d950
game-server	0055d980	43	FUN_0055d980
game-server	0055d9b0	43	FUN_0055d9b0
game-server	0055d9e0	43	FUN_0055d9e0
game-server	0055da10	186	FUN_0055da10
game-server	0055daca	184	FUN_0055daca
game-server	0055dc47	243	?OnCmdMsg@COleDocument@@UAEHIHPAXPAUAFX_CMDHANDLERINFO@@@Z
game-server	0055dd3a	170	FUN_0055dd3a
game-server	0055dde4	227	FUN_0055dde4
game-server	0055ded0	252	FUN_0055ded0
game-server	0055dfcc	159	??1COleFrameHook@@UAE@XZ
game-server	0055e06b	113	FUN_0055e06b
game-server	0055e0dc	268	FUN_0055e0dc
game-server	0055e1e8	76	?OnContextHelp@COleFrameHook@@UAEHH@Z
game-server	0055e234	237	FUN_0055e234
game-server	0055e321	57	?OnInitMenu@COleFrameHook@@UAEXPAVCMenu@@@Z
game-server	0055e35a	139	FUN_0055e35a
game-server	0055e3e5	231	FUN_0055e3e5
game-server	0055e4cc	94	FUN_0055e4cc
game-server	0055e52a	74	?OnEnableModeless@COleFrameHook@@UAEXH@Z
game-server	0055e574	99	FUN_0055e574
game-server	0055e5d7	59	?OnPaletteChanged@COleFrameHook@@UAEXPAVCWnd@@@Z
game-server	0055e612	54	FUN_0055e612
game-server	0055e648	420	FUN_0055e648
game-server	0055e7ec	104	FUN_0055e7ec
game-server	0055e854	184	FUN_0055e854
game-server	0055e90c	255	?CanActivate@COleClientItem@@MAEHXZ
game-server	0055ea0b	100	FUN_0055ea0b
game-server	0055ea6f	335	FUN_0055ea6f
game-server	0055ebbe	337	FUN_0055ebbe
game-server	0055ed0f	531	FUN_0055ed0f
game-server	0055ef22	151	FUN_0055ef22
game-server	0055efb9	603	FUN_0055efb9
game-server	0055f214	282	FUN_0055f214
game-server	0055f32e	30	FUN_0055f32e
game-server	0055f34c	38	FUN_0055f34c
game-server	0055f372	216	FUN_0055f372
game-server	0055f44a	192	FUN_0055f44a
game-server	0055f50a	293	FUN_0055f50a
game-server	0055f62f	108	?OnRemoveMenus@COleClientItem@@UAEXPAVCMenu@@@Z
game-server	0055f69b	32	FUN_0055f69b
game-server	0055f6bb	210	FUN_0055f6bb
game-server	0055f78d	220	FUN_0055f78d
game-server	0055f869	463	FUN_0055f869
game-server	0055fa38	209	FUN_0055fa38
game-server	0055fb09	192	FUN_0055fb09
game-server	0055fbc9	16	FUN_0055fbc9
game-server	0055fbd9	27	FUN_0055fbd9
game-server	0055fbf4	27	FUN_0055fbf4
game-server	0055fc0f	35	FUN_0055fc0f
game-server	0055fc32	92	?Exec@XOleCommandTarget@COleFrameHook@@UAGJPBU_GUID@@KKPAUtagVARIANT@@1@Z
game-server	0055fc8e	88	?QueryStatus@XOleCommandTarget@COleFrameHook@@UAGJPBU_GUID@@KQAU_tagOLECMD@@PAU_tagOLECMDTEXT@@@Z
game-server	0055fce6	27	FUN_0055fce6
game-server	0055fd01	27	FUN_0055fd01
game-server	0055fd1c	35	FUN_0055fd1c
game-server	0055fd3f	49	?GetWindow@XOleInPlaceFrame@COleFrameHook@@UAGJPAPAUHWND__@@@Z
game-server	0055fd70	173	?ContextSensitiveHelp@XOleInPlaceFrame@COleFrameHook@@UAGJH@Z
game-server	0055fe1d	234	?GetBorder@XOleInPlaceFrame@COleFrameHook@@UAGJPAUtagRECT@@@Z
game-server	0055ff07	101	?RequestBorderSpace@XOleInPlaceFrame@COleFrameHook@@UAGJPBUtagRECT@@@Z
game-server	0055ff6c	136	FUN_0055ff6c
game-server	0055fff4	242	FUN_0055fff4
game-server	0056011f	176	FUN_0056011f
game-server	00560208	180	FUN_00560208
game-server	005602f5	172	FUN_005602f5
game-server	005603da	150	FUN_005603da
game-server	00560470	184	?EnableModeless@XOleInPlaceFrame@COleFrameHook@@UAGJH@Z
game-server	00560561	242	FUN_00560561
game-server	0056068c	27	FUN_0056068c
game-server	005606a7	27	FUN_005606a7
game-server	005606c2	35	FUN_005606c2
game-server	005606e5	54	?GetWindow@XOleIPSite@COleClientItem@@UAGJPAPAUHWND__@@@Z
game-server	0056071b	61	FUN_0056071b
game-server	00560758	38	?CanInPlaceActivate@XOleIPSite@COleClientItem@@UAGJXZ
game-server	0056077e	128	FUN_0056077e
game-server	00560837	128	FUN_00560837
game-server	005608f0	551	FUN_005608f0
game-server	00560b8c	172	FUN_00560b8c
game-server	00560c71	132	FUN_00560c71
game-server	00560d2e	128	FUN_00560d2e
game-server	00560de7	128	FUN_00560de7
game-server	00560ea0	128	FUN_00560ea0
game-server	00560f59	152	FUN_00560f59
game-server	00561030	43	FUN_00561030
game-server	00561060	31	FUN_00561060
game-server	00561080	31	FUN_00561080
game-server	005610a0	22	FUN_005610a0
game-server	005610c0	161	FUN_005610c0
game-server	00561161	211	FUN_00561161
game-server	00561234	108	FUN_00561234
game-server	005612a0	76	?OnSkip@CEnumArray@@MAEHXZ
game-server	005612ec	37	FUN_005612ec
game-server	00561311	250	FUN_00561311
game-server	0056140b	27	FUN_0056140b
game-server	00561426	27	FUN_00561426
game-server	00561441	35	FUN_00561441
game-server	00561464	286	FUN_00561464
game-server	005615bb	168	FUN_005615bb
game-server	0056169c	51	?Reset@XEnumVOID@CEnumArray@@UAGJXZ
game-server	005616cf	216	FUN_005616cf
game-server	005617e0	43	FUN_005617e0
game-server	00561810	31	FUN_00561810
game-server	00561830	31	FID_conflict:??0INotifyDBEvents@@QAE@XZ
game-server	00561850	16	FUN_00561850
game-server	00561860	142	FUN_00561860
game-server	005618ee	102	?UpdateRegistryAll@COleObjectFactory@@SGHH@Z
game-server	00561954	174	FUN_00561954
game-server	00561a02	57	FUN_00561a02
game-server	00561a3b	34	FUN_00561a3b
game-server	00561a5d	16	FUN_00561a5d
game-server	00561a6d	15	FUN_00561a6d
game-server	00561a7c	166	FUN_00561a7c
game-server	00561b22	27	FUN_00561b22
game-server	00561b3d	27	FUN_00561b3d
game-server	00561b58	35	FID_conflict:?QueryInterface@XOleContainer@COleControlContainer@@UAGJABU_GUID@@PAPAX@Z
game-server	00561b7b	35	?CreateInstance@XClassFactory@COleObjectFactory@@UAGJPAUIUnknown@@ABU_GUID@@PAPAX@Z
game-server	00561b9e	132	?LockServer@XClassFactory@COleObjectFactory@@UAGJH@Z
game-server	00561c5b	102	?GetLicInfo@XClassFactory@COleObjectFactory@@UAGJPAUtagLICINFO@@@Z
game-server	00561cc1	136	FUN_00561cc1
game-server	00561d49	508	FUN_00561d49
game-server	00561f7e	188	FUN_00561f7e
game-server	0056203a	423	FUN_0056203a
game-server	005621f0	127	FUN_005621f0
game-server	0056226f	117	??1COleDataSource@@UAE@XZ
game-server	005622e4	320	FUN_005622e4
game-server	00562424	140	FUN_00562424
game-server	005624b0	58	FUN_005624b0
game-server	005624ea	108	?GetClipboardOwner@COleDataSource@@SGPAV1@XZ
game-server	00562556	398	FUN_00562556
game-server	005626e4	179	FUN_005626e4
game-server	00562797	300	FUN_00562797
game-server	005628c3	152	FUN_005628c3
game-server	0056295b	165	FUN_0056295b
game-server	00562a00	138	FUN_00562a00
game-server	00562a8a	268	FUN_00562a8a
game-server	00562b96	15	FUN_00562b96
game-server	00562ba5	15	FUN_00562ba5
game-server	00562bb4	652	FUN_00562bb4
game-server	00562e40	15	FUN_00562e40
game-server	00562e4f	16	FUN_00562e4f
game-server	00562e5f	49	??0CEnumFormatEtc@@QAE@XZ
game-server	00562e90	99	??1CEnumFormatEtc@@UAE@XZ
game-server	00562ef3	87	?OnNext@CEnumFormatEtc@@MAEHPAX@Z
game-server	00562f4a	324	FUN_00562f4a
game-server	0056308e	16	FUN_0056308e
game-server	0056309e	27	FUN_0056309e
game-server	005630b9	27	FUN_005630b9
game-server	005630d4	35	FUN_005630d4
game-server	005630f7	244	FUN_005630f7
game-server	00563236	317	FUN_00563236
game-server	005633be	53	?QueryGetData@XDataObject@COleDataSource@@UAGJPAUtagFORMATETC@@@Z
game-server	005633f3	12	FUN_005633f3
game-server	005633ff	253	FUN_005633ff
game-server	00563547	286	FUN_00563547
game-server	0056369e	21	FUN_0056369e
game-server	005636b3	12	FUN_005636b3
game-server	005636bf	21	FUN_005636bf
game-server	005636d4	109	FUN_005636d4
game-server	00563741	414	FUN_00563741
game-server	005638e0	43	FUN_005638e0
game-server	00563910	31	FUN_00563910
game-server	00563930	22	FUN_00563930
game-server	00563950	43	FUN_00563950
game-server	00563980	19	FUN_00563980
game-server	005639a0	19	FUN_005639a0
game-server	005639c0	70	FUN_005639c0
game-server	00563a10	100	FID_conflict:?CreateObject@?$CThreadLocal@V_AFXCTL_AMBIENT_CACHE@@@@SGPAVCNoTrackObject@@XZ
game-server	00563a80	53	??0COleDataObject@@QAE@XZ
game-server	00563ab5	73	FUN_00563ab5
game-server	00563afe	106	FUN_00563afe
game-server	00563b68	51	?Detach@COleDataObject@@QAEPAUIDataObject@@XZ
game-server	00563b9b	58	?GetIDataObject@COleDataObject@@QAEPAUIDataObject@@H@Z
game-server	00563bd5	186	FUN_00563bd5
game-server	00563c8f	201	FUN_00563c8f
game-server	00563d58	917	FUN_00563d58
game-server	00564194	371	FUN_00564194
game-server	00564307	190	FUN_00564307
game-server	005643c5	180	FUN_005643c5
game-server	00564479	144	FUN_00564479
game-server	00564509	112	FUN_00564509
game-server	00564580	98	??0COleCntrFrameWnd@@QAE@PAVCOleIPFrameWnd@@@Z
game-server	005645e2	89	??1COleCntrFrameWnd@@UAE@XZ
game-server	0056463b	331	FUN_0056463b
game-server	00564786	174	FUN_00564786
game-server	00564834	147	FUN_00564834
game-server	005648c7	11	FUN_005648c7
game-server	005648d2	66	FUN_005648d2
game-server	00564914	16	FUN_00564914
game-server	00564924	290	FUN_00564924
game-server	00564a46	330	FUN_00564a46
game-server	00564b90	122	FID_conflict:?OnCreate@COleIPFrameWnd@@IAEHPAUtagCREATESTRUCTW@@@Z
game-server	00564c0a	167	FUN_00564c0a
game-server	00564cb1	56	FUN_00564cb1
game-server	00564ce9	35	?OnCreateControlBars@COleIPFrameWnd@@UAEHPAVCFrameWnd@@0@Z
game-server	00564d0c	63	?OnIdleUpdateCmdUI@COleIPFrameWnd@@IAEXXZ
game-server	00564d4b	77	?OnWindowPosChanging@COleIPFrameWnd@@IAEXPAUtagWINDOWPOS@@@Z
game-server	00564d98	376	FUN_00564d98
game-server	00564f10	230	FUN_00564f10
game-server	00564ff6	13	FUN_00564ff6
game-server	00565003	369	FUN_00565003
game-server	00565174	126	FUN_00565174
game-server	005651f2	91	?OnRecalcParent@COleIPFrameWnd@@IAEJIJ@Z
game-server	0056524d	551	FUN_0056524d
game-server	00565474	197	FUN_00565474
game-server	00565539	194	FUN_00565539
game-server	005655fb	168	?OnUpdateControlBarMenu@COleIPFrameWnd@@IAEXPAVCCmdUI@@@Z
game-server	005656a3	153	?OnBarCheck@COleIPFrameWnd@@IAEHI@Z
game-server	0056573c	328	FUN_0056573c
game-server	00565884	85	?GetInPlaceMenu@COleIPFrameWnd@@MAEPAUHMENU__@@XZ
game-server	005658d9	423	FUN_005658d9
game-server	00565a80	325	FUN_00565a80
game-server	00565bc5	83	FUN_00565bc5
game-server	00565c18	246	?Dump@COleIPFrameWnd@@UBEXAAVCDumpContext@@@Z
game-server	00565d10	43	FUN_00565d10
game-server	00565d40	43	FUN_00565d40
game-server	00565d70	216	FUN_00565d70
game-server	00565e48	210	FUN_00565e48
game-server	00565f1a	197	FUN_00565f1a
game-server	00565fdf	849	FUN_00565fdf
game-server	00566330	190	FUN_00566330
game-server	005663ee	84	?OnNewDocument@COleLinkingDoc@@UAEHXZ
game-server	00566442	211	FUN_00566442
game-server	00566515	133	FUN_00566515
game-server	0056659a	186	?OnCloseDocument@COleLinkingDoc@@UAEXXZ
game-server	00566654	90	?UpdateVisibleLock@COleLinkingDoc@@IAEXHH@Z
game-server	005666ae	33	?OnShowViews@COleLinkingDoc@@MAEXH@Z
game-server	005666cf	150	FUN_005666cf
game-server	00566765	249	FUN_00566765
game-server	0056685e	52	?GetContainer@COleLinkingDoc@@UAEPAUIOleItemContainer@@XZ
game-server	00566892	34	FUN_00566892
game-server	005668b4	206	FUN_005668b4
game-server	00566982	98	FUN_00566982
game-server	005669e4	78	FID_conflict:?ReportSaveLoadException@COleLinkingDoc@@UAEXPB_WPAVCException@@HI@Z
game-server	00566a32	196	FUN_00566a32
game-server	00566af6	16	FUN_00566af6
game-server	00566b06	29	FUN_00566b06
game-server	00566b23	29	FUN_00566b23
game-server	00566b40	37	?QueryInterface@XPersistFile@COleLinkingDoc@@UAGJABU_GUID@@PAPAX@Z
game-server	00566b65	142	?GetClassID@XPersistFile@COleLinkingDoc@@UAGJPAU_GUID@@@Z
game-server	00566bf3	37	?IsDirty@XPersistFile@COleLinkingDoc@@UAGJXZ
game-server	00566c18	412	FUN_00566c18
game-server	00566ded	375	FUN_00566ded
game-server	00566f9d	248	FUN_00566f9d
game-server	005670ce	165	FUN_005670ce
game-server	00567173	29	FUN_00567173
game-server	00567190	29	FUN_00567190
game-server	005671ad	37	FUN_005671ad
game-server	005671d2	21	FUN_005671d2
game-server	005671e7	867	FUN_005671e7
game-server	0056754a	37	?LockContainer@XOleItemContainer@COleLinkingDoc@@UAGJH@Z
game-server	0056756f	473	FUN_0056756f
game-server	00567781	280	FUN_00567781
game-server	00567899	334	FUN_00567899
game-server	00567a20	54	FUN_00567a20
game-server	00567a56	155	?Dump@COleLinkingDoc@@UBEXAAVCDumpContext@@@Z
game-server	00567b00	43	FUN_00567b00
game-server	00567b30	31	FUN_00567b30
game-server	00567b50	31	FUN_00567b50
game-server	00567b70	22	FUN_00567b70
game-server	00567b90	22	FUN_00567b90
game-server	00567bb0	42	?BeginBusyState@COleMessageFilter@@UAEXXZ
game-server	00567bda	51	?EndBusyState@COleMessageFilter@@UAEXXZ
game-server	00567c0d	66	?OnMessagePending@COleMessageFilter@@UAEHPBUtagMSG@@@Z
game-server	00567c4f	135	FUN_00567c4f
game-server	00567cd6	195	FUN_00567cd6
game-server	00567dd8	195	FUN_00567dd8
game-server	00567eda	16	FUN_00567eda
game-server	00567eea	27	FUN_00567eea
game-server	00567f05	27	FUN_00567f05
game-server	00567f20	35	?QueryInterface@XMessageFilter@COleMessageFilter@@UAGJABU_GUID@@PAPAX@Z
game-server	00567f43	118	?HandleInComingCall@XMessageFilter@COleMessageFilter@@UAGKKPAUHTASK__@@KPAUtagINTERFACEINFO@@@Z
game-server	00567fb9	128	?RetryRejectedCall@XMessageFilter@COleMessageFilter@@UAGKPAUHTASK__@@KK@Z
game-server	00568039	256	?MessagePending@XMessageFilter@COleMessageFilter@@UAGKPAUHTASK__@@KK@Z
game-server	00568139	19	FUN_00568139
game-server	0056814c	254	?Dump@COleMessageFilter@@UBEXAAVCDumpContext@@@Z
game-server	00568250	83	??0_AFX_OLESYMBOLTABLE@@QAE@H@Z
game-server	005682a3	84	??1_AFX_OLESYMBOLTABLE@@QAE@XZ
game-server	005682f7	125	FUN_005682f7
game-server	00568374	45	FUN_00568374
game-server	005683a1	44	FUN_005683a1
game-server	005683cd	792	FUN_005683cd
game-server	005686e5	50	FID_conflict:?AfxOleRegisterServerClass@@YGHABU_GUID@@PB_W11W4OLE_APPTYPE@@PAPB_W3H1@Z
game-server	00568717	668	FUN_00568717
game-server	005689b3	281	FUN_005689b3
game-server	00568acc	364	FUN_00568acc
game-server	00568c38	628	FUN_00568c38
game-server	00568eb0	16	FUN_00568eb0
game-server	00568ec0	226	FUN_00568ec0
game-server	00568fa2	97	FUN_00568fa2
game-server	00569003	44	?GiveFeedback@COleDropSource@@UAEJK@Z
game-server	0056902f	381	FUN_0056902f
game-server	005691ac	16	FUN_005691ac
game-server	005691bc	27	FUN_005691bc
game-server	005691d7	27	FUN_005691d7
game-server	005691f2	35	?QueryInterface@XDropSource@COleDropSource@@UAGJABU_GUID@@PAPAX@Z
game-server	00569215	38	?QueryContinueDrag@XDropSource@COleDropSource@@UAGJHK@Z
game-server	0056923b	53	?GiveFeedback@XDropSource@COleDropSource@@UAGJK@Z
game-server	00569270	490	FUN_00569270
game-server	0056945a	173	?Dump@COleDropSource@@UBEXAAVCDumpContext@@@Z
game-server	00569510	43	FUN_00569510
game-server	00569540	31	FUN_00569540
game-server	00569560	19	FUN_00569560
game-server	00569580	22	FUN_00569580
game-server	005695a0	281	FUN_005695a0
game-server	005696b9	399	FUN_005696b9
game-server	00569848	209	?DeleteContents@COleServerDoc@@UAEXXZ
game-server	00569919	91	?GetEmbeddedItem@COleServerDoc@@QAEPAVCOleServerItem@@XZ
game-server	00569974	15	FUN_00569974
game-server	00569983	18	FUN_00569983
game-server	00569995	171	?GetInterfaceHook@COleServerDoc@@MAEPAUIUnknown@@PBX@Z
game-server	00569a40	37	?ActivateDocObject@COleServerDoc@@QAEXXZ
game-server	00569a65	225	FUN_00569a65
game-server	00569b46	90	?NotifyAllItems@COleServerDoc@@IAEXW4OLE_NOTIFICATION@@K@Z
game-server	00569ba0	109	?UpdateAllItems@COleServerDoc@@QAEXPAVCOleServerItem@@JPAVCObject@@W4tagDVASPECT@@@Z
game-server	00569c0d	25	?OnUpdate@COleServerItem@@UAEXPAV1@JPAVCObject@@W4tagDVASPECT@@@Z
game-server	00569c26	662	FUN_00569c26
game-server	00569ebc	184	FUN_00569ebc
game-server	00569f74	184	FUN_00569f74
game-server	0056a02c	206	FUN_0056a02c
game-server	0056a0fa	327	FUN_0056a0fa
game-server	0056a27a	300	FUN_0056a27a
game-server	0056a3a6	64	?CanCloseFrame@COleServerDoc@@UAEHPAVCFrameWnd@@@Z
game-server	0056a3e6	85	FUN_0056a3e6
game-server	0056a43b	377	FUN_0056a43b
game-server	0056a5b4	115	FUN_0056a5b4
game-server	0056a627	124	FUN_0056a627
game-server	0056a6fc	104	FUN_0056a6fc
game-server	0056a764	97	?SaveModified@COleServerDoc@@MAEHXZ
game-server	0056a7c5	114	FID_conflict:?GetDefaultMenu@COleServerDoc@@MAEPAUHMENU__@@XZ
game-server	0056a837	114	FID_conflict:?GetDefaultMenu@COleServerDoc@@MAEPAUHMENU__@@XZ
game-server	0056a8a9	16	FUN_0056a8a9
game-server	0056a8b9	102	FUN_0056a8b9
game-server	0056a91f	237	FUN_0056a91f
game-server	0056aa45	207	FUN_0056aa45
game-server	0056ab14	87	FUN_0056ab14
game-server	0056ab6b	87	FUN_0056ab6b
game-server	0056abc2	208	FUN_0056abc2
game-server	0056ac92	397	FUN_0056ac92
game-server	0056ae1f	1120	FUN_0056ae1f
game-server	0056b27f	282	FUN_0056b27f
game-server	0056b3d6	284	FUN_0056b3d6
game-server	0056b52f	238	FUN_0056b52f
game-server	0056b663	103	FUN_0056b663
game-server	0056b6ca	2413	FUN_0056b6ca
game-server	0056c037	417	FUN_0056c037
game-server	0056c1d8	372	FUN_0056c1d8
game-server	0056c34c	157	?ConnectView@COleServerDoc@@IAEXPAVCWnd@@PAVCView@@@Z
game-server	0056c3e9	208	FUN_0056c3e9
game-server	0056c4b9	481	FUN_0056c4b9
game-server	0056c69a	309	FUN_0056c69a
game-server	0056c7cf	661	FUN_0056c7cf
game-server	0056ca64	521	FUN_0056ca64
game-server	0056cc6d	548	FUN_0056cc6d
game-server	0056ce91	197	FUN_0056ce91
game-server	0056cf56	13	FUN_0056cf56
game-server	0056cf63	178	FUN_0056cf63
game-server	0056d015	166	FUN_0056d015
game-server	0056d0bb	144	FUN_0056d0bb
game-server	0056d14b	144	FUN_0056d14b
game-server	0056d1db	16	FUN_0056d1db
game-server	0056d1eb	29	FUN_0056d1eb
game-server	0056d208	29	FUN_0056d208
game-server	0056d225	37	FUN_0056d225
game-server	0056d24a	55	FUN_0056d24a
game-server	0056d281	51	?IsDirty@XPersistStorage@COleServerDoc@@UAGJXZ
game-server	0056d2b4	146	FUN_0056d2b4
game-server	0056d391	169	FUN_0056d391
game-server	0056d485	302	FUN_0056d485
game-server	0056d5fe	191	FUN_0056d5fe
game-server	0056d6bd	260	FUN_0056d6bd
game-server	0056d7c1	29	FUN_0056d7c1
game-server	0056d7de	29	FUN_0056d7de
game-server	0056d7fb	37	FUN_0056d7fb
game-server	0056d820	225	FUN_0056d820
game-server	0056d901	89	FUN_0056d901
game-server	0056d95a	314	FUN_0056d95a
game-server	0056dacd	143	FUN_0056dacd
game-server	0056dba7	218	FUN_0056dba7
game-server	0056dc81	63	FUN_0056dc81
game-server	0056dcc0	269	FUN_0056dcc0
game-server	0056de18	333	FUN_0056de18
game-server	0056dfb0	229	FUN_0056dfb0
game-server	0056e0e0	116	FUN_0056e0e0
game-server	0056e154	212	FUN_0056e154
game-server	0056e273	217	FUN_0056e273
game-server	0056e397	55	FUN_0056e397
game-server	0056e3ce	120	FUN_0056e3ce
game-server	0056e446	254	FUN_0056e446
game-server	0056e58f	272	FUN_0056e58f
game-server	0056e6ea	232	FUN_0056e6ea
game-server	0056e80b	228	FUN_0056e80b
game-server	0056e928	228	FUN_0056e928
game-server	0056ea45	120	FUN_0056ea45
game-server	0056eabd	229	FUN_0056eabd
game-server	0056ebdb	29	FUN_0056ebdb
game-server	0056ebf8	29	FUN_0056ebf8
game-server	0056ec15	37	FUN_0056ec15
game-server	0056ec3a	232	FUN_0056ec3a
game-server	0056ed5b	232	FUN_0056ed5b
game-server	0056ee7c	228	FUN_0056ee7c
game-server	0056ef99	12	FUN_0056ef99
game-server	0056efa5	236	FUN_0056efa5
game-server	0056f0ca	232	FUN_0056f0ca
game-server	0056f1eb	240	FUN_0056f1eb
game-server	0056f314	228	FUN_0056f314
game-server	0056f431	228	FUN_0056f431
game-server	0056f54e	29	FUN_0056f54e
game-server	0056f56b	29	FUN_0056f56b
game-server	0056f588	37	FUN_0056f588
game-server	0056f5ad	55	FUN_0056f5ad
game-server	0056f5e4	55	FUN_0056f5e4
game-server	0056f61b	201	FUN_0056f61b
game-server	0056f71d	239	FUN_0056f71d
game-server	0056f845	138	FUN_0056f845
game-server	0056f908	148	FUN_0056f908
game-server	0056f9d5	29	FUN_0056f9d5
game-server	0056f9f2	29	FUN_0056f9f2
game-server	0056fa0f	37	FUN_0056fa0f
game-server	0056fa34	59	?GetWindow@XOleInPlaceActiveObject@COleServerDoc@@UAGJPAPAUHWND__@@@Z
game-server	0056fa6f	153	FUN_0056fa6f
game-server	0056fb08	215	FUN_0056fb08
game-server	0056fc18	134	FUN_0056fc18
game-server	0056fcd7	134	FUN_0056fcd7
game-server	0056fd96	142	FUN_0056fd96
game-server	0056fe5d	274	?EnableModeless@XOleInPlaceActiveObject@COleServerDoc@@UAGJH@Z
game-server	0056ffa8	89	FUN_0056ffa8
game-server	00570001	282	?Dump@COleServerDoc@@UBEXAAVCDumpContext@@@Z
game-server	0057011b	36	?GetDocument@COleServerItem@@QBEPAVCOleServerDoc@@XZ
game-server	0057013f	46	?NotifyChanged@COleServerItem@@QAEXW4tagDVASPECT@@@Z
game-server	0057016d	36	FUN_0057016d
game-server	00570191	126	FUN_00570191
game-server	0057020f	52	?IsLinkedItem@COleServerItem@@QBEHXZ
game-server	00570243	36	FUN_00570243
game-server	00570267	42	FID_conflict:?NotifySaved@COleServerDoc@@QAEXXZ
game-server	00570291	42	FID_conflict:?NotifySaved@COleServerDoc@@QAEXXZ
game-server	005702bb	42	FID_conflict:?NotifySaved@COleServerDoc@@QAEXXZ
game-server	005702e5	36	FUN_005702e5
game-server	00570309	45	?IsDocObject@COleServerDoc@@QBEHXZ
game-server	00570336	45	FUN_00570336
game-server	00570370	43	FUN_00570370
game-server	005703a0	31	FUN_005703a0
game-server	005703c0	31	FUN_005703c0
game-server	005703e0	31	FUN_005703e0
game-server	00570400	31	FUN_00570400
game-server	00570420	31	FUN_00570420
game-server	00570440	22	FUN_00570440
game-server	00570460	22	FUN_00570460
game-server	00570480	22	FUN_00570480
game-server	005704a0	22	FUN_005704a0
game-server	005704c0	374	FUN_005704c0
game-server	00570636	307	FUN_00570636
game-server	00570769	16	FUN_00570769
game-server	00570779	65	?IsConnected@COleServerItem@@QBEHXZ
game-server	005707ba	226	FUN_005707ba
game-server	005708ac	70	FUN_005708ac
game-server	005708f2	70	FUN_005708f2
game-server	00570938	114	FUN_00570938
game-server	005709aa	123	FUN_005709aa
game-server	00570a25	64	?OnSetExtent@COleServerItem@@UAEHW4tagDVASPECT@@ABVCSize@@@Z
game-server	00570a65	102	FUN_00570a65
game-server	00570acb	133	?OnDoVerb@COleServerItem@@UAEXJ@Z
game-server	00570b68	110	FUN_00570b68
game-server	00570bd6	69	?OnShow@COleServerItem@@MAEXXZ
game-server	00570c1b	97	FUN_00570c1b
game-server	00570c7c	78	?OnHide@COleServerItem@@MAEXXZ
game-server	00570cca	941	FUN_00570cca
game-server	00571077	34	FUN_00571077
game-server	00571099	44	FUN_00571099
game-server	005710c5	64	?CopyToClipboard@COleServerItem@@QAEXH@Z
game-server	00571105	209	FUN_00571105
game-server	00571235	455	FUN_00571235
game-server	0057143e	280	FUN_0057143e
game-server	00571556	439	FUN_00571556
game-server	005717ac	249	FUN_005717ac
game-server	005718a5	96	FUN_005718a5
game-server	00571905	472	FUN_00571905
game-server	00571add	382	FUN_00571add
game-server	00571c5b	200	FUN_00571c5b
game-server	00571d60	34	FUN_00571d60
game-server	00571d82	34	FUN_00571d82
game-server	00571da4	176	FUN_00571da4
game-server	00571e54	34	FUN_00571e54
game-server	00571e76	16	FUN_00571e76
game-server	00571e86	27	FUN_00571e86
game-server	00571ea1	27	FUN_00571ea1
game-server	00571ebc	35	FUN_00571ebc
game-server	00571edf	161	?OnFinalRelease@COleServerItem@@UAEXXZ
game-server	00571f80	12	FUN_00571f80
game-server	00571f8c	21	FUN_00571f8c
game-server	00571fa1	12	FUN_00571fa1
game-server	00571fad	12	FUN_00571fad
game-server	00571fb9	12	FUN_00571fb9
game-server	00571fc5	673	FUN_00571fc5
game-server	00572276	12	FUN_00572276
game-server	00572282	242	FUN_00572282
game-server	005723bf	138	FUN_005723bf
game-server	00572494	71	FUN_00572494
game-server	005724db	121	FUN_005724db
game-server	0057259f	126	FUN_0057259f
game-server	00572668	58	?GetUserClassID@XOleObject@COleServerItem@@UAGJPAU_GUID@@@Z
game-server	005726a2	75	FUN_005726a2
game-server	005726ed	12	FUN_005726ed
game-server	005726f9	181	FUN_005726f9
game-server	005727f9	128	FUN_005727f9
game-server	00572879	98	FUN_00572879
game-server	005728db	107	FUN_005728db
game-server	00572946	75	FUN_00572946
game-server	00572991	138	FUN_00572991
game-server	00572a54	27	FUN_00572a54
game-server	00572a6f	27	FUN_00572a6f
game-server	00572a8a	35	FUN_00572a8a
game-server	00572aad	43	?GetData@XDataObject@COleServerItem@@UAGJPAUtagFORMATETC@@PAUtagSTGMEDIUM@@@Z
game-server	00572ad8	43	?GetDataHere@XDataObject@COleServerItem@@UAGJPAUtagFORMATETC@@PAUtagSTGMEDIUM@@@Z
game-server	00572b03	39	?QueryGetData@XDataObject@COleServerItem@@UAGJPAUtagFORMATETC@@@Z
game-server	00572b2a	12	FUN_00572b2a
game-server	00572b36	47	?SetData@XDataObject@COleServerItem@@UAGJPAUtagFORMATETC@@PAUtagSTGMEDIUM@@H@Z
game-server	00572b65	43	?EnumFormatEtc@XDataObject@COleServerItem@@UAGJKPAPAUIEnumFORMATETC@@@Z
game-server	00572b90	268	FUN_00572b90
game-server	00572c9c	98	FUN_00572c9c
game-server	00572cfe	107	FUN_00572cfe
game-server	00572d69	65	FUN_00572d69
game-server	00572daa	65	FUN_00572daa
game-server	00572deb	92	?OnRenderData@CItemDataSource@COleServerItem@@MAEHPAUtagFORMATETC@@PAUtagSTGMEDIUM@@@Z
game-server	00572e47	69	?OnSetData@CItemDataSource@COleServerItem@@MAEHPAUtagFORMATETC@@PAUtagSTGMEDIUM@@H@Z
game-server	00572e8c	75	FUN_00572e8c
game-server	00572ed7	186	?Dump@COleServerItem@@UBEXAAVCDumpContext@@@Z
game-server	00572fa0	43	FUN_00572fa0
game-server	00572fd0	31	FUN_00572fd0
game-server	00572ff0	19	FUN_00572ff0
game-server	00573010	31	FUN_00573010
game-server	00573030	31	FUN_00573030
game-server	00573050	43	FUN_00573050
game-server	00573080	424	FUN_00573080
game-server	00573264	630	FUN_00573264
game-server	00573516	156	FUN_00573516
game-server	005735b2	261	FUN_005735b2
game-server	005736b7	377	FUN_005736b7
game-server	00573830	28	FUN_00573830
game-server	0057384c	28	FUN_0057384c
game-server	00573868	151	FUN_00573868
game-server	005738ff	100	FUN_005738ff
game-server	00573963	103	FUN_00573963
game-server	005739ca	35	?IsResultExpected@CCmdTarget@@QAEHXZ
game-server	005739ed	30	?Disconnect@COleDispatchImpl@@UAEXXZ
game-server	00573a0b	113	FUN_00573a0b
game-server	00573a7c	201	FUN_00573a7c
game-server	00573b45	249	FUN_00573b45
game-server	00573c3e	1722	FUN_00573c3e
game-server	0057436c	1335	FUN_0057436c
game-server	00574964	27	FUN_00574964
game-server	0057497f	27	FUN_0057497f
game-server	0057499a	35	?QueryInterface@COleDispatchImpl@@UAGJABU_GUID@@PAPAX@Z
game-server	005749bd	37	?GetTypeInfoCount@COleDispatchImpl@@UAGJPAI@Z
game-server	005749e2	135	FUN_005749e2
game-server	00574a69	499	FUN_00574a69
game-server	00574c5c	2136	FUN_00574c5c
game-server	00575555	114	FUN_00575555
game-server	005755c7	1072	FUN_005755c7
game-server	005759f7	224	FUN_005759f7
game-server	00575ad7	114	FUN_00575ad7
game-server	00575b49	189	FUN_00575b49
game-server	00575c06	247	FUN_00575c06
game-server	00575d00	31	FUN_00575d00
game-server	00575d20	28	FUN_00575d20
game-server	00575d40	28	FUN_00575d40
game-server	00575d60	16	FUN_00575d60
game-server	00575d70	43	FUN_00575d70
game-server	00575da0	243	FUN_00575da0
game-server	00575e93	33	??0COleDispatchDriver@@QAE@XZ
game-server	00575eb4	33	FUN_00575eb4
game-server	00575ed5	97	FUN_00575ed5
game-server	00575f36	105	FUN_00575f36
game-server	00575f9f	323	FUN_00575f9f
game-server	005760e2	109	FUN_005760e2
game-server	0057614f	76	FUN_0057614f
game-server	0057619b	53	FUN_0057619b
game-server	005761d0	33	FUN_005761d0
game-server	005761f1	2697	FUN_005761f1
game-server	00576d36	55	?InvokeHelper@COleDispatchDriver@@QAAXJGGPAXPBEZZ
game-server	00576d6d	42	?GetProperty@COleDispatchDriver@@QBEXJGPAX@Z
game-server	00576d97	148	FUN_00576d97
game-server	00576e30	17	FUN_00576e30
game-server	00576e50	97	FUN_00576e50
game-server	00576eb1	43	?OnInitDialog@CPrintingDialog@@UAEHXZ
game-server	00576edc	36	?OnCancel@CPrintingDialog@@UAEXXZ
game-server	00576f00	568	FUN_00576f00
game-server	00577138	2485	FUN_00577138
game-server	00577aed	302	FUN_00577aed
game-server	00577c1b	169	??1CPrintInfo@@QAE@XZ
game-server	00577cd0	112	??0CPrintingDialog@@QAE@PAVCWnd@@@Z
game-server	00577d40	28	FUN_00577d40
game-server	00577d60	43	FUN_00577d60
game-server	00577d90	19	FUN_00577d90
game-server	00577db0	120	FUN_00577db0
game-server	00577e28	986	FUN_00577e28
game-server	00578202	411	FUN_00578202
game-server	0057839d	113	?OnFilePrintSetup@CWinApp@@IAEXXZ
game-server	0057840e	131	FUN_0057840e
game-server	00578491	114	FUN_00578491
game-server	00578510	31	??0CMetaFileDC@@QAE@XZ
game-server	0057852f	69	FUN_0057852f
game-server	00578574	67	FUN_00578574
game-server	005785b7	61	?SetAttribDC@CMetaFileDC@@UAEXPAUHDC__@@@Z
game-server	005785f4	123	FUN_005785f4
game-server	0057866f	137	FUN_0057866f
game-server	005786f8	72	FUN_005786f8
game-server	00578740	56	FUN_00578740
game-server	00578778	284	FUN_00578778
game-server	00578894	356	FUN_00578894
game-server	005789f8	736	FUN_005789f8
game-server	00578cd8	117	FUN_00578cd8
game-server	00578d4d	416	FUN_00578d4d
game-server	00578eed	308	FUN_00578eed
game-server	00579047	142	FUN_00579047
game-server	005790d5	142	FUN_005790d5
game-server	00579163	142	FUN_00579163
game-server	005791f1	158	FUN_005791f1
game-server	00579290	43	FUN_00579290
game-server	005792c0	85	FUN_005792c0
game-server	00579315	53	?AfxPostQuitMessage@@YGXH@Z
game-server	00579350	126	??1CWinThread@@UAE@XZ
game-server	005793d0	23	??1AUX_DATA@@QAE@XZ
game-server	005793f0	205	??1CDocManager@@UAE@XZ
game-server	005794c0	97	??1COleMessageFilter@@UAE@XZ
game-server	00579521	56	?Revoke@COleMessageFilter@@QAEXXZ
game-server	00579560	139	??1COleObjectFactory@@UAE@XZ
game-server	005795eb	81	FUN_005795eb
game-server	0057963c	73	?RevokeAll@COleObjectFactory@@SGXXZ
game-server	00579690	317	FUN_00579690
save-server	00401005	5	thunk_FUN_0040d550
save-server	0040100a	5	thunk_FUN_004051e0
save-server	0040100f	5	thunk_FUN_00411f40
save-server	00401014	5	thunk_FUN_0041d880
save-server	00401019	5	thunk_FUN_00420da0
save-server	0040101e	5	thunk_FUN_0041f280
save-server	0040102d	5	thunk_FUN_00424000
save-server	00401032	5	thunk_FUN_0040d5b0
save-server	00401037	5	thunk_FUN_0040d010
save-server	00401041	5	thunk_FUN_0040cf30
save-server	00401046	5	thunk_FUN_00421e90
save-server	00401050	5	thunk_FUN_00412b40
save-server	0040105a	5	thunk_FUN_004043c0
save-server	0040105f	5	thunk_FUN_00413710
save-server	00401064	5	thunk_FUN_0041e2d0
save-server	00401069	5	thunk_FUN_00425ce0
save-server	00401073	5	thunk_FUN_004111e0
save-server	00401078	5	thunk_FUN_00411a10
save-server	0040107d	5	thunk_FUN_00418ca0
save-server	00401082	5	thunk_FUN_0040c560
save-server	00401087	5	thunk_FUN_0040c660
save-server	0040108c	5	thunk_FUN_00405e50
save-server	00401091	5	thunk_FUN_004207d0
save-server	00401096	5	thunk_FUN_00418980
save-server	0040109b	5	thunk_FUN_00416040
save-server	004010a5	5	thunk_FUN_004202a0
save-server	004010aa	5	thunk_FUN_0040dab0
save-server	004010af	5	thunk_FUN_0040db90
save-server	004010b4	5	thunk_FUN_00424db0
save-server	004010be	5	thunk_FUN_0041d0c0
save-server	004010c3	5	thunk_FUN_00413e60
save-server	004010c8	5	thunk_FUN_0040d4f0
save-server	004010cd	5	thunk_FUN_0041f2c0
save-server	004010d2	5	thunk_FUN_00420be0
save-server	004010d7	5	thunk_FUN_00420780
save-server	004010dc	5	thunk_FUN_0040c150
save-server	004010eb	5	thunk_FUN_0041dc60
save-server	004010f0	5	thunk_FUN_00405820
save-server	004010f5	5	thunk_FUN_00402a20
save-server	004010fa	5	thunk_FUN_00425640
save-server	00401104	5	thunk_FUN_00409660
save-server	00401109	5	thunk_FUN_00420a80
save-server	0040110e	5	thunk_FUN_0040c960
save-server	00401113	5	thunk_FUN_00428ca0
save-server	00401118	5	thunk_FUN_00426600
save-server	0040111d	5	thunk_FUN_00420340
save-server	00401122	5	thunk_FUN_0040d7e0
save-server	00401127	5	thunk_FUN_00422680
save-server	00401131	5	thunk_FUN_0040c000
save-server	00401136	5	thunk_FUN_0040baa0
save-server	0040113b	5	thunk_FUN_00423260
save-server	00401140	5	thunk_FUN_0040b970
save-server	00401145	5	thunk_FUN_00422ec0
save-server	0040114a	5	thunk_FUN_00420d00
save-server	0040114f	5	thunk_FUN_00420030
save-server	00401154	5	thunk_FUN_00402fc0
save-server	00401159	5	thunk_FUN_00409320
save-server	0040115e	5	thunk_FUN_00413460
save-server	00401163	5	thunk_FUN_00426360
save-server	00401168	5	thunk_FUN_00413d00
save-server	0040116d	5	thunk_FUN_00427240
save-server	00401172	5	thunk_FUN_00413e90
save-server	00401177	5	thunk_FUN_0040c190
save-server	00401190	5	thunk_FUN_00418620
save-server	00401195	5	thunk_FUN_00421f50
save-server	0040119a	5	thunk_FUN_00425840
save-server	0040119f	5	thunk_FUN_004202f0
save-server	004011a4	5	thunk_FUN_004097a0
save-server	004011a9	5	thunk_FUN_00416670
save-server	004011b3	5	thunk_FUN_004137e0
save-server	004011b8	5	thunk_FUN_00408760
save-server	004011c2	5	thunk_FUN_00405cb0
save-server	004011c7	5	thunk_FUN_0040b7f0
save-server	004011cc	5	thunk_FUN_0040c290
save-server	004011d6	5	thunk_FUN_00422190
save-server	004011db	5	thunk_FUN_00412af0
save-server	004011e5	5	thunk_FUN_00411110
save-server	004011ea	5	thunk_FUN_00412370
save-server	004011fe	5	thunk_FUN_0040d750
save-server	00401203	5	thunk_FUN_0040d330
save-server	00401208	5	thunk_FUN_0041c310
save-server	00401212	5	thunk_FUN_0041b870
save-server	00401217	5	thunk_FUN_00427a20
save-server	0040121c	5	thunk_FUN_00406ad0
save-server	00401221	5	thunk_FUN_0040ce50
save-server	00401226	5	thunk_FUN_0040c240
save-server	0040122b	5	thunk_FUN_00419e90
save-server	00401230	5	thunk_FUN_0041c2d0
save-server	00401235	5	thunk_FUN_004263f0
save-server	0040123a	5	thunk_FUN_00413f20
save-server	0040123f	5	thunk_FUN_0040ca00
save-server	00401249	5	thunk_FUN_00409de0
save-server	0040124e	5	thunk_FUN_00413950
save-server	00401258	5	thunk_FUN_004230e0
save-server	00401267	5	thunk_FUN_004231b0
save-server	0040126c	5	thunk_FUN_00413a50
save-server	00401271	5	thunk_FUN_00413990
save-server	0040127b	5	thunk_FUN_0040a460
save-server	00401285	5	thunk_FUN_00427ba0
save-server	0040128a	5	thunk_FUN_0041c780
save-server	00401294	5	thunk_FUN_00422960
save-server	0040129e	5	thunk_FUN_00403160
save-server	004012ad	5	thunk_FUN_00422900
save-server	004012b2	5	thunk_FUN_00424fd0
save-server	004012b7	5	thunk_FUN_0041e870
save-server	004012bc	5	thunk_FUN_00409ae0
save-server	004012c1	5	thunk_FUN_0041a1f0
save-server	004012c6	5	thunk_FUN_004138d0
save-server	004012d0	5	thunk_FUN_00413690
save-server	004012d5	5	thunk_FUN_00415a40
save-server	004012df	5	thunk_FUN_004115c0
save-server	004012e4	5	thunk_FUN_00422540
save-server	004012ee	5	thunk_FUN_00413760
save-server	004012f3	5	thunk_FUN_00423090
save-server	004012f8	5	thunk_FUN_00413b80
save-server	004012fd	5	thunk_FUN_0040cc00
save-server	00401302	5	thunk_FUN_00411150
save-server	00401307	5	thunk_FUN_0040e5d0
save-server	0040130c	5	thunk_FUN_00420f70
save-server	00401311	5	thunk_FUN_004284a0
save-server	00401316	5	thunk_FUN_004220c0
save-server	0040131b	5	thunk_FUN_0040c810
save-server	00401320	5	thunk_FUN_00420d60
save-server	00401325	5	thunk_FUN_00420590
save-server	0040132a	5	thunk_FUN_0040c340
save-server	00401334	5	thunk_FUN_00413dd0
save-server	00401339	5	thunk_FUN_00412e30
save-server	00401343	5	thunk_FUN_00428c20
save-server	00401348	5	thunk_FUN_0040c9b0
save-server	00401357	5	thunk_FUN_004251c0
save-server	0040135c	5	thunk_FUN_00420190
save-server	00401361	5	thunk_FUN_004056a0
save-server	00401366	5	thunk_FUN_0040f090
save-server	0040136b	5	thunk_FUN_004227f0
save-server	00401370	5	thunk_FUN_00422110
save-server	00401375	5	thunk_FUN_0041aa80
save-server	00401384	5	thunk_FUN_00411010
save-server	00401389	5	thunk_FUN_0040b250
save-server	0040138e	5	thunk_FUN_004092e0
save-server	00401393	5	thunk_FUN_00416270
save-server	00401398	5	thunk_FUN_00420ac0
save-server	004013a2	5	thunk_FUN_004219f0
save-server	004013ac	5	thunk_FUN_0040c750
save-server	004013b1	5	thunk_FUN_0040d5e0
save-server	004013b6	5	thunk_FUN_004087e0
save-server	004013bb	5	thunk_FUN_0040e440
save-server	004013c0	5	thunk_FUN_00412550
save-server	004013c5	5	thunk_FUN_00421020
save-server	004013ca	5	thunk_FUN_0040ccd0
save-server	004013cf	5	thunk_FUN_0040d7a0
save-server	004013d4	5	thunk_FUN_00422830
save-server	004013d9	5	thunk_FUN_004133c0
save-server	004013de	5	thunk_FUN_004127e0
save-server	004013e3	5	thunk_FUN_00423380
save-server	004013e8	5	thunk_FUN_00421450
save-server	004013ed	5	thunk_FUN_00413890
save-server	004013f2	5	thunk_FUN_00418b50
save-server	004013fc	5	thunk_FUN_0040cb20
save-server	00401401	5	thunk_FUN_004212a0
save-server	00401406	5	thunk_FUN_00412700
save-server	0040140b	5	thunk_FUN_0040d440
save-server	00401410	5	thunk_FUN_004204f0
save-server	00401415	5	thunk_FUN_00405cf0
save-server	0040141a	5	thunk_FUN_00410f10
save-server	00401429	5	thunk_FUN_00413010
save-server	0040142e	5	thunk_FUN_0040c5c0
save-server	00401433	5	thunk_FUN_004181d0
save-server	00401438	5	thunk_FUN_00426b50
save-server	0040143d	5	thunk_FUN_00412be0
save-server	00401442	5	thunk_FUN_00411610
save-server	00401447	5	thunk_FUN_00424490
save-server	0040144c	5	thunk_FUN_00420690
save-server	00401451	5	thunk_FUN_0040b540
save-server	00401456	5	thunk_FUN_0040c500
save-server	0040145b	5	thunk_FUN_00423170
save-server	00401460	5	thunk_FUN_00413b20
save-server	00401465	5	thunk_FUN_00415180
save-server	0040146a	5	thunk_FUN_00409bb0
save-server	0040146f	5	thunk_FUN_00413510
save-server	00401474	5	thunk_FUN_0040d0d0
save-server	00401479	5	thunk_FUN_00422fe0
save-server	0040147e	5	thunk_FUN_00424390
save-server	00401483	5	thunk_FUN_0040d1f0
save-server	0040148d	5	thunk_FUN_00402600
save-server	00401497	5	thunk_FUN_00420730
save-server	0040149c	5	thunk_FUN_00415f80
save-server	004014a1	5	thunk_FUN_00427e30
save-server	004014ab	5	thunk_FUN_0040a5d0
save-server	004014b5	5	thunk_FUN_0040ae30
save-server	004014ba	5	thunk_FUN_00409600
save-server	004014bf	5	thunk_FUN_00412430
save-server	004014c9	5	thunk_FUN_0040d260
save-server	004014ce	5	thunk_FUN_00421e30
save-server	004014d3	5	thunk_FUN_004201e0
save-server	004014d8	5	thunk_FUN_004092a0
save-server	004014dd	5	thunk_FUN_00413d40
save-server	004014e7	5	thunk_FUN_00405b90
save-server	004014ec	5	thunk_FUN_004125f0
save-server	004014f1	5	thunk_FUN_004056e0
save-server	004014f6	5	thunk_FUN_00421810
save-server	004014fb	5	thunk_FUN_00420f20
save-server	00401500	5	thunk_FUN_0040d3f0
save-server	00401505	5	thunk_FUN_00413bd0
save-server	0040150a	5	thunk_FUN_00405720
save-server	0040150f	5	thunk_FUN_00422b70
save-server	00401514	5	thunk_FUN_004059d0
save-server	00401519	5	thunk_FUN_0040c0e0
save-server	00401523	5	thunk_FUN_00414020
save-server	00401528	5	thunk_FUN_00403930
save-server	00401532	5	thunk_FUN_00404cb0
save-server	00401537	5	thunk_FUN_00413c20
save-server	00401550	5	thunk_FUN_00412880
save-server	00401555	5	thunk_FUN_004098d0
save-server	0040155a	5	thunk_FUN_00412a90
save-server	0040155f	5	thunk_FUN_0040ee30
save-server	00401564	5	thunk_FUN_00417e40
save-server	0040156e	5	thunk_FUN_004089d0
save-server	00401573	5	thunk_FUN_00419af0
save-server	00401578	5	thunk_FUN_004145c0
save-server	0040157d	5	thunk_FUN_0040ba30
save-server	00401582	5	thunk_FUN_00420980
save-server	00401587	5	thunk_FUN_00419c30
save-server	00401591	5	thunk_FUN_004226d0
save-server	00401596	5	thunk_FUN_00416d50
save-server	0040159b	5	thunk_FUN_00409360
save-server	004015a5	5	thunk_FUN_00423dc0
save-server	004015aa	5	thunk_FUN_004228b0
save-server	004015af	5	thunk_FUN_00413fa0
save-server	004015b4	5	thunk_FUN_004208f0
save-server	004015be	5	thunk_FUN_00411220
save-server	004015c3	5	thunk_FUN_004221d0
save-server	004015c8	5	thunk_FUN_004204a0
save-server	004015cd	5	thunk_FUN_00403420
save-server	004015d2	5	thunk_FUN_0040b3d0
save-server	004015d7	5	thunk_FUN_0040e7b0
save-server	004015dc	5	thunk_FUN_00412b80
save-server	004015e1	5	thunk_FUN_00411e90
save-server	004015e6	5	thunk_FUN_0040bef0
save-server	004015eb	5	thunk_FUN_0040b0d0
save-server	004015f0	5	thunk_FUN_00421c50
save-server	004015f5	5	thunk_FUN_00409e90
save-server	004015fa	5	thunk_FUN_00422060
save-server	004015ff	5	thunk_FUN_0040d130
save-server	00401609	5	thunk_FUN_004032c0
save-server	0040160e	5	thunk_FUN_00405760
save-server	00401613	5	thunk_FUN_00413ed0
save-server	00401618	5	thunk_FUN_00409f40
save-server	0040161d	5	thunk_FUN_00426000
save-server	00401622	5	thunk_FUN_0040c4a0
save-server	00401627	5	thunk_FUN_0040f1c0
save-server	0040162c	5	thunk_FUN_00412630
save-server	00401631	5	thunk_FUN_0040d700
save-server	00401636	5	thunk_FUN_00422f70
save-server	0040163b	5	thunk_FUN_00424740
save-server	00401640	5	thunk_FUN_00421060
save-server	00401645	5	thunk_FUN_00420ba0
save-server	0040164a	5	thunk_FUN_00420390
save-server	0040164f	5	thunk_FUN_00422490
save-server	00401659	5	thunk_FUN_00422b10
save-server	0040165e	5	thunk_FUN_00404210
save-server	00401663	5	thunk_FUN_00417430
save-server	0040166d	5	thunk_FUN_00414570
save-server	00401672	5	thunk_FUN_004210c0
save-server	00401677	5	thunk_FUN_00420930
save-server	0040167c	5	thunk_FUN_0040c200
save-server	00401686	5	thunk_FUN_00424840
save-server	0040168b	5	thunk_FUN_00421130
save-server	00401690	5	thunk_FUN_0041da80
save-server	0040169f	5	thunk_FUN_00423040
save-server	004016a4	5	thunk_FUN_004136d0
save-server	004016a9	5	thunk_FUN_0040c620
save-server	004016ae	5	thunk_FUN_0040b030
save-server	004016b3	5	thunk_FUN_00420d30
save-server	004016b8	5	thunk_FUN_0040a040
save-server	004016bd	5	thunk_FUN_00405b10
save-server	004016c2	5	thunk_FUN_004225f0
save-server	004016c7	5	thunk_FUN_0040cf00
save-server	004016cc	5	thunk_FUN_00403a90
save-server	004016d1	5	thunk_FUN_0040c8b0
save-server	004016d6	5	thunk_FUN_004245f0
save-server	004016db	5	thunk_FUN_004244d0
save-server	004016e0	5	thunk_FUN_0040cd40
save-server	004016e5	5	thunk_FUN_00428800
save-server	004016ea	5	thunk_FUN_00422c30
save-server	004016ef	5	thunk_FUN_00415b30
save-server	004016f4	5	thunk_FUN_0040d190
save-server	004016f9	5	thunk_FUN_004247d0
save-server	004016fe	5	thunk_FUN_00420a50
save-server	00401703	5	thunk_FUN_00406320
save-server	00401708	5	thunk_FUN_00413190
save-server	00401717	5	thunk_FUN_00427ce0
save-server	0040171c	5	thunk_FUN_00412490
save-server	00401726	5	thunk_FUN_00405660
save-server	00401730	5	thunk_FUN_00413630
save-server	00401735	5	thunk_FUN_00413210
save-server	0040173a	5	thunk_FUN_00406d90
save-server	0040173f	5	thunk_FUN_0040f290
save-server	0040174e	5	thunk_FUN_0040b310
save-server	00401762	5	thunk_FUN_004027d0
save-server	00401767	5	thunk_FUN_004129d0
save-server	0040176c	5	thunk_FUN_004203e0
save-server	00401771	5	thunk_FUN_00412c50
save-server	00401776	5	thunk_FUN_004243e0
save-server	0040177b	5	thunk_FUN_00408bc0
save-server	00401780	5	thunk_FUN_004222f0
save-server	0040178f	5	thunk_FUN_0040c850
save-server	00401794	5	thunk_FUN_00422bc0
save-server	00401799	5	thunk_FUN_0041a1b0
save-server	0040179e	5	thunk_FUN_0040cb90
save-server	004017a8	5	thunk_FUN_00425340
save-server	004017b2	5	thunk_FUN_00413830
save-server	004017b7	5	thunk_FUN_00425ea0
save-server	004017c1	5	thunk_FUN_00409c00
save-server	004017c6	5	thunk_FUN_00415dc0
save-server	004017d0	5	thunk_FUN_00411050
save-server	004017d5	5	thunk_FUN_0040ea60
save-server	004017df	5	thunk_FUN_0040dd50
save-server	004017e9	5	thunk_FUN_0040b6a0
save-server	004017ee	5	thunk_FUN_0040d490
save-server	004017f3	5	thunk_FUN_0040cc60
save-server	004017f8	5	thunk_FUN_00402760
save-server	004017fd	5	thunk_FUN_00426210
save-server	00401802	5	thunk_FUN_0041cc10
save-server	00401807	5	thunk_FUN_00422de0
save-server	0040180c	5	thunk_FUN_00408f90
save-server	00401811	5	thunk_FUN_00420240
save-server	00401816	5	thunk_FUN_004254c0
save-server	0040181b	5	thunk_FUN_004093a0
save-server	0040182f	5	thunk_FUN_0040b9d0
save-server	00401834	5	thunk_FUN_00412670
save-server	0040183e	5	thunk_FUN_0040e040
save-server	00401848	5	thunk_FUN_0041d7c0
save-server	0040184d	5	thunk_FUN_0040bfa0
save-server	00401852	5	thunk_FUN_0040fe30
save-server	00401857	5	thunk_FUN_004130e0
save-server	0040185c	5	thunk_FUN_004057e0
save-server	00401861	5	thunk_FUN_0040d3a0
save-server	00401866	5	thunk_FUN_00420ca0
save-server	0040186b	5	thunk_FUN_00422290
save-server	00401870	5	thunk_FUN_00422230
save-server	00401875	5	thunk_FUN_004128b0
save-server	0040187a	5	thunk_FUN_0040d620
save-server	0040187f	5	thunk_FUN_0040bc10
save-server	00401884	5	thunk_FUN_00410fd0
save-server	00401889	5	thunk_FUN_0040cac0
save-server	0040188e	5	thunk_FUN_0040cfb0
save-server	00401898	5	thunk_FUN_00420fd0
save-server	0040189d	5	thunk_FUN_00426690
save-server	004018a7	5	thunk_FUN_0040ed60
save-server	004018ac	5	thunk_FUN_0040d060
save-server	004018b1	5	thunk_FUN_004046f0
save-server	004018b6	5	thunk_FUN_00412d50
save-server	004018bb	5	thunk_FUN_0040d6a0
save-server	004018c0	5	thunk_FUN_0040c470
save-server	004018c5	5	thunk_FUN_004188e0
save-server	004018ca	5	thunk_FUN_0040d220
save-server	004018cf	5	thunk_FUN_004259b0
save-server	004018d4	5	thunk_FUN_00413910
save-server	004018e3	5	thunk_FUN_00406c60
save-server	004018e8	5	thunk_FUN_004128e0
save-server	004018ed	5	thunk_FUN_00404f80
save-server	004018f2	5	thunk_FUN_00405ec0
save-server	00401906	5	thunk_FUN_004040b0
save-server	00401915	5	thunk_FUN_0040cda0
save-server	0040191a	5	thunk_FUN_0040bf40
save-server	0040191f	5	thunk_FUN_00425280
save-server	00401924	5	thunk_FUN_00422150
save-server	00401929	5	thunk_FUN_00422a20
save-server	0040192e	5	thunk_FUN_00417a10
save-server	00401938	5	thunk_FUN_00414060
save-server	0040193d	5	thunk_FUN_0040fb00
save-server	00401947	5	thunk_FUN_004045e0
save-server	00401951	5	thunk_FUN_004280b0
save-server	00401960	5	thunk_FUN_00427ec0
save-server	00401965	5	thunk_FUN_004087a0
save-server	0040196a	5	thunk_FUN_00405b50
save-server	0040196f	5	thunk_FUN_00403c00
save-server	00401974	5	thunk_FUN_00413da0
save-server	00401979	5	thunk_FUN_004205f0
save-server	0040197e	5	thunk_FUN_004288e0
save-server	00401983	5	thunk_FUN_0040ca60
save-server	00401988	5	thunk_FUN_00415c70
save-server	0040198d	5	thunk_FUN_0040c910
save-server	00401997	5	thunk_FUN_00421d20
save-server	004019a1	5	thunk_FUN_0040d100
save-server	004019a6	5	thunk_FUN_00411090
save-server	004019ab	5	thunk_FUN_00421aa0
save-server	004019b5	5	thunk_FUN_00420e80
save-server	004019ba	5	thunk_FUN_00420840
save-server	004019bf	5	thunk_FUN_00413d70
save-server	004019c4	5	thunk_FUN_00423220
save-server	004019d3	5	thunk_FUN_004140a0
save-server	004019d8	5	thunk_FUN_00409d50
save-server	004019dd	5	thunk_FUN_00420e20
save-server	004019e2	5	thunk_FUN_004123d0
save-server	004019ec	5	thunk_FUN_0040eb30
save-server	004019f6	5	thunk_FUN_004050f0
save-server	00401a0a	5	thunk_FUN_0040d660
save-server	00401a0f	5	thunk_FUN_0040d360
save-server	00401a14	5	thunk_FUN_004060d0
save-server	00401a1e	5	thunk_FUN_00422350
save-server	00401a23	5	thunk_FUN_00423130
save-server	00401a28	5	thunk_FUN_004224d0
save-server	00401a2d	5	thunk_FUN_004110d0
save-server	00401a32	5	thunk_FUN_0040c3e0
save-server	00401a37	5	thunk_FUN_00412cf0
save-server	00401a46	5	thunk_FUN_0040abf0
save-server	00401a4b	5	thunk_FUN_00422d00
save-server	00401a5f	5	thunk_FUN_00420640
save-server	00401a64	5	thunk_FUN_00420540
save-server	00401a69	5	thunk_FUN_004126b0
save-server	00401a73	5	thunk_FUN_004229c0
save-server	00401a78	5	thunk_FUN_00412cb0
save-server	00401a87	5	thunk_FUN_00402ca0
save-server	00401a8c	5	thunk_FUN_00410bf0
save-server	00401a91	5	thunk_FUN_00412980
save-server	00401a96	5	thunk_FUN_0040e620
save-server	00401a9b	5	thunk_FUN_004037c0
save-server	00401aa5	5	thunk_FUN_004245a0
save-server	00401aaa	5	thunk_FUN_00421730
save-server	00401aaf	5	thunk_FUN_00404cf0
save-server	00401ab4	5	thunk_FUN_004134a0
save-server	00401ab9	5	thunk_FUN_004209e0
save-server	00401abe	5	thunk_FUN_004139f0
save-server	00401ac3	5	thunk_FUN_004208a0
save-server	00401ac8	5	thunk_FUN_00405bd0
save-server	00401ad2	5	thunk_FUN_004223b0
save-server	00401adc	5	thunk_FUN_0041b1f0
save-server	00401ae1	5	thunk_FUN_0040d8b0
save-server	00401ae6	5	thunk_FUN_00427f90
save-server	00401af0	5	thunk_FUN_0040f370
save-server	00401af5	5	thunk_FUN_004199b0
save-server	00402600	190	FUN_00402600
save-server	004026f0	81	FUN_004026f0
save-server	00402760	79	FUN_00402760
save-server	004027d0	474	FUN_004027d0
save-server	00402a20	450	FUN_00402a20
save-server	00402c60	41	FUN_00402c60
save-server	00402ca0	639	FUN_00402ca0
save-server	00402fc0	331	FUN_00402fc0
save-server	00403160	277	FUN_00403160
save-server	004032c0	277	FUN_004032c0
save-server	00403420	733	FUN_00403420
save-server	004037c0	284	FUN_004037c0
save-server	00403930	277	FUN_00403930
save-server	00403a90	291	FUN_00403a90
save-server	00403c00	956	FUN_00403c00
save-server	004040b0	277	FUN_004040b0
save-server	00404210	290	FUN_00404210
save-server	00404380	40	FUN_00404380
save-server	004043c0	212	FUN_004043c0
save-server	004044d0	212	FUN_004044d0
save-server	004045e0	206	FUN_004045e0
save-server	004046f0	307	FUN_004046f0
save-server	00404870	273	FUN_00404870
save-server	004049d0	273	FUN_004049d0
save-server	00404b30	200	FUN_00404b30
save-server	00404c30	36	FUN_00404c30
save-server	00404c60	60	FUN_00404c60
save-server	00404cb0	42	FUN_00404cb0
save-server	00404cf0	47	FUN_00404cf0
save-server	00404d30	462	FUN_00404d30
save-server	00404f80	194	FUN_00404f80
save-server	00405080	81	FUN_00405080
save-server	004050f0	183	FUN_004050f0
save-server	004051e0	379	FUN_004051e0
save-server	004053c0	78	FUN_004053c0
save-server	00405430	448	FUN_00405430
save-server	00405660	42	FUN_00405660
save-server	004056a0	42	FUN_004056a0
save-server	004056e0	42	FUN_004056e0
save-server	00405720	42	FUN_00405720
save-server	00405760	96	FUN_00405760
save-server	004057e0	45	FUN_004057e0
save-server	00405820	335	FUN_00405820
save-server	004059d0	161	FUN_004059d0
save-server	00405aa0	81	FUN_00405aa0
save-server	00405b10	43	FUN_00405b10
save-server	00405b50	47	FUN_00405b50
save-server	00405b90	47	FUN_00405b90
save-server	00405bd0	86	FUN_00405bd0
save-server	00405c40	81	FUN_00405c40
save-server	00405cb0	45	FUN_00405cb0
save-server	00405cf0	190	FUN_00405cf0
save-server	00405de0	81	FUN_00405de0
save-server	00405e50	79	FUN_00405e50
save-server	00405ec0	421	FUN_00405ec0
save-server	004060d0	423	FUN_004060d0
save-server	004062e0	41	FUN_004062e0
save-server	00406320	555	FUN_00406320
save-server	004065e0	167	FUN_004065e0
save-server	004066b0	783	FUN_004066b0
save-server	00406a90	43	FUN_00406a90
save-server	00406ad0	316	FUN_00406ad0
save-server	00406c60	240	FUN_00406c60
save-server	00406d90	287	FUN_00406d90
save-server	00406f00	284	FUN_00406f00
save-server	00407070	323	FUN_00407070
save-server	00407210	206	FUN_00407210
save-server	00407320	206	FUN_00407320
save-server	00407430	262	FUN_00407430
save-server	00407580	274	FUN_00407580
save-server	004076e0	725	FUN_004076e0
save-server	00407a70	340	FUN_00407a70
save-server	00407c20	926	FUN_00407c20
save-server	004080b0	240	FUN_004080b0
save-server	004081e0	275	FUN_004081e0
save-server	00408340	281	FUN_00408340
save-server	004084a0	200	FUN_004084a0
save-server	004085a0	358	FUN_004085a0
save-server	00408760	42	FUN_00408760
save-server	004087a0	47	FUN_004087a0
save-server	004087e0	303	FUN_004087e0
save-server	00408960	81	FUN_00408960
save-server	004089d0	302	FUN_004089d0
save-server	00408b50	89	FUN_00408b50
save-server	00408bc0	160	FUN_00408bc0
save-server	00408c90	351	FUN_00408c90
save-server	00408e50	64	FUN_00408e50
save-server	00408ea0	101	FUN_00408ea0
save-server	00408f20	81	FUN_00408f20
save-server	00408f90	63	FUN_00408f90
save-server	00408fe0	90	FUN_00408fe0
save-server	00409050	73	FUN_00409050
save-server	004090b0	36	FUN_004090b0
save-server	004090e0	350	FUN_004090e0
save-server	004092a0	42	FUN_004092a0
save-server	004092e0	42	FUN_004092e0
save-server	00409320	45	FUN_00409320
save-server	00409360	45	FUN_00409360
save-server	004093a0	386	FUN_004093a0
save-server	00409590	81	FUN_00409590
save-server	00409600	69	FUN_00409600
save-server	00409660	200	FUN_00409660
save-server	00409760	41	FUN_00409760
save-server	004097a0	232	FUN_004097a0
save-server	004098d0	413	FUN_004098d0
save-server	00409ae0	72	FUN_00409ae0
save-server	00409b40	81	FUN_00409b40
save-server	00409bb0	63	FUN_00409bb0
save-server	00409c00	174	FUN_00409c00
save-server	00409ce0	81	FUN_00409ce0
save-server	00409d50	106	FUN_00409d50
save-server	00409de0	83	FUN_00409de0
save-server	00409e50	40	FUN_00409e50
save-server	00409e90	140	FUN_00409e90
save-server	00409f40	199	FUN_00409f40
save-server	0040a040	415	FUN_0040a040
save-server	0040a250	420	FUN_0040a250
save-server	0040a460	292	FUN_0040a460
save-server	0040a5d0	1249	FUN_0040a5d0
save-server	0040abf0	451	FUN_0040abf0
save-server	0040ae30	403	FUN_0040ae30
save-server	0040b030	117	FUN_0040b030
save-server	0040b0d0	301	FUN_0040b0d0
save-server	0040b250	147	FUN_0040b250
save-server	0040b310	145	FUN_0040b310
save-server	0040b3d0	284	FUN_0040b3d0
save-server	0040b540	282	FUN_0040b540
save-server	0040b6a0	262	FUN_0040b6a0
save-server	0040b7f0	301	FUN_0040b7f0
save-server	0040b970	67	FUN_0040b970
save-server	0040b9d0	68	FUN_0040b9d0
save-server	0040ba30	85	FUN_0040ba30
save-server	0040baa0	294	FUN_0040baa0
save-server	0040bc10	457	FUN_0040bc10
save-server	0040bef0	53	FUN_0040bef0
save-server	0040bf40	72	FUN_0040bf40
save-server	0040bfa0	76	FUN_0040bfa0
save-server	0040c000	146	FUN_0040c000
save-server	0040c0e0	80	FUN_0040c0e0
save-server	0040c150	41	FUN_0040c150
save-server	0040c190	82	FUN_0040c190
save-server	0040c200	50	FUN_0040c200
save-server	0040c240	62	FUN_0040c240
save-server	0040c290	140	FUN_0040c290
save-server	0040c340	120	FUN_0040c340
save-server	0040c3e0	108	FUN_0040c3e0
save-server	0040c470	36	FUN_0040c470
save-server	0040c4a0	67	FUN_0040c4a0
save-server	0040c500	74	FUN_0040c500
save-server	0040c560	72	FUN_0040c560
save-server	0040c5c0	69	FUN_0040c5c0
save-server	0040c620	41	FUN_0040c620
save-server	0040c660	180	FUN_0040c660
save-server	0040c750	142	FUN_0040c750
save-server	0040c810	41	FUN_0040c810
save-server	0040c850	75	FUN_0040c850
save-server	0040c8b0	77	FUN_0040c8b0
save-server	0040c910	58	FUN_0040c910
save-server	0040c960	57	FUN_0040c960
save-server	0040c9b0	54	FUN_0040c9b0
save-server	0040ca00	71	FUN_0040ca00
save-server	0040ca60	75	FUN_0040ca60
save-server	0040cac0	77	FUN_0040cac0
save-server	0040cb20	84	FUN_0040cb20
save-server	0040cb90	85	FUN_0040cb90
save-server	0040cc00	73	FUN_0040cc00
save-server	0040cc60	80	FUN_0040cc60
save-server	0040ccd0	84	FUN_0040ccd0
save-server	0040cd40	73	FUN_0040cd40
save-server	0040cda0	134	FUN_0040cda0
save-server	0040ce50	139	FUN_0040ce50
save-server	0040cf00	31	FUN_0040cf00
save-server	0040cf30	98	FUN_0040cf30
save-server	0040cfb0	70	FUN_0040cfb0
save-server	0040d010	57	FUN_0040d010
save-server	0040d060	79	FUN_0040d060
save-server	0040d0d0	34	FUN_0040d0d0
save-server	0040d100	34	FUN_0040d100
save-server	0040d130	73	FUN_0040d130
save-server	0040d190	69	FUN_0040d190
save-server	0040d1f0	34	FUN_0040d1f0
save-server	0040d220	42	FUN_0040d220
save-server	0040d260	161	FUN_0040d260
save-server	0040d330	33	FUN_0040d330
save-server	0040d360	42	FUN_0040d360
save-server	0040d3a0	61	FUN_0040d3a0
save-server	0040d3f0	61	FUN_0040d3f0
save-server	0040d440	52	FUN_0040d440
save-server	0040d490	76	FUN_0040d490
save-server	0040d4f0	76	FUN_0040d4f0
save-server	0040d550	72	FUN_0040d550
save-server	0040d5b0	31	FUN_0040d5b0
save-server	0040d5e0	42	FUN_0040d5e0
save-server	0040d620	44	FUN_0040d620
save-server	0040d660	47	FUN_0040d660
save-server	0040d6a0	34	FUN_0040d6a0
save-server	0040d6d0	31	FUN_0040d6d0
save-server	0040d700	53	FUN_0040d700
save-server	0040d750	53	FUN_0040d750
save-server	0040d7a0	41	FUN_0040d7a0
save-server	0040d7e0	77	FUN_0040d7e0
save-server	0040d840	78	FUN_0040d840
save-server	0040d8b0	54	FUN_0040d8b0
save-server	0040d900	60	FUN_0040d900
save-server	0040d950	41	FUN_0040d950
save-server	0040d990	77	FUN_0040d990
save-server	0040d9f0	54	FUN_0040d9f0
save-server	0040da40	81	FUN_0040da40
save-server	0040dab0	168	FUN_0040dab0
save-server	0040db90	67	FUN_0040db90
save-server	0040dbf0	65	FUN_0040dbf0
save-server	0040dc50	198	FUN_0040dc50
save-server	0040dd50	590	FUN_0040dd50
save-server	0040e040	504	FUN_0040e040
save-server	0040e440	318	FUN_0040e440
save-server	0040e5d0	57	FUN_0040e5d0
save-server	0040e620	315	FUN_0040e620
save-server	0040e7b0	539	FUN_0040e7b0
save-server	0040ea60	159	FUN_0040ea60
save-server	0040eb30	389	FUN_0040eb30
save-server	0040ed20	41	FUN_0040ed20
save-server	0040ed60	68	FUN_0040ed60
save-server	0040edc0	78	FUN_0040edc0
save-server	0040ee30	54	FUN_0040ee30
save-server	0040ee80	51	FUN_0040ee80
save-server	0040eec0	51	FUN_0040eec0
save-server	0040ef00	54	FUN_0040ef00
save-server	0040ef50	51	FUN_0040ef50
save-server	0040ef90	194	FUN_0040ef90
save-server	0040f090	200	FUN_0040f090
save-server	0040f190	36	FUN_0040f190
save-server	0040f1c0	70	FUN_0040f1c0
save-server	0040f220	78	FUN_0040f220
save-server	0040f290	54	FUN_0040f290
save-server	0040f2e0	60	FUN_0040f2e0
save-server	0040f330	41	FUN_0040f330
save-server	0040f370	315	FUN_0040f370
save-server	0040f500	36	FUN_0040f500
save-server	0040f530	36	FUN_0040f530
save-server	0040f560	78	FUN_0040f560
save-server	0040f5d0	317	FUN_0040f5d0
save-server	0040f760	41	FUN_0040f760
save-server	0040f7a0	680	FUN_0040f7a0
save-server	0040fb00	122	FUN_0040fb00
save-server	0040fba0	157	FUN_0040fba0
save-server	0040fc70	303	FUN_0040fc70
save-server	0040fdf0	45	FUN_0040fdf0
save-server	0040fe30	520	FUN_0040fe30
save-server	004100c0	1115	FUN_004100c0
save-server	00410640	294	FUN_00410640
save-server	004107b0	637	FUN_004107b0
save-server	00410ad0	220	FUN_00410ad0
save-server	00410bf0	42	FUN_00410bf0
save-server	00410c30	166	FUN_00410c30
save-server	00410d00	212	FUN_00410d00
save-server	00410e10	91	FUN_00410e10
save-server	00410e90	91	FUN_00410e90
save-server	00410f10	149	FUN_00410f10
save-server	00410fd0	42	FUN_00410fd0
save-server	00411010	47	FUN_00411010
save-server	00411050	42	FUN_00411050
save-server	00411090	44	FUN_00411090
save-server	004110d0	51	FUN_004110d0
save-server	00411110	51	FUN_00411110
save-server	00411150	108	FUN_00411150
save-server	004111e0	42	FUN_004111e0
save-server	00411220	645	FUN_00411220
save-server	00411550	78	FUN_00411550
save-server	004115c0	54	FUN_004115c0
save-server	00411610	465	FUN_00411610
save-server	00411860	164	FUN_00411860
save-server	00411930	177	FUN_00411930
save-server	00411a10	917	FUN_00411a10
save-server	00411e90	140	FUN_00411e90
save-server	00411f40	512	FUN_00411f40
save-server	004121c0	340	FUN_004121c0
save-server	00412370	67	FUN_00412370
save-server	004123d0	67	FUN_004123d0
save-server	00412430	67	FUN_00412430
save-server	00412490	145	FUN_00412490
save-server	00412550	125	FUN_00412550
save-server	004125f0	42	FUN_004125f0
save-server	00412630	42	FUN_00412630
save-server	00412670	42	FUN_00412670
save-server	004126b0	54	FUN_004126b0
save-server	00412700	174	FUN_00412700
save-server	004127e0	120	FUN_004127e0
save-server	00412880	39	FUN_00412880
save-server	004128b0	36	FUN_004128b0
save-server	004128e0	126	FUN_004128e0
save-server	00412980	63	FUN_00412980
save-server	004129d0	142	FUN_004129d0
save-server	00412a90	71	FUN_00412a90
save-server	00412af0	54	FUN_00412af0
save-server	00412b40	42	FUN_00412b40
save-server	00412b80	68	FUN_00412b80
save-server	00412be0	87	FUN_00412be0
save-server	00412c50	77	FUN_00412c50
save-server	00412cb0	41	FUN_00412cb0
save-server	00412cf0	71	FUN_00412cf0
save-server	00412d50	168	FUN_00412d50
save-server	00412e30	381	FUN_00412e30
save-server	00413010	167	FUN_00413010
save-server	004130e0	134	FUN_004130e0
save-server	00413190	96	FUN_00413190
save-server	00413210	335	FUN_00413210
save-server	004133c0	34	FUN_004133c0
save-server	004133f0	81	FUN_004133f0
save-server	00413460	45	FUN_00413460
save-server	004134a0	80	FUN_004134a0
save-server	00413510	222	FUN_00413510
save-server	00413630	66	FUN_00413630
save-server	00413690	50	FUN_00413690
save-server	004136d0	50	FUN_004136d0
save-server	00413710	62	FUN_00413710
save-server	00413760	99	FUN_00413760
save-server	004137e0	64	FUN_004137e0
save-server	00413830	75	FUN_00413830
save-server	00413890	43	FUN_00413890
save-server	004138d0	47	FUN_004138d0
save-server	00413910	47	FUN_00413910
save-server	00413950	41	FUN_00413950
save-server	00413990	77	FUN_00413990
save-server	004139f0	73	FUN_004139f0
save-server	00413a50	137	FUN_00413a50
save-server	00413b20	73	FUN_00413b20
save-server	00413b80	61	FUN_00413b80
save-server	00413bd0	62	FUN_00413bd0
save-server	00413c20	81	FUN_00413c20
save-server	00413c90	81	FUN_00413c90
save-server	00413d00	45	FUN_00413d00
save-server	00413d40	31	FUN_00413d40
save-server	00413d70	34	FUN_00413d70
save-server	00413da0	34	FUN_00413da0
save-server	00413dd0	111	FUN_00413dd0
save-server	00413e60	34	FUN_00413e60
save-server	00413e90	42	FUN_00413e90
save-server	00413ed0	61	FUN_00413ed0
save-server	00413f20	94	FUN_00413f20
save-server	00413fa0	93	FUN_00413fa0
save-server	00414020	42	FUN_00414020
save-server	00414060	42	FUN_00414060
save-server	004140a0	886	FUN_004140a0
save-server	00414500	81	FUN_00414500
save-server	00414570	54	FUN_00414570
save-server	004145c0	963	FUN_004145c0
save-server	00414a80	1322	FUN_00414a80
save-server	00415150	36	FUN_00415150
save-server	00415180	1780	FUN_00415180
save-server	00415a40	182	FUN_00415a40
save-server	00415b30	252	FUN_00415b30
save-server	00415c70	260	FUN_00415c70
save-server	00415dc0	349	FUN_00415dc0
save-server	00415f80	146	FUN_00415f80
save-server	00416040	446	FUN_00416040
save-server	00416270	808	FUN_00416270
save-server	00416670	1406	FUN_00416670
save-server	00416d50	1398	FUN_00416d50
save-server	00417430	1200	FUN_00417430
save-server	00417a10	853	FUN_00417a10
save-server	00417e40	718	FUN_00417e40
save-server	004181d0	877	FUN_004181d0
save-server	00418620	553	FUN_00418620
save-server	004188e0	122	FUN_004188e0
save-server	00418980	368	FUN_00418980
save-server	00418b50	266	FUN_00418b50
save-server	00418ca0	2664	FUN_00418ca0
save-server	004199b0	252	FUN_004199b0
save-server	00419af0	252	FUN_00419af0
save-server	00419c30	485	FUN_00419c30
save-server	00419e90	638	FUN_00419e90
save-server	0041a1b0	40	FUN_0041a1b0
save-server	0041a1f0	1751	FUN_0041a1f0
save-server	0041aa80	1516	FUN_0041aa80
save-server	0041b1f0	1322	FUN_0041b1f0
save-server	0041b870	2125	FUN_0041b870
save-server	0041c2d0	40	FUN_0041c2d0
save-server	0041c310	907	FUN_0041c310
save-server	0041c780	934	FUN_0041c780
save-server	0041cc10	953	FUN_0041cc10
save-server	0041d0c0	1433	FUN_0041d0c0
save-server	0041d7c0	153	FUN_0041d7c0
save-server	0041d880	404	FUN_0041d880
save-server	0041da80	384	FUN_0041da80
save-server	0041dc60	1312	FUN_0041dc60
save-server	0041e2d0	1149	FUN_0041e2d0
save-server	0041e870	2058	FUN_0041e870
save-server	0041f280	40	FUN_0041f280
save-server	0041f2c0	2746	FUN_0041f2c0
save-server	00420030	282	FUN_00420030
save-server	00420190	63	FUN_00420190
save-server	004201e0	67	FUN_004201e0
save-server	00420240	67	FUN_00420240
save-server	004202a0	60	FUN_004202a0
save-server	004202f0	62	FUN_004202f0
save-server	00420340	57	FUN_00420340
save-server	00420390	54	FUN_00420390
save-server	004203e0	145	FUN_004203e0
save-server	004204a0	54	FUN_004204a0
save-server	004204f0	63	FUN_004204f0
save-server	00420540	63	FUN_00420540
save-server	00420590	67	FUN_00420590
save-server	004205f0	60	FUN_004205f0
save-server	00420640	54	FUN_00420640
save-server	00420690	125	FUN_00420690
save-server	00420730	57	FUN_00420730
save-server	00420780	54	FUN_00420780
save-server	004207d0	83	FUN_004207d0
save-server	00420840	66	FUN_00420840
save-server	004208a0	64	FUN_004208a0
save-server	004208f0	42	FUN_004208f0
save-server	00420930	54	FUN_00420930
save-server	00420980	65	FUN_00420980
save-server	004209e0	85	FUN_004209e0
save-server	00420a50	39	FUN_00420a50
save-server	00420a80	44	FUN_00420a80
save-server	00420ac0	174	FUN_00420ac0
save-server	00420ba0	42	FUN_00420ba0
save-server	00420be0	154	FUN_00420be0
save-server	00420ca0	65	FUN_00420ca0
save-server	00420d00	39	FUN_00420d00
save-server	00420d30	39	FUN_00420d30
save-server	00420d60	44	FUN_00420d60
save-server	00420da0	92	FUN_00420da0
save-server	00420e20	67	FUN_00420e20
save-server	00420e80	126	FUN_00420e80
save-server	00420f20	63	FUN_00420f20
save-server	00420f70	71	FUN_00420f70
save-server	00420fd0	58	FUN_00420fd0
save-server	00421020	42	FUN_00421020
save-server	00421060	68	FUN_00421060
save-server	004210c0	87	FUN_004210c0
save-server	00421130	294	FUN_00421130
save-server	004212a0	339	FUN_004212a0
save-server	00421450	457	FUN_00421450
save-server	00421730	168	FUN_00421730
save-server	00421810	381	FUN_00421810
save-server	004219f0	141	FUN_004219f0
save-server	00421aa0	339	FUN_00421aa0
save-server	00421c50	167	FUN_00421c50
save-server	00421d20	127	FUN_00421d20
save-server	00421dc0	81	FUN_00421dc0
save-server	00421e30	76	FUN_00421e30
save-server	00421e90	153	FUN_00421e90
save-server	00421f50	127	FUN_00421f50
save-server	00421ff0	81	FUN_00421ff0
save-server	00422060	76	FUN_00422060
save-server	004220c0	64	FUN_004220c0
save-server	00422110	46	FUN_00422110
save-server	00422150	46	FUN_00422150
save-server	00422190	46	FUN_00422190
save-server	004221d0	76	FUN_004221d0
save-server	00422230	76	FUN_00422230
save-server	00422290	72	FUN_00422290
save-server	004222f0	72	FUN_004222f0
save-server	00422350	76	FUN_00422350
save-server	004223b0	146	FUN_004223b0
save-server	00422490	41	FUN_00422490
save-server	004224d0	82	FUN_004224d0
save-server	00422540	140	FUN_00422540
save-server	004225f0	108	FUN_004225f0
save-server	00422680	57	FUN_00422680
save-server	004226d0	222	FUN_004226d0
save-server	004227f0	50	FUN_004227f0
save-server	00422830	99	FUN_00422830
save-server	004228b0	64	FUN_004228b0
save-server	00422900	66	FUN_00422900
save-server	00422960	74	FUN_00422960
save-server	004229c0	69	FUN_004229c0
save-server	00422a20	180	FUN_00422a20
save-server	00422b10	75	FUN_00422b10
save-server	00422b70	57	FUN_00422b70
save-server	00422bc0	84	FUN_00422bc0
save-server	00422c30	137	FUN_00422c30
save-server	00422d00	170	FUN_00422d00
save-server	00422de0	170	FUN_00422de0
save-server	00422ec0	139	FUN_00422ec0
save-server	00422f70	79	FUN_00422f70
save-server	00422fe0	73	FUN_00422fe0
save-server	00423040	63	FUN_00423040
save-server	00423090	62	FUN_00423090
save-server	004230e0	62	FUN_004230e0
save-server	00423130	41	FUN_00423130
save-server	00423170	41	FUN_00423170
save-server	004231b0	82	FUN_004231b0
save-server	00423220	47	FUN_00423220
save-server	00423260	138	FUN_00423260
save-server	00423310	81	FUN_00423310
save-server	00423380	63	FUN_00423380
save-server	004233d0	307	FUN_004233d0
save-server	00423550	73	FUN_00423550
save-server	004235b0	1642	FUN_004235b0
save-server	00423dc0	67	FUN_00423dc0
save-server	00423e20	373	FUN_00423e20
save-server	00424000	729	FUN_00424000
save-server	00424390	53	FUN_00424390
save-server	004243e0	135	FUN_004243e0
save-server	00424490	41	FUN_00424490
save-server	004244d0	72	FUN_004244d0
save-server	00424530	81	FUN_00424530
save-server	004245a0	63	FUN_004245a0
save-server	004245f0	174	FUN_004245f0
save-server	004246d0	81	FUN_004246d0
save-server	00424740	106	FUN_00424740
save-server	004247d0	83	FUN_004247d0
save-server	00424840	1103	FUN_00424840
save-server	00424db0	429	FUN_00424db0
save-server	00424fd0	397	FUN_00424fd0
save-server	004251c0	147	FUN_004251c0
save-server	00425280	145	FUN_00425280
save-server	00425340	300	FUN_00425340
save-server	004254c0	298	FUN_004254c0
save-server	00425640	405	FUN_00425640
save-server	00425840	284	FUN_00425840
save-server	004259b0	301	FUN_004259b0
save-server	00425b30	343	FUN_00425b30
save-server	00425ce0	348	FUN_00425ce0
save-server	00425ea0	271	FUN_00425ea0
save-server	00426000	204	FUN_00426000
save-server	00426100	51	FUN_00426100
save-server	00426140	51	FUN_00426140
save-server	00426180	54	FUN_00426180
save-server	004261d0	51	FUN_004261d0
save-server	00426210	178	FUN_00426210
save-server	004262f0	81	FUN_004262f0
save-server	00426360	106	FUN_00426360
save-server	004263f0	423	FUN_004263f0
save-server	00426600	110	FUN_00426600
save-server	00426690	965	FUN_00426690
save-server	00426b50	1420	FUN_00426b50
save-server	00427240	1610	FUN_00427240
save-server	00427a20	306	FUN_00427a20
save-server	00427ba0	254	FUN_00427ba0
save-server	00427ce0	259	FUN_00427ce0
save-server	00427e30	106	FUN_00427e30
save-server	00427ec0	160	FUN_00427ec0
save-server	00427f90	228	FUN_00427f90
save-server	004280b0	801	FUN_004280b0
save-server	004284a0	689	FUN_004284a0
save-server	00428800	172	FUN_00428800
save-server	004288e0	160	FUN_004288e0
save-server	004289b0	175	FUN_004289b0
save-server	00428a90	163	FUN_00428a90
save-server	00428b60	154	FUN_00428b60
save-server	00428c20	93	FUN_00428c20
save-server	00428ca0	46	FUN_00428ca0
save-server	00428ce0	563	FUN_00428ce0
save-server	00428f13	81	FUN_00428f13
save-server	00428f64	58	FUN_00428f64
save-server	00428f9e	36	FUN_00428f9e
save-server	00428fc2	18	FUN_00428fc2
save-server	00428fd4	307	FUN_00428fd4
save-server	00429107	255	FUN_00429107
save-server	00429206	141	FUN_00429206
save-server	00429293	97	FUN_00429293
save-server	004292f4	87	FUN_004292f4
save-server	0042934b	370	FUN_0042934b
save-server	004294bd	164	FUN_004294bd
save-server	00429561	121	FUN_00429561
save-server	004295da	87	FUN_004295da
save-server	00429631	25	FUN_00429631
save-server	0042964a	270	FUN_0042964a
save-server	00429760	63	FUN_00429760
save-server	004297a0	38	FUN_004297a0
save-server	004297d0	28	FUN_004297d0
save-server	004297f0	23	FUN_004297f0
save-server	00429810	21	FUN_00429810
save-server	00429830	41	FUN_00429830
save-server	00429860	21	FUN_00429860
save-server	00429880	55	FUN_00429880
save-server	004298c0	24	FUN_004298c0
save-server	004298e0	24	FUN_004298e0
save-server	00429900	29	FUN_00429900
save-server	00429920	27	FUN_00429920
save-server	00429940	26	FUN_00429940
save-server	00429960	50	FUN_00429960
save-server	004299a0	24	FUN_004299a0
save-server	004299c0	90	FUN_004299c0
save-server	00429a20	594	FUN_00429a20
save-server	00429c72	211	FUN_00429c72
save-server	00429d45	447	FUN_00429d45
save-server	00429f04	66	FUN_00429f04
save-server	00429f46	71	FUN_00429f46
save-server	00429f8d	108	FUN_00429f8d
save-server	00429ff9	297	FUN_00429ff9
save-server	0042a122	970	FUN_0042a122
save-server	0042a4ec	142	FUN_0042a4ec
save-server	0042a57a	280	FUN_0042a57a
save-server	0042a692	1597	FUN_0042a692
save-server	0042accf	20	FUN_0042accf
save-server	0042ace3	18	FUN_0042ace3
save-server	0042acf5	18	FUN_0042acf5
save-server	0042ad07	20	FUN_0042ad07
save-server	0042ad1b	261	FUN_0042ad1b
save-server	0042ae54	115	FUN_0042ae54
save-server	0042aec7	162	FUN_0042aec7
save-server	0042af69	1560	FUN_0042af69
save-server	0042b59d	205	FUN_0042b59d
save-server	0042b66a	177	FUN_0042b66a
save-server	0042b71b	652	FUN_0042b71b
save-server	0042b9a7	87	FUN_0042b9a7
save-server	0042b9fe	25	FUN_0042b9fe
save-server	0042ba17	608	FUN_0042ba17
save-server	0042bd07	18	FUN_0042bd07
save-server	0042bd19	536	FUN_0042bd19
save-server	0042bf31	329	FUN_0042bf31
save-server	0042c07a	20	FUN_0042c07a
save-server	0042c090	63	FUN_0042c090
save-server	0042c0d0	172	FUN_0042c0d0
save-server	0042c180	49	FUN_0042c180
save-server	0042c1c0	40	FUN_0042c1c0
save-server	0042c1f0	24	FUN_0042c1f0
save-server	0042c210	41	FUN_0042c210
save-server	0042c240	24	FUN_0042c240
save-server	0042c260	25	FUN_0042c260
save-server	0042c280	72	FUN_0042c280
save-server	0042c2d0	72	FUN_0042c2d0
save-server	0042c320	27	FUN_0042c320
save-server	0042c340	62	FUN_0042c340
save-server	0042c380	27	FUN_0042c380
save-server	0042c3a0	90	FUN_0042c3a0
save-server	0042c400	90	FUN_0042c400
save-server	0042c460	90	FUN_0042c460
save-server	0042c4c0	90	FUN_0042c4c0
save-server	0042c520	24	FUN_0042c520
save-server	0042c540	195	FUN_0042c540
save-server	0042c603	346	FUN_0042c603
save-server	0042c75d	1122	FUN_0042c75d
save-server	0042cbbf	160	FUN_0042cbbf
save-server	0042cc5f	412	FUN_0042cc5f
save-server	0042cdfb	23	FUN_0042cdfb
save-server	0042ce12	60	FUN_0042ce12
save-server	0042ce4e	154	FUN_0042ce4e
save-server	0042cee8	289	FUN_0042cee8
save-server	0042d009	889	FUN_0042d009
save-server	0042d382	96	FUN_0042d382
save-server	0042d3e2	116	FUN_0042d3e2
save-server	0042d456	105	FUN_0042d456
save-server	0042d4bf	93	FUN_0042d4bf
save-server	0042d51c	22	FUN_0042d51c
save-server	0042d532	173	FUN_0042d532
save-server	0042d5df	75	FUN_0042d5df
save-server	0042d62a	197	FUN_0042d62a
save-server	0042d6ef	152	FUN_0042d6ef
save-server	0042d787	136	FUN_0042d787
save-server	0042d80f	22	FUN_0042d80f
save-server	0042d825	25	FUN_0042d825
save-server	0042d83e	96	FUN_0042d83e
save-server	0042d89e	133	FUN_0042d89e
save-server	0042d923	18	FUN_0042d923
save-server	0042d935	82	FUN_0042d935
save-server	0042d987	646	FUN_0042d987
save-server	0042dc0d	23	FUN_0042dc0d
save-server	0042dc24	110	FUN_0042dc24
save-server	0042dc92	162	FUN_0042dc92
save-server	0042dd34	103	FUN_0042dd34
save-server	0042dd9b	76	FUN_0042dd9b
save-server	0042dde7	28	FUN_0042dde7
save-server	0042de03	28	FUN_0042de03
save-server	0042de1f	60	FUN_0042de1f
save-server	0042de5b	147	FUN_0042de5b
save-server	0042deee	76	FUN_0042deee
save-server	0042df3a	51	FUN_0042df3a
save-server	0042df6d	18	FUN_0042df6d
save-server	0042df80	60	FUN_0042df80
save-server	0042dfc0	67	FUN_0042dfc0
save-server	0042e010	35	FUN_0042e010
save-server	0042e040	67	FUN_0042e040
save-server	0042e090	48	FUN_0042e090
save-server	0042e0c0	35	FUN_0042e0c0
save-server	0042e0f0	28	FUN_0042e0f0
save-server	0042e110	28	FUN_0042e110
save-server	0042e130	24	FUN_0042e130
save-server	0042e150	63	FUN_0042e150
save-server	0042e190	63	FUN_0042e190
save-server	0042e1d0	72	FUN_0042e1d0
save-server	0042e220	18	FUN_0042e220
save-server	0042e240	85	FUN_0042e240
save-server	0042e2a0	162	FUN_0042e2a0
save-server	0042e350	118	FUN_0042e350
save-server	0042e3d0	131	FUN_0042e3d0
save-server	0042e460	144	FUN_0042e460
save-server	0042e4f0	118	FUN_0042e4f0
save-server	0042e570	131	FUN_0042e570
save-server	0042e600	153	FUN_0042e600
save-server	0042e6a0	48	FUN_0042e6a0
save-server	0042e6d0	32	?EnableBrowseButton@CVSListBoxBase@@QAEXH@Z
save-server	0042e6f0	27	FUN_0042e6f0
save-server	0042e710	35	FUN_0042e710
save-server	0042e740	41	FUN_0042e740
save-server	0042e770	27	FUN_0042e770
save-server	0042e790	27	FUN_0042e790
save-server	0042e7b0	32	FUN_0042e7b0
save-server	0042e7d0	32	FUN_0042e7d0
save-server	0042e7f0	27	FUN_0042e7f0
save-server	0042e810	90	FUN_0042e810
save-server	0042e870	72	FUN_0042e870
save-server	0042e8c0	53	FUN_0042e8c0
save-server	0042e900	91	FUN_0042e900
save-server	0042e95b	45	FUN_0042e95b
save-server	0042e990	63	FUN_0042e990
save-server	0042e9d0	163	FUN_0042e9d0
save-server	0042ea73	45	FUN_0042ea73
save-server	0042eaa0	266	FUN_0042eaa0
save-server	0042ebb0	63	FUN_0042ebb0
save-server	0042ebf0	182	FUN_0042ebf0
save-server	0042eca6	76	FUN_0042eca6
save-server	0042ecf2	134	FUN_0042ecf2
save-server	0042ed78	102	FUN_0042ed78
save-server	0042edde	249	FUN_0042edde
save-server	0042eee0	63	FUN_0042eee0
save-server	0042efc0	17	FUN_0042efc0
save-server	0042efe0	132	FUN_0042efe0
save-server	0042f070	207	FUN_0042f070
save-server	0042f140	358	FUN_0042f140
save-server	0042f2b0	289	FUN_0042f2b0
save-server	0042f3e0	197	FUN_0042f3e0
save-server	0042f4b0	140	FUN_0042f4b0
save-server	0042f6a0	149	FUN_0042f6a0
save-server	0042f860	96	FUN_0042f860
save-server	0042f8c0	93	FUN_0042f8c0
save-server	0042f990	44	FUN_0042f990
save-server	0042f9c0	44	FUN_0042f9c0
save-server	00430020	239	FUN_00430020
save-server	00430110	7	FUN_00430110
save-server	004301a0	174	FUN_004301a0
save-server	004302d0	132	FUN_004302d0
save-server	00430480	130	FUN_00430480
save-server	00430510	49	FUN_00430510
save-server	00430e30	100	FUN_00430e30
save-server	00431bf0	273	FUN_00431bf0
save-server	00431db0	211	FUN_00431db0
save-server	00432060	224	FUN_00432060
save-server	00432140	205	FUN_00432140
save-server	004322f0	332	FUN_004322f0
save-server	00432440	140	FUN_00432440
save-server	00432600	239	FUN_00432600
save-server	00432770	201	FUN_00432770
save-server	00432840	208	FUN_00432840
save-server	00432910	201	FUN_00432910
save-server	004329e0	356	FUN_004329e0
save-server	00432ba0	191	FUN_00432ba0
save-server	00432d10	627	FUN_00432d10
save-server	00432fd0	451	FUN_00432fd0
save-server	00433780	521	FUN_00433780
save-server	00433eb0	263	FUN_00433eb0
save-server	00433fc0	418	FUN_00433fc0
save-server	00434170	289	FUN_00434170
save-server	004342a0	13	FUN_004342a0
save-server	004342b0	270	FUN_004342b0
save-server	004343c0	11	FUN_004343c0
save-server	00434410	135	FUN_00434410
save-server	004344f0	11	FUN_004344f0
save-server	00434980	350	FUN_00434980
save-server	00434ae0	154	FUN_00434ae0
save-server	00434df0	387	FUN_00434df0
save-server	00434fb0	376	FUN_00434fb0
save-server	00435160	637	FUN_00435160
save-server	00435420	602	FUN_00435420
save-server	00435860	289	FUN_00435860
save-server	00435990	38	FUN_00435990
save-server	004359f0	38	FUN_004359f0
save-server	00435a20	101	FUN_00435a20
save-server	00435a90	3	FUN_00435a90
save-server	00435aa0	45	FUN_00435aa0
save-server	00435ad0	374	FUN_00435ad0
save-server	00435c50	30	FUN_00435c50
save-server	00435c70	30	FUN_00435c70
save-server	00435c90	78	FUN_00435c90
save-server	00435ce0	69	FUN_00435ce0
save-server	00435d30	60	FUN_00435d30
save-server	00435d70	46	FUN_00435d70
save-server	00435da0	374	FUN_00435da0
save-server	00435f20	30	FUN_00435f20
save-server	00435f40	30	FUN_00435f40
save-server	00435f60	78	FUN_00435f60
save-server	00435fb0	69	FUN_00435fb0
save-server	00436000	374	FUN_00436000
save-server	00436180	30	FUN_00436180
save-server	004361a0	78	FUN_004361a0
save-server	004361f0	374	FUN_004361f0
save-server	00436370	30	FUN_00436370
save-server	00436390	78	FUN_00436390
save-server	004363e0	374	FUN_004363e0
save-server	00436560	30	FUN_00436560
save-server	00436580	78	FUN_00436580
save-server	004365d0	19	FUN_004365d0
save-server	004365f0	121	FUN_004365f0
save-server	00436670	17	FUN_00436670
save-server	00436690	28	FUN_00436690
save-server	004366b0	28	FUN_004366b0
save-server	004366d0	28	FUN_004366d0
save-server	004366f0	28	FUN_004366f0
save-server	00436710	30	FUN_00436710
save-server	00436730	28	FUN_00436730
save-server	00436750	28	FUN_00436750
save-server	00436770	28	FUN_00436770
save-server	00436790	28	FUN_00436790
save-server	004367b0	28	FUN_004367b0
save-server	004367d0	28	FUN_004367d0
save-server	004367f0	30	FUN_004367f0
save-server	00436810	33	FUN_00436810
save-server	00436840	369	FUN_00436840
save-server	004369c0	371	FUN_004369c0
save-server	00436b40	745	FUN_00436b40
save-server	00436e30	477	FUN_00436e30
save-server	00437010	324	FUN_00437010
save-server	00437160	193	FUN_00437160
save-server	00437230	241	FUN_00437230
save-server	00437330	347	FUN_00437330
save-server	00437490	294	FUN_00437490
save-server	004375c0	10	FUN_004375c0
save-server	004375d0	21	FUN_004375d0
save-server	004375f0	19	FUN_004375f0
save-server	00437610	21	FUN_00437610
save-server	00437630	87	FUN_00437630
save-server	00437690	22	FUN_00437690
save-server	004376b0	22	FUN_004376b0
save-server	004376d0	16	FUN_004376d0
save-server	004376e0	17	FUN_004376e0
save-server	00437700	16	FUN_00437700
save-server	00437710	17	FUN_00437710
save-server	00437730	35	FUN_00437730
save-server	00437760	34	FUN_00437760
save-server	00437790	35	FUN_00437790
save-server	004377c0	34	FUN_004377c0
save-server	004377f0	22	FUN_004377f0
save-server	00437810	22	FUN_00437810
save-server	00437830	16	FUN_00437830
save-server	00437840	174	FUN_00437840
save-server	004378f0	172	FUN_004378f0
save-server	004379a0	25	FUN_004379a0
save-server	004379c0	69	FUN_004379c0
save-server	00437a10	27	FUN_00437a10
save-server	00437a30	21	FUN_00437a30
save-server	00437a50	21	FUN_00437a50
save-server	00437a70	50	FUN_00437a70
save-server	00437ab0	50	FUN_00437ab0
save-server	00437af0	58	FUN_00437af0
save-server	00437b30	66	FUN_00437b30
save-server	00437b80	165	FUN_00437b80
save-server	00437c30	58	FUN_00437c30
save-server	00437c70	142	FUN_00437c70
save-server	00437d00	44	FUN_00437d00
save-server	00437d30	66	FUN_00437d30
save-server	00437d80	156	FUN_00437d80
save-server	00437e20	52	FUN_00437e20
save-server	00437e60	229	FUN_00437e60
save-server	00437f50	313	FUN_00437f50
save-server	00438090	333	FUN_00438090
save-server	004381e0	347	FUN_004381e0
save-server	00438340	324	FUN_00438340
save-server	00438490	151	FUN_00438490
save-server	00438530	218	FUN_00438530
save-server	00438610	127	FUN_00438610
save-server	00438690	147	FUN_00438690
save-server	00438730	114	FUN_00438730
save-server	004387b0	210	FUN_004387b0
save-server	00438890	70	FUN_00438890
save-server	004388e0	217	FUN_004388e0
save-server	004389c0	85	FUN_004389c0
save-server	00438a20	104	FUN_00438a20
save-server	00438a90	626	FUN_00438a90
save-server	00438d10	747	FUN_00438d10
save-server	00439000	625	FUN_00439000
save-server	00439280	690	FUN_00439280
save-server	00439540	399	FUN_00439540
save-server	004396d0	365	FUN_004396d0
save-server	00439840	365	FUN_00439840
save-server	004399b0	385	FUN_004399b0
save-server	00439b40	157	FUN_00439b40
save-server	00439be0	107	FUN_00439be0
save-server	00439c50	16	FUN_00439c50
save-server	00439c60	16	FUN_00439c60
save-server	00439c70	535	FUN_00439c70
save-server	00439e90	533	FUN_00439e90
save-server	0043a0b0	725	FUN_0043a0b0
save-server	0043a390	723	FUN_0043a390
save-server	0043a670	242	FUN_0043a670
save-server	0043a770	241	FUN_0043a770
save-server	0043a870	515	FUN_0043a870
save-server	0043aa80	268	FUN_0043aa80
save-server	0043ab90	264	FUN_0043ab90
save-server	0043aca0	241	FUN_0043aca0
save-server	0043ada0	1955	FUN_0043ada0
save-server	0043b550	1944	FUN_0043b550
save-server	0043bcf0	282	FUN_0043bcf0
save-server	0043be10	280	FUN_0043be10
save-server	0043bf30	589	FUN_0043bf30
save-server	0043c180	199	FUN_0043c180
save-server	0043c250	283	FUN_0043c250
save-server	0043c370	354	FUN_0043c370
save-server	0043c4e0	205	FUN_0043c4e0
save-server	0043c5b0	289	FUN_0043c5b0
save-server	0043c6e0	269	FUN_0043c6e0
save-server	0043c7f0	160	FUN_0043c7f0
save-server	0043c890	80	FUN_0043c890
save-server	0043c8e0	16	FUN_0043c8e0
save-server	0043c8f0	55	FUN_0043c8f0
save-server	0043c930	514	FUN_0043c930
save-server	0043cb40	193	FUN_0043cb40
save-server	0043cc10	24	FUN_0043cc10
save-server	0043cc30	80	FUN_0043cc30
save-server	0043cc80	58	FUN_0043cc80
save-server	0043ccc0	14	FUN_0043ccc0
save-server	0043ccd0	16	FUN_0043ccd0
save-server	0043cce0	11	FUN_0043cce0
save-server	0043ccf0	16	FUN_0043ccf0
save-server	0043cd00	16	FUN_0043cd00
save-server	0043cd10	80	FUN_0043cd10
save-server	0043cd60	58	FUN_0043cd60
save-server	0043cda0	59	FUN_0043cda0
save-server	0043cde0	14	FUN_0043cde0
save-server	0043cdf0	52	FUN_0043cdf0
save-server	0043ce30	13	FUN_0043ce30
save-server	0043ce40	13	FUN_0043ce40
save-server	0043ce50	52	FUN_0043ce50
save-server	0043ce90	44	FUN_0043ce90
save-server	0043cec0	13	FUN_0043cec0
save-server	0043ced0	10	FUN_0043ced0
save-server	0043cee0	10	FUN_0043cee0
save-server	0043cef0	14	FUN_0043cef0
save-server	0043cf00	11	FUN_0043cf00
save-server	0043cf10	10	FUN_0043cf10
save-server	0043cf20	10	FUN_0043cf20
save-server	0043cf30	14	FUN_0043cf30
save-server	0043cf40	11	FUN_0043cf40
save-server	0043cf50	10	FUN_0043cf50
save-server	0043cf60	10	FUN_0043cf60
save-server	0043cf70	14	FUN_0043cf70
save-server	0043cf80	11	FUN_0043cf80
save-server	0043cf90	110	FUN_0043cf90
save-server	0043d000	25	FUN_0043d000
save-server	0043d020	11	FUN_0043d020
save-server	0043d050	30	FUN_0043d050
save-server	0043d070	25	FUN_0043d070
save-server	0043d090	17	FUN_0043d090
save-server	0043d0b0	28	FUN_0043d0b0
save-server	0043d0d0	14	FUN_0043d0d0
save-server	0043d0e0	16	FUN_0043d0e0
save-server	0043d0f0	11	FUN_0043d0f0
save-server	0043d100	16	FUN_0043d100
save-server	0043d110	16	FUN_0043d110
save-server	0043d120	59	FUN_0043d120
save-server	0043d160	16	FUN_0043d160
save-server	0043d170	52	FUN_0043d170
save-server	0043d1b0	13	FUN_0043d1b0
save-server	0043d1c0	24	FUN_0043d1c0
save-server	0043d1e0	89	FUN_0043d1e0
save-server	0043d240	69	FUN_0043d240
save-server	0043d290	55	FUN_0043d290
save-server	0043d2d0	754	FUN_0043d2d0
save-server	0043d5d0	217	FUN_0043d5d0
save-server	0043d6b0	33	FUN_0043d6b0
save-server	0043d6e0	743	FUN_0043d6e0
save-server	0043da50	457	FUN_0043da50
save-server	0043dc20	45	FUN_0043dc20
save-server	0043dc50	16	FUN_0043dc50
save-server	0043dc60	16	FUN_0043dc60
save-server	0043dc70	17	FUN_0043dc70
save-server	0043dc90	17	FUN_0043dc90
save-server	0043dcb0	35	FUN_0043dcb0
save-server	0043dce0	35	FUN_0043dce0
save-server	0043dd10	34	FUN_0043dd10
save-server	0043dd40	34	FUN_0043dd40
save-server	0043dd70	25	FUN_0043dd70
save-server	0043dd90	16	FUN_0043dd90
save-server	0043dda0	25	FUN_0043dda0
save-server	0043ddc0	27	FUN_0043ddc0
save-server	0043dde0	32	FUN_0043dde0
save-server	0043de00	32	FUN_0043de00
save-server	0043de20	24	FUN_0043de20
save-server	0043de40	24	FUN_0043de40
save-server	0043de60	28	FUN_0043de60
save-server	0043de80	28	FUN_0043de80
save-server	0043dea0	64	FUN_0043dea0
save-server	0043dee0	64	FUN_0043dee0
save-server	0043df20	55	FUN_0043df20
save-server	0043df60	563	FUN_0043df60
save-server	0043e1a0	417	FUN_0043e1a0
save-server	0043e350	467	FUN_0043e350
save-server	0043e530	217	FUN_0043e530
save-server	0043e610	29	FUN_0043e610
save-server	0043e630	549	FUN_0043e630
save-server	0043e860	107	FUN_0043e860
save-server	0043e8d0	781	FUN_0043e8d0
save-server	0043ebe0	550	FUN_0043ebe0
save-server	0043ee10	758	FUN_0043ee10
save-server	0043f110	1197	FUN_0043f110
save-server	0043f5c0	26	FUN_0043f5c0
save-server	0043f5e0	121	FUN_0043f5e0
save-server	0043f660	92	FUN_0043f660
save-server	0043f6c0	1365	FUN_0043f6c0
save-server	0043fc20	1283	FUN_0043fc20
save-server	00440130	104	FUN_00440130
save-server	004401a0	92	FUN_004401a0
save-server	00440200	39	FUN_00440200
save-server	00440230	43	FUN_00440230
save-server	00440260	11	FUN_00440260
save-server	00440270	11	FUN_00440270
save-server	00440280	24	FUN_00440280
save-server	004402a0	144	FUN_004402a0
save-server	00440330	24	FUN_00440330
save-server	00440350	24	FUN_00440350
save-server	00440370	499	FUN_00440370
save-server	00440570	528	FUN_00440570
save-server	00440780	492	FUN_00440780
save-server	00440970	713	FUN_00440970
save-server	00440cc0	357	FUN_00440cc0
save-server	00440e30	287	FUN_00440e30
save-server	00440f50	1431	FUN_00440f50
save-server	00441540	1026	FUN_00441540
save-server	004419d0	235	FUN_004419d0
save-server	00441ac0	505	FUN_00441ac0
save-server	00441cc0	503	FUN_00441cc0
save-server	00441ec0	225	FUN_00441ec0
save-server	00441fb0	683	FUN_00441fb0
save-server	00442260	211	FUN_00442260
save-server	00442340	230	FUN_00442340
save-server	00442430	583	FUN_00442430
save-server	00442680	1899	FUN_00442680
save-server	00442df0	231	FUN_00442df0
save-server	00442ee0	244	FUN_00442ee0
save-server	00442fe0	92	FUN_00442fe0
save-server	00443040	39	FUN_00443040
save-server	00443070	36	FUN_00443070
save-server	004430a0	56	FUN_004430a0
save-server	004430e0	10	FUN_004430e0
save-server	004430f0	570	FUN_004430f0
save-server	00443330	426	FUN_00443330
save-server	004434e0	593	FUN_004434e0
save-server	00443740	357	FUN_00443740
save-server	004438b0	152	FUN_004438b0
save-server	00443950	177	FUN_00443950
save-server	00443a10	152	FUN_00443a10
save-server	00443ab0	177	FUN_00443ab0
save-server	00443b70	120	FUN_00443b70
save-server	00443bf0	150	FUN_00443bf0
save-server	00443c90	82	FUN_00443c90
save-server	00443cf0	498	FUN_00443cf0
save-server	00443ef0	287	FUN_00443ef0
save-server	00444010	762	FUN_00444010
save-server	00444310	1275	FUN_00444310
save-server	00444810	890	FUN_00444810
save-server	00444b90	1872	FUN_00444b90
save-server	004452e0	105	FUN_004452e0
save-server	00445350	138	FUN_00445350
save-server	004453e0	140	FUN_004453e0
save-server	00445470	140	FUN_00445470
save-server	00445500	91	FUN_00445500
save-server	00445560	45	FUN_00445560
save-server	00445590	72	FUN_00445590
save-server	004455e0	98	FUN_004455e0
save-server	00445650	68	FUN_00445650
save-server	004456a0	34	FUN_004456a0
save-server	004456d0	328	FUN_004456d0
save-server	00445820	274	FUN_00445820
save-server	00445940	212	FUN_00445940
save-server	00445a20	41	FUN_00445a20
save-server	00445a50	41	FUN_00445a50
save-server	00445a80	45	FUN_00445a80
save-server	00445ab0	45	FUN_00445ab0
save-server	00445ae0	348	FUN_00445ae0
save-server	00445c40	362	FUN_00445c40
save-server	00445db0	34	FUN_00445db0
save-server	00445de0	605	FUN_00445de0
save-server	00446040	136	FUN_00446040
save-server	004460e0	134	FUN_004460e0
save-server	00446170	34	FUN_00446170
save-server	004461a0	26	FUN_004461a0
save-server	004461c0	26	FUN_004461c0
save-server	004461e0	34	FUN_004461e0
save-server	00446210	35	FUN_00446210
save-server	00446240	63	FUN_00446240
save-server	00446280	134	FUN_00446280
save-server	00446310	63	FUN_00446310
save-server	00446350	67	FUN_00446350
save-server	004463a0	530	FUN_004463a0
save-server	00446750	41	FUN_00446750
save-server	00446780	530	FUN_00446780
save-server	00446b30	19	FUN_00446b30
save-server	00446b50	310	FUN_00446b50
save-server	00446c90	256	FUN_00446c90
save-server	00446d90	206	FUN_00446d90
save-server	00446e60	41	FUN_00446e60
save-server	00446e90	41	FUN_00446e90
save-server	00446ec0	45	FUN_00446ec0
save-server	00446ef0	45	FUN_00446ef0
save-server	00446f20	348	FUN_00446f20
save-server	00447080	362	FUN_00447080
save-server	004471f0	328	FUN_004471f0
save-server	00447340	441	FUN_00447340
save-server	00447500	522	FUN_00447500
save-server	00447710	1124	FUN_00447710
save-server	00447b80	903	FUN_00447b80
save-server	00447f50	823	FUN_00447f50
save-server	004482d0	1583	FUN_004482d0
save-server	00448950	1576	FUN_00448950
save-server	00449020	330	FUN_00449020
save-server	00449170	344	FUN_00449170
save-server	004492d0	99	FUN_004492d0
save-server	00449340	53	FUN_00449340
save-server	00449380	87	FUN_00449380
save-server	004493e0	366	FUN_004493e0
save-server	00449550	7	FUN_00449550
save-server	00449560	67	FUN_00449560
save-server	004495b0	25	??0AFX_CLASSINIT@@QAE@PAUCRuntimeClass@@@Z
save-server	004495d0	21	FUN_004495d0
save-server	004495f0	21	FUN_004495f0
save-server	00449610	21	FUN_00449610
save-server	00449630	21	FUN_00449630
save-server	00449650	17	FUN_00449650
save-server	00449670	21	FUN_00449670
save-server	00449690	21	FUN_00449690
save-server	004496b0	17	FUN_004496b0
save-server	004496d0	17	FUN_004496d0
save-server	004496f0	17	FUN_004496f0
save-server	00449710	17	__tcsinc
save-server	00449730	21	FUN_00449730
save-server	00449750	21	FUN_00449750
save-server	00449770	21	FUN_00449770
save-server	00449790	25	__tcsncmp
save-server	004497b0	17	FUN_004497b0
save-server	004497d0	9	?UnlockResource@@YGHPAX@Z
save-server	00449800	329	FUN_00449800
save-server	00449949	99	_xGetSystemMetrics@4
save-server	004499c4	93	FUN_004499c4
save-server	00449a21	100	FUN_00449a21
save-server	00449a85	127	FUN_00449a85
save-server	00449b04	217	FUN_00449b04
save-server	00449bdd	303	_xEnumDisplayMonitors@16
save-server	00449d10	28	FID_conflict:?LookupTemporary@CHandleMap@@QAEPAVCObject@@PAX@Z
save-server	00449d30	28	FID_conflict:?LookupTemporary@CHandleMap@@QAEPAVCObject@@PAX@Z
save-server	00449d50	19	?GetNextWindow@@YAPAUHWND__@@PAU1@I@Z
save-server	00449d70	8	FUN_00449d70
save-server	00449d80	43	FUN_00449d80
save-server	00449db0	20	FUN_00449db0
save-server	00449dd0	28	_IsEqualGUID
save-server	00449df0	8	FUN_00449df0
save-server	00449e00	17	FUN_00449e00
save-server	00449e20	65	FUN_00449e20
save-server	00449e70	16	FUN_00449e70
save-server	00449e80	15	FUN_00449e80
save-server	00449e8f	5	FUN_00449e8f
save-server	00449e94	18	FUN_00449e94
save-server	00449ea6	15	FUN_00449ea6
save-server	00449eb5	52	?AfxEnableControlContainer@@YAXPAVCOccManager@@@Z
save-server	00449ee9	256	FUN_00449ee9
save-server	00449fe9	25	FUN_00449fe9
save-server	0044a002	173	FUN_0044a002
save-server	0044a0af	33	?OnEvent@COccManager@@UAEHPAVCCmdTarget@@IPAUAFX_EVENT@@PAUAFX_CMDHANDLERINFO@@@Z
save-server	0044a0d0	119	?CreateContainer@COccManager@@UAEPAVCOleControlContainer@@PAVCWnd@@@Z
save-server	0044a147	122	?CreateSite@COccManager@@UAEPAVCOleControlSite@@PAVCOleControlContainer@@@Z
save-server	0044a1c1	161	FUN_0044a1c1
save-server	0044a262	35	FUN_0044a262
save-server	0044a285	57	FUN_0044a285
save-server	0044a2be	579	FUN_0044a2be
save-server	0044a501	35	FUN_0044a501
save-server	0044a524	337	FUN_0044a524
save-server	0044a675	956	FUN_0044a675
save-server	0044aa31	582	FUN_0044aa31
save-server	0044ac77	1658	FUN_0044ac77
save-server	0044b2f1	200	FUN_0044b2f1
save-server	0044b3c0	19	FUN_0044b3c0
save-server	0044b3e0	70	FUN_0044b3e0
save-server	0044b430	100	FID_conflict:?CreateObject@?$CThreadLocal@V_AFXCTL_AMBIENT_CACHE@@@@SGPAVCNoTrackObject@@XZ
save-server	0044b4a0	31	FID_conflict:??0_AFXCTL_AMBIENT_CACHE@@QAE@XZ
save-server	0044b4c0	43	FUN_0044b4c0
save-server	0044b4f0	19	FUN_0044b4f0
save-server	0044b510	53	?DrawState@@YGHPAUHDC__@@PAUHBRUSH__@@P6GH0JIHH@ZJIHHHHI@Z
save-server	0044b550	59	FUN_0044b550
save-server	0044b590	28	FUN_0044b590
save-server	0044b5b0	34	??0CSimpleList@@QAE@H@Z
save-server	0044b5e0	59	FUN_0044b5e0
save-server	0044b620	54	??0CTypeLibCache@@QAE@XZ
save-server	0044b660	46	FUN_0044b660
save-server	0044b690	99	FUN_0044b690
save-server	0044b700	57	FUN_0044b700
save-server	0044b740	10	FUN_0044b740
save-server	0044b750	17	FUN_0044b750
save-server	0044b770	1026	FUN_0044b770
save-server	0044bbe1	182	?GetEventSinkEntry@CCmdTarget@@IAGPBUAFX_EVENTSINKMAP_ENTRY@@IPAUAFX_EVENT@@@Z
save-server	0044bca0	120	FUN_0044bca0
save-server	0044bd18	133	FID_conflict:?CreateControl@CWnd@@QAEHABU_GUID@@PB_WKABUtagRECT@@PAV1@IPAVCFile@@HPA_W@Z
save-server	0044bd9d	173	FUN_0044bd9d
save-server	0044be4a	231	FUN_0044be4a
save-server	0044bf67	16	FUN_0044bf67
save-server	0044bf77	16	FUN_0044bf77
save-server	0044bf87	166	FUN_0044bf87
save-server	0044c02d	347	FUN_0044c02d
save-server	0044c188	137	FID_conflict:?CreateControl@COleControlContainer@@QAEHPAVCWnd@@ABU_GUID@@PBDKABUtagRECT@@IPAVCFile@@HPA_WPAPAVCOleControlSite@@@Z
save-server	0044c211	319	FUN_0044c211
save-server	0044c389	80	FUN_0044c389
save-server	0044c3d9	690	FUN_0044c3d9
save-server	0044c6cb	590	FUN_0044c6cb
save-server	0044c919	72	FUN_0044c919
save-server	0044c961	204	FUN_0044c961
save-server	0044ca2d	96	FUN_0044ca2d
save-server	0044ca8d	34	FUN_0044ca8d
save-server	0044caaf	100	FUN_0044caaf
save-server	0044cb13	143	FUN_0044cb13
save-server	0044cba2	43	?GetDlgItem@COleControlContainer@@UBEPAVCWnd@@H@Z
save-server	0044cbcd	87	?GetDlgItem@COleControlContainer@@UBEXHPAPAUHWND__@@@Z
save-server	0044cc24	249	FUN_0044cc24
save-server	0044cd1d	59	FUN_0044cd1d
save-server	0044cd58	63	FUN_0044cd58
save-server	0044cd97	81	FUN_0044cd97
save-server	0044cde8	53	FUN_0044cde8
save-server	0044ce1d	166	FUN_0044ce1d
save-server	0044cf09	35	?QueryInterface@XClassFactory@COleObjectFactory@@UAGJABU_GUID@@PAPAX@Z
save-server	0044cf2c	27	FUN_0044cf2c
save-server	0044cf47	27	FUN_0044cf47
save-server	0044cf62	35	?GetWindow@XOleIPFrame@COleControlContainer@@UAGJPAPAUHWND__@@@Z
save-server	0044cf85	12	FUN_0044cf85
save-server	0044cf91	12	FUN_0044cf91
save-server	0044cf9d	12	FUN_0044cf9d
save-server	0044cfa9	12	FUN_0044cfa9
save-server	0044cfb5	92	?SetActiveObject@XOleIPFrame@COleControlContainer@@UAGJPAUIOleInPlaceActiveObject@@PB_W@Z
save-server	0044d011	12	FUN_0044d011
save-server	0044d01d	12	FUN_0044d01d
save-server	0044d029	12	FUN_0044d029
save-server	0044d035	12	FUN_0044d035
save-server	0044d041	9	FUN_0044d041
save-server	0044d04a	12	FUN_0044d04a
save-server	0044d056	16	FUN_0044d056
save-server	0044d066	192	FUN_0044d066
save-server	0044d126	94	FUN_0044d126
save-server	0044d184	35	FID_conflict:?QueryInterface@XOleContainer@COleControlContainer@@UAGJABU_GUID@@PAPAX@Z
save-server	0044d1a7	27	FUN_0044d1a7
save-server	0044d1c2	27	FUN_0044d1c2
save-server	0044d1dd	12	FUN_0044d1dd
save-server	0044d1e9	673	FUN_0044d1e9
save-server	0044d4c2	12	FUN_0044d4c2
save-server	0044d4d0	43	FUN_0044d4d0
save-server	0044d500	31	FUN_0044d500
save-server	0044d520	31	FUN_0044d520
save-server	0044d540	22	FUN_0044d540
save-server	0044d560	22	FUN_0044d560
save-server	0044d580	22	FUN_0044d580
save-server	0044d5a0	22	FUN_0044d5a0
save-server	0044d5c0	22	FUN_0044d5c0
save-server	0044d5e0	14	??0IUnknown@@QAE@XZ
save-server	0044d5f0	26	FUN_0044d5f0
save-server	0044d610	134	FUN_0044d610
save-server	0044d6a0	43	FUN_0044d6a0
save-server	0044d6d0	45	??0CEnumUnknown@@QAE@PBXI@Z
save-server	0044d700	16	FUN_0044d700
save-server	0044d710	475	FUN_0044d710
save-server	0044d8eb	507	FUN_0044d8eb
save-server	0044dae6	221	FUN_0044dae6
save-server	0044dbc3	133	FUN_0044dbc3
save-server	0044dc48	1190	FUN_0044dc48
save-server	0044e0ee	139	FUN_0044e0ee
save-server	0044e179	259	FUN_0044e179
save-server	0044e27c	675	FUN_0044e27c
save-server	0044e51f	1974	FUN_0044e51f
save-server	0044ecd5	17	FUN_0044ecd5
save-server	0044ece6	76	FUN_0044ece6
save-server	0044ed32	61	FUN_0044ed32
save-server	0044ed6f	49	FUN_0044ed6f
save-server	0044eda0	177	FUN_0044eda0
save-server	0044ee51	256	FUN_0044ee51
save-server	0044ef51	210	FUN_0044ef51
save-server	0044f023	900	FUN_0044f023
save-server	0044f3a7	148	FUN_0044f3a7
save-server	0044f43b	309	FUN_0044f43b
save-server	0044f570	148	FUN_0044f570
save-server	0044f604	118	FUN_0044f604
save-server	0044f67a	241	FUN_0044f67a
save-server	0044f76b	172	FUN_0044f76b
save-server	0044f817	103	FUN_0044f817
save-server	0044f87e	184	FUN_0044f87e
save-server	0044f936	184	FUN_0044f936
save-server	0044f9ee	58	?InvokeHelper@COleControlSite@@UAAXJGGPAXPBEZZ
save-server	0044fa28	45	?GetProperty@COleControlSite@@UBEXJGPAX@Z
save-server	0044fa55	45	?SetProperty@COleControlSite@@UAAXJGZZ
save-server	0044fa82	114	FUN_0044fa82
save-server	0044fb3a	215	FUN_0044fb3a
save-server	0044fc83	137	FUN_0044fc83
save-server	0044fd45	236	FUN_0044fd45
save-server	0044fe31	116	FUN_0044fe31
save-server	0044fea5	118	FUN_0044fea5
save-server	0044ff1b	140	FUN_0044ff1b
save-server	00450045	171	FUN_00450045
save-server	004500f0	106	FUN_004500f0
save-server	0045015a	17	FUN_0045015a
save-server	0045016b	36	?SetDlgCtrlID@COleControlSite@@UAEHH@Z
save-server	0045018f	291	FUN_0045018f
save-server	004502b2	279	FUN_004502b2
save-server	004503c9	102	?ShowWindow@COleControlSite@@UAEHH@Z
save-server	00450447	102	FUN_00450447
save-server	004504e6	129	FUN_004504e6
save-server	004505ad	76	FUN_004505ad
save-server	004505f9	155	?EnableDSC@COleControlSite@@UAEXXZ
save-server	00450694	336	FUN_00450694
save-server	004507e4	573	FUN_004507e4
save-server	00450a21	29	FUN_00450a21
save-server	00450a3e	29	FUN_00450a3e
save-server	00450a5b	37	FID_conflict:?QueryInterface@XRichEditOleCallback@CRichEditView@@UAGJABU_GUID@@PAPAX@Z
save-server	00450a80	12	FUN_00450a80
save-server	00450a8c	12	FUN_00450a8c
save-server	00450a98	41	?GetContainer@XOleClientSite@COleControlSite@@UAGJPAPAUIOleContainer@@@Z
save-server	00450ac1	31	FUN_00450ac1
save-server	00450ae0	9	FUN_00450ae0
save-server	00450ae9	12	FUN_00450ae9
save-server	00450af5	29	FUN_00450af5
save-server	00450b12	29	FUN_00450b12
save-server	00450b2f	37	FID_conflict:?QueryInterface@XRichEditOleCallback@CRichEditView@@UAGJABU_GUID@@PAPAX@Z
save-server	00450b54	59	?GetWindow@XOleIPSite@COleControlSite@@UAGJPAPAUHWND__@@@Z
save-server	00450b8f	12	FUN_00450b8f
save-server	00450b9b	9	FUN_00450b9b
save-server	00450ba4	9	FUN_00450ba4
save-server	00450bad	44	FUN_00450bad
save-server	00450bd9	439	FUN_00450bd9
save-server	00450d90	12	FUN_00450d90
save-server	00450d9c	44	FUN_00450d9c
save-server	00450dc8	31	FUN_00450dc8
save-server	00450de7	9	FUN_00450de7
save-server	00450df0	41	FUN_00450df0
save-server	00450e19	134	FUN_00450e19
save-server	00450e9f	29	FUN_00450e9f
save-server	00450ebc	29	FUN_00450ebc
save-server	00450ed9	37	FID_conflict:?QueryInterface@XRichEditOleCallback@CRichEditView@@UAGJABU_GUID@@PAPAX@Z
save-server	00450efe	31	FUN_00450efe
save-server	00450f1d	12	FUN_00450f1d
save-server	00450f29	12	FUN_00450f29
save-server	00450f35	356	FUN_00450f35
save-server	00451099	12	FUN_00451099
save-server	004510a5	9	FUN_004510a5
save-server	004510ae	12	FUN_004510ae
save-server	004510ba	29	FUN_004510ba
save-server	004510d7	29	FUN_004510d7
save-server	004510f4	37	?QueryInterface@XOleClientSite@COleControlSite@@UAGJABU_GUID@@PAPAX@Z
save-server	00451119	12	FUN_00451119
save-server	00451125	12	FUN_00451125
save-server	00451131	12	FUN_00451131
save-server	0045113d	229	FUN_0045113d
save-server	00451222	92	FID_conflict:?QueryInterface@XNotifyDBEvents@COleControlSite@@UAGJABU_GUID@@PAPAX@Z
save-server	0045127e	12	FUN_0045127e
save-server	0045128a	9	FUN_0045128a
save-server	00451293	350	FUN_00451293
save-server	004513f1	96	?OnRequestEdit@XPropertyNotifySink@COleControlSite@@UAGJJ@Z
save-server	00451451	12	FUN_00451451
save-server	0045145d	9	FUN_0045145d
save-server	00451466	115	?QueryInterface@XEventSink@COleControlSite@@UAGJABU_GUID@@PAPAX@Z
save-server	004514d9	12	FUN_004514d9
save-server	004514e5	12	FUN_004514e5
save-server	004514f1	12	FUN_004514f1
save-server	004514fd	198	FUN_004514fd
save-server	004515c3	270	FUN_004515c3
save-server	004516d1	964	FUN_004516d1
save-server	00451a95	542	FUN_00451a95
save-server	00451cb3	259	FUN_00451cb3
save-server	00451db6	1723	FUN_00451db6
save-server	00452471	201	?CopyColumnID@CDataSourceControl@@QAEHPAUtagDBCOLUMNID@@PBU2@@Z
save-server	0045253a	602	FUN_0045253a
save-server	00452794	145	FUN_00452794
save-server	00452825	769	FUN_00452825
save-server	00452b26	168	FUN_00452b26
save-server	00452bce	2226	FUN_00452bce
save-server	0045354c	590	FUN_0045354c
save-server	0045379a	2827	FUN_0045379a
save-server	00454382	74	??0CDataBoundProperty@@QAE@PAV0@JG@Z
save-server	004543cc	21	FUN_004543cc
save-server	004543e1	43	?SetDSCSite@CDataBoundProperty@@QAEXPAVCOleControlSite@@@Z
save-server	0045440c	17	FUN_0045440c
save-server	0045441d	29	FUN_0045441d
save-server	0045443a	212	FUN_0045443a
save-server	0045450e	154	FUN_0045450e
save-server	004545a8	91	?GetCursor@COleControlSite@@IAEJJPAPAUIUnknown@@PAPAX@Z
save-server	00454603	29	FUN_00454603
save-server	00454620	29	FUN_00454620
save-server	0045463d	37	FUN_0045463d
save-server	00454662	41	?GetCursor@XBoundObjectSite@COleControlSite@@UAGJJPAPAUICursor@@PAPAX@Z
save-server	0045468b	12	FUN_0045468b
save-server	00454697	9	FUN_00454697
save-server	004546a0	92	?QueryInterface@XPropertyNotifySink@COleControlSite@@UAGJABU_GUID@@PAPAX@Z
save-server	004546fc	174	FUN_004546fc
save-server	004547aa	61	FUN_004547aa
save-server	004547e7	137	FUN_004547e7
save-server	00454870	61	FUN_00454870
save-server	004548ad	61	FUN_004548ad
save-server	004548ea	192	FUN_004548ea
save-server	004549aa	142	FUN_004549aa
save-server	00454a38	252	FUN_00454a38
save-server	00454b73	12	FUN_00454b73
save-server	00454b7f	9	FUN_00454b7f
save-server	00454b88	92	FID_conflict:?QueryInterface@XNotifyDBEvents@COleControlSite@@UAGJABU_GUID@@PAPAX@Z
save-server	00454be4	261	FUN_00454be4
save-server	00454cfd	437	FUN_00454cfd
save-server	00454ee4	326	FUN_00454ee4
save-server	00455030	43	FUN_00455030
save-server	00455060	31	FUN_00455060
save-server	00455080	31	FUN_00455080
save-server	004550a0	31	FUN_004550a0
save-server	004550c0	31	FUN_004550c0
save-server	004550e0	31	FUN_004550e0
save-server	00455100	31	FUN_00455100
save-server	00455120	31	FUN_00455120
save-server	00455140	31	FUN_00455140
save-server	00455160	31	FUN_00455160
save-server	00455180	22	FUN_00455180
save-server	004551a0	22	FUN_004551a0
save-server	004551c0	22	FUN_004551c0
save-server	004551e0	22	FUN_004551e0
save-server	00455200	22	FUN_00455200
save-server	00455220	31	FID_conflict:??0INotifyDBEvents@@QAE@XZ
save-server	00455240	31	FID_conflict:??0INotifyDBEvents@@QAE@XZ
save-server	00455260	31	FID_conflict:??0INotifyDBEvents@@QAE@XZ
save-server	00455280	46	FUN_00455280
save-server	004552b0	46	FUN_004552b0
save-server	004552e0	11	FUN_004552e0
save-server	004552f0	90	??0AFX_EVENT@@QAE@HJPAUtagDISPPARAMS@@PAUtagEXCEPINFO@@PAI@Z
save-server	00455350	338	FUN_00455350
save-server	004554b0	126	FUN_004554b0
save-server	00455530	112	FUN_00455530
save-server	004555a0	46	FUN_004555a0
save-server	004555d0	19	FUN_004555d0
save-server	004555f0	46	FUN_004555f0
save-server	00455620	87	FUN_00455620
save-server	00455680	50	FUN_00455680
save-server	004556c0	140	FUN_004556c0
save-server	00455750	114	FUN_00455750
save-server	004557d0	98	FUN_004557d0
save-server	00455840	173	FUN_00455840
save-server	004558f0	23	FUN_004558f0
save-server	00455910	266	FUN_00455910
save-server	00455a20	170	FUN_00455a20
save-server	00455ad0	169	FUN_00455ad0
save-server	00455b80	17	FUN_00455b80
save-server	00455ba0	128	FUN_00455ba0
save-server	00455c20	226	FUN_00455c20
save-server	00455d10	80	FUN_00455d10
save-server	00455d60	17	FUN_00455d60
save-server	00455d80	49	?SetupOptionalRowsetInterfaces@?$CRowset@VCAccessorBase@ATL@@@ATL@@QAEXXZ
save-server	00455dc0	22	FUN_00455dc0
save-server	00455de0	52	FUN_00455de0
save-server	00455e20	43	FUN_00455e20
save-server	00455e50	17	FUN_00455e50
save-server	00455e70	1332	FUN_00455e70
save-server	004563c0	186	FUN_004563c0
save-server	00456480	460	FUN_00456480
save-server	00456660	289	FUN_00456660
save-server	00456790	33	FUN_00456790
save-server	004567c0	53	FUN_004567c0
save-server	00456800	202	FUN_00456800
save-server	004568d0	63	FUN_004568d0
save-server	00456910	50	FUN_00456910
save-server	00456950	147	FUN_00456950
save-server	004569f0	37	?_GetDataPtr@CDynamicAccessor@ATL@@QBEPAXK@Z
save-server	00456a20	145	FUN_00456a20
save-server	00456ac0	160	FUN_00456ac0
save-server	00456b60	62	FUN_00456b60
save-server	00456ba0	55	??1CManualAccessor@ATL@@QAE@XZ
save-server	00456be0	191	FUN_00456be0
save-server	00456cb0	208	FUN_00456cb0
save-server	00456d80	292	FUN_00456d80
save-server	00456eb0	94	??0AFX_EVENT@@QAE@H@Z
save-server	00456f10	23	FUN_00456f10
save-server	00456f30	35	FUN_00456f30
save-server	00456f60	16	FUN_00456f60
save-server	00456f70	67	FUN_00456f70
save-server	00456fc0	69	FUN_00456fc0
save-server	00457010	23	FUN_00457010
save-server	00457030	35	FUN_00457030
save-server	00457060	48	FUN_00457060
save-server	00457090	16	??B?$CComPtrBase@UIRowset@@@ATL@@QBEPAUIRowset@@XZ
save-server	004570a0	69	FUN_004570a0
save-server	004570f0	26	FUN_004570f0
save-server	00457110	60	FUN_00457110
save-server	00457150	23	FUN_00457150
save-server	00457170	35	FUN_00457170
save-server	004571a0	48	FUN_004571a0
save-server	004571d0	16	FUN_004571d0
save-server	004571e0	67	FUN_004571e0
save-server	00457230	69	FUN_00457230
save-server	00457280	23	FUN_00457280
save-server	004572a0	35	FUN_004572a0
save-server	004572d0	67	FUN_004572d0
save-server	00457320	69	FUN_00457320
save-server	00457370	27	??$QueryInterface@UIRowsetChange@@@IUnknown@@QAGJPAPAUIRowsetChange@@@Z
save-server	00457390	27	FUN_00457390
save-server	004573b0	27	FUN_004573b0
save-server	004573d0	56	FUN_004573d0
save-server	00457410	56	FUN_00457410
save-server	00457450	56	FUN_00457450
save-server	00457490	56	FUN_00457490
save-server	004574d0	56	FUN_004574d0
save-server	00457510	56	FUN_00457510
save-server	00457550	56	FUN_00457550
save-server	00457590	56	FUN_00457590
save-server	004575d0	56	FUN_004575d0
save-server	00457610	56	FUN_00457610
save-server	00457650	56	FUN_00457650
save-server	00457690	56	FUN_00457690
save-server	004576d0	56	FUN_004576d0
save-server	00457710	56	FUN_00457710
save-server	00457750	181	FUN_00457750
save-server	00457810	157	FUN_00457810
save-server	004578b0	157	FUN_004578b0
save-server	00457950	167	FUN_00457950
save-server	00457a00	106	FUN_00457a00
save-server	00457a70	104	FUN_00457a70
save-server	00457ae0	104	FUN_00457ae0
save-server	00457b50	110	FUN_00457b50
save-server	00457bc0	146	FUN_00457bc0
save-server	00457c60	104	FUN_00457c60
save-server	00457cd0	104	FUN_00457cd0
save-server	00457d40	106	FUN_00457d40
save-server	00457db0	104	FUN_00457db0
save-server	00457e20	146	FUN_00457e20
save-server	00457ec0	78	?_AfxGetDlgCode@@YGKPAVCWnd@@PAUtagMSG@@@Z
save-server	00457f0e	50	FUN_00457f0e
save-server	00457f40	87	?_AfxGetChildControl@@YGPAVCWnd@@PAV1@0@Z
save-server	00457f97	34	?HasChildStyle@@YAHPAVCWnd@@@Z
save-server	00457fb9	23	?TestStyle@@YAKPAVCWnd@@K@Z
save-server	00457fd0	22	?IsControlParent@@YAHPAVCWnd@@@Z
save-server	00457fe6	23	?TestExStyle@@YAKPAVCWnd@@K@Z
save-server	00457ffd	282	FUN_00457ffd
save-server	00458117	55	FUN_00458117
save-server	0045814e	204	FUN_0045814e
save-server	0045821a	66	FUN_0045821a
save-server	0045825c	167	FUN_0045825c
save-server	00458303	133	FUN_00458303
save-server	00458388	201	FUN_00458388
save-server	00458451	124	?_AfxFindDlgItem@@YGPAVCWnd@@PAV1@K@Z
save-server	004584cd	95	FUN_004584cd
save-server	0045852c	51	?GetDefBtnCode@COccManager@@SAKPAVCWnd@@@Z
save-server	0045855f	134	?_AfxRemoveDefaultButton@@YGXPAVCWnd@@0@Z
save-server	004585e5	79	FUN_004585e5
save-server	00458634	342	FUN_00458634
save-server	0045878a	1237	FUN_0045878a
save-server	00458ce0	28	_IsEqualGUID
save-server	00458d10	59	FUN_00458d10
save-server	00458d50	28	FUN_00458d50
save-server	00458d70	25	FUN_00458d70
save-server	00458d90	21	FUN_00458d90
save-server	00458db0	26	_!=
save-server	00458dd0	26	FUN_00458dd0
save-server	00458df0	136	FUN_00458df0
save-server	00458e80	38	?AfxCheckError@@YGXJ@Z
save-server	00458ea6	935	FUN_00458ea6
save-server	004592f2	306	FUN_004592f2
save-server	00459424	66	?_AfxCopyBinaryData@@YGXPAUtagSAFEARRAY@@PBXK@Z
save-server	00459466	45	FID_conflict:??0COleVariant@@QAE@ABV0@@Z
save-server	004594c0	45	??0COleVariant@@QAE@ABV0@@Z
save-server	004594ed	290	FUN_004594ed
save-server	0045960f	295	FUN_0045960f
save-server	00459736	145	FUN_00459736
save-server	004597c7	189	FUN_004597c7
save-server	00459884	19	FUN_00459884
save-server	00459897	81	FUN_00459897
save-server	004598e8	47	?Attach@COleVariant@@QAEXAAUtagVARIANT@@@Z
save-server	00459917	78	FID_conflict:?Detach@COleVariant@@QAE?AUtagVARIANT@@XZ
save-server	00459965	629	FUN_00459965
save-server	00459c22	36	FUN_00459c22
save-server	00459c46	36	FUN_00459c46
save-server	00459c6a	36	FUN_00459c6a
save-server	00459c8e	188	FUN_00459c8e
save-server	00459d4a	175	FUN_00459d4a
save-server	00459df9	54	FUN_00459df9
save-server	00459e2f	112	FUN_00459e2f
save-server	00459e9f	130	FUN_00459e9f
save-server	00459f21	62	FUN_00459f21
save-server	00459f5f	54	FUN_00459f5f
save-server	00459f95	60	FUN_00459f95
save-server	00459fd1	62	FUN_00459fd1
save-server	0045a00f	67	FUN_0045a00f
save-server	0045a052	86	FUN_0045a052
save-server	0045a0a8	23	FUN_0045a0a8
save-server	0045a0bf	947	FUN_0045a0bf
save-server	0045a4ba	988	FUN_0045a4ba
save-server	0045a91e	853	FUN_0045a91e
save-server	0045ad13	195	FUN_0045ad13
save-server	0045add6	106	FUN_0045add6
save-server	0045ae40	171	FUN_0045ae40
save-server	0045aeeb	186	FUN_0045aeeb
save-server	0045afa5	70	??$DumpElements@VCOleVariant@@@@YGXAAVCDumpContext@@PBVCOleVariant@@H@Z
save-server	0045afeb	243	FUN_0045afeb
save-server	0045b116	42	FUN_0045b116
save-server	0045b140	40	FID_conflict:??0COleCurrency@@QAE@TtagCY@@@Z
save-server	0045b168	44	??4COleCurrency@@QAEABV0@ABV0@@Z
save-server	0045b194	188	FUN_0045b194
save-server	0045b2ac	153	FUN_0045b2ac
save-server	0045b345	153	FUN_0045b345
save-server	0045b3de	152	FUN_0045b3de
save-server	0045b476	152	FUN_0045b476
save-server	0045b50e	244	FUN_0045b50e
save-server	0045b602	244	FUN_0045b602
save-server	0045b6f6	143	FUN_0045b6f6
save-server	0045b785	851	FUN_0045b785
save-server	0045bad8	872	FUN_0045bad8
save-server	0045be40	176	?SetCurrency@COleCurrency@@QAEXJJ@Z
save-server	0045bef0	422	FUN_0045bef0
save-server	0045c096	429	FUN_0045c096
save-server	0045c243	156	??6@YGAAVCDumpContext@@AAV0@VCOleCurrency@@@Z
save-server	0045c2df	43	??6@YGAAVCArchive@@AAV0@VCOleCurrency@@@Z
save-server	0045c30a	49	??5@YGAAVCArchive@@AAV0@AAVCOleCurrency@@@Z
save-server	0045c33b	539	FUN_0045c33b
save-server	0045c556	748	FUN_0045c556
save-server	0045c842	70	FUN_0045c842
save-server	0045c888	61	FUN_0045c888
save-server	0045c8c5	58	FUN_0045c8c5
save-server	0045c8ff	29	FUN_0045c8ff
save-server	0045c91c	154	FUN_0045c91c
save-server	0045c9b6	56	FUN_0045c9b6
save-server	0045c9ee	56	FUN_0045c9ee
save-server	0045ca26	56	FUN_0045ca26
save-server	0045ca5e	56	FUN_0045ca5e
save-server	0045ca96	56	FUN_0045ca96
save-server	0045cace	56	FUN_0045cace
save-server	0045cb06	56	FUN_0045cb06
save-server	0045cb3e	56	FUN_0045cb3e
save-server	0045cb76	188	FUN_0045cb76
save-server	0045cc8b	40	FID_conflict:??0COleCurrency@@QAE@TtagCY@@@Z
save-server	0045ccb3	166	FUN_0045ccb3
save-server	0045cd59	83	FUN_0045cd59
save-server	0045cdac	161	FUN_0045cdac
save-server	0045ce4d	159	FUN_0045ce4d
save-server	0045ceec	159	FUN_0045ceec
save-server	0045cf8b	159	FUN_0045cf8b
save-server	0045d02a	159	FUN_0045d02a
save-server	0045d0c9	197	FUN_0045d0c9
save-server	0045d18e	197	FUN_0045d18e
save-server	0045d253	182	FUN_0045d253
save-server	0045d309	69	FUN_0045d309
save-server	0045d34e	416	FUN_0045d34e
save-server	0045d4ee	429	FUN_0045d4ee
save-server	0045d69b	345	FUN_0045d69b
save-server	0045d7f4	160	FUN_0045d7f4
save-server	0045d894	57	FUN_0045d894
save-server	0045d8cd	156	??6@YGAAVCDumpContext@@AAV0@VCOleDateTime@ATL@@@Z
save-server	0045d969	35	FUN_0045d969
save-server	0045d98c	34	FUN_0045d98c
save-server	0045d9ae	120	FUN_0045d9ae
save-server	0045da26	127	FUN_0045da26
save-server	0045daa5	133	FUN_0045daa5
save-server	0045db2a	40	FID_conflict:??0COleCurrency@@QAE@TtagCY@@@Z
save-server	0045db52	44	FUN_0045db52
save-server	0045db7e	165	FUN_0045db7e
save-server	0045dc23	165	FUN_0045dc23
save-server	0045dcc8	64	FUN_0045dcc8
save-server	0045dd08	651	FUN_0045dd08
save-server	0045df93	160	FUN_0045df93
save-server	0045e033	57	FUN_0045e033
save-server	0045e06c	160	FUN_0045e06c
save-server	0045e10c	35	FUN_0045e10c
save-server	0045e12f	34	FUN_0045e12f
save-server	0045e151	94	FUN_0045e151
save-server	0045e1af	94	FUN_0045e1af
save-server	0045e20d	65	FID_conflict:??0COleSafeArray@@QAE@ABUtagVARIANT@@@Z
save-server	0045e24e	65	FID_conflict:??0COleSafeArray@@QAE@ABUtagVARIANT@@@Z
save-server	0045e28f	65	FID_conflict:??0COleSafeArray@@QAE@ABUtagVARIANT@@@Z
save-server	0045e2d0	97	FUN_0045e2d0
save-server	0045e331	78	FID_conflict:?Detach@COleVariant@@QAE?AUtagVARIANT@@XZ
save-server	0045e37f	86	FUN_0045e37f
save-server	0045e3d5	86	FUN_0045e3d5
save-server	0045e42b	86	FUN_0045e42b
save-server	0045e481	86	FUN_0045e481
save-server	0045e4d7	29	FUN_0045e4d7
save-server	0045e4f4	29	FUN_0045e4f4
save-server	0045e511	56	FUN_0045e511
save-server	0045e549	56	FUN_0045e549
save-server	0045e581	56	FUN_0045e581
save-server	0045e5b9	56	FUN_0045e5b9
save-server	0045e5f1	627	FUN_0045e5f1
save-server	0045e8ac	626	FUN_0045e8ac
save-server	0045eb1e	139	FUN_0045eb1e
save-server	0045eba9	95	FUN_0045eba9
save-server	0045ec08	85	FUN_0045ec08
save-server	0045ec5d	227	FUN_0045ec5d
save-server	0045ed86	382	FUN_0045ed86
save-server	0045ef04	36	FUN_0045ef04
save-server	0045ef28	30	FUN_0045ef28
save-server	0045ef46	30	FUN_0045ef46
save-server	0045ef64	36	?AllocDescriptor@COleSafeArray@@QAEXK@Z
save-server	0045ef88	36	FUN_0045ef88
save-server	0045efac	40	FID_conflict:?GetUBound@COleSafeArray@@QAEXKPAJ@Z
save-server	0045efd4	40	FID_conflict:?GetUBound@COleSafeArray@@QAEXKPAJ@Z
save-server	0045effc	40	FID_conflict:?GetUBound@COleSafeArray@@QAEXKPAJ@Z
save-server	0045f024	40	FID_conflict:?GetUBound@COleSafeArray@@QAEXKPAJ@Z
save-server	0045f04c	40	FID_conflict:?GetUBound@COleSafeArray@@QAEXKPAJ@Z
save-server	0045f074	36	FUN_0045f074
save-server	0045f098	30	FUN_0045f098
save-server	0045f0b6	30	FUN_0045f0b6
save-server	0045f0d4	30	FUN_0045f0d4
save-server	0045f0f2	30	FUN_0045f0f2
save-server	0045f110	30	FUN_0045f110
save-server	0045f12e	23	FUN_0045f12e
save-server	0045f145	264	FUN_0045f145
save-server	0045f24d	264	FUN_0045f24d
save-server	0045f360	46	FUN_0045f360
save-server	0045f390	13	FUN_0045f390
save-server	0045f3a0	90	FUN_0045f3a0
save-server	0045f3fa	420	FUN_0045f3fa
save-server	0045f59e	515	FUN_0045f59e
save-server	0045f7a1	84	FUN_0045f7a1
save-server	0045f7f5	121	FUN_0045f7f5
save-server	0045f86e	184	FUN_0045f86e
save-server	0045f926	200	FUN_0045f926
save-server	0045f9ee	131	FUN_0045f9ee
save-server	0045fa80	33	??0CTypeLibCacheMap@@QAE@XZ
save-server	0045fab0	43	FUN_0045fab0
save-server	0045fae0	19	FUN_0045fae0
save-server	0045fb00	15	FUN_0045fb00
save-server	0045fb10	36	?ocscpy@@YAPA_WPA_WPB_W@Z
save-server	0045fb40	259	FUN_0045fb40
save-server	0045fc50	260	FUN_0045fc50
save-server	0045fd60	229	FUN_0045fd60
save-server	0045fe45	77	FUN_0045fe45
save-server	0045fe92	279	FUN_0045fe92
save-server	0045ffde	47	FUN_0045ffde
save-server	0046000d	47	FUN_0046000d
save-server	0046003c	174	?AfxOleUnlockControl@@YGHABU_GUID@@@Z
save-server	004600ea	167	FUN_004600ea
save-server	004601a0	46	FUN_004601a0
save-server	004601d0	24	FUN_004601d0
save-server	004601f0	25	FUN_004601f0
save-server	00460210	25	FUN_00460210
save-server	00460230	19	FUN_00460230
save-server	00460250	16	FUN_00460250
save-server	00460260	16	FUN_00460260
save-server	00460270	139	FUN_00460270
save-server	004602fb	148	??1COleDocObjectItem@@UAE@XZ
save-server	0046038f	29	FUN_0046038f
save-server	004603ac	29	FUN_004603ac
save-server	004603c9	37	?QueryInterface@XOleDocumentSite@COleDocObjectItem@@UAGJABU_GUID@@PAPAX@Z
save-server	004603ee	508	FUN_004603ee
save-server	004605ea	90	FUN_004605ea
save-server	00460644	118	FUN_00460644
save-server	004606ba	17	FUN_004606ba
save-server	004606cb	120	FUN_004606cb
save-server	00460743	113	FUN_00460743
save-server	004607b4	143	?SupportsIPrint@COleDocObjectItem@@IAEHXZ
save-server	00460843	103	FUN_00460843
save-server	004608aa	69	?GetHelpMenu@COleDocObjectItem@@MAEPAVCMenu@@AAI@Z
save-server	004608ef	614	FUN_004608ef
save-server	00460b55	138	FUN_00460b55
save-server	00460bdf	372	FUN_00460bdf
save-server	00460d53	646	FUN_00460d53
save-server	00460fe0	43	FUN_00460fe0
save-server	00461010	31	FUN_00461010
save-server	00461030	22	FUN_00461030
save-server	00461050	71	FUN_00461050
save-server	00461097	151	FUN_00461097
save-server	0046112e	185	FUN_0046112e
save-server	004611e7	28	FUN_004611e7
save-server	00461203	391	FUN_00461203
save-server	0046138a	30	FUN_0046138a
save-server	004613a8	30	FUN_004613a8
save-server	004613c6	38	?QueryInterface@XOleCommandTarget@CDocObjectServer@@UAGJABU_GUID@@PAPAX@Z
save-server	004613ec	517	FUN_004613ec
save-server	004615f1	76	?QueryStatus@XOleCommandTarget@CDocObjectServer@@UAGJPBU_GUID@@KQAU_tagOLECMD@@PAU_tagOLECMDTEXT@@@Z
save-server	0046163d	260	FUN_0046163d
save-server	00461741	127	?Exec@XOleCommandTarget@CDocObjectServer@@UAGJPBU_GUID@@KKPAUtagVARIANT@@1@Z
save-server	004617c0	22	FUN_004617c0
save-server	004617e0	16	FUN_004617e0
save-server	004617f0	16	FUN_004617f0
save-server	00461800	16	FUN_00461800
save-server	00461810	232	FUN_00461810
save-server	004618f8	81	FUN_004618f8
save-server	00461949	48	FUN_00461949
save-server	00461979	30	?SetDocSite@CDocObjectServer@@QAEXPAUIOleDocumentSite@@@Z
save-server	00461997	39	FUN_00461997
save-server	004619be	116	FUN_004619be
save-server	00461a32	101	FUN_00461a32
save-server	00461a97	134	FUN_00461a97
save-server	00461b1d	31	FUN_00461b1d
save-server	00461b3c	35	FUN_00461b3c
save-server	00461b5f	35	FUN_00461b5f
save-server	00461b82	35	FUN_00461b82
save-server	00461ba5	35	FUN_00461ba5
save-server	00461bc8	30	FUN_00461bc8
save-server	00461be6	30	FUN_00461be6
save-server	00461c04	35	FUN_00461c04
save-server	00461c27	49	?SetInitialPageNum@XPrint@CDocObjectServer@@UAGJJ@Z
save-server	00461c58	348	FUN_00461c58
save-server	00461db4	2808	FUN_00461db4
save-server	004628ac	30	FUN_004628ac
save-server	004628ca	30	FUN_004628ca
save-server	004628e8	35	FUN_004628e8
save-server	0046290b	235	FUN_0046290b
save-server	004629f6	87	FUN_004629f6
save-server	00462a4d	145	FUN_00462a4d
save-server	00462ade	30	FUN_00462ade
save-server	00462afc	30	FUN_00462afc
save-server	00462b1a	38	?QueryInterface@XOleObject@CDocObjectServer@@UAGJABU_GUID@@PAPAX@Z
save-server	00462b40	136	FUN_00462b40
save-server	00462bc8	70	FUN_00462bc8
save-server	00462c0e	74	FUN_00462c0e
save-server	00462c58	70	FUN_00462c58
save-server	00462c9e	74	FUN_00462c9e
save-server	00462ce8	77	FUN_00462ce8
save-server	00462d35	77	FUN_00462d35
save-server	00462d82	74	FUN_00462d82
save-server	00462dcc	89	FUN_00462dcc
save-server	00462e25	70	FUN_00462e25
save-server	00462e6b	65	FUN_00462e6b
save-server	00462eac	65	FUN_00462eac
save-server	00462eed	70	FUN_00462eed
save-server	00462f33	74	FUN_00462f33
save-server	00462f7d	95	FUN_00462f7d
save-server	00462fdc	74	FUN_00462fdc
save-server	00463026	74	FUN_00463026
save-server	00463070	70	FUN_00463070
save-server	004630b6	70	FUN_004630b6
save-server	004630fc	74	FUN_004630fc
save-server	00463146	70	FUN_00463146
save-server	0046318c	60	FUN_0046318c
save-server	004631c8	103	?Dump@CDocObjectServer@@MBEXAAVCDumpContext@@@Z
save-server	0046322f	16	FUN_0046322f
save-server	0046323f	41	FUN_0046323f
save-server	00463268	28	FUN_00463268
save-server	00463284	97	?OnDoVerb@CDocObjectServerItem@@MAEXJ@Z
save-server	004632e5	75	?OnHide@CDocObjectServerItem@@MAEXXZ
save-server	00463330	73	?OnShow@CDocObjectServerItem@@MAEXXZ
save-server	00463379	73	?OnShow@CDocObjectServerItem@@MAEXXZ
save-server	004633c2	19	FUN_004633c2
save-server	004633d5	25	?Dump@CDocObjectServerItem@@UBEXAAVCDumpContext@@@Z
save-server	004633f0	43	FUN_004633f0
save-server	00463420	31	FUN_00463420
save-server	00463440	31	FUN_00463440
save-server	00463460	31	FUN_00463460
save-server	00463480	31	FUN_00463480
save-server	004634a0	31	FUN_004634a0
save-server	004634c0	22	FUN_004634c0
save-server	004634e0	22	FUN_004634e0
save-server	00463500	22	FUN_00463500
save-server	00463520	22	FUN_00463520
save-server	00463540	43	FUN_00463540
save-server	00463570	19	FUN_00463570
save-server	00463590	13	FUN_00463590
save-server	0046359d	13	FUN_0046359d
save-server	004635aa	2130	FUN_004635aa
save-server	00463dfc	30	FUN_00463dfc
save-server	00463e1a	30	FUN_00463e1a
save-server	00463e38	38	?QueryInterface@XOleDocumentView@CDocObjectServer@@UAGJABU_GUID@@PAPAX@Z
save-server	00463e5e	146	FUN_00463e5e
save-server	00463ef0	116	FUN_00463ef0
save-server	00463f64	142	FUN_00463f64
save-server	00463ff2	41	FUN_00463ff2
save-server	0046401b	162	FUN_0046401b
save-server	004640f6	93	FUN_004640f6
save-server	00464153	43	FUN_00464153
save-server	0046417e	103	FUN_0046417e
save-server	004641e5	103	FUN_004641e5
save-server	0046424c	77	FUN_0046424c
save-server	00464299	74	?CloseView@XOleDocumentView@CDocObjectServer@@UAGJK@Z
save-server	004642e3	288	FUN_004642e3
save-server	0046447e	288	FUN_0046447e
save-server	00464619	43	FUN_00464619
save-server	00464650	110	?CreateObject@COleDocIPFrameWnd@@SGPAVCObject@@XZ
save-server	004646be	16	FUN_004646be
save-server	004646ce	16	FUN_004646ce
save-server	004646de	44	??0COleDocIPFrameWnd@@QAE@XZ
save-server	0046470a	28	FUN_0046470a
save-server	00464726	120	FUN_00464726
save-server	0046479e	602	FUN_0046479e
save-server	004649f8	520	FUN_004649f8
save-server	00464c00	384	FUN_00464c00
save-server	00464d80	19	FUN_00464d80
save-server	00464d93	25	?Dump@COleDocIPFrameWnd@@UBEXAAVCDumpContext@@@Z
save-server	00464db0	43	FUN_00464db0
save-server	00464df0	56	__chkesp
save-server	00464e30	45	FUN_00464e30
save-server	00464e70	7	?_CallMemberFunction0@@YGXPAX0@Z
save-server	00464e80	7	FUN_00464e80
save-server	00464e90	7	FUN_00464e90
save-server	00464ea0	86	FUN_00464ea0
save-server	00464f00	60	FID_conflict:___CxxFrameHandler3
save-server	00464f40	38	___CxxLongjmpUnwind@4
save-server	00464f70	104	FUN_00464f70
save-server	00464fe0	57	FUN_00464fe0
save-server	00465020	204	FUN_00465020
save-server	004650f0	124	FUN_004650f0
save-server	00465180	130	FUN_00465180
save-server	00465210	32	__global_unwind2
save-server	00465252	104	__local_unwind2
save-server	004652ba	35	__abnormal_termination
save-server	004652dd	9	__NLG_Notify1
save-server	004652e6	24	FUN_004652e6
save-server	00465300	664	FUN_00465300
save-server	00465640	254	_strncpy
save-server	00465740	123	_strlen
save-server	004657c0	243	FUN_004657c0
save-server	004658c0	88	_memset
save-server	00465920	65	__CxxThrowException@8
save-server	00465970	7	FUN_00465970
save-server	00465980	224	FUN_00465980
save-server	00465a60	207	FUN_00465a60
save-server	00465b30	179	FUN_00465b30
save-server	00465bf0	24	FUN_00465bf0
save-server	00465c10	77	FUN_00465c10
save-server	00465c60	664	FUN_00465c60
save-server	00465fa0	47	FUN_00465fa0
save-server	00465fd0	255	FUN_00465fd0
save-server	004660d0	17	FUN_004660d0
save-server	004660f0	297	FUN_004660f0
save-server	00466220	333	original_program_entry
save-server	00466390	45	__amsg_exit
save-server	004663c0	42	FUN_004663c0
save-server	004663f0	16	FUN_004663f0
save-server	00466400	54	_rand
save-server	00466440	43	FUN_00466440
save-server	00466470	46	FUN_00466470
save-server	004664a0	105	??0exception@@QAE@ABQBD@Z
save-server	00466510	132	??0exception@@QAE@ABV0@@Z
save-server	004665a0	44	??4exception@@QAEAAV0@ABV0@@Z
save-server	004665d0	52	??1exception@@UAE@XZ
save-server	00466610	33	FUN_00466610
save-server	00466640	64	FUN_00466640
save-server	00466680	46	FUN_00466680
save-server	004666b0	40	??8type_info@@QBEHABV0@@Z
save-server	004666e0	41	FUN_004666e0
save-server	00466710	44	?before@type_info@@QBEHABV1@@Z
save-server	00466740	17	FUN_00466740
save-server	00466760	25	FUN_00466760
save-server	00466780	16	FUN_00466780
save-server	00466790	38	_malloc
save-server	004667c0	44	__malloc_dbg
save-server	004667f0	27	FUN_004667f0
save-server	00466810	93	FUN_00466810
save-server	0046686d	11	FUN_0046686d
save-server	00466878	56	FUN_00466878
save-server	004668b0	23	FUN_004668b0
save-server	004668d0	787	FUN_004668d0
save-server	00466bf0	36	_calloc
save-server	00466c20	96	__calloc_dbg
save-server	00466c80	36	_realloc
save-server	00466cb0	99	FID_conflict:__realloc_dbg
save-server	00466d13	11	FUN_00466d13
save-server	00466d1e	20	FUN_00466d1e
save-server	00466d40	1297	FUN_00466d40
save-server	00467260	36	__expand
save-server	00467290	99	FID_conflict:__realloc_dbg
save-server	004672f3	11	FUN_004672f3
save-server	004672fe	20	FUN_004672fe
save-server	00467320	19	FUN_00467320
save-server	00467340	19	FUN_00467340
save-server	00467360	82	__free_dbg
save-server	004673b2	11	FUN_004673b2
save-server	004673bd	17	FUN_004673bd
save-server	004673d0	1004	FUN_004673d0
save-server	004677c0	19	FUN_004677c0
save-server	004677e0	369	FUN_004677e0
save-server	00467951	11	FUN_00467951
save-server	0046795c	20	FUN_0046795c
save-server	00467970	28	__CrtSetBreakAlloc
save-server	00467990	189	FUN_00467990
save-server	00467a4d	11	FUN_00467a4d
save-server	00467a58	17	FUN_00467a58
save-server	00467a70	28	__CrtSetAllocHook
save-server	00467a90	136	FUN_00467a90
save-server	00467b20	885	FUN_00467b20
save-server	00467e95	11	FUN_00467e95
save-server	00467ea0	20	FUN_00467ea0
save-server	00467ed0	34	FUN_00467ed0
save-server	00467f00	141	FUN_00467f00
save-server	00467f8d	11	FUN_00467f8d
save-server	00467f98	17	FUN_00467f98
save-server	00467fb0	75	__CrtIsValidPointer
save-server	00468000	292	FUN_00468000
save-server	00468130	262	__CrtIsMemoryBlock
save-server	00468236	11	FUN_00468236
save-server	00468241	20	FUN_00468241
save-server	00468260	28	FID_conflict:__CrtSetDumpClient
save-server	00468280	392	FUN_00468280
save-server	00468408	11	FUN_00468408
save-server	00468413	17	FUN_00468413
save-server	00468430	291	FUN_00468430
save-server	00468560	689	FUN_00468560
save-server	00468811	11	FUN_00468811
save-server	0046881c	55	FUN_0046881c
save-server	00468860	276	FUN_00468860
save-server	00468980	116	FUN_00468980
save-server	00468a00	197	FUN_00468a00
save-server	00468ad0	243	FUN_00468ad0
save-server	00468bd0	32	_abort
save-server	00468bf0	354	FUN_00468bf0
save-server	00468d60	666	FUN_00468d60
save-server	00469000	64	__mbscoll
save-server	00469040	64	__mbsicoll
save-server	00469080	48	FUN_00469080
save-server	004690b0	237	FUN_004690b0
save-server	004691a0	305	FUN_004691a0
save-server	004692e0	250	FUN_004692e0
save-server	004693e0	250	FUN_004693e0
save-server	004694e0	230	FUN_004694e0
save-server	004695d0	48	FUN_004695d0
save-server	00469600	210	FUN_00469600
save-server	004696e0	295	FUN_004696e0
save-server	00469810	295	FUN_00469810
save-server	00469940	250	FUN_00469940
save-server	00469a40	223	FUN_00469a40
save-server	00469b20	33	FUN_00469b20
save-server	00469b50	5	FUN_00469b50
save-server	00469b60	65	FUN_00469b60
save-server	00469bb0	28	FUN_00469bb0
save-server	00469bd0	495	FUN_00469bd0
save-server	00469dc0	34	FUN_00469dc0
save-server	00469df0	223	FUN_00469df0
save-server	00469ed0	172	_memcmp
save-server	00469f80	71	__strdup
save-server	00469fd0	56	FUN_00469fd0
save-server	0046a010	21	FUN_0046a010
save-server	0046a030	21	__exit
save-server	0046a050	19	FUN_0046a050
save-server	0046a070	19	FUN_0046a070
save-server	0046a090	227	FUN_0046a090
save-server	0046a180	15	FUN_0046a180
save-server	0046a190	15	FUN_0046a190
save-server	0046a1a0	37	__initterm
save-server	0046a1d0	179	FUN_0046a1d0
save-server	0046a290	154	FUN_0046a290
save-server	0046a360	69	__endthreadex
save-server	0046a3b0	27	FUN_0046a3b0
save-server	0046a3d0	817	FUN_0046a3d0
save-server	0046a710	27	FUN_0046a710
save-server	0046a730	33	FUN_0046a730
save-server	0046a760	19	FUN_0046a760
save-server	0046a780	19	FUN_0046a780
save-server	0046a7a0	777	FUN_0046a7a0
save-server	0046aab0	385	FUN_0046aab0
save-server	0046ac40	511	_gmtime
save-server	0046ae40	608	FUN_0046ae40
save-server	0046b0a0	45	FID_conflict:__ctime64
save-server	0046b0d0	836	FUN_0046b0d0
save-server	0046b420	89	_getSystemCP
save-server	0046b480	80	FUN_0046b480
save-server	0046b500	116	_setSBCS
save-server	0046b580	770	FUN_0046b580
save-server	0046b890	23	FUN_0046b890
save-server	0046b8b0	34	FUN_0046b8b0
save-server	0046b8e0	289	FUN_0046b8e0
save-server	0046ba10	291	FUN_0046ba10
save-server	0046bb40	878	FUN_0046bb40
save-server	0046beb0	31	FUN_0046beb0
save-server	0046bed0	394	FUN_0046bed0
save-server	0046c060	1389	FUN_0046c060
save-server	0046c680	72	FID_conflict:?_store_str@@YAXPADPAPADPAI@Z
save-server	0046c6d0	173	FUN_0046c6d0
save-server	0046c780	172	FID_conflict:?_store_number@@YAXHPAPADPAI@Z
save-server	0046c830	1152	FUN_0046c830
save-server	0046cd50	11	FUN_0046cd50
save-server	0046cd60	87	FUN_0046cd60
save-server	0046cdc0	126	__CrtSetReportFile
save-server	0046ce40	28	FID_conflict:__CrtSetDumpClient
save-server	0046ce60	912	FUN_0046ce60
save-server	0046d1f0	780	FUN_0046d1f0
save-server	0046d5c1	27	FUN_0046d5c1
save-server	0046d5e0	145	__dosmaperr
save-server	0046d680	13	FUN_0046d680
save-server	0046d690	13	FUN_0046d690
save-server	0046d6a0	15	FUN_0046d6a0
save-server	0046d6b0	113	??_L@YGXPAXIHP6EX0@Z1@Z
save-server	0046d721	28	FUN_0046d721
save-server	0046d73d	19	FUN_0046d73d
save-server	0046d750	117	FUN_0046d750
save-server	0046d7c5	28	FUN_0046d7c5
save-server	0046d7e1	19	FUN_0046d7e1
save-server	0046d800	105	FUN_0046d800
save-server	0046d880	44	?ArrayUnwindFilter@@YAHPAU_EXCEPTION_POINTERS@@@Z
save-server	0046d8b0	66	__itoa
save-server	0046d900	194	_xtoa
save-server	0046d9d0	63	__ltoa
save-server	0046da10	30	__ultoa
save-server	0046da30	72	__i64toa
save-server	0046da80	242	_x64toa@20
save-server	0046db80	31	__ui64toa
save-server	0046dba0	39	__ftol
save-server	0046dbd0	84	FUN_0046dbd0
save-server	0046dc30	61	FUN_0046dc30
save-server	0046dc70	116	FUN_0046dc70
save-server	0046dcf0	173	FUN_0046dcf0
save-server	0046dda0	33	_labs
save-server	0046ddd0	309	FUN_0046ddd0
save-server	0046df10	243	FUN_0046df10
save-server	0046e010	309	FUN_0046e010
save-server	0046e150	398	FUN_0046e150
save-server	0046e2e0	324	FUN_0046e2e0
save-server	0046e430	306	FUN_0046e430
save-server	0046e570	239	FUN_0046e570
save-server	0046e660	672	FUN_0046e660
save-server	0046e900	277	FUN_0046e900
save-server	0046ea20	182	FUN_0046ea20
save-server	0046eae0	224	FUN_0046eae0
save-server	0046ebe0	44	?ArrayUnwindFilter@@YAHPAU_EXCEPTION_POINTERS@@@Z
save-server	0046ec10	183	?CatchIt@@YAXPAUEHExceptionRecord@@PAUEHRegistrationNode@@PAU_CONTEXT@@PAXPBU_s_FuncInfo@@PBU_s_HandlerType@@PBU_s_CatchableType@@PBU_s_TryBlockMapEntry@@H1E@Z
save-server	0046ecd0	172	FUN_0046ecd0
save-server	0046edad	94	FUN_0046edad
save-server	0046ee0b	20	FUN_0046ee0b
save-server	0046ee20	66	FUN_0046ee20
save-server	0046ee70	621	FUN_0046ee70
save-server	0046f0f0	111	___DestructExceptionObject
save-server	0046f180	70	FID_conflict:___AdjustPointer
save-server	0046f1d0	76	__CallSettingFrame@12
save-server	0046f220	130	FUN_0046f220
save-server	0046f2b0	41	FUN_0046f2b0
save-server	0046f2e0	25	FUN_0046f2e0
save-server	0046f300	152	FUN_0046f300
save-server	0046f3a0	263	FUN_0046f3a0
save-server	0046f4b0	11	FUN_0046f4b0
save-server	0046f4c0	11	FUN_0046f4c0
save-server	0046f4d0	94	FUN_0046f4d0
save-server	0046f53e	6	FUN_0046f53e
save-server	0046f544	17	FUN_0046f544
save-server	0046f560	29	FUN_0046f560
save-server	0046f580	90	FUN_0046f580
save-server	0046f5ea	6	FUN_0046f5ea
save-server	0046f5f0	17	FUN_0046f5f0
save-server	0046f610	628	FUN_0046f610
save-server	0046f890	3108	FUN_0046f890
save-server	004705c0	119	FUN_004705c0
save-server	00470640	53	FUN_00470640
save-server	00470680	74	FUN_00470680
save-server	004706d0	26	FUN_004706d0
save-server	004706f0	31	FUN_004706f0
save-server	00470710	27	FUN_00470710
save-server	00470730	91	FUN_00470730
save-server	00470790	21	FUN_00470790
save-server	004707b0	17	FUN_004707b0
save-server	004707d0	55	FUN_004707d0
save-server	00470810	159	FUN_00470810
save-server	004708b0	151	FUN_004708b0
save-server	00470950	22	FUN_00470950
save-server	00470970	28	FUN_00470970
save-server	00470990	39	_strrchr
save-server	004709c0	183	FUN_004709c0
save-server	00470a80	52	__allmul
save-server	00470ac0	446	__XcptFilter
save-server	00470c80	89	FUN_00470c80
save-server	00470ce0	188	FUN_00470ce0
save-server	00470da0	329	FUN_00470da0
save-server	00470ef0	216	FUN_00470ef0
save-server	00470fd0	1060	FUN_00470fd0
save-server	00471400	537	FUN_00471400
save-server	00471620	804	FUN_00471620
save-server	00471950	155	__ioterm
save-server	004719f0	92	FUN_004719f0
save-server	00471a50	548	FUN_00471a50
save-server	00471c80	141	FUN_00471c80
save-server	00471d10	232	FUN_00471d10
save-server	00471e00	73	__FF_MSGBANNER
save-server	00471e50	447	FUN_00471e50
save-server	00472010	80	__GET_RTERRMSG
save-server	00472060	123	FUN_00472060
save-server	004720db	11	FUN_004720db
save-server	004720e6	30	FUN_004720e6
save-server	0047215d	11	FUN_0047215d
save-server	00472168	43	FUN_00472168
save-server	004721b0	129	_strcmp
save-server	00472240	48	?_set_new_handler@@YAP6AHI@ZP6AHI@Z@Z
save-server	00472270	10	FUN_00472270
save-server	00472280	45	__callnewh
save-server	004722b0	32	__malloc_base
save-server	004722d0	87	__nh_malloc_base
save-server	00472330	101	__heap_alloc_base
save-server	00472395	11	FUN_00472395
save-server	004723a0	19	FUN_004723a0
save-server	00472417	11	FUN_00472417
save-server	00472422	31	FUN_00472422
save-server	00472441	60	FUN_00472441
save-server	00472480	10	FUN_00472480
save-server	00472490	161	FUN_00472490
save-server	00472531	11	FUN_00472531
save-server	0047253c	60	FUN_0047253c
save-server	0047262a	11	FUN_0047262a
save-server	00472635	53	FUN_00472635
save-server	004726a0	976	FUN_004726a0
save-server	00472868	11	FUN_00472868
save-server	00472873	108	FUN_00472873
save-server	00472a7f	11	FUN_00472a7f
save-server	00472a8a	48	FUN_00472a8a
save-server	00472b22	17	FUN_00472b22
save-server	00472b40	98	__heapchk
save-server	00472ba2	11	FUN_00472ba2
save-server	00472bad	2	thunk_FUN_00472bf2
save-server	00472be7	11	FUN_00472be7
save-server	00472bf2	82	FUN_00472bf2
save-server	00472c50	10	__heapset
save-server	00472c60	39	FUN_00472c60
save-server	00472c90	266	FUN_00472c90
save-server	00472da0	98	___sbh_heap_init
save-server	00472e10	85	FUN_00472e10
save-server	00472e70	95	FUN_00472e70
save-server	00472ed0	1500	FUN_00472ed0
save-server	004734b0	1334	FUN_004734b0
save-server	004739f0	271	FUN_004739f0
save-server	00473b00	494	FUN_00473b00
save-server	00473cf0	1515	FUN_00473cf0
save-server	004742e0	304	FUN_004742e0
save-server	00474410	1565	FUN_00474410
save-server	00474a30	10	FUN_00474a30
save-server	00474a40	43	FUN_00474a40
save-server	00474a70	478	FUN_00474a70
save-server	00474c50	115	FUN_00474c50
save-server	00474cd0	343	FUN_00474cd0
save-server	00474e30	144	FUN_00474e30
save-server	00474ec0	108	FUN_00474ec0
save-server	00474f30	952	FUN_00474f30
save-server	004752f0	681	FUN_004752f0
save-server	004755a0	356	FUN_004755a0
save-server	00475710	567	FUN_00475710
save-server	00475950	507	FUN_00475950
save-server	00475b80	146	FUN_00475b80
save-server	00475c20	522	FUN_00475c20
save-server	00475e60	91	FUN_00475e60
save-server	00475ec0	13	FUN_00475ec0
save-server	00475ed0	13	FUN_00475ed0
save-server	00475ee0	727	FUN_00475ee0
save-server	004761f0	80	FUN_004761f0
save-server	00476240	208	FUN_00476240
save-server	00476310	970	FUN_00476310
save-server	00476710	80	FUN_00476710
save-server	00476770	193	_strchr
save-server	00476830	58	FUN_00476830
save-server	00476870	48	__strrev
save-server	004768a0	128	_strstr
save-server	00476920	62	FUN_00476920
save-server	00476960	62	FUN_00476960
save-server	004769a0	421	FUN_004769a0
save-server	00476b60	23	__setdefaultprecision
save-server	00476b80	94	FUN_00476b80
save-server	00476be0	66	__ms_p5_mp_test_fdiv
save-server	00476c30	168	FUN_00476c30
save-server	00476ce0	215	__cropzeros
save-server	00476dc0	45	__positive
save-server	00476df0	72	__fassign
save-server	00476e40	118	FUN_00476e40
save-server	00476ec0	358	FUN_00476ec0
save-server	00477030	106	FUN_00477030
save-server	004770a0	317	FUN_004770a0
save-server	004771e0	229	FUN_004771e0
save-server	004772d0	95	__cfltcvt
save-server	00477330	46	__shift
save-server	00477360	56	_strncmp
save-server	004773a0	11	FUN_004773a0
save-server	004773b0	147	FUN_004773b0
save-server	00477450	299	FUN_00477450
save-server	00477580	61	FUN_00477580
save-server	004775c0	30	FUN_004775c0
save-server	004775e0	939	FUN_004775e0
save-server	00477990	46	FUN_00477990
save-server	004779c0	762	FUN_004779c0
save-server	00477cc0	504	FUN_00477cc0
save-server	00477ec0	238	FUN_00477ec0
save-server	00477fb0	443	_asctime
save-server	00478170	64	_store_dt
save-server	004781b0	1007	FUN_004781b0
save-server	004785a0	403	FUN_004785a0
save-server	00478740	256	FUN_00478740
save-server	00478840	388	FUN_00478840
save-server	004789d0	7	FUN_004789d0
save-server	004789e0	79	__strcats
save-server	00478a30	349	FUN_00478a30
save-server	00478b90	101	___lc_lctostr
save-server	00478c00	249	FUN_00478c00
save-server	00478d00	187	FUN_00478d00
save-server	00478dc0	104	__aulldiv
save-server	00478e30	117	__aullrem
save-server	00478eb0	27	FUN_00478eb0
save-server	00478ed0	85	FUN_00478ed0
save-server	00478f30	103	FUN_00478f30
save-server	00478fa0	178	FUN_00478fa0
save-server	00479060	206	FUN_00479060
save-server	00479130	1201	FUN_00479130
save-server	00479600	882	FUN_00479600
save-server	00479980	155	__umatherr
save-server	00479a20	58	FID_conflict:__set_errno_from_matherr
save-server	00479a60	63	__get_fname
save-server	00479aa0	113	FUN_00479aa0
save-server	00479b20	62	FUN_00479b20
save-server	00479b60	45	FUN_00479b60
save-server	00479b90	51	FUN_00479b90
save-server	00479bd0	52	FUN_00479bd0
save-server	00479c10	124	FUN_00479c10
save-server	00479c90	313	FUN_00479c90
save-server	00479dd0	22	FUN_00479dd0
save-server	00479df0	23	FUN_00479df0
save-server	00479e10	50	FUN_00479e10
save-server	00479e50	117	FUN_00479e50
save-server	00479ed0	42	__copysign
save-server	00479f00	44	__chgsign
save-server	00479f30	25	FUN_00479f30
save-server	00479f50	300	FUN_00479f50
save-server	0047a080	826	FUN_0047a080
save-server	0047a3c0	34	FUN_0047a3c0
save-server	0047a3f0	73	FUN_0047a3f0
save-server	0047a440	211	FUN_0047a440
save-server	0047a520	3079	FUN_0047a520
save-server	0047b1f0	58	FUN_0047b1f0
save-server	0047b230	54	_write_multi_char
save-server	0047b270	76	FUN_0047b270
save-server	0047b2c0	26	FUN_0047b2c0
save-server	0047b2e0	31	FUN_0047b2e0
save-server	0047b300	119	FUN_0047b300
save-server	0047b380	354	FUN_0047b380
save-server	0047b4f0	43	FUN_0047b4f0
save-server	0047b520	43	FUN_0047b520
save-server	0047b550	39	?_ValidateExecute@@YAHP6GHXZ@Z
save-server	0047b580	130	FUN_0047b580
save-server	0047b610	178	FUN_0047b610
save-server	0047b6d0	130	FUN_0047b6d0
save-server	0047b760	627	FUN_0047b760
save-server	0047b9e0	199	FUN_0047b9e0
save-server	0047bab0	50	__isatty
save-server	0047baf0	300	FUN_0047baf0
save-server	0047bc20	26	FUN_0047bc20
save-server	0047bc40	61	FUN_0047bc40
save-server	0047bc80	41	FUN_0047bc80
save-server	0047bcb0	61	FUN_0047bcb0
save-server	0047bcf0	41	FUN_0047bcf0
save-server	0047bd20	119	FUN_0047bd20
save-server	0047bda0	160	FUN_0047bda0
save-server	0047be40	21	FUN_0047be40
save-server	0047be60	21	FUN_0047be60
save-server	0047be80	21	FUN_0047be80
save-server	0047bea0	24	FUN_0047bea0
save-server	0047bec0	24	FUN_0047bec0
save-server	0047bee0	24	FUN_0047bee0
save-server	0047bf00	24	FUN_0047bf00
save-server	0047bf20	21	FUN_0047bf20
save-server	0047bf40	21	FUN_0047bf40
save-server	0047bf60	21	FUN_0047bf60
save-server	0047bf80	59	__ismbbkana
save-server	0047bfc0	98	FUN_0047bfc0
save-server	0047c030	11	FUN_0047c030
save-server	0047c040	147	FUN_0047c040
save-server	0047c0e0	299	FUN_0047c0e0
save-server	0047c210	31	FUN_0047c210
save-server	0047c230	32	FUN_0047c230
save-server	0047c250	79	FUN_0047c250
save-server	0047c2a0	26	__controlfp
save-server	0047c2c0	88	FUN_0047c2c0
save-server	0047c320	377	FUN_0047c320
save-server	0047c4a0	346	FUN_0047c4a0
save-server	0047c600	167	FUN_0047c600
save-server	0047c6b0	132	FUN_0047c6b0
save-server	0047c740	168	__IncMan
save-server	0047c7f0	219	FUN_0047c7f0
save-server	0047c8d0	76	__CopyMan
save-server	0047c920	47	__FillZeroMan
save-server	0047c950	55	__IsZeroMan
save-server	0047c990	236	__ShrMan
save-server	0047ca80	578	FUN_0047ca80
save-server	0047ccd0	26	FUN_0047ccd0
save-server	0047ccf0	26	FUN_0047ccf0
save-server	0047cd10	191	FUN_0047cd10
save-server	0047cdd0	54	FUN_0047cdd0
save-server	0047ce10	54	FUN_0047ce10
save-server	0047ce50	54	FUN_0047ce50
save-server	0047ce90	250	FUN_0047ce90
save-server	0047cf90	15	__fptrap
save-server	0047cfa0	46	FUN_0047cfa0
save-server	0047cfd0	198	FID_conflict:__getenv_lk
save-server	0047d0a0	219	___init_time
save-server	0047d180	1423	FUN_0047d180
save-server	0047d710	779	___free_lc_time
save-server	0047da20	678	FUN_0047da20
save-server	0047dcd0	125	_fix_grouping
save-server	0047dd50	304	FUN_0047dd50
save-server	0047de80	525	FUN_0047de80
save-server	0047e090	125	_fix_grouping
save-server	0047e110	147	FUN_0047e110
save-server	0047e1b0	928	FUN_0047e1b0
save-server	0047e550	7	FUN_0047e550
save-server	0047e560	512	FUN_0047e560
save-server	0047e760	130	FUN_0047e760
save-server	0047e7f0	186	FUN_0047e7f0
save-server	0047e8b0	804	FUN_0047e8b0
save-server	0047ebe0	116	FUN_0047ebe0
save-server	0047ec60	287	FUN_0047ec60
save-server	0047ed80	69	FUN_0047ed80
save-server	0047edd0	172	FUN_0047edd0
save-server	0047ee80	43	FUN_0047ee80
save-server	0047eeb0	155	FUN_0047eeb0
save-server	0047ef50	79	FUN_0047ef50
save-server	0047efa0	135	FUN_0047efa0
save-server	0047f030	77	FUN_0047f030
save-server	0047f080	388	_crtGetLocaleInfoA@16
save-server	0047f210	118	FUN_0047f210
save-server	0047f290	101	_GetPrimaryLen
save-server	0047f300	7	__matherr
save-server	0047f310	700	FUN_0047f310
save-server	0047f5d0	122	FUN_0047f5d0
save-server	0047f650	350	FUN_0047f650
save-server	0047f7b0	113	FUN_0047f7b0
save-server	0047f830	546	FUN_0047f830
save-server	0047fa60	22	FUN_0047fa60
save-server	0047fa80	1302	FUN_0047fa80
save-server	0047ffa0	482	FUN_0047ffa0
save-server	00480190	183	__set_osfhnd
save-server	00480250	216	FUN_00480250
save-server	00480330	102	FUN_00480330
save-server	004803a0	260	FUN_004803a0
save-server	004804b0	134	FUN_004804b0
save-server	00480540	38	FUN_00480540
save-server	00480570	218	FUN_00480570
save-server	00480650	68	FUN_00480650
save-server	004806a0	65	FUN_004806a0
save-server	004806f0	183	FUN_004806f0
save-server	004807b0	15	FUN_004807b0
save-server	004807c0	319	FUN_004807c0
save-server	00480900	62	___addl
save-server	00480940	173	___add_12
save-server	004809f0	96	___shl_12
save-server	00480a50	99	___shr_12
save-server	00480ac0	315	FUN_00480ac0
save-server	00480c00	755	FUN_00480c00
save-server	00481730	79	FUN_00481730
save-server	00481780	79	__mbsnbicoll
save-server	004817d0	174	FUN_004817d0
save-server	00481880	650	FUN_00481880
save-server	00481b10	10	FUN_00481b10
save-server	00481b20	575	FUN_00481b20
save-server	00481d90	257	FUN_00481d90
save-server	00481ea0	654	FUN_00481ea0
save-server	00482130	1085	FUN_00482130
save-server	00482570	195	FUN_00482570
save-server	00482640	130	FUN_00482640
save-server	004826d0	190	FUN_004826d0
save-server	00482790	210	FUN_00482790
save-server	00482870	736	FUN_00482870
save-server	00482b50	124	_findenv
save-server	00482bd0	238	_copy_environ
save-server	00482cc0	382	FUN_00482cc0
save-server	00482e60	398	FUN_00482e60
save-server	00483010	122	FUN_00483010
save-server	00483090	170	__close_lk
save-server	00483140	146	FUN_00483140
save-server	0048348a	6	FUN_0048348a
save-server	00483ab4	6	FUN_00483ab4
save-server	00483aba	6	FUN_00483aba
save-server	00483fb2	6	FUN_00483fb2
save-server	00483fb8	6	FUN_00483fb8
save-server	00483fbe	6	FUN_00483fbe
save-server	00483fc4	6	FUN_00483fc4
save-server	00483fca	6	FUN_00483fca
save-server	00483fd0	6	FUN_00483fd0
save-server	00483fd6	6	FUN_00483fd6
save-server	00483fdc	6	FUN_00483fdc
save-server	00483fe2	6	FUN_00483fe2
save-server	00483fe8	6	FUN_00483fe8
save-server	00484084	6	FUN_00484084
save-server	0048408a	6	FUN_0048408a
save-server	00484132	6	FUN_00484132
save-server	00484138	6	FUN_00484138
save-server	0048413e	6	FUN_0048413e
save-server	00484144	6	FUN_00484144
save-server	0048414a	6	FUN_0048414a
save-server	00484150	6	FUN_00484150
save-server	00484156	6	FUN_00484156
save-server	004843f0	29	FUN_004843f0
save-server	00484410	70	FUN_00484410
save-server	00484460	229	FUN_00484460
save-server	00484600	52	FUN_00484600
save-server	00484640	82	FUN_00484640
save-server	004846a0	26	FUN_004846a0
save-server	004846c0	41	FUN_004846c0
save-server	004846f0	42	FUN_004846f0
save-server	00484720	306	FUN_00484720
save-server	00484860	111	FUN_00484860
save-server	00484910	172	FUN_00484910
save-server	004849c0	101	FUN_004849c0
save-server	00484a30	187	FUN_00484a30
save-server	00484af0	15	FUN_00484af0
save-server	00484b00	313	FUN_00484b00
save-server	00484c40	46	FUN_00484c40
save-server	00484c70	153	FUN_00484c70
save-server	00484d70	263	FUN_00484d70
save-server	00484f70	176	FUN_00484f70
save-server	00485020	116	FUN_00485020
save-server	00485120	130	FUN_00485120
save-server	00485200	678	FUN_00485200
save-server	004854b0	159	FUN_004854b0
save-server	00485550	487	FUN_00485550
save-server	00485740	213	FUN_00485740
save-server	00485820	393	FUN_00485820
save-server	004859b0	816	FUN_004859b0
save-server	00485ce0	57	FUN_00485ce0
save-server	00485d20	430	FUN_00485d20
save-server	00485ed0	36	FUN_00485ed0
save-server	00485f00	71	FUN_00485f00
save-server	00485f50	71	FUN_00485f50
save-server	00486100	236	FUN_00486100
save-server	004861f0	190	FUN_004861f0
save-server	004862b0	110	FUN_004862b0
save-server	00486320	831	FUN_00486320
save-server	00486660	1315	FUN_00486660
save-server	00486bb0	686	FUN_00486bb0
save-server	00486e90	822	FUN_00486e90
save-server	004871d0	335	FUN_004871d0
save-server	00487350	558	FUN_00487350
save-server	00487600	213	FUN_00487600
save-server	004876e0	356	FUN_004876e0
save-server	004879d0	203	FUN_004879d0
save-server	00487aa0	407	FUN_00487aa0
save-server	00487c40	28	FUN_00487c40
save-server	00487c5c	86	FUN_00487c5c
save-server	00487cb2	24	FUN_00487cb2
save-server	00487cca	10	FUN_00487cca
save-server	00487cd4	35	FUN_00487cd4
save-server	004a0600	21	FUN_004a0600
save-server	004a0615	194	FUN_004a0615
save-server	004a06e0	65	FUN_004a06e0
save-server	004a0721	112	FUN_004a0721
save-server	004a0791	118	FUN_004a0791
save-server	004a0807	30	FUN_004a0807
save-server	004a0825	133	FUN_004a0825
save-server	004a08aa	133	FUN_004a08aa
save-server	004a092f	136	FUN_004a092f
save-server	004a09b7	225	FUN_004a09b7
save-server	004a0a98	263	FUN_004a0a98
save-server	004a0b9f	126	FUN_004a0b9f
save-server	004a0c1d	558	FUN_004a0c1d
save-server	004a0e4b	167	FUN_004a0e4b
save-server	004a0ef2	64	FUN_004a0ef2
save-server	004a0f32	345	FUN_004a0f32
save-server	004a108b	191	FUN_004a108b
save-server	004a114a	178	FUN_004a114a
save-server	004a11fc	111	FUN_004a11fc
save-server	004a126b	111	FUN_004a126b
save-server	004a12da	70	FUN_004a12da
save-server	004a1320	27	FUN_004a1320
save-server	004a133b	142	FUN_004a133b
save-server	004a13c9	1884	FUN_004a13c9
save-server	004a1ba6	84	FUN_004a1ba6
save-server	004a1bfa	153	FUN_004a1bfa
save-server	004a1c93	89	FUN_004a1c93
save-server	004a1cec	203	FUN_004a1cec
save-server	004a1db7	142	FUN_004a1db7
save-server	004a1e45	133	FUN_004a1e45
save-server	004a1eca	136	FUN_004a1eca
save-server	004a1f52	174	FUN_004a1f52
save-server	004a2000	135	FUN_004a2000
save-server	004a2087	138	FUN_004a2087
save-server	004a2111	115	FUN_004a2111
save-server	004a2184	106	FUN_004a2184
save-server	004a21ee	171	FUN_004a21ee
save-server	004a2299	65	FUN_004a2299
save-server	004a22da	61	??$HashKey@PBD@@YGIPBD@Z
save-server	004a2320	225	FUN_004a2320
save-server	004a2401	184	FUN_004a2401
save-server	004a24b9	150	FUN_004a24b9
save-server	004a254f	104	FUN_004a254f
save-server	004a25b7	29	FUN_004a25b7
save-server	004a25d4	64	FUN_004a25d4
save-server	004a2614	80	FID_conflict:?GetLocalTm@CTime@ATL@@QBEPAUtm@@PAU3@@Z
save-server	004a2664	155	FUN_004a2664
save-server	004a26ff	118	FUN_004a26ff
save-server	004a2775	19	FUN_004a2775
save-server	004a2788	19	FUN_004a2788
save-server	004a279b	132	FUN_004a279b
save-server	004a281f	19	FUN_004a281f
save-server	004a2832	19	FUN_004a2832
save-server	004a2845	669	FUN_004a2845
save-server	004a2b29	160	FUN_004a2b29
save-server	004a2bc9	127	FUN_004a2bc9
save-server	004a2c48	127	FUN_004a2c48
save-server	004a2cc7	160	FUN_004a2cc7
save-server	004a2d67	160	FUN_004a2d67
save-server	004a2e10	60	?InitString@CSimpleException@@QAEXXZ
save-server	004a2e4c	144	FUN_004a2e4c
save-server	004a2edc	29	FUN_004a2edc
save-server	004a2ef9	29	?AfxThrowNotSupportedException@@YGXXZ
save-server	004a2f20	10	FUN_004a2f20
save-server	004a2f2a	17	FUN_004a2f2a
save-server	004a2f3b	10	FUN_004a2f3b
save-server	004a2f45	15	FUN_004a2f45
save-server	004a2f54	308	FUN_004a2f54
save-server	004a30c6	93	FUN_004a30c6
save-server	004a3123	250	FUN_004a3123
save-server	004a321d	92	??1_AFX_DEBUG_STATE@@UAE@XZ
save-server	004a3279	15	FUN_004a3279
save-server	004a3288	5	FUN_004a3288
save-server	004a328d	18	FUN_004a328d
save-server	004a329f	15	FUN_004a329f
save-server	004a32ae	64	FUN_004a32ae
save-server	004a32f0	43	FUN_004a32f0
save-server	004a3320	19	FUN_004a3320
save-server	004a3340	70	FUN_004a3340
save-server	004a3390	100	FID_conflict:?CreateObject@?$CProcessLocal@V_AFX_COLOR_STATE@@@@SGPAVCNoTrackObject@@XZ
save-server	004a3400	66	FUN_004a3400
save-server	004a3442	36	FUN_004a3442
save-server	004a3466	77	FUN_004a3466
save-server	004a34c0	16	FUN_004a34c0
save-server	004a34d0	839	FUN_004a34d0
save-server	004a3817	72	FUN_004a3817
save-server	004a385f	38	FUN_004a385f
save-server	004a3885	21	FUN_004a3885
save-server	004a38a0	523	FUN_004a38a0
save-server	004a3aab	571	FUN_004a3aab
save-server	004a3ce6	374	FUN_004a3ce6
save-server	004a3e5c	302	FUN_004a3e5c
save-server	004a3f8a	541	FUN_004a3f8a
save-server	004a41a7	168	FUN_004a41a7
save-server	004a424f	905	FUN_004a424f
save-server	004a45d8	79	FUN_004a45d8
save-server	004a4627	261	FUN_004a4627
save-server	004a472c	135	FUN_004a472c
save-server	004a47b3	133	FUN_004a47b3
save-server	004a4838	133	FUN_004a4838
save-server	004a48bd	34	FUN_004a48bd
save-server	004a48df	32	FUN_004a48df
save-server	004a48ff	32	FUN_004a48ff
save-server	004a491f	47	FUN_004a491f
save-server	004a494e	30	FUN_004a494e
save-server	004a496c	30	FUN_004a496c
save-server	004a498a	30	FUN_004a498a
save-server	004a49a8	336	FUN_004a49a8
save-server	004a4b14	652	FUN_004a4b14
save-server	004a4da0	43	FUN_004a4da0
save-server	004a4dd0	78	??1CMiniDockFrameWnd@@UAE@XZ
save-server	004a4e20	224	FUN_004a4e20
save-server	004a4f00	155	FUN_004a4f00
save-server	004a4f9b	426	FUN_004a4f9b
save-server	004a5145	396	FUN_004a5145
save-server	004a52d1	79	?AssertValid@CBitmapButton@@UBEXXZ
save-server	004a5320	146	FID_conflict:?Dump@CBitmapButton@@UBEXAAVCDumpContext@@@Z
save-server	004a53c0	73	??0_AFX_COLOR_STATE@@QAE@XZ
save-server	004a5409	16	FUN_004a5409
save-server	004a5419	214	FUN_004a5419
save-server	004a54ef	164	FUN_004a54ef
save-server	004a5593	29	FUN_004a5593
save-server	004a55b0	88	FUN_004a55b0
save-server	004a5608	18	FUN_004a5608
save-server	004a561a	21	FUN_004a561a
save-server	004a562f	233	FUN_004a562f
save-server	004a5720	43	FUN_004a5720
save-server	004a5750	19	FUN_004a5750
save-server	004a5770	43	FUN_004a5770
save-server	004a57a0	19	FUN_004a57a0
save-server	004a57c0	188	FUN_004a57c0
save-server	004a587c	244	FUN_004a587c
save-server	004a5970	37	FUN_004a5970
save-server	004a5995	108	FUN_004a5995
save-server	004a5a01	109	FUN_004a5a01
save-server	004a5a6e	109	FUN_004a5a6e
save-server	004a5adb	46	?CreatePrinterDC@CPageSetupDialog@@QAEPAUHDC__@@XZ
save-server	004a5b09	69	FUN_004a5b09
save-server	004a5b4e	260	FUN_004a5b4e
save-server	004a5c52	15	FUN_004a5c52
save-server	004a5c61	15	FUN_004a5c61
save-server	004a5c70	176	FUN_004a5c70
save-server	004a5d20	16	FUN_004a5d20
save-server	004a5d30	299	FUN_004a5d30
save-server	004a5e5b	44	FUN_004a5e5b
save-server	004a5e87	180	?AttachOnSetup@CPrintDialog@@MAEPAV1@XZ
save-server	004a5f3b	152	FUN_004a5f3b
save-server	004a5fd3	267	FUN_004a5fd3
save-server	004a60de	73	?CreatePrinterDC@CPrintDialog@@QAEPAUHDC__@@XZ
save-server	004a6127	74	FUN_004a6127
save-server	004a6171	43	FUN_004a6171
save-server	004a619c	113	FUN_004a619c
save-server	004a620d	114	FUN_004a620d
save-server	004a627f	114	FUN_004a627f
save-server	004a62f1	44	FUN_004a62f1
save-server	004a631d	387	FUN_004a631d
save-server	004a64a0	168	FUN_004a64a0
save-server	004a6550	43	FUN_004a6550
save-server	004a6580	19	FUN_004a6580
save-server	004a65a0	43	FUN_004a65a0
save-server	004a65d0	19	FUN_004a65d0
save-server	004a8de0	81	FID_conflict:??1CDragListBox@@UAE@XZ
save-server	004a8e31	108	FUN_004a8e31
save-server	004a8e9d	61	?BeginDrag@CDragListBox@@UAEHVCPoint@@@Z
save-server	004a8eda	29	FUN_004a8eda
save-server	004a8ef7	88	FUN_004a8ef7
save-server	004a8f4f	325	FUN_004a8f4f
save-server	004a9094	60	?DrawInsert@CDragListBox@@UAEXH@Z
save-server	004a90d0	262	?DrawSingle@CDragListBox@@QAEXH@Z
save-server	004a91d6	341	FUN_004a91d6
save-server	004a933b	16	FUN_004a933b
save-server	004a934b	103	FUN_004a934b
save-server	004a93b2	81	FUN_004a93b2
save-server	004a9403	108	FUN_004a9403
save-server	004a946f	136	FUN_004a946f
save-server	004a94f7	106	FUN_004a94f7
save-server	004a9561	106	FUN_004a9561
save-server	004a95cb	130	FUN_004a95cb
save-server	004a964d	47	FID_conflict:?OnCreate@CToolBarCtrl@@IAEHPAUtagCREATESTRUCTA@@@Z
save-server	004a967c	121	FUN_004a967c
save-server	004a96f5	103	FUN_004a96f5
save-server	004a975c	81	FUN_004a975c
save-server	004a97ad	165	FUN_004a97ad
save-server	004a9852	300	FUN_004a9852
save-server	004a997e	163	FUN_004a997e
save-server	004a9a21	194	FUN_004a9a21
save-server	004a9ae3	124	FUN_004a9ae3
save-server	004a9b5f	54	FUN_004a9b5f
save-server	004a9b95	106	FUN_004a9b95
save-server	004a9bff	16	FUN_004a9bff
save-server	004a9c0f	103	FUN_004a9c0f
save-server	004a9c76	81	FUN_004a9c76
save-server	004a9cc7	96	FUN_004a9cc7
save-server	004a9d27	137	FUN_004a9d27
save-server	004a9db0	125	FUN_004a9db0
save-server	004a9e2d	125	FUN_004a9e2d
save-server	004a9eaa	170	FUN_004a9eaa
save-server	004a9f54	92	FID_conflict:?InsertColumn@CListCtrl@@QAEHHPBDHHH@Z
save-server	004a9fb0	125	FUN_004a9fb0
save-server	004aa02d	120	FUN_004aa02d
save-server	004aa0a5	179	FUN_004aa0a5
save-server	004aa158	102	FUN_004aa158
save-server	004aa1be	145	FUN_004aa1be
save-server	004aa24f	261	FUN_004aa24f
save-server	004aa354	124	FUN_004aa354
save-server	004aa3d0	150	FUN_004aa3d0
save-server	004aa466	54	FUN_004aa466
save-server	004aa49c	106	FUN_004aa49c
save-server	004aa506	69	FID_conflict:?RemoveImageList@CListCtrl@@IAEXH@Z
save-server	004aa54b	49	FID_conflict:?OnNcDestroy@CListCtrl@@IAEXXZ
save-server	004aa57c	251	FUN_004aa57c
save-server	004aa677	16	FUN_004aa677
save-server	004aa687	103	FUN_004aa687
save-server	004aa6ee	81	FUN_004aa6ee
save-server	004aa73f	96	FUN_004aa73f
save-server	004aa79f	260	FUN_004aa79f
save-server	004aa8a3	129	FUN_004aa8a3
save-server	004aa924	147	FUN_004aa924
save-server	004aa9b7	134	FUN_004aa9b7
save-server	004aaa3d	104	FUN_004aaa3d
save-server	004aaaa5	136	FUN_004aaaa5
save-server	004aab2d	142	FUN_004aab2d
save-server	004aabbb	120	FUN_004aabbb
save-server	004aac33	69	FID_conflict:?RemoveImageList@CTreeView@@IAEXH@Z
save-server	004aac78	39	FID_conflict:?OnDestroy@CTreeView@@QAEXXZ
save-server	004aac9f	249	FUN_004aac9f
save-server	004aad98	147	FUN_004aad98
save-server	004aae2b	124	FUN_004aae2b
save-server	004aaea7	100	FUN_004aaea7
save-server	004aaf0b	81	FUN_004aaf0b
save-server	004aaf5c	118	FUN_004aaf5c
save-server	004aafd2	103	FUN_004aafd2
save-server	004ab039	81	FUN_004ab039
save-server	004ab08a	88	FUN_004ab08a
save-server	004ab0e2	45	?SetRange@CSliderCtrl@@QAEXHHH@Z
save-server	004ab10f	116	FUN_004ab10f
save-server	004ab183	110	FUN_004ab183
save-server	004ab1f1	103	FUN_004ab1f1
save-server	004ab258	81	FUN_004ab258
save-server	004ab2a9	103	FUN_004ab2a9
save-server	004ab310	81	FUN_004ab310
save-server	004ab361	54	FUN_004ab361
save-server	004ab397	106	FUN_004ab397
save-server	004ab401	103	FUN_004ab401
save-server	004ab468	81	FUN_004ab468
save-server	004ab4b9	129	FUN_004ab4b9
save-server	004ab53a	16	FUN_004ab53a
save-server	004ab54a	103	FUN_004ab54a
save-server	004ab5b1	81	FUN_004ab5b1
save-server	004ab602	54	FUN_004ab602
save-server	004ab638	106	FUN_004ab638
save-server	004ab6a2	71	?OnDestroy@CTabCtrl@@IAEXXZ
save-server	004ab6e9	136	FUN_004ab6e9
save-server	004ab771	109	FUN_004ab771
save-server	004ab7de	114	FUN_004ab7de
save-server	004ab850	126	FUN_004ab850
save-server	004ab8ce	103	FUN_004ab8ce
save-server	004ab935	81	FUN_004ab935
save-server	004ab986	81	FUN_004ab986
save-server	004ab9d7	208	FUN_004ab9d7
save-server	004abaa7	41	FID_conflict:??0CImageList@@QAE@XZ
save-server	004abad0	81	FID_conflict:??1CMenu@@UAE@XZ
save-server	004abb21	72	FID_conflict:?Detach@CImageList@@QAEPAU_IMAGELIST@@XZ
save-server	004abb69	39	FID_conflict:?DeleteObject@CGdiObject@@QAEHXZ
save-server	004abb90	121	FUN_004abb90
save-server	004abc09	102	FUN_004abc09
save-server	004abc6f	48	FUN_004abc6f
save-server	004abc9f	146	FUN_004abc9f
save-server	004abd31	100	FUN_004abd31
save-server	004abd95	58	?Create@CImageList@@QAEHAAV1@H0HHH@Z
save-server	004abdcf	177	FUN_004abdcf
save-server	004abe80	165	FUN_004abe80
save-server	004abf25	154	FUN_004abf25
save-server	004abfbf	65	FID_conflict:?Dump@CGdiObject@@UBEXAAVCDumpContext@@@Z
save-server	004ac000	191	FUN_004ac000
save-server	004ac0bf	41	??0CDragListBox@@QAE@XZ
save-server	004ac0e8	98	FUN_004ac0e8
save-server	004ac14a	31	FUN_004ac14a
save-server	004ac169	90	FUN_004ac169
save-server	004ac1c3	90	FUN_004ac1c3
save-server	004ac21d	90	FUN_004ac21d
save-server	004ac277	90	FUN_004ac277
save-server	004ac2d1	90	FUN_004ac2d1
save-server	004ac32b	83	FUN_004ac32b
save-server	004ac37e	83	FUN_004ac37e
save-server	004ac3d1	83	FUN_004ac3d1
save-server	004ac424	83	FUN_004ac424
save-server	004ac477	83	FUN_004ac477
save-server	004ac4ca	90	FUN_004ac4ca
save-server	004ac524	83	FUN_004ac524
save-server	004ac577	85	FUN_004ac577
save-server	004ac5cc	85	FUN_004ac5cc
save-server	004ac621	83	FUN_004ac621
save-server	004ac674	85	FUN_004ac674
save-server	004ac6c9	79	FUN_004ac6c9
save-server	004ac718	83	FUN_004ac718
save-server	004ac76b	79	FUN_004ac76b
save-server	004ac7ba	83	FUN_004ac7ba
save-server	004ac80d	85	FUN_004ac80d
save-server	004ac862	83	FUN_004ac862
save-server	004ac8b5	102	FUN_004ac8b5
save-server	004ac91b	102	FUN_004ac91b
save-server	004ac981	79	FUN_004ac981
save-server	004ac9d0	85	FUN_004ac9d0
save-server	004aca25	88	FUN_004aca25
save-server	004aca7d	88	FUN_004aca7d
save-server	004acad5	105	FUN_004acad5
save-server	004acb3e	79	FUN_004acb3e
save-server	004acb8d	85	FUN_004acb8d
save-server	004acbe2	79	FUN_004acbe2
save-server	004acc31	83	FUN_004acc31
save-server	004acc84	79	FUN_004acc84
save-server	004accd3	83	FUN_004accd3
save-server	004acd26	79	FUN_004acd26
save-server	004acd75	83	FUN_004acd75
save-server	004acdc8	31	FUN_004acdc8
save-server	004acde7	120	FUN_004acde7
save-server	004ace5f	85	FUN_004ace5f
save-server	004aceb4	85	FUN_004aceb4
save-server	004acf09	83	FUN_004acf09
save-server	004acf5c	83	FUN_004acf5c
save-server	004acfaf	83	FUN_004acfaf
save-server	004ad002	85	FUN_004ad002
save-server	004ad057	31	FUN_004ad057
save-server	004ad076	79	FUN_004ad076
save-server	004ad0c5	83	FUN_004ad0c5
save-server	004ad118	92	FUN_004ad118
save-server	004ad174	99	FUN_004ad174
save-server	004ad1d7	82	FUN_004ad1d7
save-server	004ad229	86	FUN_004ad229
save-server	004ad27f	86	FUN_004ad27f
save-server	004ad2d5	90	FUN_004ad2d5
save-server	004ad32f	86	FUN_004ad32f
save-server	004ad385	88	FUN_004ad385
save-server	004ad3dd	90	FUN_004ad3dd
save-server	004ad437	86	FUN_004ad437
save-server	004ad48d	82	FUN_004ad48d
save-server	004ad4df	82	FUN_004ad4df
save-server	004ad531	86	FUN_004ad531
save-server	004ad587	93	FUN_004ad587
save-server	004ad5e4	75	FUN_004ad5e4
save-server	004ad62f	100	FUN_004ad62f
save-server	004ad693	88	FUN_004ad693
save-server	004ad6eb	86	FUN_004ad6eb
save-server	004ad741	131	FUN_004ad741
save-server	004ad7c4	88	FUN_004ad7c4
save-server	004ad81c	86	FUN_004ad81c
save-server	004ad872	93	FUN_004ad872
save-server	004ad8cf	88	FUN_004ad8cf
save-server	004ad927	88	FUN_004ad927
save-server	004ad97f	86	FUN_004ad97f
save-server	004ad9d5	92	FUN_004ad9d5
save-server	004ada31	88	FUN_004ada31
save-server	004ada89	88	FUN_004ada89
save-server	004adae1	88	FUN_004adae1
save-server	004adb39	88	FUN_004adb39
save-server	004adb91	86	FUN_004adb91
save-server	004adbe7	86	FUN_004adbe7
save-server	004adc3d	93	FUN_004adc3d
save-server	004adc9a	86	FUN_004adc9a
save-server	004adcf0	82	FUN_004adcf0
save-server	004add42	86	FUN_004add42
save-server	004add98	82	FUN_004add98
save-server	004addea	86	FUN_004addea
save-server	004ade40	82	FUN_004ade40
save-server	004ade92	82	FUN_004ade92
save-server	004adee4	86	FUN_004adee4
save-server	004adf3a	86	FUN_004adf3a
save-server	004adf90	88	FUN_004adf90
save-server	004adfe8	88	FUN_004adfe8
save-server	004ae040	86	FUN_004ae040
save-server	004ae096	131	FUN_004ae096
save-server	004ae119	82	FUN_004ae119
save-server	004ae16b	31	FUN_004ae16b
save-server	004ae18a	86	FUN_004ae18a
save-server	004ae1e0	98	FUN_004ae1e0
save-server	004ae242	94	FUN_004ae242
save-server	004ae2a0	86	FUN_004ae2a0
save-server	004ae2f6	85	FUN_004ae2f6
save-server	004ae34b	88	FUN_004ae34b
save-server	004ae3a3	82	FUN_004ae3a3
save-server	004ae3f5	82	FUN_004ae3f5
save-server	004ae447	86	FUN_004ae447
save-server	004ae49d	92	FUN_004ae49d
save-server	004ae4f9	99	FUN_004ae4f9
save-server	004ae55c	88	FUN_004ae55c
save-server	004ae5b4	86	FUN_004ae5b4
save-server	004ae60a	86	FUN_004ae60a
save-server	004ae660	86	FUN_004ae660
save-server	004ae6b6	86	FUN_004ae6b6
save-server	004ae70c	82	FUN_004ae70c
save-server	004ae75e	86	FUN_004ae75e
save-server	004ae7b4	86	FUN_004ae7b4
save-server	004ae80a	82	FUN_004ae80a
save-server	004ae85c	82	FUN_004ae85c
save-server	004ae8ae	82	FUN_004ae8ae
save-server	004ae900	88	FUN_004ae900
save-server	004ae958	86	FUN_004ae958
save-server	004ae9ae	86	FUN_004ae9ae
save-server	004aea04	86	FUN_004aea04
save-server	004aea5a	86	FUN_004aea5a
save-server	004aeab0	86	FUN_004aeab0
save-server	004aeb06	90	FUN_004aeb06
save-server	004aeb60	92	FUN_004aeb60
save-server	004aebbc	92	FUN_004aebbc
save-server	004aec18	90	FUN_004aec18
save-server	004aec72	92	FUN_004aec72
save-server	004aecce	86	FUN_004aecce
save-server	004aed24	88	FUN_004aed24
save-server	004aed7c	82	FUN_004aed7c
save-server	004aedce	86	FUN_004aedce
save-server	004aee24	86	FUN_004aee24
save-server	004aee7a	86	FUN_004aee7a
save-server	004aeed0	88	FUN_004aeed0
save-server	004aef28	97	FUN_004aef28
save-server	004aef89	82	FUN_004aef89
save-server	004aefdb	86	FUN_004aefdb
save-server	004af031	82	FUN_004af031
save-server	004af083	87	FUN_004af083
save-server	004af0da	82	FUN_004af0da
save-server	004af12c	86	FUN_004af12c
save-server	004af182	88	FUN_004af182
save-server	004af1da	82	FUN_004af1da
save-server	004af22c	86	FUN_004af22c
save-server	004af282	31	FUN_004af282
save-server	004af2a1	110	FUN_004af2a1
save-server	004af30f	82	FUN_004af30f
save-server	004af361	99	FUN_004af361
save-server	004af3c4	86	FUN_004af3c4
save-server	004af41a	86	FUN_004af41a
save-server	004af470	86	FUN_004af470
save-server	004af4c6	82	FUN_004af4c6
save-server	004af518	31	FUN_004af518
save-server	004af537	93	FUN_004af537
save-server	004af594	87	FUN_004af594
save-server	004af5eb	88	FUN_004af5eb
save-server	004af643	82	FUN_004af643
save-server	004af695	82	FUN_004af695
save-server	004af6e7	93	FUN_004af6e7
save-server	004af744	86	FUN_004af744
save-server	004af79a	97	FUN_004af79a
save-server	004af7fb	94	FUN_004af7fb
save-server	004af859	105	FUN_004af859
save-server	004af8c2	31	FUN_004af8c2
save-server	004af8e1	82	FUN_004af8e1
save-server	004af933	86	FUN_004af933
save-server	004af989	82	FUN_004af989
save-server	004af9db	86	FUN_004af9db
save-server	004afa31	82	FUN_004afa31
save-server	004afa83	82	FUN_004afa83
save-server	004afad5	88	FUN_004afad5
save-server	004afb2d	88	FUN_004afb2d
save-server	004afb85	86	FUN_004afb85
save-server	004afbdb	86	FUN_004afbdb
save-server	004afc31	86	FUN_004afc31
save-server	004afc87	82	FUN_004afc87
save-server	004afcd9	86	FUN_004afcd9
save-server	004afd2f	82	FUN_004afd2f
save-server	004afd81	86	FUN_004afd81
save-server	004afdd7	82	FUN_004afdd7
save-server	004afe29	82	FUN_004afe29
save-server	004afe7b	86	FUN_004afe7b
save-server	004afed1	86	FUN_004afed1
save-server	004aff27	86	FUN_004aff27
save-server	004aff7d	86	FUN_004aff7d
save-server	004affd3	92	FUN_004affd3
save-server	004b002f	99	FUN_004b002f
save-server	004b0092	88	FUN_004b0092
save-server	004b00ea	91	FUN_004b00ea
save-server	004b0145	86	FUN_004b0145
save-server	004b019b	31	FUN_004b019b
save-server	004b01ba	105	FUN_004b01ba
save-server	004b0223	88	FUN_004b0223
save-server	004b027b	82	FUN_004b027b
save-server	004b02cd	86	FUN_004b02cd
save-server	004b0323	86	FUN_004b0323
save-server	004b0379	82	FUN_004b0379
save-server	004b03cb	31	FUN_004b03cb
save-server	004b03ea	82	FUN_004b03ea
save-server	004b043c	88	FUN_004b043c
save-server	004b0494	86	FUN_004b0494
save-server	004b04ea	88	FUN_004b04ea
save-server	004b0542	88	FUN_004b0542
save-server	004b059a	86	FUN_004b059a
save-server	004b05f0	17	FUN_004b05f0
save-server	004b0601	40	?GetSafeHandle@CImageList@@QBEPAU_IMAGELIST@@XZ
save-server	004b0629	65	FUN_004b0629
save-server	004b066a	85	FUN_004b066a
save-server	004b06bf	80	FUN_004b06bf
save-server	004b070f	71	FUN_004b070f
save-server	004b0756	89	FUN_004b0756
save-server	004b07af	73	FUN_004b07af
save-server	004b07f8	75	FUN_004b07f8
save-server	004b0843	73	FUN_004b0843
save-server	004b088c	124	FUN_004b088c
save-server	004b0908	71	FUN_004b0908
save-server	004b094f	65	FUN_004b094f
save-server	004b0990	75	FUN_004b0990
save-server	004b09db	75	FUN_004b09db
save-server	004b0a26	79	FUN_004b0a26
save-server	004b0a75	11	FUN_004b0a75
save-server	004b0a80	21	FUN_004b0a80
save-server	004b0a95	79	FUN_004b0a95
save-server	004b0ae4	17	FUN_004b0ae4
save-server	004b0af5	27	FUN_004b0af5
save-server	004b0b10	30	FUN_004b0b10
save-server	004b0b2e	22	FUN_004b0b2e
save-server	004b0b44	31	FUN_004b0b44
save-server	004b0b63	88	FUN_004b0b63
save-server	004b0bbb	97	FUN_004b0bbb
save-server	004b0c1c	82	FUN_004b0c1c
save-server	004b0c6e	88	FUN_004b0c6e
save-server	004b0cc6	88	FUN_004b0cc6
save-server	004b0d1e	86	FUN_004b0d1e
save-server	004b0d74	86	FUN_004b0d74
save-server	004b0dca	88	FUN_004b0dca
save-server	004b0e22	84	FUN_004b0e22
save-server	004b0e76	86	FUN_004b0e76
save-server	004b0ecc	86	FUN_004b0ecc
save-server	004b0f22	82	FUN_004b0f22
save-server	004b0f74	88	FUN_004b0f74
save-server	004b0fcc	82	FUN_004b0fcc
save-server	004b101e	86	FUN_004b101e
save-server	004b1074	86	FUN_004b1074
save-server	004b10ca	88	FUN_004b10ca
save-server	004b1122	117	FUN_004b1122
save-server	004b1197	86	FUN_004b1197
save-server	004b11ed	105	FUN_004b11ed
save-server	004b1256	82	FUN_004b1256
save-server	004b12a8	88	FUN_004b12a8
save-server	004b1300	91	FUN_004b1300
save-server	004b135b	82	FUN_004b135b
save-server	004b13ad	86	FUN_004b13ad
save-server	004b1403	86	FUN_004b1403
save-server	004b1459	93	FUN_004b1459
save-server	004b14b6	82	FUN_004b14b6
save-server	004b1508	88	FUN_004b1508
save-server	004b1560	31	FUN_004b1560
save-server	004b157f	86	FUN_004b157f
save-server	004b15d5	86	FUN_004b15d5
save-server	004b162b	107	FUN_004b162b
save-server	004b1696	82	FUN_004b1696
save-server	004b16e8	82	FUN_004b16e8
save-server	004b173a	105	FUN_004b173a
save-server	004b17a3	31	FUN_004b17a3
save-server	004b17c2	82	FUN_004b17c2
save-server	004b1814	82	FUN_004b1814
save-server	004b1866	82	FUN_004b1866
save-server	004b18b8	86	FUN_004b18b8
save-server	004b190e	86	FUN_004b190e
save-server	004b1964	115	FUN_004b1964
save-server	004b19d7	94	FUN_004b19d7
save-server	004b1a35	82	FUN_004b1a35
save-server	004b1a87	88	FUN_004b1a87
save-server	004b1adf	86	FUN_004b1adf
save-server	004b1b35	82	FUN_004b1b35
save-server	004b1b87	82	FUN_004b1b87
save-server	004b1bd9	82	FUN_004b1bd9
save-server	004b1c2b	82	FUN_004b1c2b
save-server	004b1c7d	82	FUN_004b1c7d
save-server	004b1ccf	86	FUN_004b1ccf
save-server	004b1d25	82	FUN_004b1d25
save-server	004b1d77	86	FUN_004b1d77
save-server	004b1dcd	86	FUN_004b1dcd
save-server	004b1e23	86	FUN_004b1e23
save-server	004b1e79	86	FUN_004b1e79
save-server	004b1ecf	86	FUN_004b1ecf
save-server	004b1f25	88	FUN_004b1f25
save-server	004b1f7d	88	FUN_004b1f7d
save-server	004b1fd5	82	FUN_004b1fd5
save-server	004b2027	82	FUN_004b2027
save-server	004b2079	86	FUN_004b2079
save-server	004b20cf	88	FUN_004b20cf
save-server	004b2127	82	FUN_004b2127
save-server	004b2179	82	FUN_004b2179
save-server	004b21cb	88	FUN_004b21cb
save-server	004b2223	86	FUN_004b2223
save-server	004b2279	86	FUN_004b2279
save-server	004b22cf	88	FUN_004b22cf
save-server	004b2327	91	FUN_004b2327
save-server	004b2382	88	FUN_004b2382
save-server	004b23da	88	FUN_004b23da
save-server	004b2432	79	FUN_004b2432
save-server	004b2490	43	FUN_004b2490
save-server	004b24c0	43	FUN_004b24c0
save-server	004b24f0	43	FUN_004b24f0
save-server	004b2520	43	FUN_004b2520
save-server	004b2550	43	FUN_004b2550
save-server	004b2580	43	FUN_004b2580
save-server	004b25b0	43	FUN_004b25b0
save-server	004b25e0	43	FUN_004b25e0
save-server	004b2610	43	FUN_004b2610
save-server	004b2640	43	FUN_004b2640
save-server	004b2670	43	FUN_004b2670
save-server	004b26a0	43	FUN_004b26a0
save-server	004b26d0	43	FUN_004b26d0
save-server	004b2700	43	FUN_004b2700
save-server	004b2730	100	FUN_004b2730
save-server	004b2794	83	FUN_004b2794
save-server	004b27e7	152	FUN_004b27e7
save-server	004b287f	152	FUN_004b287f
save-server	004b2917	152	FUN_004b2917
save-server	004b29af	81	FID_conflict:??1CDragListBox@@UAE@XZ
save-server	004b2a00	100	FUN_004b2a00
save-server	004b2a64	67	?GetImageList@CReBarCtrl@@QBEPAVCImageList@@XZ
save-server	004b2aa7	52	?SetImageList@CReBarCtrl@@QAEHPAVCImageList@@@Z
save-server	004b2adb	41	FUN_004b2adb
save-server	004b2b04	41	FUN_004b2b04
save-server	004b2b2d	136	FUN_004b2b2d
save-server	004b2bb5	220	FUN_004b2bb5
save-server	004b2c91	74	FUN_004b2c91
save-server	004b2cdb	74	FUN_004b2cdb
save-server	004b2d25	103	FUN_004b2d25
save-server	004b2d8c	113	FUN_004b2d8c
save-server	004b2dfd	106	FUN_004b2dfd
save-server	004b2e67	136	FUN_004b2e67
save-server	004b2eef	171	FUN_004b2eef
save-server	004b2f9a	104	FUN_004b2f9a
save-server	004b3002	79	FUN_004b3002
save-server	004b3051	85	FUN_004b3051
save-server	004b30a6	83	FUN_004b30a6
save-server	004b30f9	85	FUN_004b30f9
save-server	004b314e	85	FUN_004b314e
save-server	004b31a3	85	FUN_004b31a3
save-server	004b31f8	79	FUN_004b31f8
save-server	004b3247	85	FUN_004b3247
save-server	004b329c	85	FUN_004b329c
save-server	004b32f1	85	FUN_004b32f1
save-server	004b3346	79	FUN_004b3346
save-server	004b3395	79	FUN_004b3395
save-server	004b33e4	85	FUN_004b33e4
save-server	004b3439	83	FUN_004b3439
save-server	004b348c	85	FUN_004b348c
save-server	004b34e1	102	FUN_004b34e1
save-server	004b3547	94	FUN_004b3547
save-server	004b35a5	94	FUN_004b35a5
save-server	004b3603	94	FUN_004b3603
save-server	004b3661	83	FUN_004b3661
save-server	004b36b4	83	FUN_004b36b4
save-server	004b3707	83	FUN_004b3707
save-server	004b375a	85	FUN_004b375a
save-server	004b37af	85	FUN_004b37af
save-server	004b3804	85	FUN_004b3804
save-server	004b3859	79	FUN_004b3859
save-server	004b38a8	83	FUN_004b38a8
save-server	004b38fb	79	FUN_004b38fb
save-server	004b394a	83	FUN_004b394a
save-server	004b399d	83	FUN_004b399d
save-server	004b39f0	83	FUN_004b39f0
save-server	004b3a43	83	FUN_004b3a43
save-server	004b3a96	85	FUN_004b3a96
save-server	004b3aeb	86	FUN_004b3aeb
save-server	004b3b41	90	FUN_004b3b41
save-server	004b3b9b	85	FUN_004b3b9b
save-server	004b3bf0	83	FUN_004b3bf0
save-server	004b3c43	89	FUN_004b3c43
save-server	004b3c9c	83	FUN_004b3c9c
save-server	004b3cef	85	FUN_004b3cef
save-server	004b3d44	83	FUN_004b3d44
save-server	004b3d97	79	FUN_004b3d97
save-server	004b3de6	79	FUN_004b3de6
save-server	004b3e35	79	FUN_004b3e35
save-server	004b3e84	116	FUN_004b3e84
save-server	004b3ef8	83	FUN_004b3ef8
save-server	004b3f4b	79	FUN_004b3f4b
save-server	004b3f9a	85	FUN_004b3f9a
save-server	004b3fef	83	FUN_004b3fef
save-server	004b4042	83	FUN_004b4042
save-server	004b4095	86	FUN_004b4095
save-server	004b40eb	86	FUN_004b40eb
save-server	004b4141	82	FUN_004b4141
save-server	004b4193	120	FUN_004b4193
save-server	004b420b	86	FUN_004b420b
save-server	004b4261	105	FUN_004b4261
save-server	004b42ca	86	FUN_004b42ca
save-server	004b4320	88	FUN_004b4320
save-server	004b4378	97	FUN_004b4378
save-server	004b43d9	92	FUN_004b43d9
save-server	004b4435	31	FUN_004b4435
save-server	004b4454	82	FUN_004b4454
save-server	004b44a6	88	FUN_004b44a6
save-server	004b44fe	82	FUN_004b44fe
save-server	004b4550	86	FUN_004b4550
save-server	004b45a6	82	FUN_004b45a6
save-server	004b45f8	89	FUN_004b45f8
save-server	004b4651	88	FUN_004b4651
save-server	004b46a9	82	FUN_004b46a9
save-server	004b46fb	86	FUN_004b46fb
save-server	004b4751	82	FUN_004b4751
save-server	004b47a3	88	FUN_004b47a3
save-server	004b47fb	86	FUN_004b47fb
save-server	004b4851	88	FUN_004b4851
save-server	004b48a9	86	FUN_004b48a9
save-server	004b48ff	86	FUN_004b48ff
save-server	004b4955	95	FUN_004b4955
save-server	004b49b4	86	FUN_004b49b4
save-server	004b4a0a	89	FUN_004b4a0a
save-server	004b4a63	88	FUN_004b4a63
save-server	004b4abb	86	FUN_004b4abb
save-server	004b4b11	86	FUN_004b4b11
save-server	004b4b67	82	FUN_004b4b67
save-server	004b4bb9	86	FUN_004b4bb9
save-server	004b4c0f	88	FUN_004b4c0f
save-server	004b4c67	86	FUN_004b4c67
save-server	004b4cbd	86	FUN_004b4cbd
save-server	004b4d13	86	FUN_004b4d13
save-server	004b4d69	88	FUN_004b4d69
save-server	004b4dc1	88	FUN_004b4dc1
save-server	004b4e19	88	FUN_004b4e19
save-server	004b4e71	92	FUN_004b4e71
save-server	004b4ecd	88	FUN_004b4ecd
save-server	004b4f25	86	FUN_004b4f25
save-server	004b4f7b	86	FUN_004b4f7b
save-server	004b4fd1	86	FUN_004b4fd1
save-server	004b5027	82	FUN_004b5027
save-server	004b5079	82	FUN_004b5079
save-server	004b50cb	82	FUN_004b50cb
save-server	004b511d	82	FUN_004b511d
save-server	004b516f	93	FUN_004b516f
save-server	004b51cc	86	FUN_004b51cc
save-server	004b5222	86	FUN_004b5222
save-server	004b5278	86	FUN_004b5278
save-server	004b52ce	86	FUN_004b52ce
save-server	004b5324	82	FUN_004b5324
save-server	004b5376	31	FUN_004b5376
save-server	004b5395	82	FUN_004b5395
save-server	004b53e7	88	FUN_004b53e7
save-server	004b543f	82	FUN_004b543f
save-server	004b5491	88	FUN_004b5491
save-server	004b54e9	88	FUN_004b54e9
save-server	004b5541	97	FUN_004b5541
save-server	004b55a2	88	FUN_004b55a2
save-server	004b55fa	57	FUN_004b55fa
save-server	004b5633	57	FUN_004b5633
save-server	004b566c	57	FUN_004b566c
save-server	004b56a5	56	FUN_004b56a5
save-server	004b56dd	57	FUN_004b56dd
save-server	004b5716	86	FUN_004b5716
save-server	004b576c	31	FUN_004b576c
save-server	004b578b	82	FUN_004b578b
save-server	004b57dd	82	FUN_004b57dd
save-server	004b582f	86	FUN_004b582f
save-server	004b5885	86	FUN_004b5885
save-server	004b58db	133	FUN_004b58db
save-server	004b5960	91	FUN_004b5960
save-server	004b59bb	112	FUN_004b59bb
save-server	004b5a2b	71	FUN_004b5a2b
save-server	004b5a72	86	FUN_004b5a72
save-server	004b5ac8	132	FUN_004b5ac8
save-server	004b5b50	43	FUN_004b5b50
save-server	004b5b80	43	FUN_004b5b80
save-server	004b5bb0	19	FUN_004b5bb0
save-server	004b5bd0	42	??0CArchiveStream@@QAE@PAVCArchive@@@Z
save-server	004b5bfa	12	FUN_004b5bfa
save-server	004b5c06	9	FUN_004b5c06
save-server	004b5c0f	66	FUN_004b5c0f
save-server	004b5c51	190	FUN_004b5c51
save-server	004b5d57	187	FUN_004b5d57
save-server	004b5e5a	231	FUN_004b5e5a
save-server	004b5f89	12	FUN_004b5f89
save-server	004b5f95	12	FUN_004b5f95
save-server	004b5fa1	12	FUN_004b5fa1
save-server	004b5fad	12	FUN_004b5fad
save-server	004b5fb9	12	FUN_004b5fb9
save-server	004b5fc5	12	FUN_004b5fc5
save-server	004b5fd1	12	FUN_004b5fd1
save-server	004b5fdd	12	FUN_004b5fdd
save-server	004b5ff0	22	FUN_004b5ff0
save-server	004b6010	22	FUN_004b6010
save-server	004b6030	16	FUN_004b6030
save-server	004b6040	89	FUN_004b6040
save-server	004b6099	142	FUN_004b6099
save-server	004b6127	96	FUN_004b6127
save-server	004b6187	83	?DestroyToolTipCtrl@CToolTipCtrl@@UAEHXZ
save-server	004b61da	165	FUN_004b61da
save-server	004b627f	32	?OnDisableModal@CToolTipCtrl@@IAEJIJ@Z
save-server	004b629f	32	?OnEnable@CToolTipCtrl@@IAEXH@Z
save-server	004b62bf	220	FUN_004b62bf
save-server	004b639b	252	FUN_004b639b
save-server	004b6497	297	FUN_004b6497
save-server	004b65c0	140	FUN_004b65c0
save-server	004b664c	166	FUN_004b664c
save-server	004b66f2	150	FUN_004b66f2
save-server	004b6788	229	FUN_004b6788
save-server	004b686d	190	FUN_004b686d
save-server	004b692b	146	FUN_004b692b
save-server	004b69bd	181	FUN_004b69bd
save-server	004b6a72	122	FID_conflict:?FillInToolInfo@CToolTipCtrl@@QBEXAAUtagTOOLINFOA@@PAVCWnd@@I@Z
save-server	004b6aec	295	FUN_004b6aec
save-server	004b6c13	27	FUN_004b6c13
save-server	004b6c2e	30	FUN_004b6c2e
save-server	004b6c4c	146	FUN_004b6c4c
save-server	004b6cde	19	FUN_004b6cde
save-server	004b6cf1	1945	FUN_004b6cf1
save-server	004b7490	43	FUN_004b7490
save-server	004bbe80	17	FUN_004bbe80
save-server	004bbea0	109	FUN_004bbea0
save-server	004bbf0d	65	?FreeDataChain@CPlex@@QAEXXZ
save-server	004bbf50	71	FID_conflict:??0CDWordArray@@QAE@XZ
save-server	004bbf97	112	FID_conflict:??1CPtrArray@@UAE@XZ
save-server	004bc007	727	FUN_004bc007
save-server	004bc2de	141	FUN_004bc2de
save-server	004bc36b	118	FUN_004bc36b
save-server	004bc3e1	209	FUN_004bc3e1
save-server	004bc4b2	113	FUN_004bc4b2
save-server	004bc523	309	FUN_004bc523
save-server	004bc658	219	FUN_004bc658
save-server	004bc733	271	FUN_004bc733
save-server	004bc842	144	FUN_004bc842
save-server	004bc8d2	178	?Dump@CByteArray@@UBEXAAVCDumpContext@@@Z
save-server	004bc984	270	FUN_004bc984
save-server	004bcaa0	43	FUN_004bcaa0
save-server	004bcad0	71	FID_conflict:??0CDWordArray@@QAE@XZ
save-server	004bcb17	112	FID_conflict:??1CPtrArray@@UAE@XZ
save-server	004bcb87	751	FUN_004bcb87
save-server	004bce76	146	FUN_004bce76
save-server	004bcf08	120	FUN_004bcf08
save-server	004bcf80	216	FUN_004bcf80
save-server	004bd058	115	FUN_004bd058
save-server	004bd0cb	322	FUN_004bd0cb
save-server	004bd20d	225	FUN_004bd20d
save-server	004bd2ee	271	FUN_004bd2ee
save-server	004bd3fd	148	FUN_004bd3fd
save-server	004bd491	179	?Dump@CWordArray@@UBEXAAVCDumpContext@@@Z
save-server	004bd544	272	FUN_004bd544
save-server	004bd660	43	FUN_004bd660
save-server	004bd690	71	FID_conflict:??0CDWordArray@@QAE@XZ
save-server	004bd6d7	112	FID_conflict:??1CPtrArray@@UAE@XZ
save-server	004bd747	757	FUN_004bd747
save-server	004bda3c	147	FUN_004bda3c
save-server	004bdacf	121	FUN_004bdacf
save-server	004bdb48	218	FUN_004bdb48
save-server	004bdc22	113	FUN_004bdc22
save-server	004bdc93	322	FUN_004bdc93
save-server	004bddd5	226	FUN_004bddd5
save-server	004bdeb7	271	FUN_004bdeb7
save-server	004bdfc6	150	FUN_004bdfc6
save-server	004be05c	178	FID_conflict:?Dump@CPtrArray@@UBEXAAVCDumpContext@@@Z
save-server	004be10e	273	FUN_004be10e
save-server	004be220	43	FUN_004be220
save-server	004be250	71	FID_conflict:??0?$CArray@HABH@@QAE@XZ
save-server	004be297	112	FID_conflict:??1CPtrArray@@UAE@XZ
save-server	004be307	757	FUN_004be307
save-server	004be5fc	147	FUN_004be5fc
save-server	004be68f	121	FUN_004be68f
save-server	004be708	218	FUN_004be708
save-server	004be7e2	113	FUN_004be7e2
save-server	004be853	322	FUN_004be853
save-server	004be995	226	FUN_004be995
save-server	004bea77	271	FUN_004bea77
save-server	004beb86	178	FID_conflict:?Dump@CPtrArray@@UBEXAAVCDumpContext@@@Z
save-server	004bec38	273	FUN_004bec38
save-server	004bed50	43	FUN_004bed50
save-server	004bed80	71	FID_conflict:??0?$CArray@HABH@@QAE@XZ
save-server	004bedc7	112	FID_conflict:??1CPtrArray@@UAE@XZ
save-server	004bee37	757	FUN_004bee37
save-server	004bf12c	147	FUN_004bf12c
save-server	004bf1bf	121	FUN_004bf1bf
save-server	004bf238	218	FUN_004bf238
save-server	004bf312	113	FUN_004bf312
save-server	004bf383	322	FUN_004bf383
save-server	004bf4c5	226	FUN_004bf4c5
save-server	004bf5a7	271	FUN_004bf5a7
save-server	004bf6b6	178	FID_conflict:?Dump@CPtrArray@@UBEXAAVCDumpContext@@@Z
save-server	004bf768	273	FUN_004bf768
save-server	004bf880	43	FUN_004bf880
save-server	004bf8b0	71	FID_conflict:??0CDWordArray@@QAE@XZ
save-server	004bf8f7	112	FID_conflict:??1CPtrArray@@UAE@XZ
save-server	004bf967	757	FUN_004bf967
save-server	004bfc5c	147	FUN_004bfc5c
save-server	004bfcef	121	FUN_004bfcef
save-server	004bfd68	218	FUN_004bfd68
save-server	004bfe42	113	FUN_004bfe42
save-server	004bfeb3	322	FUN_004bfeb3
save-server	004bfff5	226	FUN_004bfff5
save-server	004c00d7	271	FUN_004c00d7
save-server	004c01e6	206	?Serialize@CObArray@@UAEXAAVCArchive@@@Z
save-server	004c02b4	178	FID_conflict:?Dump@CPtrArray@@UBEXAAVCDumpContext@@@Z
save-server	004c0366	273	FUN_004c0366
save-server	004c0480	43	FUN_004c0480
save-server	004c04b0	71	FID_conflict:??0CDWordArray@@QAE@XZ
save-server	004c04f7	134	??1CStringArray@@UAE@XZ
save-server	004c057d	79	FUN_004c057d
save-server	004c05cc	15	FUN_004c05cc
save-server	004c05db	820	FUN_004c05db
save-server	004c090f	79	FUN_004c090f
save-server	004c095e	24	FUN_004c095e
save-server	004c0976	144	FUN_004c0976
save-server	004c0a06	88	FUN_004c0a06
save-server	004c0a5e	118	FUN_004c0a5e
save-server	004c0ad4	218	FUN_004c0ad4
save-server	004c0bae	119	FUN_004c0bae
save-server	004c0c25	119	FUN_004c0c25
save-server	004c0c9c	275	FUN_004c0c9c
save-server	004c0daf	150	FUN_004c0daf
save-server	004c0e45	85	FUN_004c0e45
save-server	004c0e9a	251	FUN_004c0e9a
save-server	004c0f95	382	FUN_004c0f95
save-server	004c1113	206	?Serialize@CStringArray@@UAEXAAVCArchive@@@Z
save-server	004c11e1	177	?Dump@CStringArray@@UBEXAAVCDumpContext@@@Z
save-server	004c1292	273	FUN_004c1292
save-server	004c13b0	43	FUN_004c13b0
save-server	004c13e0	172	FUN_004c13e0
save-server	004c148c	88	FID_conflict:?RemoveAll@CObList@@QAEXXZ
save-server	004c14e4	119	FUN_004c14e4
save-server	004c155b	277	FUN_004c155b
save-server	004c1670	103	FUN_004c1670
save-server	004c16d7	107	?AddHead@CPtrList@@QAEPAU__POSITION@@PAX@Z
save-server	004c1742	106	?AddTail@CPtrList@@QAEPAU__POSITION@@PAX@Z
save-server	004c17ac	176	FUN_004c17ac
save-server	004c185c	176	FUN_004c185c
save-server	004c190c	197	FUN_004c190c
save-server	004c19d1	197	FUN_004c19d1
save-server	004c1a96	226	FUN_004c1a96
save-server	004c1b78	265	FUN_004c1b78
save-server	004c1c81	268	FUN_004c1c81
save-server	004c1d8d	142	FUN_004c1d8d
save-server	004c1e1b	150	FUN_004c1e1b
save-server	004c1eb1	143	FUN_004c1eb1
save-server	004c1f40	198	FUN_004c1f40
save-server	004c2010	43	FUN_004c2010
save-server	004c2040	172	FUN_004c2040
save-server	004c20ec	88	FID_conflict:?RemoveAll@CObList@@QAEXXZ
save-server	004c2144	119	FUN_004c2144
save-server	004c21bb	277	FUN_004c21bb
save-server	004c22d0	103	FUN_004c22d0
save-server	004c2337	107	?AddHead@CPtrList@@QAEPAU__POSITION@@PAX@Z
save-server	004c23a2	106	?AddTail@CPtrList@@QAEPAU__POSITION@@PAX@Z
save-server	004c240c	176	FUN_004c240c
save-server	004c24bc	176	FUN_004c24bc
save-server	004c256c	197	FUN_004c256c
save-server	004c2631	197	FUN_004c2631
save-server	004c26f6	226	FUN_004c26f6
save-server	004c27d8	265	FUN_004c27d8
save-server	004c28e1	268	FUN_004c28e1
save-server	004c29ed	142	FUN_004c29ed
save-server	004c2a7b	150	FUN_004c2a7b
save-server	004c2b11	221	FUN_004c2b11
save-server	004c2bee	143	FUN_004c2bee
save-server	004c2c7d	198	FUN_004c2c7d
save-server	004c2d50	43	FUN_004c2d50
save-server	004c5940	172	FUN_004c5940
save-server	004c59ec	211	FUN_004c59ec
save-server	004c5abf	189	FID_conflict:?RemoveAll@CMapStringToPtr@@QAEXXZ
save-server	004c5b7c	15	?DestructElement@@YAXPAV?$CStringT@DV?$StrTraitMFC@DV?$ChTraitsCRT@D@ATL@@@@@ATL@@@Z
save-server	004c5b8b	119	FUN_004c5b8b
save-server	004c5c02	286	FUN_004c5c02
save-server	004c5d20	121	FUN_004c5d20
save-server	004c5d99	120	FUN_004c5d99
save-server	004c5e11	79	FUN_004c5e11
save-server	004c5e60	84	FUN_004c5e60
save-server	004c5eb4	158	FUN_004c5eb4
save-server	004c5f52	167	FUN_004c5f52
save-server	004c5ff9	357	FUN_004c5ff9
save-server	004c615e	367	FUN_004c615e
save-server	004c62cd	237	FUN_004c62cd
save-server	004c63ba	104	FUN_004c63ba
save-server	004c6430	43	FUN_004c6430
save-server	004c6460	46	FUN_004c6460
save-server	004c6490	66	FUN_004c6490
save-server	004c64e0	172	FUN_004c64e0
save-server	004c658c	211	FUN_004c658c
save-server	004c665f	110	FID_conflict:?RemoveAll@CMapPtrToPtr@@QAEXXZ
save-server	004c66cd	119	FUN_004c66cd
save-server	004c6744	270	FUN_004c6744
save-server	004c6852	106	FUN_004c6852
save-server	004c68bc	118	FUN_004c68bc
save-server	004c6932	80	FUN_004c6932
save-server	004c6982	146	FUN_004c6982
save-server	004c6a14	164	FUN_004c6a14
save-server	004c6ab8	373	FUN_004c6ab8
save-server	004c6c2d	178	FUN_004c6c2d
save-server	004c6cdf	104	FUN_004c6cdf
save-server	004c6d50	43	FUN_004c6d50
save-server	004c6d80	24	FUN_004c6d80
save-server	004c6da0	172	FUN_004c6da0
save-server	004c6e4c	211	FUN_004c6e4c
save-server	004c6f1f	110	FID_conflict:?RemoveAll@CMapPtrToPtr@@QAEXXZ
save-server	004c6f8d	119	FUN_004c6f8d
save-server	004c7004	270	FUN_004c7004
save-server	004c7112	106	FUN_004c7112
save-server	004c717c	106	FUN_004c717c
save-server	004c71e6	81	FUN_004c71e6
save-server	004c7237	143	FUN_004c7237
save-server	004c72c6	153	?RemoveKey@CMapPtrToWord@@QAEHPAX@Z
save-server	004c735f	372	FUN_004c735f
save-server	004c74d3	178	FUN_004c74d3
save-server	004c7585	104	FUN_004c7585
save-server	004c75f0	43	FUN_004c75f0
save-server	004c7620	19	?HashKey@CMapPtrToWord@@QBEIPAX@Z
save-server	004c7640	172	FUN_004c7640
save-server	004c76ec	211	FUN_004c76ec
save-server	004c77bf	110	FID_conflict:?RemoveAll@CMapPtrToPtr@@QAEXXZ
save-server	004c782d	119	FUN_004c782d
save-server	004c78a4	271	FUN_004c78a4
save-server	004c79b3	106	FUN_004c79b3
save-server	004c7a1d	106	FUN_004c7a1d
save-server	004c7a87	105	?GetValueAt@CMapPtrToPtr@@QBEPAXPAX@Z
save-server	004c7af0	79	FUN_004c7af0
save-server	004c7b3f	143	FUN_004c7b3f
save-server	004c7bce	153	?RemoveKey@CMapPtrToPtr@@QAEHPAX@Z
save-server	004c7c67	370	FUN_004c7c67
save-server	004c7dd9	177	FUN_004c7dd9
save-server	004c7e8a	104	FUN_004c7e8a
save-server	004c7f00	43	FUN_004c7f00
save-server	004c7f30	19	?HashKey@CMapPtrToPtr@@QBEIPAX@Z
save-server	004c7f50	172	FUN_004c7f50
save-server	004c7ffc	211	FUN_004c7ffc
save-server	004c80cf	110	FID_conflict:?RemoveAll@CMapPtrToPtr@@QAEXXZ
save-server	004c813d	119	FUN_004c813d
save-server	004c81b4	270	FUN_004c81b4
save-server	004c82c2	106	FUN_004c82c2
save-server	004c832c	118	FUN_004c832c
save-server	004c83a2	80	FUN_004c83a2
save-server	004c83f2	146	FUN_004c83f2
save-server	004c8484	164	FUN_004c8484
save-server	004c8528	373	FUN_004c8528
save-server	004c869d	301	FUN_004c869d
save-server	004c87ca	178	FUN_004c87ca
save-server	004c887c	104	FUN_004c887c
save-server	004c88f0	43	FUN_004c88f0
save-server	004c8920	24	FUN_004c8920
save-server	004c8940	172	FUN_004c8940
save-server	004c89ec	211	FUN_004c89ec
save-server	004c8abf	189	FID_conflict:?RemoveAll@CMapStringToPtr@@QAEXXZ
save-server	004c8b7c	15	?DestructElement@@YAXPAV?$CStringT@DV?$StrTraitMFC@DV?$ChTraitsCRT@D@ATL@@@@@ATL@@@Z
save-server	004c8b8b	119	FUN_004c8b8b
save-server	004c8c02	286	FUN_004c8c02
save-server	004c8d20	121	FUN_004c8d20
save-server	004c8d99	120	FUN_004c8d99
save-server	004c8e11	79	FUN_004c8e11
save-server	004c8e60	84	FUN_004c8e60
save-server	004c8eb4	158	FUN_004c8eb4
save-server	004c8f52	167	FUN_004c8f52
save-server	004c8ff9	357	FUN_004c8ff9
save-server	004c915e	237	FUN_004c915e
save-server	004c924b	104	FUN_004c924b
save-server	004c92c0	43	FUN_004c92c0
save-server	004c92f0	66	FUN_004c92f0
save-server	004c9340	172	FUN_004c9340
save-server	004c93ec	211	FUN_004c93ec
save-server	004c94bf	204	FUN_004c94bf
save-server	004c958b	15	FUN_004c958b
save-server	004c959a	119	FUN_004c959a
save-server	004c9611	291	FUN_004c9611
save-server	004c9734	24	FUN_004c9734
save-server	004c974c	136	FUN_004c974c
save-server	004c97d4	120	FUN_004c97d4
save-server	004c984c	83	FUN_004c984c
save-server	004c989f	84	FUN_004c989f
save-server	004c98f3	158	FUN_004c98f3
save-server	004c9991	167	FUN_004c9991
save-server	004c9a38	361	FUN_004c9a38
save-server	004c9ba1	399	FUN_004c9ba1
save-server	004c9d30	264	FUN_004c9d30
save-server	004c9e38	104	FUN_004c9e38
save-server	004c9ea0	43	FUN_004c9ea0
save-server	004c9ed0	66	FUN_004c9ed0
save-server	004cc090	25	FUN_004cc090
save-server	004cc0a9	21	FUN_004cc0a9
save-server	004cc0be	21	FUN_004cc0be
save-server	004cc0d3	27	??_U@YAPAXIPBDH@Z
save-server	004cc0ee	17	FUN_004cc0ee
save-server	004cc0ff	29	FUN_004cc0ff
save-server	004cc11c	21	FUN_004cc11c
save-server	004cc131	41	FUN_004cc131
save-server	004cc15a	33	FUN_004cc15a
save-server	004cc17b	12	FUN_004cc17b
save-server	004cc187	127	FUN_004cc187
save-server	004cc206	57	?AfxSetAllocHook@@YGP6GHIHJ@ZP6GHIHJ@Z@Z
save-server	004cc23f	82	FUN_004cc23f
save-server	004cc291	19	?AfxSetAllocStop@@YGXJ@Z
save-server	004cc2a4	10	FUN_004cc2a4
save-server	004cc2ae	31	?AfxIsMemoryBlock@@YGHPBXIPAJ@Z
save-server	004cc2cd	30	??0CMemoryState@@QAE@XZ
save-server	004cc2eb	105	?UpdateData@CMemoryState@@QAEXXZ
save-server	004cc354	55	?Difference@CMemoryState@@QAEHABU1@0@Z
save-server	004cc38b	23	FUN_004cc38b
save-server	004cc3a2	31	?Checkpoint@CMemoryState@@QAEXXZ
save-server	004cc3c1	23	FUN_004cc3c1
save-server	004cc3d8	33	?_AfxDoForAllObjectsProxy@@YAXPAX0@Z
save-server	004cc3f9	41	FUN_004cc3f9
save-server	004cc422	10	FUN_004cc422
save-server	004cc42c	12	FUN_004cc42c
save-server	004cc438	10	FUN_004cc438
save-server	004cc442	30	FUN_004cc442
save-server	004cc460	73	??2@YAPAXI@Z
save-server	004cc4a9	19	FUN_004cc4a9
save-server	004cc4bc	79	??2@YAPAXIHPBDH@Z
save-server	004cc510	10	FUN_004cc510
save-server	004cc51a	159	FUN_004cc51a
save-server	004cc5b9	184	FUN_004cc5b9
save-server	004cc671	31	FUN_004cc671
save-server	004cc690	114	FUN_004cc690
save-server	004cc702	80	FUN_004cc702
save-server	004cc752	165	FUN_004cc752
save-server	004cc7f7	138	FUN_004cc7f7
save-server	004cc881	107	FUN_004cc881
save-server	004cc8ec	61	FUN_004cc8ec
save-server	004cc929	79	FUN_004cc929
save-server	004cc978	151	FUN_004cc978
save-server	004cca0f	118	FUN_004cca0f
save-server	004cca85	24	FUN_004cca85
save-server	004cca9d	73	FUN_004cca9d
save-server	004ccae6	183	FUN_004ccae6
save-server	004ccb9d	91	FUN_004ccb9d
save-server	004ccbf8	104	FUN_004ccbf8
save-server	004ccc60	89	FUN_004ccc60
save-server	004cccb9	145	FUN_004cccb9
save-server	004ccd4a	194	FUN_004ccd4a
save-server	004cce0c	194	FUN_004cce0c
save-server	004ccece	295	FUN_004ccece
save-server	004ccff5	91	FUN_004ccff5
save-server	004cd050	30	FUN_004cd050
save-server	004cd06e	42	FUN_004cd06e
save-server	004cd098	315	FUN_004cd098
save-server	004cd1d3	116	FUN_004cd1d3
save-server	004cd247	94	FUN_004cd247
save-server	004cd2a5	255	FUN_004cd2a5
save-server	004cd3a4	43	FUN_004cd3a4
save-server	004cd3cf	86	FUN_004cd3cf
save-server	004cd425	27	FUN_004cd425
save-server	004cd440	101	FUN_004cd440
save-server	004cd4a5	112	FUN_004cd4a5
save-server	004cd515	33	FUN_004cd515
save-server	004cd536	33	FUN_004cd536
save-server	004cd557	33	FUN_004cd557
save-server	004cd578	115	FUN_004cd578
save-server	004cd5eb	37	FUN_004cd5eb
save-server	004cd610	37	FUN_004cd610
save-server	004cd635	120	FUN_004cd635
save-server	004cd6ad	119	FUN_004cd6ad
save-server	004cd724	120	FUN_004cd724
save-server	004cd79c	122	FUN_004cd79c
save-server	004cd820	76	?AfxDlgProc@@YGHPAUHWND__@@IIJ@Z
save-server	004cd86c	16	FUN_004cd86c
save-server	004cd87c	257	FUN_004cd87c
save-server	004cd97d	341	FUN_004cd97d
save-server	004cdad2	136	FUN_004cdad2
save-server	004cdb5a	126	FUN_004cdb5a
save-server	004cdbd8	286	FUN_004cdbd8
save-server	004cdcf6	31	FUN_004cdcf6
save-server	004cdd15	103	FUN_004cdd15
save-server	004cdd7c	35	?CreateIndirect@CDialog@@UAEHPBUDLGTEMPLATE@@PAVCWnd@@PAX@Z
save-server	004cdd9f	94	FUN_004cdd9f
save-server	004cddfd	175	FUN_004cddfd
save-server	004cdeac	31	FUN_004cdeac
save-server	004cdecb	1000	FUN_004cdecb
save-server	004ce2fc	27	FUN_004ce2fc
save-server	004ce317	224	FUN_004ce317
save-server	004ce3f7	85	FUN_004ce3f7
save-server	004ce44c	153	FUN_004ce44c
save-server	004ce4e5	162	FUN_004ce4e5
save-server	004ce587	117	FUN_004ce587
save-server	004ce5fc	92	?PostModal@CDialog@@IAEXXZ
save-server	004ce658	614	FUN_004ce658
save-server	004ce907	107	FUN_004ce907
save-server	004ce972	45	?HandleSetFont@CDialog@@IAEJIJ@Z
save-server	004ce99f	11	FUN_004ce99f
save-server	004ce9aa	243	FUN_004ce9aa
save-server	004cea9d	104	FUN_004cea9d
save-server	004ceb05	13	FUN_004ceb05
save-server	004ceb12	192	FUN_004ceb12
save-server	004cebd2	55	FUN_004cebd2
save-server	004cec09	21	?OnCancel@CDialog@@MAEXXZ
save-server	004cec1e	303	FUN_004cec1e
save-server	004ced4d	33	FUN_004ced4d
save-server	004ced6e	94	?OnCommandHelp@CDialog@@IAEJIJ@Z
save-server	004cedcc	37	?OnHelpHitTest@CDialog@@IAEJIJ@Z
save-server	004cedf1	19	FUN_004cedf1
save-server	004cee04	219	FUN_004cee04
save-server	004ceedf	450	FUN_004ceedf
save-server	004cf0b0	43	FUN_004cf0b0
save-server	004cf0e0	10	FUN_004cf0e0
save-server	004cf0ea	21	FUN_004cf0ea
save-server	004cf0ff	15	FUN_004cf0ff
save-server	004cf10e	17	FUN_004cf10e
save-server	004cf11f	18	FUN_004cf11f
save-server	004cf131	44	FUN_004cf131
save-server	004cf15d	15	FUN_004cf15d
save-server	004cf16c	17	FUN_004cf16c
save-server	004cf17d	18	FUN_004cf17d
save-server	004cf18f	44	FUN_004cf18f
save-server	004cf1bb	15	FUN_004cf1bb
save-server	004cf1ca	17	FUN_004cf1ca
save-server	004cf1db	18	FUN_004cf1db
save-server	004cf1ed	44	FUN_004cf1ed
save-server	004cf219	15	FUN_004cf219
save-server	004cf228	17	FUN_004cf228
save-server	004cf239	18	FUN_004cf239
save-server	004cf24b	44	FUN_004cf24b
save-server	004cf277	50	FUN_004cf277
save-server	004cf2a9	61	FUN_004cf2a9
save-server	004cf2e6	147	FUN_004cf2e6
save-server	004cf379	30	?ModifyStyle@CWnd@@SGHPAUHWND__@@KKI@Z
save-server	004cf397	30	FUN_004cf397
save-server	004cf3b5	96	FUN_004cf3b5
save-server	004cf415	159	FUN_004cf415
save-server	004cf4b4	132	FUN_004cf4b4
save-server	004cf538	116	?_AfxHandleSetCursor@@YGHPAVCWnd@@II@Z
save-server	004cf5ac	319	FUN_004cf5ac
save-server	004cf75c	70	?GetCurrentMessage@CWnd@@KGPBUtagMSG@@XZ
save-server	004cf7a2	61	?Default@CWnd@@IAEJXZ
save-server	004cf7df	208	FUN_004cf7df
save-server	004cf8af	133	FUN_004cf8af
save-server	004cf934	102	FUN_004cf934
save-server	004cf99a	189	FUN_004cf99a
save-server	004cfa57	82	?Detach@CWnd@@QAEPAUHWND__@@XZ
save-server	004cfaa9	11	FUN_004cfaa9
save-server	004cfab4	138	FUN_004cfab4
save-server	004cfb3e	10	FUN_004cfb3e
save-server	004cfb48	496	FUN_004cfb48
save-server	004cfdbe	147	FUN_004cfdbe
save-server	004cfe51	1038	FUN_004cfe51
save-server	004d025f	242	FUN_004d025f
save-server	004d0351	95	FUN_004d0351
save-server	004d03b0	92	FUN_004d03b0
save-server	004d040c	302	FUN_004d040c
save-server	004d053a	121	FUN_004d053a
save-server	004d05b3	172	FUN_004d05b3
save-server	004d065f	223	FUN_004d065f
save-server	004d073e	77	FUN_004d073e
save-server	004d078b	460	FUN_004d078b
save-server	004d0957	11	FUN_004d0957
save-server	004d0962	47	?OnFinalRelease@CWnd@@UAEXXZ
save-server	004d0991	386	FUN_004d0991
save-server	004d0b13	527	FUN_004d0b13
save-server	004d0d22	249	FUN_004d0d22
save-server	004d0e1b	139	FID_conflict:?DefWindowProcA@CWnd@@MAEJIIJ@Z
save-server	004d0ea6	17	FUN_004d0ea6
save-server	004d0eb7	54	?PreTranslateMessage@CWnd@@UAEHPAUtagMSG@@@Z
save-server	004d0eed	116	FUN_004d0eed
save-server	004d0f61	192	FUN_004d0f61
save-server	004d1021	158	FUN_004d1021
save-server	004d10bf	208	FUN_004d10bf
save-server	004d118f	88	FUN_004d118f
save-server	004d11e7	88	FUN_004d11e7
save-server	004d123f	91	FUN_004d123f
save-server	004d129a	48	?OnCompareItem@CWnd@@IAEHHPAUtagCOMPAREITEMSTRUCT@@@Z
save-server	004d12ca	41	?OnDeleteItem@CWnd@@IAEXHPAUtagDELETEITEMSTRUCT@@@Z
save-server	004d12f3	50	FID_conflict:?OnCharToItem@CWnd@@IAEHIPAVCListBox@@I@Z
save-server	004d1325	50	FID_conflict:?OnCharToItem@CWnd@@IAEHIPAVCListBox@@I@Z
save-server	004d1357	170	FUN_004d1357
save-server	004d1401	159	?_AfxFindPopupMenuFromID@@YGPAVCMenu@@PAV1@I@Z
save-server	004d14a0	237	FUN_004d14a0
save-server	004d158d	320	FUN_004d158d
save-server	004d1708	267	FUN_004d1708
save-server	004d1813	146	FUN_004d1813
save-server	004d18a5	371	FUN_004d18a5
save-server	004d1a18	16	FUN_004d1a18
save-server	004d1a28	133	FUN_004d1a28
save-server	004d1aad	25	FUN_004d1aad
save-server	004d1ac6	88	?WindowProc@CWnd@@MAEJIIJ@Z
save-server	004d1b1e	2990	FUN_004d1b1e
save-server	004d27b3	41	FID_conflict:??0CTestCmdUI@@QAE@XZ
save-server	004d27dc	32	FUN_004d27dc
save-server	004d27fc	13	FUN_004d27fc
save-server	004d2809	13	FUN_004d2809
save-server	004d2816	13	FUN_004d2816
save-server	004d2823	321	FUN_004d2823
save-server	004d2964	270	FUN_004d2964
save-server	004d2a72	103	?GetParentFrame@CWnd@@QBEPAVCFrameWnd@@XZ
save-server	004d2ad9	101	FUN_004d2ad9
save-server	004d2b3e	92	?GetTopLevelParent@CWnd@@QBEPAV1@XZ
save-server	004d2b9a	95	?GetTopLevelOwner@CWnd@@QBEPAV1@XZ
save-server	004d2bf9	114	FUN_004d2bf9
save-server	004d2c6b	102	FUN_004d2c6b
save-server	004d2cd1	84	?ActivateTopParent@CWnd@@QAEXXZ
save-server	004d2d25	117	?GetTopLevelFrame@CWnd@@QBEPAVCFrameWnd@@XZ
save-server	004d2d9a	40	?GetSafeOwner@CWnd@@SGPAV1@PAV1@PAPAUHWND__@@@Z
save-server	004d2dc2	62	FUN_004d2dc2
save-server	004d2e00	193	?GetDescendantWindow@CWnd@@SGPAV1@PAUHWND__@@HH@Z
save-server	004d2ec1	184	?SendMessageToDescendants@CWnd@@SGXPAUHWND__@@IIJHH@Z
save-server	004d2f79	15	FUN_004d2f79
save-server	004d2f88	82	FID_conflict:?SetScrollPos@CWnd@@QAEHHHH@Z
save-server	004d2fda	66	?GetScrollPos@CWnd@@QBEHH@Z
save-server	004d301c	90	?SetScrollRange@CWnd@@QAEXHHHH@Z
save-server	004d3076	82	FID_conflict:?SetScrollPos@CWnd@@QAEHHHH@Z
save-server	004d30c8	105	?EnableScrollBarCtrl@CWnd@@QAEXHH@Z
save-server	004d3131	160	FUN_004d3131
save-server	004d31d1	160	FUN_004d31d1
save-server	004d3271	97	FUN_004d3271
save-server	004d32d2	278	FUN_004d32d2
save-server	004d33e8	586	FUN_004d33e8
save-server	004d3632	359	FUN_004d3632
save-server	004d3799	66	FUN_004d3799
save-server	004d37db	256	FUN_004d37db
save-server	004d39a8	186	FUN_004d39a8
save-server	004d3a62	67	?SendChildNotifyLastMsg@CWnd@@QAEHPAJ@Z
save-server	004d3aa5	325	FUN_004d3aa5
save-server	004d3bea	125	?OnChildNotify@CWnd@@MAEHIIJPAJ@Z
save-server	004d3c67	456	FUN_004d3c67
save-server	004d3e5f	65	FUN_004d3e5f
save-server	004d3ea0	63	FUN_004d3ea0
save-server	004d3edf	155	FUN_004d3edf
save-server	004d3f7a	101	FUN_004d3f7a
save-server	004d3fdf	91	FUN_004d3fdf
save-server	004d403a	110	FUN_004d403a
save-server	004d40a8	126	FUN_004d40a8
save-server	004d4126	101	FUN_004d4126
save-server	004d418b	92	FUN_004d418b
save-server	004d41e7	43	FID_conflict:?OnHScroll@CWnd@@IAEXIIPAVCScrollBar@@@Z
save-server	004d4212	43	FID_conflict:?OnHScroll@CWnd@@IAEXIIPAVCScrollBar@@@Z
save-server	004d423d	63	?OnEnterIdle@CWnd@@IAEXIPAV1@@Z
save-server	004d427c	91	FUN_004d427c
save-server	004d42d7	108	FUN_004d42d7
save-server	004d4343	198	FUN_004d4343
save-server	004d4409	18	FUN_004d4409
save-server	004d441b	253	FUN_004d441b
save-server	004d45da	62	??0CDataExchange@@QAE@PAVCWnd@@H@Z
save-server	004d4618	744	FUN_004d4618
save-server	004d4900	16	FUN_004d4900
save-server	004d4910	198	FUN_004d4910
save-server	004d49d6	703	FUN_004d49d6
save-server	004d4c95	362	FUN_004d4c95
save-server	004d4dff	126	FUN_004d4dff
save-server	004d4e7d	710	FUN_004d4e7d
save-server	004d5143	20	FUN_004d5143
save-server	004d5157	113	FUN_004d5157
save-server	004d51c8	56	FUN_004d51c8
save-server	004d5200	90	FUN_004d5200
save-server	004d525a	209	FUN_004d525a
save-server	004d532b	975	FUN_004d532b
save-server	004d56fa	13	FUN_004d56fa
save-server	004d5707	16	FUN_004d5707
save-server	004d5717	74	?IsTracking@CFrameWnd@@QBEHXZ
save-server	004d5761	189	FUN_004d5761
save-server	004d581e	157	FUN_004d581e
save-server	004d58bb	79	FUN_004d58bb
save-server	004d590a	302	FUN_004d590a
save-server	004d5a38	304	FUN_004d5a38
save-server	004d5b68	117	FUN_004d5b68
save-server	004d5be0	43	FUN_004d5be0
save-server	004d5c10	80	FUN_004d5c10
save-server	004d5c60	33	?GetControlUnknown@CWnd@@QAEPAUIUnknown@@XZ
save-server	004d5c81	116	FUN_004d5c81
save-server	004d5cf5	124	FUN_004d5cf5
save-server	004d5d71	114	FUN_004d5d71
save-server	004d5de3	146	FUN_004d5de3
save-server	004d5e75	124	FUN_004d5e75
save-server	004d5ef1	127	FUN_004d5ef1
save-server	004d5f70	135	FUN_004d5f70
save-server	004d5ff7	130	FUN_004d5ff7
save-server	004d6079	122	FUN_004d6079
save-server	004d60f3	114	FUN_004d60f3
save-server	004d6165	165	FUN_004d6165
save-server	004d620a	132	FUN_004d620a
save-server	004d628e	103	FUN_004d628e
save-server	004d62f5	103	FUN_004d62f5
save-server	004d635c	129	FUN_004d635c
save-server	004d63dd	129	FUN_004d63dd
save-server	004d645e	114	FUN_004d645e
save-server	004d64d0	122	FUN_004d64d0
save-server	004d654a	104	FUN_004d654a
save-server	004d65b2	104	FUN_004d65b2
save-server	004d661a	116	FUN_004d661a
save-server	004d668e	146	FUN_004d668e
save-server	004d6720	159	FUN_004d6720
save-server	004d67bf	114	FUN_004d67bf
save-server	004d6831	104	FUN_004d6831
save-server	004d6899	114	FUN_004d6899
save-server	004d690b	110	FUN_004d690b
save-server	004d6979	116	FUN_004d6979
save-server	004d69ed	94	FUN_004d69ed
save-server	004d6a4b	103	FUN_004d6a4b
save-server	004d6ab2	153	FUN_004d6ab2
save-server	004d6b4b	91	FUN_004d6b4b
save-server	004d6ba6	82	FUN_004d6ba6
save-server	004d6bf8	94	FUN_004d6bf8
save-server	004d6c56	125	FUN_004d6c56
save-server	004d6cd3	166	FUN_004d6cd3
save-server	004d6d80	91	??0CCmdTarget@@QAE@XZ
save-server	004d6ddb	135	FUN_004d6ddb
save-server	004d6e62	1275	FUN_004d6e62
save-server	004d73bf	644	FUN_004d73bf
save-server	004d7643	18	FUN_004d7643
save-server	004d7655	15	FUN_004d7655
save-server	004d7664	13	FUN_004d7664
save-server	004d7671	13	FUN_004d7671
save-server	004d767e	18	FUN_004d767e
save-server	004d7690	37	FUN_004d7690
save-server	004d76b5	37	FUN_004d76b5
save-server	004d76da	37	FUN_004d76da
save-server	004d76ff	16	FUN_004d76ff
save-server	004d770f	16	FUN_004d770f
save-server	004d771f	16	FUN_004d771f
save-server	004d772f	16	FUN_004d772f
save-server	004d773f	98	?OnFinalRelease@CCmdTarget@@UAEXXZ
save-server	004d77a1	16	FUN_004d77a1
save-server	004d77b1	15	?GetInterfaceHook@CCmdTarget@@UAEPAUIUnknown@@PBX@Z
save-server	004d77c0	16	FUN_004d77c0
save-server	004d77d0	15	FUN_004d77d0
save-server	004d77df	15	FUN_004d77df
save-server	004d77ee	16	FUN_004d77ee
save-server	004d77fe	16	FUN_004d77fe
save-server	004d780e	16	FUN_004d780e
save-server	004d781e	113	??0CCmdUI@@QAE@XZ
save-server	004d788f	235	FUN_004d788f
save-server	004d797a	202	FUN_004d797a
save-server	004d7a44	159	FUN_004d7a44
save-server	004d7ae3	321	FUN_004d7ae3
save-server	004d7c24	264	FUN_004d7c24
save-server	004d7d30	43	FUN_004d7d30
save-server	004d7d60	16	FUN_004d7d60
save-server	004d7d70	62	FUN_004d7d70
save-server	004d7dae	91	FUN_004d7dae
save-server	004d7e09	181	?ProcessWndProcException@CWinApp@@UAEJPAVCException@@PBUtagMSG@@@Z
save-server	004d7ebe	242	FUN_004d7ebe
save-server	004d7fb0	334	FUN_004d7fb0
save-server	004d80fe	155	FUN_004d80fe
save-server	004d8199	869	FUN_004d8199
save-server	004d8500	694	FUN_004d8500
save-server	004d8859	44	FUN_004d8859
save-server	004d8885	319	FUN_004d8885
save-server	004d89c4	280	FUN_004d89c4
save-server	004d8adc	164	FUN_004d8adc
save-server	004d8b80	148	FUN_004d8b80
save-server	004d8c14	290	FUN_004d8c14
save-server	004d8d44	504	FUN_004d8d44
save-server	004d8f3c	65	?Delete@CWinThread@@UAEXXZ
save-server	004d8f7d	32	FUN_004d8f7d
save-server	004d8f9d	220	FUN_004d8f9d
save-server	004d909c	176	FUN_004d909c
save-server	004d914c	86	FUN_004d914c
save-server	004d91a2	522	FUN_004d91a2
save-server	004d93ac	25	FUN_004d93ac
save-server	004d93c5	299	FUN_004d93c5
save-server	004d94f0	157	FUN_004d94f0
save-server	004d958d	56	FUN_004d958d
save-server	004d95c5	144	FUN_004d95c5
save-server	004d9655	123	FUN_004d9655
save-server	004d96d0	456	FUN_004d96d0
save-server	004d9898	50	?GetMainWnd@CWinThread@@UAEPAVCWnd@@XZ
save-server	004d98ca	268	FUN_004d98ca
save-server	004d99d6	19	FUN_004d99d6
save-server	004d99e9	580	FUN_004d99e9
save-server	004d9c30	48	?IsEnterKey@@YAHPAUtagMSG@@@Z
save-server	004d9c60	22	FUN_004d9c60
save-server	004d9c80	192	FUN_004d9c80
save-server	004d9d40	143	FUN_004d9d40
save-server	004d9dcf	218	FUN_004d9dcf
save-server	004d9eb0	113	FUN_004d9eb0
save-server	004d9f21	16	FUN_004d9f21
save-server	004d9f31	51	??0CException@@QAE@XZ
save-server	004d9f64	52	??0CException@@QAE@H@Z
save-server	004d9f98	75	?Delete@CException@@QAEXXZ
save-server	004d9fe3	48	FUN_004d9fe3
save-server	004da013	128	FUN_004da013
save-server	004da093	52	??0AFX_EXCEPTION_LINK@@QAE@XZ
save-server	004da0c7	94	FUN_004da0c7
save-server	004da125	42	?AfxThrowLastCleanup@@YGXXZ
save-server	004da150	48	?AfxGetExceptionContext@@YAPAUAFX_EXCEPTION_CONTEXT@@XZ
save-server	004da180	16	FUN_004da180
save-server	004da190	115	FUN_004da190
save-server	004da203	34	?AfxDynamicDownCast@@YAPAVCObject@@PAUCRuntimeClass@@PAV1@@Z
save-server	004da225	59	FUN_004da225
save-server	004da260	266	FUN_004da260
save-server	004da36a	46	FUN_004da36a
save-server	004da398	81	?Dump@CObject@@UBEXAAVCDumpContext@@@Z
save-server	004da3e9	127	FUN_004da3e9
save-server	004da4a1	35	?IsSerializable@CObject@@QBEHXZ
save-server	004da4c4	47	?AfxClassInit@@YGXPAUCRuntimeClass@@@Z
save-server	004da4f3	55	FUN_004da4f3
save-server	004da52a	211	FUN_004da52a
save-server	004da5fd	81	?AfxDoForAllClasses@@YGXP6AXPBUCRuntimeClass@@PAX@Z1@Z
save-server	004da650	25	FUN_004da650
save-server	004da670	19	FUN_004da670
save-server	004da690	36	FUN_004da690
save-server	004da6b4	40	FUN_004da6b4
save-server	004da6dc	271	FUN_004da6dc
save-server	004da7eb	133	?Dump@CFileException@@UBEXAAVCDumpContext@@@Z
save-server	004da870	211	FUN_004da870
save-server	004da943	103	FUN_004da943
save-server	004da9ee	838	FUN_004da9ee
save-server	004daf50	329	FUN_004daf50
save-server	004db099	78	??0CDialogTemplate@@QAE@PBUDLGTEMPLATE@@@Z
save-server	004db0e7	103	??0CDialogTemplate@@QAE@PAX@Z
save-server	004db14e	137	?SetTemplate@CDialogTemplate@@IAEHPBUDLGTEMPLATE@@I@Z
save-server	004db1d7	31	FUN_004db1d7
save-server	004db1f6	143	FID_conflict:?Load@CDialogTemplate@@QAEHPBD@Z
save-server	004db285	33	FUN_004db285
save-server	004db2a6	58	?HasFont@CDialogTemplate@@QBEHXZ
save-server	004db2e0	177	FUN_004db2e0
save-server	004db391	321	FUN_004db391
save-server	004db4d2	170	FUN_004db4d2
save-server	004db57c	108	FUN_004db57c
save-server	004db5e8	466	FUN_004db5e8
save-server	004db7ba	192	FUN_004db7ba
save-server	004db87a	199	FUN_004db87a
save-server	004db941	328	FUN_004db941
save-server	004dba90	25	FUN_004dba90
save-server	004dbab0	49	?HasFont@@YAHPBUDLGTEMPLATE@@@Z
save-server	004dbaf0	20	FUN_004dbaf0
save-server	004dbb10	31	FUN_004dbb10
save-server	004dbb30	31	FUN_004dbb30
save-server	004dbb4f	445	FUN_004dbb4f
save-server	004dbd0c	212	FUN_004dbd0c
save-server	004dbde0	484	FUN_004dbde0
save-server	004dc00a	54	?SetPermanent@CHandleMap@@QAEXPAXPAVCObject@@@Z
save-server	004dc040	228	FUN_004dc040
save-server	004dc124	310	FUN_004dc124
save-server	004dc25a	27	FUN_004dc25a
save-server	004dc275	27	FUN_004dc275
save-server	004dc290	27	FUN_004dc290
save-server	004dc2ab	27	FUN_004dc2ab
save-server	004dc2c6	27	FUN_004dc2c6
save-server	004dc2f0	179	FUN_004dc2f0
save-server	004dc3a3	159	FUN_004dc3a3
save-server	004dc450	201	FUN_004dc450
save-server	004dc519	115	FUN_004dc519
save-server	004dc58c	99	FUN_004dc58c
save-server	004dc5ef	74	FUN_004dc5ef
save-server	004dc639	65	FID_conflict:?Dump@CGdiObject@@UBEXAAVCDumpContext@@@Z
save-server	004dc67a	132	FUN_004dc67a
save-server	004dc6fe	72	FID_conflict:?Detach@CImageList@@QAEPAU_IMAGELIST@@XZ
save-server	004dc746	39	FID_conflict:?DeleteObject@CGdiObject@@QAEHXZ
save-server	004dc76d	13	FUN_004dc76d
save-server	004dc77a	13	FUN_004dc77a
save-server	004dc790	586	FUN_004dc790
save-server	004dc9da	319	FUN_004dc9da
save-server	004dcb19	151	FUN_004dcb19
save-server	004dcbb0	418	FUN_004dcbb0
save-server	004dcd52	225	FUN_004dcd52
save-server	004dce33	490	FUN_004dce33
save-server	004dd01d	1158	FUN_004dd01d
save-server	004dd4a3	344	FUN_004dd4a3
save-server	004dd5fb	376	FUN_004dd5fb
save-server	004dd780	46	FUN_004dd780
save-server	004dd7b0	112	FUN_004dd7b0
save-server	004dd820	45	?IsDirSep@@YAHD@Z
save-server	004dd850	107	FUN_004dd850
save-server	004dd8bb	108	FUN_004dd8bb
save-server	004dd927	215	FUN_004dd927
save-server	004dd9fe	114	??1CFile@@UAE@XZ
save-server	004dda70	323	FUN_004dda70
save-server	004ddbb3	781	FUN_004ddbb3
save-server	004ddf15	210	FUN_004ddf15
save-server	004ddfe7	247	FUN_004ddfe7
save-server	004de0de	181	FUN_004de0de
save-server	004de193	118	FUN_004de193
save-server	004de209	72	FUN_004de209
save-server	004de251	161	FUN_004de251
save-server	004de2f2	73	?Abort@CFile@@UAEXXZ
save-server	004de33b	116	FUN_004de33b
save-server	004de3af	116	FUN_004de3af
save-server	004de423	121	FUN_004de423
save-server	004de49c	124	FUN_004de49c
save-server	004de518	53	FUN_004de518
save-server	004de54d	39	FUN_004de54d
save-server	004de574	35	FUN_004de574
save-server	004de597	137	FUN_004de597
save-server	004de620	332	?GetClassObject@AFX_COM@@QAEJABU_GUID@@0PAPAX@Z
save-server	004de76c	176	FUN_004de76c
save-server	004de81c	223	FUN_004de81c
save-server	004de8fb	420	FUN_004de8fb
save-server	004dea9f	421	FUN_004dea9f
save-server	004dec44	502	FUN_004dec44
save-server	004dee3a	581	FUN_004dee3a
save-server	004df07f	229	FUN_004df07f
save-server	004df164	98	FUN_004df164
save-server	004df1c6	19	FUN_004df1c6
save-server	004df1d9	103	?Dump@CFile@@UBEXAAVCDumpContext@@@Z
save-server	004df240	43	FUN_004df240
save-server	004df270	234	FUN_004df270
save-server	004df35a	208	FUN_004df35a
save-server	004df42a	208	FUN_004df42a
save-server	004df4fa	111	FUN_004df4fa
save-server	004df569	403	FUN_004df569
save-server	004df6fc	348	FUN_004df6fc
save-server	004df858	152	FUN_004df858
save-server	004df8f0	423	FUN_004df8f0
save-server	004dfa97	99	FUN_004dfa97
save-server	004dfb00	279	FUN_004dfb00
save-server	004e5b00	66	FUN_004e5b00
save-server	004e5b50	66	FUN_004e5b50
save-server	004e5b92	66	FUN_004e5b92
save-server	004e5bd4	123	??6@YGAAVCDumpContext@@AAV0@ABUtagRECT@@@Z
save-server	004e5c4f	61	??0CDC@@QAE@XZ
save-server	004e5c8c	19	FUN_004e5c8c
save-server	004e5c9f	119	?Dump@CDC@@UBEXAAVCDumpContext@@@Z
save-server	004e5d16	190	FUN_004e5d16
save-server	004e5dd4	115	FUN_004e5dd4
save-server	004e5e47	182	FUN_004e5e47
save-server	004e5efd	83	?Detach@CDC@@QAEPAUHDC__@@XZ
save-server	004e5f50	39	?DeleteDC@CDC@@QAEHXZ
save-server	004e5f77	97	??1CDC@@UAE@XZ
save-server	004e5fd8	22	?SetAttribDC@CDC@@UAEXPAUHDC__@@@Z
save-server	004e5fee	119	FUN_004e5fee
save-server	004e6065	21	FUN_004e6065
save-server	004e607a	118	FUN_004e607a
save-server	004e60f0	56	FUN_004e60f0
save-server	004e6128	127	FUN_004e6128
save-server	004e61a7	204	FUN_004e61a7
save-server	004e6273	27	FUN_004e6273
save-server	004e628e	180	FUN_004e628e
save-server	004e6342	145	FUN_004e6342
save-server	004e63d3	145	FUN_004e63d3
save-server	004e6464	145	FUN_004e6464
save-server	004e64f5	139	FUN_004e64f5
save-server	004e6580	86	FUN_004e6580
save-server	004e65d6	129	FUN_004e65d6
save-server	004e6657	129	FUN_004e6657
save-server	004e66d8	129	FUN_004e66d8
save-server	004e6759	129	FUN_004e6759
save-server	004e67da	129	FUN_004e67da
save-server	004e685b	129	FUN_004e685b
save-server	004e68dc	129	FUN_004e68dc
save-server	004e695d	214	FUN_004e695d
save-server	004e6a33	214	FUN_004e6a33
save-server	004e6b09	214	FUN_004e6b09
save-server	004e6bdf	230	FUN_004e6bdf
save-server	004e6cc5	214	FUN_004e6cc5
save-server	004e6d9b	214	FUN_004e6d9b
save-server	004e6e71	214	FUN_004e6e71
save-server	004e6f47	230	FUN_004e6f47
save-server	004e702d	71	FUN_004e702d
save-server	004e7074	139	FUN_004e7074
save-server	004e70ff	153	FUN_004e70ff
save-server	004e7198	175	FUN_004e7198
save-server	004e7247	153	FUN_004e7247
save-server	004e72e0	175	FUN_004e72e0
save-server	004e738f	137	FUN_004e738f
save-server	004e7418	137	FUN_004e7418
save-server	004e74a1	214	FUN_004e74a1
save-server	004e7577	121	FUN_004e7577
save-server	004e75f0	126	FUN_004e75f0
save-server	004e766e	137	FUN_004e766e
save-server	004e76f7	129	FUN_004e76f7
save-server	004e7778	129	FUN_004e7778
save-server	004e77f9	164	FUN_004e77f9
save-server	004e789d	176	FUN_004e789d
save-server	004e794d	128	FUN_004e794d
save-server	004e79cd	128	FUN_004e79cd
save-server	004e7a4d	229	FUN_004e7a4d
save-server	004e7b32	129	FUN_004e7b32
save-server	004e7bb3	209	FUN_004e7bb3
save-server	004e7c84	205	FUN_004e7c84
save-server	004e7d51	129	FUN_004e7d51
save-server	004e7dd2	205	FUN_004e7dd2
save-server	004e7e9f	199	FUN_004e7e9f
save-server	004e7f66	147	FUN_004e7f66
save-server	004e7ff9	860	FUN_004e7ff9
save-server	004e8355	78	?PlayMetaFile@CDC@@QAEHPAUHMETAFILE__@@@Z
save-server	004e83a3	176	FUN_004e83a3
save-server	004e8453	176	FUN_004e8453
save-server	004e8503	77	FUN_004e8503
save-server	004e8550	65	FID_conflict:?Dump@CWindowDC@@UBEXAAVCDumpContext@@@Z
save-server	004e8591	178	FUN_004e8591
save-server	004e8643	136	FUN_004e8643
save-server	004e86cb	77	FUN_004e86cb
save-server	004e8718	65	FID_conflict:?Dump@CWindowDC@@UBEXAAVCDumpContext@@@Z
save-server	004e8759	178	FUN_004e8759
save-server	004e880b	136	FUN_004e880b
save-server	004e8893	68	FUN_004e8893
save-server	004e88d7	156	?Dump@CPaintDC@@UBEXAAVCDumpContext@@@Z
save-server	004e8973	196	FUN_004e8973
save-server	004e8a37	185	FUN_004e8a37
save-server	004e8af0	65	FID_conflict:?Dump@CGdiObject@@UBEXAAVCDumpContext@@@Z
save-server	004e8b31	86	FUN_004e8b31
save-server	004e8b87	190	FUN_004e8b87
save-server	004e8c45	121	FUN_004e8c45
save-server	004e8cbe	138	FUN_004e8cbe
save-server	004e8d48	72	FID_conflict:?Detach@CImageList@@QAEPAU_IMAGELIST@@XZ
save-server	004e8d90	39	FID_conflict:?DeleteObject@CGdiObject@@QAEHXZ
save-server	004e8db7	114	??0CPen@@QAE@HHK@Z
save-server	004e8e29	122	??0CPen@@QAE@HHPBUtagLOGBRUSH@@HPBK@Z
save-server	004e8ea3	221	FUN_004e8ea3
save-server	004e8f80	106	??0CBrush@@QAE@K@Z
save-server	004e8fea	110	??0CBrush@@QAE@HK@Z
save-server	004e9058	128	??0CBrush@@QAE@PAVCBitmap@@@Z
save-server	004e90d8	137	FUN_004e90d8
save-server	004e9161	221	FUN_004e9161
save-server	004e923e	530	FUN_004e923e
save-server	004e9450	295	FUN_004e9450
save-server	004e9577	29	?AfxThrowResourceException@@YGXXZ
save-server	004e9594	29	FUN_004e9594
save-server	004e95c0	43	FUN_004e95c0
save-server	004e95f0	43	FUN_004e95f0
save-server	004e9620	43	FUN_004e9620
save-server	004e9650	43	FUN_004e9650
save-server	004e9680	174	FUN_004e9680
save-server	004e972e	125	FUN_004e972e
save-server	004e97ab	294	FUN_004e97ab
save-server	004e98d1	165	FUN_004e98d1
save-server	004e9976	223	FUN_004e9976
save-server	004e9a55	83	FUN_004e9a55
save-server	004e9aa8	590	FUN_004e9aa8
save-server	004e9cf6	105	FUN_004e9cf6
save-server	004e9d5f	430	FUN_004e9d5f
save-server	004e9f0d	51	?Close@CArchive@@QAEXXZ
save-server	004e9f40	1110	FUN_004e9f40
save-server	004ea396	831	FUN_004ea396
save-server	004ea6d5	597	FUN_004ea6d5
save-server	004ea92a	881	FUN_004ea92a
save-server	004eac9b	62	?WriteCount@CArchive@@QAEXK@Z
save-server	004eacd9	67	FUN_004eacd9
save-server	004ead1c	83	FUN_004ead1c
save-server	004ead6f	292	FUN_004ead6f
save-server	004eaefe	229	?ReadString@CArchive@@QAEHAAV?$CStringT@DV?$StrTraitMFC@DV?$ChTraitsCRT@D@ATL@@@@@ATL@@@Z
save-server	004eaff0	42	FUN_004eaff0
save-server	004eb01a	302	FUN_004eb01a
save-server	004eb148	414	FUN_004eb148
save-server	004eb2e6	35	FUN_004eb2e6
save-server	004eb309	466	FUN_004eb309
save-server	004eb4db	292	FUN_004eb4db
save-server	004eb5ff	888	FUN_004eb5ff
save-server	004eb977	55	?SerializeClass@CArchive@@QAEXPBUCRuntimeClass@@@Z
save-server	004eb9b0	271	FUN_004eb9b0
save-server	004ebabf	106	?Dump@CArchiveException@@UBEXAAVCDumpContext@@@Z
save-server	004ebb29	185	FUN_004ebb29
save-server	004ebbf0	225	FUN_004ebbf0
save-server	004ebcd1	82	FUN_004ebcd1
save-server	004ebd23	90	FUN_004ebd23
save-server	004ebd7d	198	FUN_004ebd7d
save-server	004ebe43	99	FUN_004ebe43
save-server	004ebea6	71	FUN_004ebea6
save-server	004ebeed	167	FUN_004ebeed
save-server	004ebf94	123	FUN_004ebf94
save-server	004ec00f	248	FUN_004ec00f
save-server	004ec110	642	FUN_004ec110
save-server	004ec392	304	FUN_004ec392
save-server	004ec4c2	249	FUN_004ec4c2
save-server	004ec5bb	80	FUN_004ec5bb
save-server	004ec60b	216	FUN_004ec60b
save-server	004ec6e3	40	FUN_004ec6e3
save-server	004ec70b	82	FUN_004ec70b
save-server	004ec75d	85	FUN_004ec75d
save-server	004ec7b2	374	FUN_004ec7b2
save-server	004ec928	192	FUN_004ec928
save-server	004ec9e8	362	FUN_004ec9e8
save-server	004ecb52	256	FUN_004ecb52
save-server	004ecc52	29	?InitialUpdateFrame@CDocTemplate@@UAEXPAVCFrameWnd@@PAVCDocument@@H@Z
save-server	004ecc6f	80	?SaveAllModified@CDocTemplate@@UAEHXZ
save-server	004eccbf	69	?CloseAllDocuments@CDocTemplate@@UAEXH@Z
save-server	004ecd04	135	FUN_004ecd04
save-server	004ecd8b	112	?OnCmdMsg@CDocTemplate@@UAEHIHPAXPAUAFX_CMDHANDLERINFO@@@Z
save-server	004ecdfb	248	?Dump@CDocTemplate@@UBEXAAVCDumpContext@@@Z
save-server	004ecef3	80	?AssertValid@CDocTemplate@@UBEXXZ
save-server	004ecf50	43	FUN_004ecf50
save-server	004ecf80	16	FUN_004ecf80
save-server	004ecf90	41	FUN_004ecf90
save-server	004ecfb9	128	FUN_004ecfb9
save-server	004ed039	173	FUN_004ed039
save-server	004ed0e6	167	FUN_004ed0e6
save-server	004ed18d	63	?OnDestroy@CView@@IAEXXZ
save-server	004ed1cc	56	FID_conflict:?PostNcDestroy@CFrameWnd@@MAEXXZ
save-server	004ed204	193	FUN_004ed204
save-server	004ed2c5	167	FUN_004ed2c5
save-server	004ed36c	116	FUN_004ed36c
save-server	004ed3e0	31	FUN_004ed3e0
save-server	004ed3ff	63	FUN_004ed3ff
save-server	004ed43e	50	?OnPrint@CView@@MAEXPAVCDC@@PAUCPrintInfo@@@Z
save-server	004ed470	13	FUN_004ed470
save-server	004ed47d	34	?IsSelected@CView@@UBEHPBVCObject@@@Z
save-server	004ed49f	79	FUN_004ed49f
save-server	004ed4ee	13	FUN_004ed4ee
save-server	004ed4fb	238	FUN_004ed4fb
save-server	004ed5e9	15	FUN_004ed5e9
save-server	004ed5f8	15	FUN_004ed5f8
save-server	004ed607	18	FUN_004ed607
save-server	004ed619	15	FUN_004ed619
save-server	004ed628	15	FUN_004ed628
save-server	004ed637	15	FUN_004ed637
save-server	004ed646	16	FUN_004ed646
save-server	004ed656	11	FUN_004ed656
save-server	004ed661	86	?GetParentSplitter@CView@@SGPAVCSplitterWnd@@PBVCWnd@@H@Z
save-server	004ed6b7	233	FUN_004ed6b7
save-server	004ed7a0	77	?OnUpdateSplitCmd@CView@@IAEXPAVCCmdUI@@@Z
save-server	004ed7ed	102	FUN_004ed7ed
save-server	004ed853	155	FUN_004ed853
save-server	004ed8ee	121	FUN_004ed8ee
save-server	004ed967	89	?OnPrepareDC@CView@@UAEXPAVCDC@@PAUCPrintInfo@@@Z
save-server	004ed9c0	18	FUN_004ed9c0
save-server	004ed9d2	32	FUN_004ed9d2
save-server	004ed9f2	32	FUN_004ed9f2
save-server	004eda12	272	FUN_004eda12
save-server	004edb22	76	?Dump@CView@@UBEXAAVCDumpContext@@@Z
save-server	004edb6e	19	FUN_004edb6e
save-server	004edb81	16	FUN_004edb81
save-server	004edb91	117	FUN_004edb91
save-server	004edc06	176	FUN_004edc06
save-server	004edcb6	54	FUN_004edcb6
save-server	004edcec	19	FUN_004edcec
save-server	004edcff	78	FUN_004edcff
save-server	004edd4d	66	FUN_004edd4d
save-server	004edd90	43	FUN_004edd90
save-server	004eddc0	43	FUN_004eddc0
save-server	004eddf0	75	FUN_004eddf0
save-server	004ede40	16	FUN_004ede40
save-server	004ede50	356	FUN_004ede50
save-server	004edfb4	149	FUN_004edfb4
save-server	004ee049	28	FUN_004ee049
save-server	004ee065	652	FUN_004ee065
save-server	004ee2f1	284	FUN_004ee2f1
save-server	004ee40d	693	FUN_004ee40d
save-server	004ee6c2	215	FUN_004ee6c2
save-server	004ee799	257	FUN_004ee799
save-server	004ee89a	215	FUN_004ee89a
save-server	004ee971	102	FUN_004ee971
save-server	004ee9d7	169	FUN_004ee9d7
save-server	004eea80	222	FUN_004eea80
save-server	004eeb5e	546	FUN_004eeb5e
save-server	004eed80	85	?OnSize@CScrollView@@QAEXIHH@Z
save-server	004eedd5	298	FUN_004eedd5
save-server	004eeeff	155	FUN_004eeeff
save-server	004eef9a	240	FUN_004eef9a
save-server	004ef08a	374	FUN_004ef08a
save-server	004ef200	572	FUN_004ef200
save-server	004ef43c	226	FUN_004ef43c
save-server	004ef51e	94	FUN_004ef51e
save-server	004ef57c	97	FUN_004ef57c
save-server	004ef5dd	71	FUN_004ef5dd
save-server	004ef624	535	FUN_004ef624
save-server	004ef83b	357	FUN_004ef83b
save-server	004ef9e0	393	FUN_004ef9e0
save-server	004efb69	446	FUN_004efb69
save-server	004efd47	141	FUN_004efd47
save-server	004efdf0	43	FUN_004efdf0
save-server	004efe20	830	FUN_004efe20
save-server	004f015e	115	?GetOpenDocumentCount@CDocManager@@UAEHXZ
save-server	004f01e0	16	FUN_004f01e0
save-server	004f01f0	207	FUN_004f01f0
save-server	004f02bf	262	FUN_004f02bf
save-server	004f03c5	41	FUN_004f03c5
save-server	004f03ee	116	FUN_004f03ee
save-server	004f0462	42	FUN_004f0462
save-server	004f048c	11	FUN_004f048c
save-server	004f0497	65	?OnChangedViewList@CDocument@@UAEXXZ
save-server	004f04d8	598	FUN_004f04d8
save-server	004f072e	159	?CanCloseFrame@CDocument@@UAEHPAVCFrameWnd@@@Z
save-server	004f07cd	13	FUN_004f07cd
save-server	004f07da	269	FUN_004f07da
save-server	004f08e7	45	?OnFileClose@CDocument@@IAEXXZ
save-server	004f0914	25	FUN_004f0914
save-server	004f092d	51	FUN_004f092d
save-server	004f0960	149	FUN_004f0960
save-server	004f09f5	601	FUN_004f09f5
save-server	004f0c9f	501	FUN_004f0c9f
save-server	004f0e94	13	FUN_004f0e94
save-server	004f0ea1	13	FUN_004f0ea1
save-server	004f0eae	598	FUN_004f0eae
save-server	004f1120	212	FUN_004f1120
save-server	004f11f4	794	FUN_004f11f4
save-server	004f150e	51	FUN_004f150e
save-server	004f1541	728	FUN_004f1541
save-server	004f1819	226	FUN_004f1819
save-server	004f18fb	137	FUN_004f18fb
save-server	004f1984	84	FUN_004f1984
save-server	004f19d8	492	FUN_004f19d8
save-server	004f1cc7	401	FUN_004f1cc7
save-server	004f1f4a	215	?OnCloseDocument@CDocument@@UAEXXZ
save-server	004f2021	11	FUN_004f2021
save-server	004f202c	190	FUN_004f202c
save-server	004f20ea	125	FUN_004f20ea
save-server	004f2167	22	?GetFirstViewPosition@CDocument@@UBEPAU__POSITION@@XZ
save-server	004f217d	131	FUN_004f217d
save-server	004f2200	161	FUN_004f2200
save-server	004f22a1	86	?SendInitialUpdate@CDocument@@QAEXXZ
save-server	004f22f7	103	FUN_004f22f7
save-server	004f235e	222	?Dump@CDocument@@UBEXAAVCDumpContext@@@Z
save-server	004f243c	80	FUN_004f243c
save-server	004f2490	43	FUN_004f2490
save-server	004f24c0	44	FUN_004f24c0
save-server	004f24f0	87	FUN_004f24f0
save-server	004f2550	43	FUN_004f2550
save-server	004f2580	75	FUN_004f2580
save-server	004f6880	131	FUN_004f6880
save-server	004f6903	458	FUN_004f6903
save-server	004f6ae1	72	FID_conflict:?AfxMessageBox@@YGHPBDII@Z
save-server	004f6b29	187	FUN_004f6b29
save-server	004f6be4	242	FUN_004f6be4
save-server	004f6cd6	25	?GetRoutingView_@CCmdTarget@@KGPAVCView@@XZ
save-server	004f6cef	25	FUN_004f6cef
save-server	004f6d10	128	FUN_004f6d10
save-server	004f6d90	29	FUN_004f6d90
save-server	004f6dad	29	FUN_004f6dad
save-server	004f6dca	29	FUN_004f6dca
save-server	004f6de7	136	FUN_004f6de7
save-server	004f6e70	82	?HideApplication@CWinApp@@QAEXXZ
save-server	004f6ec2	217	FUN_004f6ec2
save-server	004f6f9b	53	FUN_004f6f9b
save-server	004f6fd0	141	FUN_004f6fd0
save-server	004f705d	81	FUN_004f705d
save-server	004f70ae	52	FUN_004f70ae
save-server	004f70e2	82	FUN_004f70e2
save-server	004f7134	56	FUN_004f7134
save-server	004f716c	350	FUN_004f716c
save-server	004f72d0	78	FUN_004f72d0
save-server	004f731e	209	FUN_004f731e
save-server	004f73ef	117	FUN_004f73ef
save-server	004f7464	578	FUN_004f7464
save-server	004f76a6	137	FUN_004f76a6
save-server	004f772f	129	FUN_004f772f
save-server	004f77b0	80	?DDX_Text@@YGXPAVCDataExchange@@HAAF@Z
save-server	004f7800	79	FID_conflict:?DDX_Text@@YGXPAVCDataExchange@@HAAH@Z
save-server	004f784f	79	FID_conflict:?DDX_Text@@YGXPAVCDataExchange@@HAAI@Z
save-server	004f789e	79	FID_conflict:?DDX_Text@@YGXPAVCDataExchange@@HAAH@Z
save-server	004f78ed	79	FID_conflict:?DDX_Text@@YGXPAVCDataExchange@@HAAI@Z
save-server	004f793c	108	FID_conflict:?DDX_Text@@YGXPAVCDataExchange@@HAAV?$CStringT@DV?$StrTraitMFC@DV?$ChTraitsCRT@D@ATL@@@@@ATL@@@Z
save-server	004f79a8	147	FUN_004f79a8
save-server	004f7a3b	174	FUN_004f7a3b
save-server	004f7ae9	363	FUN_004f7ae9
save-server	004f7c54	190	FUN_004f7c54
save-server	004f7d12	130	FUN_004f7d12
save-server	004f7d94	176	FUN_004f7d94
save-server	004f7e44	130	FUN_004f7e44
save-server	004f7ec6	82	FUN_004f7ec6
save-server	004f7f18	82	FUN_004f7f18
save-server	004f7f6a	72	FUN_004f7f6a
save-server	004f7fb2	82	FUN_004f7fb2
save-server	004f8004	241	FUN_004f8004
save-server	004f80f5	141	FUN_004f80f5
save-server	004f8182	104	FUN_004f8182
save-server	004f81ea	90	FUN_004f81ea
save-server	004f8244	90	FUN_004f8244
save-server	004f829e	90	FUN_004f829e
save-server	004f82f8	90	FUN_004f82f8
save-server	004f8352	159	FUN_004f8352
save-server	004f83f1	253	FUN_004f83f1
save-server	004f84ee	175	FUN_004f84ee
save-server	004f859d	150	FUN_004f859d
save-server	004f8633	126	?AfxFailRadio@@YGXPAVCDataExchange@@@Z
save-server	004f86c0	261	FUN_004f86c0
save-server	004f87c5	397	FUN_004f87c5
save-server	004f8952	345	FUN_004f8952
save-server	004f8ab0	16	FUN_004f8ab0
save-server	004f8ac0	396	FUN_004f8ac0
save-server	004f8c4c	117	FUN_004f8c4c
save-server	004f8cc1	617	FUN_004f8cc1
save-server	004f8f2a	386	FUN_004f8f2a
save-server	004f90ac	688	FUN_004f90ac
save-server	004f93a4	87	FID_conflict:?OnNcCreate@CSplitterWnd@@IAEHPAUtagCREATESTRUCTW@@@Z
save-server	004f93fb	918	FUN_004f93fb
save-server	004f97e3	169	FUN_004f97e3
save-server	004f988c	192	FUN_004f988c
save-server	004f994c	103	FUN_004f994c
save-server	004f99b3	306	FUN_004f99b3
save-server	004f9ae5	122	FUN_004f9ae5
save-server	004f9b5f	182	FUN_004f9b5f
save-server	004f9c15	122	FUN_004f9c15
save-server	004f9c8f	182	FUN_004f9c8f
save-server	004f9d45	64	?GetScrollStyle@CSplitterWnd@@QBEKXZ
save-server	004f9d85	488	FUN_004f9d85
save-server	004f9f6d	152	FUN_004f9f6d
save-server	004fa005	491	FUN_004fa005
save-server	004fa200	240	FUN_004fa200
save-server	004fa2f0	645	FUN_004fa2f0
save-server	004fa575	645	FUN_004fa575
save-server	004fa7fa	576	FUN_004fa7fa
save-server	004faa3a	576	FUN_004faa3a
save-server	004fac7a	187	FUN_004fac7a
save-server	004fad35	687	?StartTracking@CSplitterWnd@@MAEXH@Z
save-server	004fafe4	316	FUN_004fafe4
save-server	004fb120	316	FUN_004fb120
save-server	004fb25c	735	?StopTracking@CSplitterWnd@@MAEXH@Z
save-server	004fb53b	870	FUN_004fb53b
save-server	004fb8a1	658	FUN_004fb8a1
save-server	004fbb33	255	FUN_004fbb33
save-server	004fbc32	378	FUN_004fbc32
save-server	004fbdac	49	?OnDisplayChange@CSplitterWnd@@IAEXXZ
save-server	004fbddd	65	?OnSize@CSplitterWnd@@IAEXIHH@Z
save-server	004fbe1e	747	FUN_004fbe1e
save-server	004fc109	386	FUN_004fc109
save-server	004fc28b	258	FUN_004fc28b
save-server	004fc38d	1460	FUN_004fc38d
save-server	004fc941	700	FUN_004fc941
save-server	004fcbfd	828	FUN_004fcbfd
save-server	004fcf39	66	?OnSetCursor@CSplitterWnd@@IAEHPAVCWnd@@II@Z
save-server	004fcf7b	482	FUN_004fcf7b
save-server	004fd15d	748	?OnMouseMove@CSplitterWnd@@IAEXIVCPoint@@@Z
save-server	004fd449	64	?OnLButtonDown@CSplitterWnd@@IAEXIVCPoint@@@Z
save-server	004fd489	502	FUN_004fd489
save-server	004fd67f	29	FUN_004fd67f
save-server	004fd69c	27	FUN_004fd69c
save-server	004fd6b7	473	FUN_004fd6b7
save-server	004fd8c8	86	FUN_004fd8c8
save-server	004fd91e	68	FUN_004fd91e
save-server	004fd962	79	?OnNotify@CSplitterWnd@@MAEHIJPAJ@Z
save-server	004fd9b1	269	FUN_004fd9b1
save-server	004fdabe	341	FUN_004fdabe
save-server	004fdc13	341	FUN_004fdc13
save-server	004fdd68	729	FUN_004fdd68
save-server	004fe041	699	FUN_004fe041
save-server	004fe2fc	191	FUN_004fe2fc
save-server	004fe3bb	315	FUN_004fe3bb
save-server	004fe4f6	143	FUN_004fe4f6
save-server	004fe585	136	?GetActivePane@CSplitterWnd@@UAEPAVCWnd@@PAH0@Z
save-server	004fe60d	289	FUN_004fe60d
save-server	004fe72e	485	FUN_004fe72e
save-server	004fe920	43	FUN_004fe920
save-server	004fe950	16	FUN_004fe950
save-server	004fe960	298	FUN_004fe960
save-server	004fea8a	65	FUN_004fea8a
save-server	004feacb	108	?CalcFixedLayout@CControlBar@@UAE?AVCSize@@HH@Z
save-server	004feb37	48	?CalcDynamicLayout@CControlBar@@UAE?AVCSize@@HK@Z
save-server	004feb67	13	FUN_004feb67
save-server	004feb74	93	FUN_004feb74
save-server	004febd1	443	FUN_004febd1
save-server	004fed8c	223	FUN_004fed8c
save-server	004fee6b	677	FUN_004fee6b
save-server	004ff110	378	FUN_004ff110
save-server	004ff379	131	FUN_004ff379
save-server	004ff3fc	319	FUN_004ff3fc
save-server	004ff53b	115	FUN_004ff53b
save-server	004ff5ae	137	FUN_004ff5ae
save-server	004ff637	66	?DestroyWindow@CControlBar@@UAEHXZ
save-server	004ff679	60	?OnMouseActivate@CControlBar@@QAEHPAVCWnd@@II@Z
save-server	004ff6b5	114	FUN_004ff6b5
save-server	004ff727	267	FUN_004ff727
save-server	004ff832	94	?OnCtlColor@CControlBar@@QAEPAUHBRUSH__@@PAVCDC@@PAVCWnd@@I@Z
save-server	004ff890	147	FUN_004ff890
save-server	004ff923	128	FUN_004ff923
save-server	004ff9a3	269	FUN_004ff9a3
save-server	004ffab0	23	FUN_004ffab0
save-server	004ffac7	349	FUN_004ffac7
save-server	004ffc24	633	FUN_004ffc24
save-server	004ffe9d	106	FUN_004ffe9d
save-server	004fff07	67	FUN_004fff07
save-server	004fff4a	110	FUN_004fff4a
save-server	004fffb8	787	FUN_004fffb8
save-server	005002cb	187	FUN_005002cb
save-server	00500386	375	FUN_00500386
save-server	005004fd	115	FUN_005004fd
save-server	00500570	227	?Dump@CControlBar@@UBEXAAVCDumpContext@@@Z
save-server	00500660	46	FUN_00500660
save-server	00500690	607	FUN_00500690
save-server	005008ef	99	FUN_005008ef
save-server	00500952	423	FUN_00500952
save-server	00500af9	114	FUN_00500af9
save-server	00500b6b	102	FUN_00500b6b
save-server	00500bd1	150	FUN_00500bd1
save-server	00500c67	193	FUN_00500c67
save-server	00500d28	121	FUN_00500d28
save-server	00500da1	199	FUN_00500da1
save-server	00500e68	739	FUN_00500e68
save-server	0050114b	634	FUN_0050114b
save-server	005013c5	587	FUN_005013c5
save-server	00501610	2011	FUN_00501610
save-server	00501deb	66	FUN_00501deb
save-server	00501e2d	119	FUN_00501e2d
save-server	00501ea4	142	FUN_00501ea4
save-server	00501f32	152	FUN_00501f32
save-server	00501fca	452	FUN_00501fca
save-server	0050218e	439	FUN_0050218e
save-server	00502345	119	FUN_00502345
save-server	005023bc	204	FUN_005023bc
save-server	00502488	16	FUN_00502488
save-server	00502498	21	FUN_00502498
save-server	005024ad	18	FUN_005024ad
save-server	005024bf	238	FUN_005024bf
save-server	005025ad	223	FUN_005025ad
save-server	0050268c	19	FUN_0050268c
save-server	0050269f	95	FUN_0050269f
save-server	005026fe	39	FUN_005026fe
save-server	00502725	35	FUN_00502725
save-server	00502748	35	FUN_00502748
save-server	0050276b	184	FUN_0050276b
save-server	00502823	152	FUN_00502823
save-server	005028bb	76	FUN_005028bb
save-server	00502907	262	FUN_00502907
save-server	00502a0d	300	FUN_00502a0d
save-server	00502b39	13	FUN_00502b39
save-server	00502b46	206	FUN_00502b46
save-server	00502c14	141	FUN_00502c14
save-server	00502ca1	501	FUN_00502ca1
save-server	00502ea0	25	FUN_00502ea0
save-server	00502ec0	39	FUN_00502ec0
save-server	00502ef0	31	FID_conflict:??0CMFCToolBarCmdUI@@QAE@XZ
save-server	00502f10	113	FUN_00502f10
save-server	00502f81	81	??1CDialogBar@@UAE@XZ
save-server	00502fd2	466	FUN_00502fd2
save-server	005031a4	110	?CalcFixedLayout@CDialogBar@@UAE?AVCSize@@HH@Z
save-server	00503212	29	FUN_00503212
save-server	0050322f	16	FUN_0050322f
save-server	0050323f	121	FUN_0050323f
save-server	005032b8	30	FUN_005032b8
save-server	005032e0	43	FUN_005032e0
save-server	00503310	218	?OnHelp@CWnd@@QAEXXZ
save-server	005033ea	75	FUN_005033ea
save-server	00503435	39	FUN_00503435
save-server	0050345c	39	FUN_0050345c
save-server	00503483	39	FUN_00503483
save-server	005034aa	152	FUN_005034aa
save-server	00503542	689	FUN_00503542
save-server	005037f3	349	FUN_005037f3
save-server	00503950	206	FUN_00503950
save-server	00503a1e	70	FUN_00503a1e
save-server	00503a64	1004	FUN_00503a64
save-server	00503e50	172	FUN_00503e50
save-server	00503efc	178	FUN_00503efc
save-server	00503fae	116	FUN_00503fae
save-server	00504022	65	?Detach@CMemFile@@QAEPAEXZ
save-server	00504063	168	FUN_00504063
save-server	0050410b	25	FUN_0050410b
save-server	00504124	29	FID_conflict:?Reallocate@CCRTHeap@ATL@@UAEPAXPAXI@Z
save-server	00504141	186	FUN_00504141
save-server	005041fb	60	FUN_005041fb
save-server	00504237	33	FUN_00504237
save-server	00504258	234	FUN_00504258
save-server	00504342	106	FUN_00504342
save-server	005043ac	257	FUN_005043ac
save-server	005044ad	299	FUN_005044ad
save-server	005045d8	200	FUN_005045d8
save-server	005046a0	30	FUN_005046a0
save-server	005046be	221	FUN_005046be
save-server	0050479b	41	FUN_0050479b
save-server	005047c4	37	FUN_005047c4
save-server	005047e9	37	FUN_005047e9
save-server	0050480e	37	FUN_0050480e
save-server	00504833	539	FUN_00504833
save-server	00504a4e	146	FID_conflict:?Dump@CBitmapButton@@UBEXAAVCDumpContext@@@Z
save-server	00504ae0	134	FUN_00504ae0
save-server	00504b70	43	FUN_00504b70
save-server	00504ba0	126	FUN_00504ba0
save-server	00504c1e	625	FUN_00504c1e
save-server	00504e8f	26	FUN_00504e8f
save-server	00504ea9	43	FUN_00504ea9
save-server	00504ee0	164	?_AfxAdjustRectangle@@YGXAAVCRect@@VCPoint@@@Z
save-server	00504f84	424	FUN_00504f84
save-server	0050512c	95	FUN_0050512c
save-server	0050518b	2198	FUN_0050518b
save-server	00505a21	267	?Move@CDockContext@@QAEXVCPoint@@@Z
save-server	00505b2c	66	?OnKey@CDockContext@@QAEXHH@Z
save-server	00505b6e	569	FUN_00505b6e
save-server	00505da7	825	FUN_00505da7
save-server	005060e0	676	FUN_005060e0
save-server	00506384	111	FUN_00506384
save-server	005063f3	381	FUN_005063f3
save-server	00506570	355	FUN_00506570
save-server	005066d3	88	?CancelLoop@CDockContext@@QAEXXZ
save-server	0050672b	584	FUN_0050672b
save-server	00506973	150	FUN_00506973
save-server	00506a09	620	FUN_00506a09
save-server	00506c75	316	FUN_00506c75
save-server	00506db1	438	FUN_00506db1
save-server	00506f70	453	FUN_00506f70
save-server	00507135	16	FUN_00507135
save-server	00507145	507	FUN_00507145
save-server	00507340	187	FUN_00507340
save-server	005073fb	256	FUN_005073fb
save-server	005074fb	22	FUN_005074fb
save-server	00507511	28	FUN_00507511
save-server	0050752d	131	FUN_0050752d
save-server	005075b0	124	FUN_005075b0
save-server	0050762c	683	FUN_0050762c
save-server	005078d7	111	?GetDocumentCount@CDocManager@@IAEHXZ
save-server	00507946	2419	FUN_00507946
save-server	005082b9	306	FUN_005082b9
save-server	005083eb	155	FUN_005083eb
save-server	00508486	80	?AssertValid@CDocManager@@UBEXXZ
save-server	005084d6	142	?Dump@CDocManager@@UBEXAAVCDumpContext@@@Z
save-server	00508570	59	??0CNewTypeDlg@@QAE@PAVCPtrList@@@Z
save-server	005085b0	28	FUN_005085b0
save-server	005085d0	43	FUN_005085d0
save-server	00508600	16	FUN_00508600
save-server	00508610	206	FUN_00508610
save-server	005086de	168	FUN_005086de
save-server	00508786	188	FUN_00508786
save-server	00508842	16	FUN_00508842
save-server	00508852	84	FUN_00508852
save-server	005088a6	121	FUN_005088a6
save-server	0050891f	1039	FUN_0050891f
save-server	00508d2e	931	FUN_00508d2e
save-server	005090d1	156	FUN_005090d1
save-server	0050916d	533	FUN_0050916d
save-server	00509382	2110	FUN_00509382
save-server	00509bc0	171	?OnSizeParent@CDockBar@@IAEJIJ@Z
save-server	00509c6b	114	FUN_00509c6b
save-server	00509cdd	19	FUN_00509cdd
save-server	00509cf0	13	FUN_00509cf0
save-server	00509cfd	132	FUN_00509cfd
save-server	00509d81	60	FUN_00509d81
save-server	00509dbd	89	FUN_00509dbd
save-server	00509e16	101	FUN_00509e16
save-server	00509e7b	62	FUN_00509e7b
save-server	00509eb9	576	FUN_00509eb9
save-server	0050a0f9	13	FUN_0050a0f9
save-server	0050a106	162	FUN_0050a106
save-server	0050a1a8	92	FUN_0050a1a8
save-server	0050a204	270	FUN_0050a204
save-server	0050a312	16	FUN_0050a312
save-server	0050a322	52	?OnMouseActivate@CMiniDockFrameWnd@@QAEHPAVCWnd@@II@Z
save-server	0050a356	105	FUN_0050a356
save-server	0050a3bf	469	FUN_0050a3bf
save-server	0050a594	102	FUN_0050a594
save-server	0050a5fa	27	FUN_0050a5fa
save-server	0050a615	588	FUN_0050a615
save-server	0050a861	285	FUN_0050a861
save-server	0050a980	43	FUN_0050a980
save-server	0050a9b0	43	FUN_0050a9b0
save-server	0050a9e0	78	??1CMiniDockFrameWnd@@UAE@XZ
save-server	0050aa30	46	FUN_0050aa30
save-server	0050aa5e	75	FUN_0050aa5e
save-server	0050aaa9	97	FUN_0050aaa9
save-server	00510bb0	59	FID_conflict:?Create@CStatic@@UAEHPBDKABUtagRECT@@PAVCWnd@@I@Z
save-server	00510beb	81	FUN_00510beb
save-server	00510c3c	59	FID_conflict:?Create@CStatic@@UAEHPBDKABUtagRECT@@PAVCWnd@@I@Z
save-server	00510c77	81	??1CButton@@UAE@XZ
save-server	00510cc8	65	FID_conflict:?GetCheckedRadioButton@CWnd@@QAEHHH@Z
save-server	00510d09	51	FUN_00510d09
save-server	00510d3c	103	FUN_00510d3c
save-server	00510da3	57	FID_conflict:?Create@CEdit@@UAEHKABUtagRECT@@PAVCWnd@@I@Z
save-server	00510ddc	81	??1CListBox@@UAE@XZ
save-server	00510e2d	51	FUN_00510e2d
save-server	00510e60	51	FUN_00510e60
save-server	00510e93	53	FUN_00510e93
save-server	00510ec8	13	FUN_00510ec8
save-server	00510ed5	21	FUN_00510ed5
save-server	00510eea	21	FUN_00510eea
save-server	00510eff	408	FUN_00510eff
save-server	005110c2	106	FUN_005110c2
save-server	0051112c	147	FUN_0051112c
save-server	005111bf	57	FID_conflict:?Create@CEdit@@UAEHKABUtagRECT@@PAVCWnd@@I@Z
save-server	005111f8	81	??1CComboBox@@UAE@XZ
save-server	00511249	54	FUN_00511249
save-server	0051127f	54	FUN_0051127f
save-server	005112b5	56	FUN_005112b5
save-server	005112ed	13	FUN_005112ed
save-server	005112fa	314	FUN_005112fa
save-server	00511457	106	FUN_00511457
save-server	005114c1	57	FID_conflict:?Create@CEdit@@UAEHKABUtagRECT@@PAVCWnd@@I@Z
save-server	005114fa	81	FUN_005114fa
save-server	0051154b	57	FID_conflict:?Create@CEdit@@UAEHKABUtagRECT@@PAVCWnd@@I@Z
save-server	00511584	81	FUN_00511584
save-server	005115e0	10	FUN_005115e0
save-server	005115ea	29	FID_conflict:??__E?rectDefault@CFrameWnd@@2VCRect@@B@@YAXXZ
save-server	00511607	10	FUN_00511607
save-server	00511611	127	FUN_00511611
save-server	00511690	16	FUN_00511690
save-server	005116a0	415	FUN_005116a0
save-server	0051183f	183	FUN_0051183f
save-server	005118f6	49	FUN_005118f6
save-server	00511927	49	FUN_00511927
save-server	00511958	130	FUN_00511958
save-server	005119da	77	?GetDefaultAccelerator@CFrameWnd@@UAEPAUHACCEL__@@XZ
save-server	00511a27	212	FUN_00511a27
save-server	00511afb	56	FID_conflict:?PostNcDestroy@CFrameWnd@@MAEXXZ
save-server	00511b33	55	FUN_00511b33
save-server	00511b6a	56	FUN_00511b6a
save-server	00511ba2	205	FUN_00511ba2
save-server	00511c6f	94	?OnSetCursor@CFrameWnd@@IAEHPAVCWnd@@II@Z
save-server	00511ccd	119	?OnCommandHelp@CFrameWnd@@IAEJIJ@Z
save-server	00511d44	43	?OnHelpHitTest@CFrameWnd@@IAEJIJ@Z
save-server	00511d6f	177	FUN_00511d6f
save-server	00511e20	128	FUN_00511e20
save-server	00511ea0	586	FUN_00511ea0
save-server	005120ea	286	FUN_005120ea
save-server	00512208	245	FUN_00512208
save-server	005122fd	304	FUN_005122fd
save-server	0051242d	352	FUN_0051242d
save-server	0051258d	144	FUN_0051258d
save-server	0051261d	242	FUN_0051261d
save-server	0051270f	376	FUN_0051270f
save-server	00512887	57	FUN_00512887
save-server	005128c0	39	FID_conflict:?OnCreate@CFrameWnd@@IAEHPAUtagCREATESTRUCTW@@@Z
save-server	005128e7	122	FUN_005128e7
save-server	00512961	199	FUN_00512961
save-server	00512a28	489	FUN_00512a28
save-server	00512c11	93	?OnUpdateFrameMenu@CFrameWnd@@UAEXPAUHMENU__@@@Z
save-server	00512c6e	287	?InitialUpdateFrame@CFrameWnd@@QAEXPAVCDocument@@H@Z
save-server	00512d8d	387	FUN_00512d8d
save-server	00512f10	176	FUN_00512f10
save-server	00512fc0	56	?RemoveControlBar@CFrameWnd@@QAEXPAVCControlBar@@@Z
save-server	00512ff8	295	?OnCmdMsg@CFrameWnd@@UAEHIHPAXPAUAFX_CMDHANDLERINFO@@@Z
save-server	0051311f	67	?OnHScroll@CFrameWnd@@IAEXIIPAVCScrollBar@@@Z
save-server	00513162	67	?OnVScroll@CFrameWnd@@IAEXIIPAVCScrollBar@@@Z
save-server	005131a5	227	FUN_005131a5
save-server	00513288	375	FUN_00513288
save-server	005133ff	77	FUN_005133ff
save-server	0051344c	245	FUN_0051344c
save-server	00513663	182	FUN_00513663
save-server	00513719	59	?OnQueryEndSession@CFrameWnd@@IAEHXZ
save-server	00513754	76	?OnEndSession@CFrameWnd@@IAEXH@Z
save-server	005137a0	449	FUN_005137a0
save-server	00513961	296	FUN_00513961
save-server	00513a89	41	?OnDDETerminate@CFrameWnd@@IAEJIJ@Z
save-server	00513ab2	87	FUN_00513ab2
save-server	00513b09	239	FUN_00513b09
save-server	00513bf8	53	?OnSetFocus@CFrameWnd@@IAEXPAVCWnd@@@Z
save-server	00513c2d	61	?GetActiveDocument@CFrameWnd@@UAEPAVCDocument@@XZ
save-server	00513c6a	483	FUN_00513c6a
save-server	00513e4d	54	FUN_00513e4d
save-server	00513e83	704	FUN_00513e83
save-server	00514143	512	FUN_00514143
save-server	00514343	111	FUN_00514343
save-server	005143b2	51	FUN_005143b2
save-server	005143e5	335	FUN_005143e5
save-server	00514534	19	FUN_00514534
save-server	00514547	26	FUN_00514547
save-server	00514561	127	FUN_00514561
save-server	005145e0	32	FUN_005145e0
save-server	00514600	32	?SetMessageText@CFrameWnd@@QAEXI@Z
save-server	00514620	285	FUN_00514620
save-server	0051473d	188	FUN_0051473d
save-server	005147f9	125	FUN_005147f9
save-server	00514876	123	FUN_00514876
save-server	005148f1	460	FUN_005148f1
save-server	00514abd	209	FUN_00514abd
save-server	00514ba6	57	FUN_00514ba6
save-server	00514bdf	131	FUN_00514bdf
save-server	00514c62	337	FUN_00514c62
save-server	00514db3	939	FUN_00514db3
save-server	0051515e	45	FUN_0051515e
save-server	0051518b	237	FUN_0051518b
save-server	00515278	14	FUN_00515278
save-server	00515286	330	FUN_00515286
save-server	005153d0	278	FUN_005153d0
save-server	005154e6	55	?OnSize@CFrameWnd@@IAEXIHH@Z
save-server	0051551d	44	?OnEraseBkgnd@CFrameWnd@@IAEHPAVCDC@@@Z
save-server	00515549	227	FUN_00515549
save-server	0051562c	101	?ActivateFrame@CFrameWnd@@UAEXH@Z
save-server	00515691	71	?BringToTop@CFrameWnd@@IAEXH@Z
save-server	005156d8	56	FUN_005156d8
save-server	00515710	239	?Dump@CFrameWnd@@UBEXAAVCDumpContext@@@Z
save-server	005157ff	123	FUN_005157ff
save-server	0051587a	79	FUN_0051587a
save-server	005158d0	43	FUN_005158d0
save-server	00515900	242	FUN_00515900
save-server	00515a2c	16	FUN_00515a2c
save-server	00515a3c	152	FUN_00515a3c
save-server	00515ad4	156	FUN_00515ad4
save-server	00515b70	70	FUN_00515b70
save-server	00515bb6	93	FUN_00515bb6
save-server	00515c13	106	FUN_00515c13
save-server	00515c7d	282	FUN_00515c7d
save-server	00515d97	121	FUN_00515d97
save-server	00515e10	85	?Cleanup@CPropertyPage@@IAEXXZ
save-server	00515e65	318	FUN_00515e65
save-server	00515fa3	75	FUN_00515fa3
save-server	00515fee	470	FUN_00515fee
save-server	005161c4	122	FUN_005161c4
save-server	0051623e	179	FUN_0051623e
save-server	005162f1	128	FUN_005162f1
save-server	00516371	49	?OnApply@CPropertyPage@@UAEHXZ
save-server	005163a2	44	FUN_005163a2
save-server	005163ce	30	FUN_005163ce
save-server	005163ec	30	FUN_005163ec
save-server	0051640a	72	?OnSetActive@CPropertyPage@@UAEHXZ
save-server	00516452	71	FUN_00516452
save-server	00516499	16	FUN_00516499
save-server	005164a9	13	FUN_005164a9
save-server	005164b6	13	FUN_005164b6
save-server	005164c3	16	FUN_005164c3
save-server	005164d3	209	FUN_005164d3
save-server	005165a4	62	?IsButtonEnabled@CPropertyPage@@IAEHH@Z
save-server	005165e2	533	FUN_005165e2
save-server	0051681f	63	FUN_0051681f
save-server	0051685e	125	FUN_0051685e
save-server	005168db	176	FUN_005168db
save-server	0051698b	105	FUN_0051698b
save-server	005169f4	58	?EndDialog@CPropertyPage@@QAEXH@Z
save-server	00516a2e	16	FUN_00516a2e
save-server	00516a3e	55	FUN_00516a3e
save-server	00516a75	268	FUN_00516a75
save-server	00516b81	118	FUN_00516b81
save-server	00516bf7	207	FUN_00516bf7
save-server	00516cc6	177	FUN_00516cc6
save-server	00516d77	112	FUN_00516d77
save-server	00516de7	82	FUN_00516de7
save-server	00516e39	137	FUN_00516e39
save-server	00516ec2	25	FUN_00516ec2
save-server	00516edb	207	FUN_00516edb
save-server	00516faa	126	FUN_00516faa
save-server	00517028	151	?PreTranslateMessage@CPropertySheet@@UAEHPAUtagMSG@@@Z
save-server	005170bf	344	FUN_005170bf
save-server	00517217	111	?GetActivePage@CPropertySheet@@QBEPAVCPropertyPage@@XZ
save-server	00517286	101	FUN_00517286
save-server	005172eb	626	FUN_005172eb
save-server	0051755d	155	FUN_0051755d
save-server	005175f8	402	FUN_005175f8
save-server	0051778a	231	FUN_0051778a
save-server	00517871	92	FUN_00517871
save-server	005178cd	73	FUN_005178cd
save-server	00517916	62	FUN_00517916
save-server	00517954	73	?GetPageIndex@CPropertySheet@@QAEHPAVCPropertyPage@@@Z
save-server	0051799d	174	FUN_0051799d
save-server	00517a4b	400	FUN_00517a4b
save-server	00517bdb	174	FUN_00517bdb
save-server	00517c89	77	FUN_00517c89
save-server	00517cd6	86	?EndDialog@CPropertySheet@@QAEXH@Z
save-server	00517d2c	54	?OnClose@CPropertySheet@@IAEXXZ
save-server	00517d62	84	?OnSysCommand@CPropertySheet@@IAEXIJ@Z
save-server	00517db6	727	FUN_00517db6
save-server	0051808d	38	FUN_0051808d
save-server	005180b3	35	FUN_005180b3
save-server	005180d6	177	FUN_005180d6
save-server	00518187	93	?OnCommandHelp@CPropertySheet@@IAEJIJ@Z
save-server	005181e4	125	FUN_005181e4
save-server	00518261	115	FUN_00518261
save-server	005182d4	191	FUN_005182d4
save-server	00518393	182	FUN_00518393
save-server	00518449	185	FUN_00518449
save-server	00518502	81	FUN_00518502
save-server	00518553	104	FUN_00518553
save-server	005185bb	128	FUN_005185bb
save-server	0051863b	393	FUN_0051863b
save-server	005187c4	176	FUN_005187c4
save-server	00518874	187	FUN_00518874
save-server	0051892f	94	FUN_0051892f
save-server	0051898d	189	FUN_0051898d
save-server	00518a4a	159	FUN_00518a4a
save-server	00518ae9	124	FUN_00518ae9
save-server	00518b65	94	FUN_00518b65
save-server	00518bc3	282	FUN_00518bc3
save-server	00518cdd	444	FUN_00518cdd
save-server	00518e99	99	FUN_00518e99
save-server	00518efc	515	FUN_00518efc
save-server	005190ff	121	FUN_005190ff
save-server	00519178	191	FUN_00519178
save-server	00519240	43	FUN_00519240
save-server	00519270	43	FUN_00519270
save-server	005192a0	43	FUN_005192a0
save-server	005192d0	96	FUN_005192d0
save-server	00519330	43	FUN_00519330
save-server	00519360	25	FUN_00519360
save-server	00519379	10	FUN_00519379
save-server	00519383	23	FUN_00519383
save-server	0051939a	147	FUN_0051939a
save-server	0051942d	616	FUN_0051942d
save-server	00519695	20	FUN_00519695
save-server	005196a9	899	FUN_005196a9
save-server	00519a2c	226	FUN_00519a2c
save-server	00519b0e	192	FUN_00519b0e
save-server	00519bce	157	FUN_00519bce
save-server	00519c6b	81	?Track@CRectTracker@@QAEHPAVCWnd@@VCPoint@@H0@Z
save-server	00519cbc	73	?TrackRubberBand@CRectTracker@@QAEHPAVCWnd@@VCPoint@@H@Z
save-server	00519d05	360	FUN_00519d05
save-server	00519e6d	490	FUN_00519e6d
save-server	0051a057	208	FUN_0051a057
save-server	0051a127	13	FUN_0051a127
save-server	0051a134	387	FUN_0051a134
save-server	0051a2b7	180	FUN_0051a2b7
save-server	0051a36b	307	FUN_0051a36b
save-server	0051a49e	1073	FUN_0051a49e
save-server	0051a8cf	316	FUN_0051a8cf
save-server	0051aa0b	108	FUN_0051aa0b
save-server	0051aa80	104	FUN_0051aa80
save-server	0051aae8	30	FUN_0051aae8
save-server	0051ab06	29	?AfxOleLockApp@@YGXXZ
save-server	0051ab23	76	FUN_0051ab23
save-server	0051ab6f	100	FUN_0051ab6f
save-server	0051abd3	22	FUN_0051abd3
save-server	0051abf0	275	FUN_0051abf0
save-server	0051ad03	50	FID_conflict:??1_AFX_MAIL_STATE@@UAE@XZ
save-server	0051ad35	16	FUN_0051ad35
save-server	0051ad45	56	FUN_0051ad45
save-server	0051ad7d	81	FUN_0051ad7d
save-server	0051adce	324	FUN_0051adce
save-server	0051af12	119	FUN_0051af12
save-server	0051af89	299	FUN_0051af89
save-server	0051b0b4	123	FUN_0051b0b4
save-server	0051b12f	42	?OnGetCheckPosition@CCheckListBox@@UAE?AVCRect@@V2@0@Z
save-server	0051b159	621	FUN_0051b159
save-server	0051b3c6	61	FUN_0051b3c6
save-server	0051b403	984	FUN_0051b403
save-server	0051b7db	206	FUN_0051b7db
save-server	0051b8a9	105	FUN_0051b8a9
save-server	0051b912	142	FUN_0051b912
save-server	0051b9a0	287	FUN_0051b9a0
save-server	0051bae2	66	FUN_0051bae2
save-server	0051bb24	263	FUN_0051bb24
save-server	0051bc2b	92	?InvalidateCheck@CCheckListBox@@IAEXH@Z
save-server	0051bc87	63	?InvalidateItem@CCheckListBox@@IAEXH@Z
save-server	0051bcc6	283	FUN_0051bcc6
save-server	0051bde1	170	FUN_0051bde1
save-server	0051be8b	366	FUN_0051be8b
save-server	0051bff9	83	?OnLButtonDblClk@CCheckListBox@@IAEXIVCPoint@@@Z
save-server	0051c04c	562	FUN_0051c04c
save-server	0051c27e	72	FID_conflict:?OnCreate@CCheckListBox@@IAEHPAUtagCREATESTRUCTA@@@Z
save-server	0051c2c6	58	?OnSetFont@CCheckListBox@@IAEJIJ@Z
save-server	0051c300	221	FUN_0051c300
save-server	0051c3dd	129	FUN_0051c3dd
save-server	0051c45e	129	FUN_0051c45e
save-server	0051c4df	79	?OnLBGetItemData@CCheckListBox@@IAEJIJ@Z
save-server	0051c52e	95	FUN_0051c52e
save-server	0051c58d	221	FUN_0051c58d
save-server	0051c66a	141	FUN_0051c66a
save-server	0051c6f7	237	?OnLBSetItemData@CCheckListBox@@IAEJIJ@Z
save-server	0051c7e4	100	FUN_0051c7e4
save-server	0051c850	43	FUN_0051c850
save-server	0051c880	43	??0AFX_CHECK_DATA@@QAE@XZ
save-server	0051c8b0	15	FUN_0051c8b0
save-server	0051c8bf	10	FUN_0051c8bf
save-server	0051c8c9	23	FUN_0051c8c9
save-server	0051c8e0	323	FUN_0051c8e0
save-server	0051ca23	323	FUN_0051ca23
save-server	0051cb66	83	FUN_0051cb66
save-server	0051cbb9	83	FUN_0051cbb9
save-server	0051cc0c	144	FUN_0051cc0c
save-server	0051cc9c	842	FUN_0051cc9c
save-server	0051cfe6	119	FUN_0051cfe6
save-server	0051d05d	151	FUN_0051d05d
save-server	0051d0f4	67	?Draw3dRect@CDC@@QAEXPBUtagRECT@@KK@Z
save-server	0051d137	129	?Draw3dRect@CDC@@QAEXHHHHKK@Z
save-server	0051d1b8	120	FUN_0051d1b8
save-server	0051d230	288	FUN_0051d230
save-server	0051d350	98	?NormalizeRect@CRect@@QAEXXZ
save-server	0051d3b2	82	?InflateRect@CRect@@QAEXPBUtagRECT@@@Z
save-server	0051d404	71	?InflateRect@CRect@@QAEXHHHH@Z
save-server	0051d44b	82	?DeflateRect@CRect@@QAEXPBUtagRECT@@@Z
save-server	0051d49d	71	?DeflateRect@CRect@@QAEXHHHH@Z
save-server	0051d4e4	111	?MulDiv@CRect@@QBE?AV1@HH@Z
save-server	0051d560	25	FUN_0051d560
save-server	0051d579	10	FUN_0051d579
save-server	0051d583	23	FUN_0051d583
save-server	0051d59a	16	FUN_0051d59a
save-server	0051d5aa	112	FUN_0051d5aa
save-server	0051d61a	473	FUN_0051d61a
save-server	0051d7f3	99	??1CMiniFrameWnd@@UAE@XZ
save-server	0051d856	47	FID_conflict:?Create@CMiniFrameWnd@@UAEHPBD0KABUtagRECT@@PAVCWnd@@I@Z
save-server	0051d885	152	FID_conflict:?CreateEx@CMiniFrameWnd@@UAEHKPBD0KABUtagRECT@@PAVCWnd@@I@Z
save-server	0051d91d	214	FUN_0051d91d
save-server	0051d9f3	153	FUN_0051d9f3
save-server	0051da8c	111	?OnGetMinMaxInfo@CMiniFrameWnd@@QAEXPAUtagMINMAXINFO@@@Z
save-server	0051dafb	119	FUN_0051dafb
save-server	0051db72	153	FUN_0051db72
save-server	0051dc0b	1163	FUN_0051dc0b
save-server	0051e0b8	92	FUN_0051e0b8
save-server	0051e114	156	FUN_0051e114
save-server	0051e1b0	109	FUN_0051e1b0
save-server	0051e21d	176	FUN_0051e21d
save-server	0051e2cd	200	FUN_0051e2cd
save-server	0051e395	1686	FUN_0051e395
save-server	0051ea2b	136	FUN_0051ea2b
save-server	0051eab3	155	FUN_0051eab3
save-server	0051eb4e	146	FUN_0051eb4e
save-server	0051ebe0	100	FUN_0051ebe0
save-server	0051ec44	46	FUN_0051ec44
save-server	0051ec72	180	FUN_0051ec72
save-server	0051ed63	383	FUN_0051ed63
save-server	0051eee2	68	?OnQueryCenterWnd@CMiniFrameWnd@@QAEJIJ@Z
save-server	0051ef30	43	FUN_0051ef30
save-server	0051ef60	165	FUN_0051ef60
save-server	0051f005	311	FUN_0051f005
save-server	0051f13c	71	?DockControlBar@CFrameWnd@@QAEXPAVCControlBar@@IPBUtagRECT@@@Z
save-server	0051f183	322	FUN_0051f183
save-server	0051f2c5	430	FUN_0051f2c5
save-server	0051f473	667	FUN_0051f473
save-server	0051f70e	295	FUN_0051f70e
save-server	0051f840	66	??0CSharedFile@@QAE@II@Z
save-server	0051f882	128	FUN_0051f882
save-server	0051f902	183	FUN_0051f902
save-server	0051f9b9	100	FUN_0051f9b9
save-server	0051fa1d	138	FUN_0051fa1d
save-server	0051faa7	77	FUN_0051faa7
save-server	0051faf4	93	FUN_0051faf4
save-server	0051fb60	43	FUN_0051fb60
save-server	00524790	23	FUN_00524790
save-server	005247a7	20	FUN_005247a7
save-server	005247bb	13	FUN_005247bb
save-server	005247c8	10	FUN_005247c8
save-server	005247d2	21	FUN_005247d2
save-server	005247e7	21	FUN_005247e7
save-server	005247fc	28	FUN_005247fc
save-server	00524818	51	??0CSimpleException@@QAE@XZ
save-server	0052484b	57	??0CSimpleException@@QAE@H@Z
save-server	00524884	28	FUN_00524884
save-server	005248a0	31	FUN_005248a0
save-server	005248bf	49	FID_conflict:??0CNotSupportedException@@QAE@HI@Z
save-server	005248f0	28	FUN_005248f0
save-server	0052490c	31	FUN_0052490c
save-server	0052492b	49	FID_conflict:??0CNotSupportedException@@QAE@HI@Z
save-server	0052495c	28	FUN_0052495c
save-server	00524978	117	FUN_00524978
save-server	005249ed	84	FUN_005249ed
save-server	00524a41	126	FUN_00524a41
save-server	00524abf	84	FUN_00524abf
save-server	00524b13	17	FUN_00524b13
save-server	00524b24	32	?Connect@CAsyncSocket@@QAEHPBUsockaddr@@H@Z
save-server	00524b44	32	FUN_00524b44
save-server	00524b64	26	FUN_00524b64
save-server	00524b7e	26	FUN_00524b7e
save-server	00524b98	88	FUN_00524b98
save-server	00524bf0	24	FUN_00524bf0
save-server	00524c08	24	FUN_00524c08
save-server	00524c20	27	FUN_00524c20
save-server	00524c3b	24	FUN_00524c3b
save-server	00524c53	24	FUN_00524c53
save-server	00524c6b	27	FUN_00524c6b
save-server	00524c86	27	FUN_00524c86
save-server	00524ca1	24	FUN_00524ca1
save-server	00524cb9	56	FUN_00524cb9
save-server	00524cf1	22	FUN_00524cf1
save-server	00524d07	25	FUN_00524d07
save-server	00524d20	36	FUN_00524d20
save-server	00524d44	28	FUN_00524d44
save-server	00524d60	22	FUN_00524d60
save-server	00524d76	22	FUN_00524d76
save-server	00524d8c	30	FUN_00524d8c
save-server	00524daa	16	FUN_00524daa
save-server	00524dba	41	FUN_00524dba
save-server	00524de3	78	FUN_00524de3
save-server	00524e31	78	FUN_00524e31
save-server	00524e7f	78	FUN_00524e7f
save-server	00524ecd	78	FUN_00524ecd
save-server	00524f1b	104	FUN_00524f1b
save-server	00524f83	104	FUN_00524f83
save-server	00524feb	29	FUN_00524feb
save-server	00525008	24	FUN_00525008
save-server	00525020	24	FUN_00525020
save-server	00525038	30	FUN_00525038
save-server	00525056	25	FUN_00525056
save-server	0052506f	25	FUN_0052506f
save-server	00525088	33	FUN_00525088
save-server	005250a9	28	FUN_005250a9
save-server	005250c5	28	FUN_005250c5
save-server	005250e1	33	FUN_005250e1
save-server	00525102	28	FUN_00525102
save-server	0052511e	28	FUN_0052511e
save-server	0052513a	33	FUN_0052513a
save-server	0052515b	28	FUN_0052515b
save-server	00525177	28	FUN_00525177
save-server	00525193	33	FUN_00525193
save-server	005251b4	28	FUN_005251b4
save-server	005251d0	28	FUN_005251d0
save-server	005251ec	14	FUN_005251ec
save-server	005251fa	24	FUN_005251fa
save-server	00525212	48	FUN_00525212
save-server	00525242	26	FUN_00525242
save-server	0052525c	26	FUN_0052525c
save-server	00525276	24	FUN_00525276
save-server	0052528e	24	FUN_0052528e
save-server	005252a6	38	FUN_005252a6
save-server	005252cc	24	FUN_005252cc
save-server	005252e4	38	FUN_005252e4
save-server	0052530a	16	FUN_0052530a
save-server	0052531a	38	FUN_0052531a
save-server	00525340	33	FUN_00525340
save-server	00525361	33	FUN_00525361
save-server	00525382	29	FUN_00525382
save-server	0052539f	29	FUN_0052539f
save-server	005253bc	26	FUN_005253bc
save-server	005253d6	26	FUN_005253d6
save-server	005253f0	26	FUN_005253f0
save-server	0052540a	26	FUN_0052540a
save-server	00525424	26	FUN_00525424
save-server	0052543e	26	FUN_0052543e
save-server	00525458	14	FUN_00525458
save-server	00525466	24	FUN_00525466
save-server	0052547e	26	FUN_0052547e
save-server	00525498	26	FUN_00525498
save-server	005254b2	24	FUN_005254b2
save-server	005254ca	16	FUN_005254ca
save-server	005254da	29	FUN_005254da
save-server	005254f7	27	FUN_005254f7
save-server	00525512	24	FUN_00525512
save-server	0052552a	24	FUN_0052552a
save-server	00525542	24	FUN_00525542
save-server	0052555a	23	FUN_0052555a
save-server	00525571	27	FUN_00525571
save-server	0052558c	33	FUN_0052558c
save-server	005255ad	33	FUN_005255ad
save-server	005255ce	33	FUN_005255ce
save-server	005255ef	29	FUN_005255ef
save-server	0052560c	29	FUN_0052560c
save-server	00525629	26	FUN_00525629
save-server	00525643	26	FUN_00525643
save-server	0052565d	26	FUN_0052565d
save-server	00525677	26	FUN_00525677
save-server	00525691	26	FUN_00525691
save-server	005256ab	26	FUN_005256ab
save-server	005256c5	26	FUN_005256c5
save-server	005256df	25	FUN_005256df
save-server	005256f8	25	FUN_005256f8
save-server	00525711	28	FUN_00525711
save-server	0052572d	17	FUN_0052572d
save-server	0052573e	22	FUN_0052573e
save-server	00525754	110	FUN_00525754
save-server	005257c2	101	FUN_005257c2
save-server	00525827	25	FUN_00525827
save-server	00525840	25	FUN_00525840
save-server	00525859	26	FUN_00525859
save-server	00525873	25	FUN_00525873
save-server	0052588c	67	FUN_0052588c
save-server	005258cf	69	FUN_005258cf
save-server	00525914	67	FUN_00525914
save-server	00525957	67	FUN_00525957
save-server	0052599a	67	FUN_0052599a
save-server	005259dd	73	FUN_005259dd
save-server	00525a26	25	FUN_00525a26
save-server	00525a3f	25	FUN_00525a3f
save-server	00525a58	25	FUN_00525a58
save-server	00525a71	25	FUN_00525a71
save-server	00525a8a	89	FUN_00525a8a
save-server	00525ae3	91	FUN_00525ae3
save-server	00525b3e	89	FUN_00525b3e
save-server	00525b97	89	FUN_00525b97
save-server	00525bf0	95	FUN_00525bf0
save-server	00525c4f	89	FUN_00525c4f
save-server	00525ca8	27	FUN_00525ca8
save-server	00525cc3	13	FUN_00525cc3
save-server	00525cd0	22	??6@YGAAVCArchive@@AAV0@PBVCObject@@@Z
save-server	00525ce6	25	??5@YGAAVCArchive@@AAV0@AAPAVCObject@@@Z
save-server	00525cff	25	FUN_00525cff
save-server	00525d18	16	?GetDepth@CDumpContext@@QBEHXZ
save-server	00525d28	21	FUN_00525d28
save-server	00525d3d	16	FUN_00525d3d
save-server	00525d4d	13	FUN_00525d4d
save-server	00525d5a	17	FUN_00525d5a
save-server	00525d6b	20	FUN_00525d6b
save-server	00525d7f	23	FUN_00525d7f
save-server	00525d96	71	FUN_00525d96
save-server	00525ddd	74	FUN_00525ddd
save-server	00525e27	68	FUN_00525e27
save-server	00525e6b	17	FUN_00525e6b
save-server	00525e7c	17	FUN_00525e7c
save-server	00525e8d	43	?Add@CByteArray@@QAEHE@Z
save-server	00525eb8	25	FUN_00525eb8
save-server	00525ed1	25	FUN_00525ed1
save-server	00525eea	17	FUN_00525eea
save-server	00525efb	20	FUN_00525efb
save-server	00525f0f	23	FUN_00525f0f
save-server	00525f26	72	FUN_00525f26
save-server	00525f6e	76	FUN_00525f6e
save-server	00525fba	71	FUN_00525fba
save-server	00526001	17	FUN_00526001
save-server	00526012	17	FUN_00526012
save-server	00526023	44	?Add@CWordArray@@QAEHG@Z
save-server	0052604f	25	FUN_0052604f
save-server	00526068	25	FUN_00526068
save-server	00526081	17	FUN_00526081
save-server	00526092	20	FUN_00526092
save-server	005260a6	23	FUN_005260a6
save-server	005260bd	71	FUN_005260bd
save-server	00526104	74	FUN_00526104
save-server	0052614e	71	FUN_0052614e
save-server	00526195	17	FUN_00526195
save-server	005261a6	17	FUN_005261a6
save-server	005261b7	43	FUN_005261b7
save-server	005261e2	25	FUN_005261e2
save-server	005261fb	25	FUN_005261fb
save-server	00526214	17	FUN_00526214
save-server	00526225	20	FUN_00526225
save-server	00526239	23	FUN_00526239
save-server	00526250	71	FUN_00526250
save-server	00526297	74	FUN_00526297
save-server	005262e1	74	FUN_005262e1
save-server	0052632b	17	FUN_0052632b
save-server	0052633c	17	FUN_0052633c
save-server	0052634d	43	FUN_0052634d
save-server	00526378	25	FUN_00526378
save-server	00526391	25	FUN_00526391
save-server	005263aa	17	FUN_005263aa
save-server	005263bb	20	FUN_005263bb
save-server	005263cf	23	FUN_005263cf
save-server	005263e6	74	FUN_005263e6
save-server	00526430	77	FUN_00526430
save-server	0052647d	74	FUN_0052647d
save-server	005264c7	17	FUN_005264c7
save-server	005264d8	17	FUN_005264d8
save-server	005264e9	43	FUN_005264e9
save-server	00526514	25	FUN_00526514
save-server	0052652d	25	FUN_0052652d
save-server	00526546	17	FUN_00526546
save-server	00526557	20	FUN_00526557
save-server	0052656b	23	FUN_0052656b
save-server	00526582	74	FUN_00526582
save-server	005265cc	77	FUN_005265cc
save-server	00526619	74	FUN_00526619
save-server	00526663	17	FUN_00526663
save-server	00526674	17	FUN_00526674
save-server	00526685	43	FUN_00526685
save-server	005266b0	25	FUN_005266b0
save-server	005266c9	25	FUN_005266c9
save-server	005266e2	17	FUN_005266e2
save-server	005266f3	20	FUN_005266f3
save-server	00526707	23	FUN_00526707
save-server	0052671e	104	FUN_0052671e
save-server	00526786	83	FUN_00526786
save-server	005267d9	83	FUN_005267d9
save-server	0052682c	74	FUN_0052682c
save-server	00526876	17	FUN_00526876
save-server	00526887	17	FUN_00526887
save-server	00526898	43	FUN_00526898
save-server	005268c3	43	FUN_005268c3
save-server	005268ee	50	FUN_005268ee
save-server	00526920	25	FUN_00526920
save-server	00526939	17	FUN_00526939
save-server	0052694a	25	?IsEmpty@CPtrList@@QBEHXZ
save-server	00526963	61	FUN_00526963
save-server	005269a0	61	FUN_005269a0
save-server	005269dd	61	FUN_005269dd
save-server	00526a1a	61	FUN_00526a1a
save-server	00526a57	17	FUN_00526a57
save-server	00526a68	17	FUN_00526a68
save-server	00526a79	88	FUN_00526a79
save-server	00526ad1	88	FUN_00526ad1
save-server	00526b29	89	FUN_00526b29
save-server	00526b82	89	FUN_00526b82
save-server	00526bdb	76	FUN_00526bdb
save-server	00526c27	76	FUN_00526c27
save-server	00526c73	79	FUN_00526c73
save-server	00526cc2	17	FUN_00526cc2
save-server	00526cd3	25	FUN_00526cd3
save-server	00526cec	61	FUN_00526cec
save-server	00526d29	61	FUN_00526d29
save-server	00526d66	61	FUN_00526d66
save-server	00526da3	61	FUN_00526da3
save-server	00526de0	17	FUN_00526de0
save-server	00526df1	17	FUN_00526df1
save-server	00526e02	88	FUN_00526e02
save-server	00526e5a	88	FUN_00526e5a
save-server	00526eb2	89	FUN_00526eb2
save-server	00526f0b	89	FUN_00526f0b
save-server	00526f64	76	FUN_00526f64
save-server	00526fb0	76	FUN_00526fb0
save-server	00526ffc	79	FUN_00526ffc
save-server	0052704b	17	FUN_0052704b
save-server	0052705c	25	FUN_0052705c
save-server	00527075	61	FUN_00527075
save-server	005270b2	93	FUN_005270b2
save-server	0052710f	61	FUN_0052710f
save-server	0052714c	93	FUN_0052714c
save-server	005271a9	17	FUN_005271a9
save-server	005271ba	17	FUN_005271ba
save-server	005271cb	88	FUN_005271cb
save-server	00527223	116	FUN_00527223
save-server	00527297	89	FUN_00527297
save-server	005272f0	117	FUN_005272f0
save-server	00527365	76	FUN_00527365
save-server	005273b1	104	FUN_005273b1
save-server	00527419	85	FUN_00527419
save-server	0052746e	85	FUN_0052746e
save-server	005274c3	17	FUN_005274c3
save-server	005274d4	25	FUN_005274d4
save-server	005274ed	31	FUN_005274ed
save-server	0052750c	21	FUN_0052750c
save-server	00527521	17	FUN_00527521
save-server	00527532	17	FUN_00527532
save-server	00527543	25	FUN_00527543
save-server	0052755c	32	?SetAt@CMapPtrToWord@@QAEXPAXG@Z
save-server	0052757c	21	FUN_0052757c
save-server	00527591	17	FUN_00527591
save-server	005275a2	17	FUN_005275a2
save-server	005275b3	25	FUN_005275b3
save-server	005275cc	30	FUN_005275cc
save-server	005275ea	21	FID_conflict:?GetStartPosition@CMapPtrToPtr@@QBEPAU__POSITION@@XZ
save-server	005275ff	17	FUN_005275ff
save-server	00527610	17	FUN_00527610
save-server	00527621	25	FUN_00527621
save-server	0052763a	31	FUN_0052763a
save-server	00527659	21	FUN_00527659
save-server	0052766e	17	FUN_0052766e
save-server	0052767f	17	FUN_0052767f
save-server	00527690	25	FUN_00527690
save-server	005276a9	30	FUN_005276a9
save-server	005276c7	21	FUN_005276c7
save-server	005276dc	17	FUN_005276dc
save-server	005276ed	17	FUN_005276ed
save-server	005276fe	25	FUN_005276fe
save-server	00527717	30	FUN_00527717
save-server	00527735	21	FUN_00527735
save-server	0052774a	17	FUN_0052774a
save-server	0052775b	17	FUN_0052775b
save-server	0052776c	25	FUN_0052776c
save-server	00527785	36	FUN_00527785
save-server	005277a9	21	FUN_005277a9
save-server	005277be	17	FUN_005277be
save-server	005277cf	39	??0CCommonDialog@@QAE@PAVCWnd@@@Z
save-server	005277f6	29	?PrintSelection@CPrintDialogEx@@QBEHXZ
save-server	00527813	40	FUN_00527813
save-server	0052783b	17	FUN_0052783b
save-server	0052784c	52	FUN_0052784c
save-server	00527880	52	FUN_00527880
save-server	005278b4	17	FUN_005278b4
save-server	005278c5	20	FUN_005278c5
save-server	005278d9	30	FUN_005278d9
save-server	005278f7	30	FUN_005278f7
save-server	00527915	29	FUN_00527915
save-server	00527932	30	FUN_00527932
save-server	00527950	17	FUN_00527950
save-server	00527961	17	FUN_00527961
save-server	00527972	29	FID_conflict:?PrintRange@CPrintDialog@@QBEHXZ
save-server	0052798f	29	FID_conflict:?PrintRange@CPrintDialog@@QBEHXZ
save-server	005279ac	56	?PrintAll@CPrintDialog@@QBEHXZ
save-server	005279e4	29	FUN_005279e4
save-server	00527a01	52	FUN_00527a01
save-server	00527a35	52	FUN_00527a35
save-server	00527a69	83	FUN_00527a69
save-server	00527abc	26	FUN_00527abc
save-server	00527ad6	49	FUN_00527ad6
save-server	00527b07	49	FUN_00527b07
save-server	00527b38	26	FUN_00527b38
save-server	00527b52	26	FUN_00527b52
save-server	00527b6c	26	FUN_00527b6c
save-server	00527b86	26	FUN_00527b86
save-server	00527ba0	26	FUN_00527ba0
save-server	00527bba	26	FUN_00527bba
save-server	00527bd4	42	FUN_00527bd4
save-server	00527bfe	26	FUN_00527bfe
save-server	00527c18	83	FUN_00527c18
save-server	00527c6b	83	FUN_00527c6b
save-server	00527cbe	85	FUN_00527cbe
save-server	00527d13	83	FUN_00527d13
save-server	00527d66	33	FUN_00527d66
save-server	00527d87	32	FUN_00527d87
save-server	00527da7	38	FUN_00527da7
save-server	00527dcd	30	FUN_00527dcd
save-server	00527deb	32	FUN_00527deb
save-server	00527e0b	26	FID_conflict:?CloseEnhanced@CMetaFileDC@@QAEPAUHENHMETAFILE__@@XZ
save-server	00527e25	49	FID_conflict:?CreateEnhanced@CMetaFileDC@@QAEHPAVCDC@@PBDPBUtagRECT@@1@Z
save-server	00527e56	26	FID_conflict:?CloseEnhanced@CMetaFileDC@@QAEPAUHENHMETAFILE__@@XZ
save-server	00527e70	77	FUN_00527e70
save-server	00527ebd	77	FUN_00527ebd
save-server	00527f0a	88	FUN_00527f0a
save-server	00527f62	102	FUN_00527f62
save-server	00527fc8	114	FUN_00527fc8
save-server	0052803a	88	FUN_0052803a
save-server	00528092	70	FUN_00528092
save-server	005280d8	17	FUN_005280d8
save-server	005280e9	17	FUN_005280e9
save-server	005280fa	33	FUN_005280fa
save-server	0052811b	35	FUN_0052811b
save-server	0052813e	20	?IsTracking@CSplitterWnd@@QAEHXZ
save-server	00528152	17	FUN_00528152
save-server	00528163	17	FUN_00528163
save-server	00528174	48	FUN_00528174
save-server	005281a4	52	?GetBorders@CControlBar@@QBE?AVCRect@@XZ
save-server	005281d8	30	FUN_005281d8
save-server	005281f6	30	FUN_005281f6
save-server	00528214	14	FUN_00528214
save-server	00528222	43	FUN_00528222
save-server	0052824d	14	FUN_0052824d
save-server	0052825b	48	FUN_0052825b
save-server	0052828b	72	FUN_0052828b
save-server	005282d3	51	FUN_005282d3
save-server	00528306	14	FUN_00528306
save-server	00528314	51	FUN_00528314
save-server	00528347	75	FUN_00528347
save-server	00528392	132	FUN_00528392
save-server	00528416	59	FUN_00528416
save-server	00528451	29	FUN_00528451
save-server	0052846e	29	FUN_0052846e
save-server	0052848b	25	FUN_0052848b
save-server	005284a4	25	FUN_005284a4
save-server	005284bd	25	FUN_005284bd
save-server	005284d6	25	FUN_005284d6
save-server	005284ef	14	FUN_005284ef
save-server	00528500	43	FUN_00528500
save-server	00528530	43	FUN_00528530
save-server	00528560	43	FUN_00528560
save-server	00528590	43	FUN_00528590
save-server	005285c0	43	FUN_005285c0
save-server	005285f0	43	FUN_005285f0
save-server	00528620	43	FUN_00528620
save-server	00528650	43	FUN_00528650
save-server	00528680	19	FUN_00528680
save-server	005286a0	46	FUN_005286a0
save-server	005286d0	43	FUN_005286d0
save-server	00528700	120	??1CBitmapButton@@UAE@XZ
save-server	00528780	110	FUN_00528780
save-server	005287ee	56	??0CDumpContext@@QAE@PAVCFile@@@Z
save-server	00528826	37	FUN_00528826
save-server	0052884b	318	FUN_0052884b
save-server	00528989	57	FUN_00528989
save-server	005289c2	57	FUN_005289c2
save-server	005289fb	52	FUN_005289fb
save-server	00528a2f	52	FUN_00528a2f
save-server	00528a63	52	FUN_00528a63
save-server	00528a97	52	FUN_00528a97
save-server	00528acb	64	FUN_00528acb
save-server	00528b0b	25	FUN_00528b0b
save-server	00528b24	52	FUN_00528b24
save-server	00528b58	365	FUN_00528b58
save-server	00528cc5	110	FUN_00528cc5
save-server	00528d40	77	?AfxAssertFailedLine@@YGHPBDH@Z
save-server	00528d90	541	FUN_00528d90
save-server	00528fad	596	FUN_00528fad
save-server	00529210	53	FUN_00529210
save-server	00529245	52	FUN_00529245
save-server	0052b540	40	??BCWnd@@QBEPAUHWND__@@XZ
save-server	0052b568	34	FUN_0052b568
save-server	0052b58a	34	??9CWnd@@QBEHABV0@@Z
save-server	0052b5ac	40	FUN_0052b5ac
save-server	0052b5d4	53	?GetOwner@CWnd@@QBEPAV1@XZ
save-server	0052b609	48	?SetOwner@CWnd@@QAEXPAV1@@Z
save-server	0052b639	84	FUN_0052b639
save-server	0052b68d	84	FUN_0052b68d
save-server	0052b6e1	87	FUN_0052b6e1
save-server	0052b738	82	FUN_0052b738
save-server	0052b78a	76	FUN_0052b78a
save-server	0052b7d6	81	FUN_0052b7d6
save-server	0052b827	70	FUN_0052b827
save-server	0052b86d	82	FUN_0052b86d
save-server	0052b8bf	87	FUN_0052b8bf
save-server	0052b916	70	FUN_0052b916
save-server	0052b95c	70	FUN_0052b95c
save-server	0052b9a2	63	?MoveWindow@CWnd@@QAEXPBUtagRECT@@H@Z
save-server	0052b9e1	70	FUN_0052b9e1
save-server	0052ba27	80	FUN_0052ba27
save-server	0052ba77	82	FUN_0052ba77
save-server	0052bac9	70	FUN_0052bac9
save-server	0052bb0f	76	FUN_0052bb0f
save-server	0052bb5b	76	FUN_0052bb5b
save-server	0052bba7	89	FUN_0052bba7
save-server	0052bc00	87	FUN_0052bc00
save-server	0052bc57	76	FUN_0052bc57
save-server	0052bca3	76	FUN_0052bca3
save-server	0052bcef	82	FUN_0052bcef
save-server	0052bd41	76	FUN_0052bd41
save-server	0052bd8d	76	FUN_0052bd8d
save-server	0052bdd9	76	FUN_0052bdd9
save-server	0052be25	79	FUN_0052be25
save-server	0052be74	70	FUN_0052be74
save-server	0052beba	80	FUN_0052beba
save-server	0052bf0a	80	FUN_0052bf0a
save-server	0052bf5a	85	FUN_0052bf5a
save-server	0052bfaf	78	FUN_0052bfaf
save-server	0052bffd	83	FUN_0052bffd
save-server	0052c050	88	FUN_0052c050
save-server	0052c0a8	79	FUN_0052c0a8
save-server	0052c0f7	84	FUN_0052c0f7
save-server	0052c14b	73	FUN_0052c14b
save-server	0052c194	79	FUN_0052c194
save-server	0052c1e3	94	FUN_0052c1e3
save-server	0052c241	82	FUN_0052c241
save-server	0052c293	94	FUN_0052c293
save-server	0052c2f1	73	FUN_0052c2f1
save-server	0052c33a	68	FUN_0052c33a
save-server	0052c37e	92	FUN_0052c37e
save-server	0052c3da	83	FUN_0052c3da
save-server	0052c42d	87	FUN_0052c42d
save-server	0052c484	79	FUN_0052c484
save-server	0052c4d3	17	?GetActiveWindow@CWnd@@SGPAV1@XZ
save-server	0052c4e4	79	FUN_0052c4e4
save-server	0052c533	17	?GetCapture@CWnd@@SGPAV1@XZ
save-server	0052c544	79	FUN_0052c544
save-server	0052c593	17	?GetFocus@CWnd@@SGPAV1@XZ
save-server	0052c5a4	17	?GetDesktopWindow@CWnd@@SGPAV1@XZ
save-server	0052c5b5	91	FUN_0052c5b5
save-server	0052c610	91	FUN_0052c610
save-server	0052c66b	88	FUN_0052c66b
save-server	0052c6c3	88	FUN_0052c6c3
save-server	0052c71b	94	FUN_0052c71b
save-server	0052c779	94	FUN_0052c779
save-server	0052c7d7	83	FUN_0052c7d7
save-server	0052c82a	89	FUN_0052c82a
save-server	0052c883	93	FUN_0052c883
save-server	0052c8e0	27	FUN_0052c8e0
save-server	0052c8fb	87	FUN_0052c8fb
save-server	0052c952	79	FUN_0052c952
save-server	0052c9a1	85	FUN_0052c9a1
save-server	0052c9f6	79	FUN_0052c9f6
save-server	0052ca45	84	FUN_0052ca45
save-server	0052ca99	79	FUN_0052ca99
save-server	0052cae8	90	FUN_0052cae8
save-server	0052cb42	27	FUN_0052cb42
save-server	0052cb5d	79	FUN_0052cb5d
save-server	0052cbac	79	FUN_0052cbac
save-server	0052cbfb	73	FUN_0052cbfb
save-server	0052cc44	73	FUN_0052cc44
save-server	0052cc8d	17	FUN_0052cc8d
save-server	0052cc9e	17	FUN_0052cc9e
save-server	0052ccaf	17	FUN_0052ccaf
save-server	0052ccc0	88	FUN_0052ccc0
save-server	0052cd18	85	FUN_0052cd18
save-server	0052cd6d	85	FUN_0052cd6d
save-server	0052cdc2	47	?GetCaretPos@CWnd@@SG?AVCPoint@@XZ
save-server	0052cdf1	21	FUN_0052cdf1
save-server	0052ce06	73	FUN_0052ce06
save-server	0052ce4f	73	FUN_0052ce4f
save-server	0052ce98	73	FUN_0052ce98
save-server	0052cee1	17	?GetForegroundWindow@CWnd@@SGPAV1@XZ
save-server	0052cef2	87	FUN_0052cef2
save-server	0052cf49	88	FUN_0052cf49
save-server	0052cfa1	83	FUN_0052cfa1
save-server	0052cff4	93	FUN_0052cff4
save-server	0052d051	93	FUN_0052d051
save-server	0052d0ae	79	FUN_0052d0ae
save-server	0052d0fd	73	FUN_0052d0fd
save-server	0052d146	21	FUN_0052d146
save-server	0052d15b	21	FUN_0052d15b
save-server	0052d170	19	FUN_0052d170
save-server	0052d183	19	FUN_0052d183
save-server	0052d196	19	FUN_0052d196
save-server	0052d1a9	21	FUN_0052d1a9
save-server	0052d1be	21	FUN_0052d1be
save-server	0052d1d3	21	FID_conflict:?OnCreate@CWnd@@IAEHPAUtagCREATESTRUCTW@@@Z
save-server	0052d1e8	21	FUN_0052d1e8
save-server	0052d1fd	21	FUN_0052d1fd
save-server	0052d212	21	?OnEraseBkgnd@CWnd@@IAEHPAVCDC@@@Z
save-server	0052d227	21	?OnGetMinMaxInfo@CWnd@@IAEXPAUtagMINMAXINFO@@@Z
save-server	0052d23c	21	FUN_0052d23c
save-server	0052d251	21	FUN_0052d251
save-server	0052d266	21	FUN_0052d266
save-server	0052d27b	21	FUN_0052d27b
save-server	0052d290	21	FUN_0052d290
save-server	0052d2a5	19	FUN_0052d2a5
save-server	0052d2b8	19	FUN_0052d2b8
save-server	0052d2cb	19	FUN_0052d2cb
save-server	0052d2de	19	FUN_0052d2de
save-server	0052d2f1	19	FUN_0052d2f1
save-server	0052d304	21	?OnSetCursor@CWnd@@IAEHPAV1@II@Z
save-server	0052d319	21	FUN_0052d319
save-server	0052d32e	21	FUN_0052d32e
save-server	0052d343	21	?OnSize@CWnd@@IAEXIHH@Z
save-server	0052d358	21	FUN_0052d358
save-server	0052d36d	21	?OnWindowPosChanging@CWnd@@IAEXPAUtagWINDOWPOS@@@Z
save-server	0052d382	21	FUN_0052d382
save-server	0052d397	21	FUN_0052d397
save-server	0052d3ac	21	FUN_0052d3ac
save-server	0052d3c1	21	FUN_0052d3c1
save-server	0052d3d6	21	FUN_0052d3d6
save-server	0052d3eb	21	FID_conflict:?OnNcCreate@CWnd@@IAEHPAUtagCREATESTRUCTA@@@Z
save-server	0052d400	21	FUN_0052d400
save-server	0052d415	21	FUN_0052d415
save-server	0052d42a	21	FUN_0052d42a
save-server	0052d43f	21	FUN_0052d43f
save-server	0052d454	21	FUN_0052d454
save-server	0052d469	21	FUN_0052d469
save-server	0052d47e	21	FUN_0052d47e
save-server	0052d493	21	FUN_0052d493
save-server	0052d4a8	19	FUN_0052d4a8
save-server	0052d4bb	21	FUN_0052d4bb
save-server	0052d4d0	21	FUN_0052d4d0
save-server	0052d4e5	21	FUN_0052d4e5
save-server	0052d4fa	21	FUN_0052d4fa
save-server	0052d50f	21	FUN_0052d50f
save-server	0052d524	21	FUN_0052d524
save-server	0052d539	21	FUN_0052d539
save-server	0052d54e	21	FUN_0052d54e
save-server	0052d563	21	FUN_0052d563
save-server	0052d578	19	FUN_0052d578
save-server	0052d58b	21	FUN_0052d58b
save-server	0052d5a0	21	FUN_0052d5a0
save-server	0052d5b5	19	FUN_0052d5b5
save-server	0052d5c8	21	FUN_0052d5c8
save-server	0052d5dd	21	FUN_0052d5dd
save-server	0052d5f2	21	FUN_0052d5f2
save-server	0052d607	21	FUN_0052d607
save-server	0052d61c	21	?OnLButtonDblClk@CWnd@@IAEXIVCPoint@@@Z
save-server	0052d631	21	FUN_0052d631
save-server	0052d646	21	FUN_0052d646
save-server	0052d65b	21	FUN_0052d65b
save-server	0052d670	21	FUN_0052d670
save-server	0052d685	21	FUN_0052d685
save-server	0052d69a	21	?OnMouseActivate@CWnd@@IAEHPAV1@II@Z
save-server	0052d6af	21	FUN_0052d6af
save-server	0052d6c4	21	FUN_0052d6c4
save-server	0052d6d9	21	FUN_0052d6d9
save-server	0052d6ee	21	FUN_0052d6ee
save-server	0052d703	21	FUN_0052d703
save-server	0052d718	21	FUN_0052d718
save-server	0052d72d	21	FUN_0052d72d
save-server	0052d742	21	FUN_0052d742
save-server	0052d757	21	FUN_0052d757
save-server	0052d76c	21	FUN_0052d76c
save-server	0052d781	21	FUN_0052d781
save-server	0052d796	19	FUN_0052d796
save-server	0052d7a9	19	FUN_0052d7a9
save-server	0052d7bc	21	FUN_0052d7bc
save-server	0052d7d1	21	FUN_0052d7d1
save-server	0052d7e6	19	FUN_0052d7e6
save-server	0052d7f9	21	FUN_0052d7f9
save-server	0052d80e	21	FUN_0052d80e
save-server	0052d823	21	FUN_0052d823
save-server	0052d838	19	FUN_0052d838
save-server	0052d84b	21	FUN_0052d84b
save-server	0052d860	21	FUN_0052d860
save-server	0052d875	21	FUN_0052d875
save-server	0052d88a	21	FUN_0052d88a
save-server	0052d89f	21	FUN_0052d89f
save-server	0052d8b4	21	FUN_0052d8b4
save-server	0052d8c9	21	FUN_0052d8c9
save-server	0052d8de	21	FUN_0052d8de
save-server	0052d8f3	21	FUN_0052d8f3
save-server	0052d908	13	FUN_0052d908
save-server	0052d915	26	FUN_0052d915
save-server	0052d92f	26	FUN_0052d92f
save-server	0052d949	32	FUN_0052d949
save-server	0052d969	45	FUN_0052d969
save-server	0052d996	28	?InModalState@CFrameWnd@@QBEHXZ
save-server	0052d9b2	28	FUN_0052d9b2
save-server	0052d9ce	31	FUN_0052d9ce
save-server	0052d9ed	51	FUN_0052d9ed
save-server	0052da20	35	FUN_0052da20
save-server	0052da43	79	FUN_0052da43
save-server	0052da92	22	FUN_0052da92
save-server	0052daa8	79	FUN_0052daa8
save-server	0052daf7	79	FUN_0052daf7
save-server	0052db46	86	FUN_0052db46
save-server	0052db9c	86	FUN_0052db9c
save-server	0052dbf2	82	FUN_0052dbf2
save-server	0052dc44	31	FUN_0052dc44
save-server	0052dc63	86	FUN_0052dc63
save-server	0052dcb9	82	FUN_0052dcb9
save-server	0052dd0b	86	FUN_0052dd0b
save-server	0052dd61	82	FUN_0052dd61
save-server	0052ddb3	86	FUN_0052ddb3
save-server	0052de09	82	FUN_0052de09
save-server	0052de5b	86	FUN_0052de5b
save-server	0052deb1	82	FUN_0052deb1
save-server	0052df03	31	FUN_0052df03
save-server	0052df22	82	FUN_0052df22
save-server	0052df74	37	?SetState@CButton@@QAEXH@Z
save-server	0052df99	82	FUN_0052df99
save-server	0052dfeb	86	FUN_0052dfeb
save-server	0052e041	80	FUN_0052e041
save-server	0052e091	88	FUN_0052e091
save-server	0052e0e9	86	FUN_0052e0e9
save-server	0052e13f	82	FUN_0052e13f
save-server	0052e191	86	FUN_0052e191
save-server	0052e1e7	82	FUN_0052e1e7
save-server	0052e239	86	FUN_0052e239
save-server	0052e28f	82	FUN_0052e28f
save-server	0052e2e1	31	FUN_0052e2e1
save-server	0052e300	82	FUN_0052e300
save-server	0052e352	82	FUN_0052e352
save-server	0052e3a4	86	FUN_0052e3a4
save-server	0052e3fa	82	FUN_0052e3fa
save-server	0052e44c	86	FUN_0052e44c
save-server	0052e4a2	82	FUN_0052e4a2
save-server	0052e4f4	88	FUN_0052e4f4
save-server	0052e54c	82	FUN_0052e54c
save-server	0052e59e	86	FUN_0052e59e
save-server	0052e5f4	86	FUN_0052e5f4
save-server	0052e64a	88	FUN_0052e64a
save-server	0052e6a2	86	FUN_0052e6a2
save-server	0052e6f8	78	FUN_0052e6f8
save-server	0052e746	88	FUN_0052e746
save-server	0052e79e	86	FUN_0052e79e
save-server	0052e7f4	88	FUN_0052e7f4
save-server	0052e84c	88	FUN_0052e84c
save-server	0052e8a4	86	FUN_0052e8a4
save-server	0052e8fa	86	FUN_0052e8fa
save-server	0052e950	88	FUN_0052e950
save-server	0052e9a8	112	FUN_0052e9a8
save-server	0052ea18	86	FUN_0052ea18
save-server	0052ea6e	93	FUN_0052ea6e
save-server	0052eacb	86	FUN_0052eacb
save-server	0052eb21	88	FUN_0052eb21
save-server	0052eb79	82	FUN_0052eb79
save-server	0052ebcb	93	FUN_0052ebcb
save-server	0052ec28	86	FUN_0052ec28
save-server	0052ec7e	86	FUN_0052ec7e
save-server	0052ecd4	88	FUN_0052ecd4
save-server	0052ed2c	82	FUN_0052ed2c
save-server	0052ed7e	88	FUN_0052ed7e
save-server	0052edd6	88	FUN_0052edd6
save-server	0052ee2e	88	FUN_0052ee2e
save-server	0052ee86	133	FUN_0052ee86
save-server	0052ef0b	86	FUN_0052ef0b
save-server	0052ef61	82	FUN_0052ef61
save-server	0052efb3	82	FUN_0052efb3
save-server	0052f005	86	FUN_0052f005
save-server	0052f05b	88	FUN_0052f05b
save-server	0052f0b3	51	FUN_0052f0b3
save-server	0052f0e6	17	FUN_0052f0e6
save-server	0052f0f7	31	FUN_0052f0f7
save-server	0052f116	82	FUN_0052f116
save-server	0052f168	82	FUN_0052f168
save-server	0052f1ba	86	FUN_0052f1ba
save-server	0052f210	82	FUN_0052f210
save-server	0052f262	86	FUN_0052f262
save-server	0052f2b8	105	FUN_0052f2b8
save-server	0052f321	86	FUN_0052f321
save-server	0052f377	88	FUN_0052f377
save-server	0052f3cf	74	FUN_0052f3cf
save-server	0052f419	78	FUN_0052f419
save-server	0052f467	88	FUN_0052f467
save-server	0052f4bf	86	FUN_0052f4bf
save-server	0052f515	86	FUN_0052f515
save-server	0052f56b	86	FUN_0052f56b
save-server	0052f5c1	86	FUN_0052f5c1
save-server	0052f617	88	FUN_0052f617
save-server	0052f66f	82	FUN_0052f66f
save-server	0052f6c1	88	FUN_0052f6c1
save-server	0052f719	88	FUN_0052f719
save-server	0052f771	88	FUN_0052f771
save-server	0052f7c9	82	FUN_0052f7c9
save-server	0052f81b	82	FUN_0052f81b
save-server	0052f86d	82	FUN_0052f86d
save-server	0052f8bf	82	FUN_0052f8bf
save-server	0052f911	93	FUN_0052f911
save-server	0052f96e	86	FUN_0052f96e
save-server	0052f9c4	88	FUN_0052f9c4
save-server	0052fa1c	86	FUN_0052fa1c
save-server	0052fa72	82	FUN_0052fa72
save-server	0052fac4	86	FUN_0052fac4
save-server	0052fb1a	82	FUN_0052fb1a
save-server	0052fb6c	82	FUN_0052fb6c
save-server	0052fbbe	86	FUN_0052fbbe
save-server	0052fc14	82	FUN_0052fc14
save-server	0052fc66	86	FUN_0052fc66
save-server	0052fcbc	88	FUN_0052fcbc
save-server	0052fd14	86	FUN_0052fd14
save-server	0052fd6a	82	FUN_0052fd6a
save-server	0052fdbc	86	FUN_0052fdbc
save-server	0052fe12	82	FUN_0052fe12
save-server	0052fe64	31	FUN_0052fe64
save-server	0052fe83	82	FUN_0052fe83
save-server	0052fed5	82	FUN_0052fed5
save-server	0052ff27	82	FUN_0052ff27
save-server	0052ff79	86	FUN_0052ff79
save-server	0052ffcf	86	FUN_0052ffcf
save-server	00530025	88	FUN_00530025
save-server	0053007d	82	FUN_0053007d
save-server	005300cf	82	FUN_005300cf
save-server	00530121	86	FUN_00530121
save-server	00530177	88	FUN_00530177
save-server	005301cf	98	FUN_005301cf
save-server	00530231	82	FUN_00530231
save-server	00530283	86	FUN_00530283
save-server	005302d9	86	FUN_005302d9
save-server	0053032f	86	FUN_0053032f
save-server	00530385	86	FUN_00530385
save-server	005303db	86	FUN_005303db
save-server	00530431	88	FUN_00530431
save-server	00530489	88	FUN_00530489
save-server	005304e1	87	FUN_005304e1
save-server	00530538	86	FUN_00530538
save-server	0053058e	86	FUN_0053058e
save-server	005305e4	135	FUN_005305e4
save-server	0053066b	116	FUN_0053066b
save-server	005306df	88	FUN_005306df
save-server	00530737	112	FUN_00530737
save-server	005307a7	86	FUN_005307a7
save-server	005307fd	82	FUN_005307fd
save-server	0053084f	82	FUN_0053084f
save-server	005308a1	82	FUN_005308a1
save-server	005308f3	82	FUN_005308f3
save-server	00530945	82	FUN_00530945
save-server	00530997	86	FUN_00530997
save-server	005309ed	82	FUN_005309ed
save-server	00530a3f	82	FUN_00530a3f
save-server	00530a91	105	FUN_00530a91
save-server	00530afa	82	FUN_00530afa
save-server	00530b4c	86	FUN_00530b4c
save-server	00530ba2	82	FUN_00530ba2
save-server	00530bf4	98	FUN_00530bf4
save-server	00530c56	105	FUN_00530c56
save-server	00530cbf	31	FUN_00530cbf
save-server	00530cde	75	FUN_00530cde
save-server	00530d29	85	FUN_00530d29
save-server	00530d7e	85	FUN_00530d7e
save-server	00530dd3	89	FUN_00530dd3
save-server	00530e2c	81	FUN_00530e2c
save-server	00530e7d	81	FUN_00530e7d
save-server	00530ece	31	FUN_00530ece
save-server	00530eed	31	FUN_00530eed
save-server	00530f0c	21	FUN_00530f0c
save-server	00530f21	92	FUN_00530f21
save-server	00530f7d	85	FUN_00530f7d
save-server	00530fd2	92	FUN_00530fd2
save-server	0053102e	85	FUN_0053102e
save-server	00531083	92	FUN_00531083
save-server	005310df	107	FUN_005310df
save-server	0053114a	85	FUN_0053114a
save-server	0053119f	85	FUN_0053119f
save-server	005311f4	89	FUN_005311f4
save-server	0053124d	89	FUN_0053124d
save-server	005312a6	92	FUN_005312a6
save-server	00531302	92	FUN_00531302
save-server	0053135e	92	FUN_0053135e
save-server	005313ba	92	FUN_005313ba
save-server	00531416	55	FUN_00531416
save-server	0053144d	71	FUN_0053144d
save-server	00531494	55	FUN_00531494
save-server	005314cb	55	FUN_005314cb
save-server	00531502	55	FUN_00531502
save-server	00531539	55	FUN_00531539
save-server	00531570	60	FUN_00531570
save-server	005315ac	40	??BCWinThread@@QBEPAXXZ
save-server	005315d4	71	FUN_005315d4
save-server	0053161b	65	FUN_0053161b
save-server	0053165c	65	FUN_0053165c
save-server	0053169d	65	FUN_0053169d
save-server	005316de	79	FUN_005316de
save-server	0053172d	29	FUN_0053172d
save-server	0053174a	34	FUN_0053174a
save-server	0053176c	25	FUN_0053176c
save-server	00531785	30	FUN_00531785
save-server	005317a3	29	FUN_005317a3
save-server	005317c0	34	FUN_005317c0
save-server	005317e2	25	FUN_005317e2
save-server	005317fb	30	FUN_005317fb
save-server	00531819	26	??0CWaitCursor@@QAE@XZ
save-server	00531833	23	??1CWaitCursor@@QAE@XZ
save-server	0053184a	23	FUN_0053184a
save-server	00531861	73	FUN_00531861
save-server	005318aa	73	FUN_005318aa
save-server	00531900	43	FUN_00531900
save-server	00531930	43	FUN_00531930
save-server	00531960	43	FUN_00531960
save-server	00531990	43	FUN_00531990
save-server	005319c0	19	FUN_005319c0
save-server	005319e0	43	FUN_005319e0
save-server	00531a10	43	FUN_00531a10
save-server	00531a40	43	FUN_00531a40
save-server	00531a70	13	?AfxGetApp@@YAPAVCWinApp@@XZ
save-server	00531a7d	53	FUN_00531a7d
save-server	00531ab2	53	FUN_00531ab2
save-server	00531ae7	53	FUN_00531ae7
save-server	00531b1c	53	FUN_00531b1c
save-server	00531b51	31	FUN_00531b51
save-server	00531b70	50	?AfxGetMainWnd@@YGPAVCWnd@@XZ
save-server	00531ba2	14	??0CSize@@QAE@XZ
save-server	00531bb0	33	FUN_00531bb0
save-server	00531bd1	30	FUN_00531bd1
save-server	00531bef	30	FUN_00531bef
save-server	00531c0d	46	FUN_00531c0d
save-server	00531c3b	55	FUN_00531c3b
save-server	00531c72	55	FUN_00531c72
save-server	00531ca9	41	FUN_00531ca9
save-server	00531cd2	41	FUN_00531cd2
save-server	00531cfb	43	FID_conflict:??HCSize@@QBE?AVCPoint@@UtagPOINT@@@Z
save-server	00531d26	43	FID_conflict:??GCSize@@QBE?AVCPoint@@UtagPOINT@@@Z
save-server	00531d51	41	??GCPoint@@QBE?AV0@XZ
save-server	00531d7a	43	FID_conflict:??HCSize@@QBE?AVCPoint@@UtagPOINT@@@Z
save-server	00531da5	43	FID_conflict:??GCSize@@QBE?AVCPoint@@UtagPOINT@@@Z
save-server	00531dd0	63	FID_conflict:??HCPoint@@QBE?AVCRect@@PBUtagRECT@@@Z
save-server	00531e0f	63	FID_conflict:??GCPoint@@QBE?AVCRect@@PBUtagRECT@@@Z
save-server	00531e4e	14	??0CPoint@@QAE@XZ
save-server	00531e5c	33	FUN_00531e5c
save-server	00531e7d	30	FUN_00531e7d
save-server	00531e9b	30	??0CPoint@@QAE@UtagSIZE@@@Z
save-server	00531eb9	46	??0CPoint@@QAE@J@Z
save-server	00531ee7	41	FUN_00531ee7
save-server	00531f10	41	?Offset@CPoint@@QAEXUtagPOINT@@@Z
save-server	00531f39	41	FUN_00531f39
save-server	00531f62	55	FUN_00531f62
save-server	00531f99	55	FUN_00531f99
save-server	00531fd0	41	FUN_00531fd0
save-server	00531ff9	41	FUN_00531ff9
save-server	00532022	41	FUN_00532022
save-server	0053204b	41	FUN_0053204b
save-server	00532074	43	FID_conflict:??HCSize@@QBE?AVCPoint@@UtagPOINT@@@Z
save-server	0053209f	43	FID_conflict:??GCSize@@QBE?AVCPoint@@UtagPOINT@@@Z
save-server	005320ca	41	??GCPoint@@QBE?AV0@XZ
save-server	005320f3	43	FID_conflict:??HCSize@@QBE?AVCPoint@@UtagPOINT@@@Z
save-server	0053211e	43	??GCPoint@@QBE?AVCSize@@UtagPOINT@@@Z
save-server	00532149	63	FID_conflict:??HCPoint@@QBE?AVCRect@@PBUtagRECT@@@Z
save-server	00532188	63	FID_conflict:??GCPoint@@QBE?AVCRect@@PBUtagRECT@@@Z
save-server	005321c7	14	FUN_005321c7
save-server	005321d5	51	??0CRect@@QAE@HHHH@Z
save-server	00532208	30	??0CRect@@QAE@ABUtagRECT@@@Z
save-server	00532226	30	??0CRect@@QAE@PBUtagRECT@@@Z
save-server	00532244	57	??0CRect@@QAE@UtagPOINT@@UtagSIZE@@@Z
save-server	0053227d	51	FUN_0053227d
save-server	005322b0	22	FUN_005322b0
save-server	005322c6	23	FUN_005322c6
save-server	005322dd	49	?Size@CRect@@QBE?AVCSize@@XZ
save-server	0053230e	14	?TopLeft@CRect@@QAEAAVCPoint@@XZ
save-server	0053231c	17	FUN_0053231c
save-server	0053232d	14	FUN_0053232d
save-server	0053233b	17	FUN_0053233b
save-server	0053234c	59	?CenterPoint@CRect@@QBE?AVCPoint@@XZ
save-server	00532387	23	?SwapLeftRight@CRect@@QAEXXZ
save-server	0053239e	36	?SwapLeftRight@CRect@@SAXPAUtagRECT@@@Z
save-server	005323c2	14	FUN_005323c2
save-server	005323d0	14	FUN_005323d0
save-server	005323de	21	FUN_005323de
save-server	005323f3	67	?IsRectNull@CRect@@QBEHXZ
save-server	00532436	31	FUN_00532436
save-server	00532455	39	?SetRect@CRect@@QAEXHHHH@Z
save-server	0053247c	39	FUN_0053247c
save-server	005324a3	21	FUN_005324a3
save-server	005324b8	27	FUN_005324b8
save-server	005324d3	27	FUN_005324d3
save-server	005324ee	31	FUN_005324ee
save-server	0053250d	31	FUN_0053250d
save-server	0053252c	35	FUN_0053252c
save-server	0053254f	35	FUN_0053254f
save-server	00532572	31	?OffsetRect@CRect@@QAEXHH@Z
save-server	00532591	31	?OffsetRect@CRect@@QAEXUtagPOINT@@@Z
save-server	005325b0	31	FUN_005325b0
save-server	005325cf	31	FUN_005325cf
save-server	005325ee	31	FUN_005325ee
save-server	0053260d	27	??4CRect@@QAEXABUtagRECT@@@Z
save-server	00532628	27	FUN_00532628
save-server	00532643	32	??9CRect@@QBEHABUtagRECT@@@Z
save-server	00532663	31	FUN_00532663
save-server	00532682	31	FUN_00532682
save-server	005326a1	25	??YCRect@@QAEXPBUtagRECT@@@Z
save-server	005326ba	35	FUN_005326ba
save-server	005326dd	35	FUN_005326dd
save-server	00532700	25	??ZCRect@@QAEXPBUtagRECT@@@Z
save-server	00532719	31	FUN_00532719
save-server	00532738	31	FUN_00532738
save-server	00532757	88	FID_conflict:??HCRect@@QBE?AV0@UtagSIZE@@@Z
save-server	005327af	92	FID_conflict:??GCRect@@QBE?AV0@UtagPOINT@@@Z
save-server	0053280b	88	FID_conflict:??HCRect@@QBE?AV0@UtagSIZE@@@Z
save-server	00532863	92	FID_conflict:??GCRect@@QBE?AV0@UtagPOINT@@@Z
save-server	005328bf	68	??HCRect@@QBE?AV0@PBUtagRECT@@@Z
save-server	00532903	68	??GCRect@@QBE?AV0@PBUtagRECT@@@Z
save-server	00532947	70	FID_conflict:??ICRect@@QBE?AV0@ABUtagRECT@@@Z
save-server	0053298d	70	FID_conflict:??ICRect@@QBE?AV0@ABUtagRECT@@@Z
save-server	005329d3	31	FUN_005329d3
save-server	005329f2	24	FUN_005329f2
save-server	00532a0a	24	FUN_00532a0a
save-server	00532a22	24	FUN_00532a22
save-server	00532a3a	24	FUN_00532a3a
save-server	00532a52	24	FUN_00532a52
save-server	00532a6a	24	FUN_00532a6a
save-server	00532a82	31	FUN_00532a82
save-server	00532aa1	49	FID_conflict:??0CNotSupportedException@@QAE@HI@Z
save-server	00532ad2	28	FUN_00532ad2
save-server	00532aee	31	FUN_00532aee
save-server	00532b0d	49	FID_conflict:??0CNotSupportedException@@QAE@HI@Z
save-server	00532b3e	28	FUN_00532b3e
save-server	00532b5a	40	??BCGdiObject@@QBEPAXXZ
save-server	00532b82	40	FID_conflict:?GetSafeHdc@CDC@@QBEPAUHDC__@@XZ
save-server	00532baa	41	??0CGdiObject@@QAE@XZ
save-server	00532bd3	81	FID_conflict:??1CMenu@@UAE@XZ
save-server	00532c24	75	FUN_00532c24
save-server	00532c6f	41	?CreateStockObject@CGdiObject@@QAEHH@Z
save-server	00532c98	65	FUN_00532c98
save-server	00532cd9	24	FUN_00532cd9
save-server	00532cf1	34	??8CGdiObject@@QBEHABV0@@Z
save-server	00532d13	34	??9CGdiObject@@QBEHABV0@@Z
save-server	00532d35	40	FUN_00532d35
save-server	00532d5d	16	FUN_00532d5d
save-server	00532d6d	31	FUN_00532d6d
save-server	00532d8c	28	FUN_00532d8c
save-server	00532da8	40	FUN_00532da8
save-server	00532dd0	32	FUN_00532dd0
save-server	00532df0	48	FUN_00532df0
save-server	00532e20	73	FUN_00532e20
save-server	00532e69	73	FUN_00532e69
save-server	00532eb2	40	FUN_00532eb2
save-server	00532eda	16	FUN_00532eda
save-server	00532eea	31	FUN_00532eea
save-server	00532f09	28	FUN_00532f09
save-server	00532f25	32	FUN_00532f25
save-server	00532f45	36	FUN_00532f45
save-server	00532f69	32	FUN_00532f69
save-server	00532f89	37	FUN_00532f89
save-server	00532fae	36	FUN_00532fae
save-server	00532fd2	32	FUN_00532fd2
save-server	00532ff2	73	FUN_00532ff2
save-server	0053303b	40	FUN_0053303b
save-server	00533063	16	?FromHandle@CFont@@SGPAV1@PAUHFONT__@@@Z
save-server	00533073	31	FUN_00533073
save-server	00533092	28	FUN_00533092
save-server	005330ae	32	FUN_005330ae
save-server	005330ce	130	FUN_005330ce
save-server	00533150	73	FUN_00533150
save-server	00533199	40	FUN_00533199
save-server	005331c1	16	FUN_005331c1
save-server	005331d1	31	FUN_005331d1
save-server	005331f0	28	FUN_005331f0
save-server	0053320c	48	FUN_0053320c
save-server	0053323c	32	FUN_0053323c
save-server	0053325c	34	FUN_0053325c
save-server	0053327e	34	FUN_0053327e
save-server	005332a0	38	FUN_005332a0
save-server	005332c6	56	FUN_005332c6
save-server	005332fe	95	FUN_005332fe
save-server	0053335d	87	FUN_0053335d
save-server	005333b4	43	FUN_005333b4
save-server	005333df	39	FUN_005333df
save-server	00533406	43	FUN_00533406
save-server	00533431	43	FUN_00533431
save-server	0053345c	73	FUN_0053345c
save-server	005334a5	40	FUN_005334a5
save-server	005334cd	16	FUN_005334cd
save-server	005334dd	31	FUN_005334dd
save-server	005334fc	28	FUN_005334fc
save-server	00533518	32	FUN_00533518
save-server	00533538	82	FUN_00533538
save-server	0053358a	79	FUN_0053358a
save-server	005335d9	79	FUN_005335d9
save-server	00533628	79	FUN_00533628
save-server	00533677	71	FUN_00533677
save-server	005336be	71	FUN_005336be
save-server	00533705	81	FUN_00533705
save-server	00533756	40	FUN_00533756
save-server	0053377e	16	FUN_0053377e
save-server	0053378e	31	??0CRgn@@QAE@XZ
save-server	005337ad	28	FUN_005337ad
save-server	005337c9	44	FUN_005337c9
save-server	005337f5	32	?CreateRectRgnIndirect@CRgn@@QAEHPBUtagRECT@@@Z
save-server	00533815	44	FUN_00533815
save-server	00533841	32	FUN_00533841
save-server	00533861	40	FUN_00533861
save-server	00533889	44	FUN_00533889
save-server	005338b5	52	?CreateRoundRectRgn@CRgn@@QAEHHHHHHH@Z
save-server	005338e9	73	FUN_005338e9
save-server	00533932	40	FUN_00533932
save-server	0053395a	75	FUN_0053395a
save-server	005339a5	83	FUN_005339a5
save-server	005339f8	94	FUN_005339f8
save-server	00533a56	89	FUN_00533a56
save-server	00533aaf	80	FUN_00533aaf
save-server	00533aff	76	FUN_00533aff
save-server	00533b4b	75	FUN_00533b4b
save-server	00533b96	75	FUN_00533b96
save-server	00533be1	71	FUN_00533be1
save-server	00533c28	75	FUN_00533c28
save-server	00533c73	75	FUN_00533c73
save-server	00533cbe	71	FUN_00533cbe
save-server	00533d05	40	FUN_00533d05
save-server	00533d2d	40	?GetSafeHdc@CDC@@QBEPAUHDC__@@XZ
save-server	00533d55	71	FUN_00533d55
save-server	00533d9c	17	FUN_00533d9c
save-server	00533dad	44	FUN_00533dad
save-server	00533dd9	44	FUN_00533dd9
save-server	00533e05	37	FUN_00533e05
save-server	00533e2a	74	FUN_00533e2a
save-server	00533e74	71	FUN_00533e74
save-server	00533ebb	122	FUN_00533ebb
save-server	00533f35	130	FUN_00533f35
save-server	00533fb7	128	FUN_00533fb7
save-server	00534037	79	FUN_00534037
save-server	00534086	75	FUN_00534086
save-server	005340d1	75	FUN_005340d1
save-server	0053411c	99	FUN_0053411c
save-server	0053417f	71	FUN_0053417f
save-server	005341c6	65	FUN_005341c6
save-server	00534207	65	FUN_00534207
save-server	00534248	65	FUN_00534248
save-server	00534289	65	FUN_00534289
save-server	005342ca	65	FUN_005342ca
save-server	0053430b	65	FUN_0053430b
save-server	0053434c	65	FUN_0053434c
save-server	0053438d	65	FUN_0053438d
save-server	005343ce	65	FUN_005343ce
save-server	0053440f	122	FUN_0053440f
save-server	00534489	122	FUN_00534489
save-server	00534503	122	FUN_00534503
save-server	0053457d	122	FUN_0053457d
save-server	005345f7	80	FUN_005345f7
save-server	00534647	80	FUN_00534647
save-server	00534697	77	FUN_00534697
save-server	005346e4	80	FUN_005346e4
save-server	00534734	105	FUN_00534734
save-server	0053479d	103	FUN_0053479d
save-server	00534804	105	FUN_00534804
save-server	0053486d	103	FUN_0053486d
save-server	005348d4	85	FUN_005348d4
save-server	00534929	93	FUN_00534929
save-server	00534986	76	FUN_00534986
save-server	005349d2	76	FUN_005349d2
save-server	00534a1e	75	FUN_00534a1e
save-server	00534a69	73	FUN_00534a69
save-server	00534ab2	71	FUN_00534ab2
save-server	00534af9	122	FUN_00534af9
save-server	00534b73	77	FUN_00534b73
save-server	00534bc0	70	FUN_00534bc0
save-server	00534c06	99	FUN_00534c06
save-server	00534c69	110	FUN_00534c69
save-server	00534cd7	75	FUN_00534cd7
save-server	00534d22	80	FUN_00534d22
save-server	00534d72	80	FUN_00534d72
save-server	00534dc2	71	FUN_00534dc2
save-server	00534e09	79	FUN_00534e09
save-server	00534e58	79	FUN_00534e58
save-server	00534ea7	101	FUN_00534ea7
save-server	00534f0c	111	FUN_00534f0c
save-server	00534f7b	101	FUN_00534f7b
save-server	00534fe0	106	FUN_00534fe0
save-server	0053504a	112	FUN_0053504a
save-server	005350ba	117	FUN_005350ba
save-server	0053512f	100	FUN_0053512f
save-server	00535193	105	FUN_00535193
save-server	005351fc	79	FUN_005351fc
save-server	0053524b	79	FUN_0053524b
save-server	0053529a	99	FUN_0053529a
save-server	005352fd	110	FUN_005352fd
save-server	0053536b	71	FUN_0053536b
save-server	005353b2	83	FUN_005353b2
save-server	00535405	94	FUN_00535405
save-server	00535463	99	FUN_00535463
save-server	005354c6	110	FUN_005354c6
save-server	00535534	75	FUN_00535534
save-server	0053557f	79	FUN_0053557f
save-server	005355ce	83	FUN_005355ce
save-server	00535621	94	FUN_00535621
save-server	0053567f	91	FUN_0053567f
save-server	005356da	102	FUN_005356da
save-server	00535740	87	FUN_00535740
save-server	00535797	104	FUN_00535797
save-server	005357ff	112	FUN_005357ff
save-server	0053586f	75	FUN_0053586f
save-server	005358ba	75	FUN_005358ba
save-server	00535905	79	FUN_00535905
save-server	00535954	79	FUN_00535954
save-server	005359a3	79	FUN_005359a3
save-server	005359f2	83	FUN_005359f2
save-server	00535a45	83	FUN_00535a45
save-server	00535a98	91	FUN_00535a98
save-server	00535af3	95	FUN_00535af3
save-server	00535b52	105	FUN_00535b52
save-server	00535bbb	107	FUN_00535bbb
save-server	00535c26	117	FUN_00535c26
save-server	00535c9b	83	FUN_00535c9b
save-server	00535cee	177	FUN_00535cee
save-server	00535d9f	130	FUN_00535d9f
save-server	00535e21	140	FUN_00535e21
save-server	00535ead	130	FUN_00535ead
save-server	00535f2f	140	FUN_00535f2f
save-server	00535fbb	95	FUN_00535fbb
save-server	0053601a	105	FUN_0053601a
save-server	00536083	95	FUN_00536083
save-server	005360e2	105	FUN_005360e2
save-server	0053614b	104	FUN_0053614b
save-server	005361b3	65	FUN_005361b3
save-server	005361f4	75	FUN_005361f4
save-server	0053623f	104	FUN_0053623f
save-server	005362a7	71	FUN_005362a7
save-server	005362ee	71	FUN_005362ee
save-server	00536335	65	FUN_00536335
save-server	00536376	79	FUN_00536376
save-server	005363c5	79	FUN_005363c5
save-server	00536414	122	FUN_00536414
save-server	0053648e	96	FUN_0053648e
save-server	005364ee	83	FUN_005364ee
save-server	00536541	75	FUN_00536541
save-server	0053658c	75	FUN_0053658c
save-server	005365d7	77	FUN_005365d7
save-server	00536624	75	FUN_00536624
save-server	0053666f	79	FUN_0053666f
save-server	005366be	83	FUN_005366be
save-server	00536711	75	FUN_00536711
save-server	0053675c	91	FUN_0053675c
save-server	005367b7	71	FUN_005367b7
save-server	005367fe	65	FUN_005367fe
save-server	0053683f	65	FUN_0053683f
save-server	00536880	71	FUN_00536880
save-server	005368c7	65	FUN_005368c7
save-server	00536908	65	FUN_00536908
save-server	00536949	119	FUN_00536949
save-server	005369c0	111	FUN_005369c0
save-server	00536a2f	79	FUN_00536a2f
save-server	00536a7e	79	FUN_00536a7e
save-server	00536acd	87	FUN_00536acd
save-server	00536b24	105	FUN_00536b24
save-server	00536b8d	65	FUN_00536b8d
save-server	00536bce	79	FUN_00536bce
save-server	00536c1d	71	FUN_00536c1d
save-server	00536c64	73	FUN_00536c64
save-server	00536cad	73	FUN_00536cad
save-server	00536cf6	73	FUN_00536cf6
save-server	00536d3f	73	FUN_00536d3f
save-server	00536d88	73	FUN_00536d88
save-server	00536dd1	75	FUN_00536dd1
save-server	00536e1c	79	FUN_00536e1c
save-server	00536e6b	87	FUN_00536e6b
save-server	00536ec2	79	FUN_00536ec2
save-server	00536f11	79	FUN_00536f11
save-server	00536f60	65	FUN_00536f60
save-server	00536fa1	65	FUN_00536fa1
save-server	00536fe2	65	FUN_00536fe2
save-server	00537023	65	FUN_00537023
save-server	00537064	65	FUN_00537064
save-server	005370a5	65	FUN_005370a5
save-server	005370e6	104	FUN_005370e6
save-server	0053714e	79	FUN_0053714e
save-server	0053719d	73	FUN_0053719d
save-server	005371e6	65	FUN_005371e6
save-server	00537227	65	FUN_00537227
save-server	00537268	65	FUN_00537268
save-server	005372a9	75	FUN_005372a9
save-server	005372f4	75	FUN_005372f4
save-server	0053733f	41	FID_conflict:??0CImageList@@QAE@XZ
save-server	00537368	81	FID_conflict:??1CMenu@@UAE@XZ
save-server	005373b9	26	FUN_005373b9
save-server	005373d3	26	FUN_005373d3
save-server	005373ed	104	FUN_005373ed
save-server	00537455	34	FUN_00537455
save-server	00537477	34	FUN_00537477
save-server	00537499	104	FUN_00537499
save-server	00537501	83	FUN_00537501
save-server	00537554	87	FUN_00537554
save-server	005375ab	95	FUN_005375ab
save-server	0053760a	83	FUN_0053760a
save-server	0053765d	83	FUN_0053765d
save-server	005376b0	83	FUN_005376b0
save-server	00537703	83	FUN_00537703
save-server	00537756	73	FUN_00537756
save-server	0053779f	79	FUN_0053779f
save-server	005377ee	83	FUN_005377ee
save-server	00537841	91	FUN_00537841
save-server	0053789c	175	FUN_0053789c
save-server	0053794b	136	FUN_0053794b
save-server	005379d3	85	FUN_005379d3
save-server	00537a28	91	FUN_00537a28
save-server	00537a83	99	FUN_00537a83
save-server	00537ae6	91	FUN_00537ae6
save-server	00537b41	99	FUN_00537b41
save-server	00537ba4	83	FUN_00537ba4
save-server	00537bf7	101	FUN_00537bf7
save-server	00537c5c	38	FUN_00537c5c
save-server	00537c82	43	FUN_00537c82
save-server	00537cad	32	FUN_00537cad
save-server	00537ccd	30	?SetMenuContextHelpId@CMenu@@QAEHK@Z
save-server	00537ceb	24	FUN_00537ceb
save-server	00537d03	42	?CheckMenuRadioItem@CMenu@@QAEHIIII@Z
save-server	00537d2d	21	?ContinueRouting@CCmdUI@@QAEXXZ
save-server	00537d50	43	FUN_00537d50
save-server	00537d80	43	FUN_00537d80
save-server	00537db0	43	FUN_00537db0
save-server	00537de0	43	FUN_00537de0
save-server	00537e10	43	FUN_00537e10
save-server	00537e40	43	FUN_00537e40
save-server	00537e70	43	FUN_00537e70
save-server	00537ea0	43	FUN_00537ea0
save-server	00537ed0	43	FUN_00537ed0
save-server	00537f00	43	FUN_00537f00
save-server	0053c1b0	81	FUN_0053c1b0
save-server	0053c201	136	FUN_0053c201
save-server	0053c289	154	FUN_0053c289
save-server	0053c330	43	FUN_0053c330
save-server	0053d3d0	112	FUN_0053d3d0
save-server	0053d440	16	FUN_0053d440
save-server	0053d450	10	FUN_0053d450
save-server	0053d45a	20	FUN_0053d45a
save-server	0053d46e	28	FUN_0053d46e
save-server	0053d490	16	FUN_0053d490
save-server	0053d4a0	110	FUN_0053d4a0
save-server	0053d50e	16	FUN_0053d50e
save-server	0053d51e	110	FUN_0053d51e
save-server	0053d58c	16	FUN_0053d58c
save-server	0053d5a0	31	FUN_0053d5a0
save-server	0053d5c0	43	FUN_0053d5c0
save-server	0053d5f0	19	FUN_0053d5f0
save-server	0053d610	19	FUN_0053d610
save-server	0053d630	70	FUN_0053d630
save-server	0053d680	19	FUN_0053d680
save-server	0053d6a0	16	FUN_0053d6a0
save-server	0053d6b0	19	FUN_0053d6b0
save-server	0053d6d0	70	FUN_0053d6d0
save-server	0053d720	103	?CreateObject@CMDIChildWnd@@SGPAVCObject@@XZ
save-server	0053d790	70	FUN_0053d790
save-server	0053d7e0	100	FID_conflict:?CreateObject@?$CThreadLocal@V_AFXCTL_AMBIENT_CACHE@@@@SGPAVCNoTrackObject@@XZ
save-server	0053d850	100	FID_conflict:?CreateObject@?$CThreadLocal@V_AFXCTL_AMBIENT_CACHE@@@@SGPAVCNoTrackObject@@XZ
save-server	0053d8c0	31	FID_conflict:??0_AFXCTL_AMBIENT_CACHE@@QAE@XZ
save-server	0053d8e0	43	FUN_0053d8e0
save-server	0053d910	23	FUN_0053d910
save-server	0053d930	458	FUN_0053d930
save-server	0053dafa	228	?Dump@CCmdTarget@@UBEXAAVCDumpContext@@@Z
save-server	0053dbde	19	FUN_0053dbde
save-server	0053dbf1	16	FUN_0053dbf1
save-server	0053dc10	31	FID_conflict:??0_AFXCTL_AMBIENT_CACHE@@QAE@XZ
save-server	0053dc2f	560	FUN_0053dc2f
save-server	0053de5f	111	FUN_0053de5f
save-server	0053dece	16	FUN_0053dece
save-server	0053dede	256	FUN_0053dede
save-server	0053dfde	148	FUN_0053dfde
save-server	0053e072	172	FUN_0053e072
save-server	0053e11e	129	FUN_0053e11e
save-server	0053e19f	96	FUN_0053e19f
save-server	0053e1ff	266	FUN_0053e1ff
save-server	0053e309	166	FUN_0053e309
save-server	0053e3af	98	FUN_0053e3af
save-server	0053e411	675	FUN_0053e411
save-server	0053e6b4	105	FUN_0053e6b4
save-server	0053e71d	133	FUN_0053e71d
save-server	0053e7a2	16	FUN_0053e7a2
save-server	0053e7b2	15	FUN_0053e7b2
save-server	0053e7c1	5	FUN_0053e7c1
save-server	0053e7c6	18	FUN_0053e7c6
save-server	0053e7d8	15	FUN_0053e7d8
save-server	0053e7f0	43	FUN_0053e7f0
save-server	0053e820	43	FUN_0053e820
save-server	0053e850	43	FUN_0053e850
save-server	0053e880	19	FUN_0053e880
save-server	0053e8a0	19	FUN_0053e8a0
save-server	0053e8c0	70	FUN_0053e8c0
save-server	0053e910	100	FID_conflict:?CreateObject@?$CProcessLocal@V_AFX_COLOR_STATE@@@@SGPAVCNoTrackObject@@XZ
save-server	0053e980	115	FUN_0053e980
save-server	0053e9f3	115	FUN_0053e9f3
save-server	0053ea66	124	FUN_0053ea66
save-server	0053eae2	16	FUN_0053eae2
save-server	0053eb00	43	FUN_0053eb00
save-server	0053eb30	19	FUN_0053eb30
save-server	0053eb50	27	FID_conflict:?GetDataNA@?$CThreadLocal@V_AFX_THREAD_STATE@@@@QAEPAV_AFX_THREAD_STATE@@XZ
save-server	0053eb70	19	FUN_0053eb70
save-server	0053eb90	70	FUN_0053eb90
save-server	0053ebe0	100	FID_conflict:?CreateObject@?$CThreadLocal@V_AFXCTL_AMBIENT_CACHE@@@@SGPAVCNoTrackObject@@XZ
save-server	0053ec50	31	FID_conflict:??0_AFXCTL_AMBIENT_CACHE@@QAE@XZ
save-server	0053ec70	43	FUN_0053ec70
save-server	0053eca0	332	FUN_0053eca0
save-server	0053edf0	16	FUN_0053edf0
save-server	0053ee00	16	FUN_0053ee00
save-server	0053ee10	16	FUN_0053ee10
save-server	0053ee20	16	FUN_0053ee20
save-server	0053ee30	16	FUN_0053ee30
save-server	0053ee40	16	FUN_0053ee40
save-server	0053ee50	16	FUN_0053ee50
save-server	0053ee60	16	FUN_0053ee60
save-server	0053ee70	16	FUN_0053ee70
save-server	0053ee80	16	FUN_0053ee80
save-server	0053ee90	16	FUN_0053ee90
save-server	0053eea0	16	FUN_0053eea0
save-server	0053eeb0	16	FUN_0053eeb0
save-server	0053eec0	16	FUN_0053eec0
save-server	0053eed0	16	FUN_0053eed0
save-server	0053eee0	16	FUN_0053eee0
save-server	0053eef0	16	FUN_0053eef0
save-server	0053ef00	16	FUN_0053ef00
save-server	0053ef10	16	FUN_0053ef10
save-server	0053ef20	110	FID_conflict:?CreateObject@CImageList@@SGPAVCObject@@XZ
save-server	0053ef8e	16	FUN_0053ef8e
save-server	0053ef9e	110	FUN_0053ef9e
save-server	0053f00c	16	FUN_0053f00c
save-server	0053f01c	16	FUN_0053f01c
save-server	0053f030	31	FUN_0053f030
save-server	0053f050	43	FUN_0053f050
save-server	0053f080	19	FUN_0053f080
save-server	0053f0a0	16	FUN_0053f0a0
save-server	0053f0b0	16	FUN_0053f0b0
save-server	0053f0c0	16	FUN_0053f0c0
save-server	0053f0d0	15	FUN_0053f0d0
save-server	0053f0df	22	FUN_0053f0df
save-server	0053f0f5	18	FUN_0053f0f5
save-server	0053f107	15	FUN_0053f107
save-server	0053f116	16	FUN_0053f116
save-server	0053f126	15	FUN_0053f126
save-server	0053f135	22	FUN_0053f135
save-server	0053f14b	18	FUN_0053f14b
save-server	0053f15d	15	FUN_0053f15d
save-server	0053f16c	100	?CreateObject@CDC@@SGPAVCObject@@XZ
save-server	0053f1d0	16	FUN_0053f1d0
save-server	0053f1e0	16	FUN_0053f1e0
save-server	0053f1f0	16	FUN_0053f1f0
save-server	0053f200	16	FUN_0053f200
save-server	0053f210	100	?CreateObject@CGdiObject@@SGPAVCObject@@XZ
save-server	0053f274	16	FUN_0053f274
save-server	0053f284	16	FUN_0053f284
save-server	0053f294	16	FUN_0053f294
save-server	0053f2a4	16	FUN_0053f2a4
save-server	0053f2b4	16	FUN_0053f2b4
save-server	0053f2c4	16	FUN_0053f2c4
save-server	0053f2d4	16	FUN_0053f2d4
save-server	0053f2e4	100	FID_conflict:?CreateObject@?$CThreadLocal@V_AFXCTL_AMBIENT_CACHE@@@@SGPAVCNoTrackObject@@XZ
save-server	0053f348	16	FUN_0053f348
save-server	0053f358	100	FID_conflict:?CreateObject@?$CThreadLocal@V_AFXCTL_AMBIENT_CACHE@@@@SGPAVCNoTrackObject@@XZ
save-server	0053f3bc	16	FUN_0053f3bc
save-server	0053f3d0	31	??0CMetaFileDC@@QAE@XZ
save-server	0053f3f0	43	FUN_0053f3f0
save-server	0053f420	19	FUN_0053f420
save-server	0053f440	31	FUN_0053f440
save-server	0053f460	43	FUN_0053f460
save-server	0053f490	19	FUN_0053f490
save-server	0053f4b0	217	FUN_0053f4b0
save-server	0053f589	131	FUN_0053f589
save-server	0053f60c	262	FUN_0053f60c
save-server	0053f712	126	FUN_0053f712
save-server	0053f790	312	FUN_0053f790
save-server	0053f8c8	667	FUN_0053f8c8
save-server	0053fb63	789	FUN_0053fb63
save-server	0053fe80	16	FUN_0053fe80
save-server	0053fe90	16	FUN_0053fe90
save-server	0053fea0	15	FUN_0053fea0
save-server	0053feaf	22	FUN_0053feaf
save-server	0053fec5	18	FUN_0053fec5
save-server	0053fed7	15	FUN_0053fed7
save-server	0053fee6	16	FUN_0053fee6
save-server	0053fef6	15	FUN_0053fef6
save-server	0053ff05	22	FUN_0053ff05
save-server	0053ff1b	18	FUN_0053ff1b
save-server	0053ff2d	15	FUN_0053ff2d
save-server	0053ff40	113	FUN_0053ff40
save-server	0053ffb1	16	FUN_0053ffb1
save-server	0053ffc1	16	FUN_0053ffc1
save-server	0053ffd1	16	FUN_0053ffd1
save-server	0053fff0	25	FUN_0053fff0
save-server	00540010	25	FUN_00540010
save-server	00540030	57	??0CMDIChildWnd@@QAE@XZ
save-server	00540069	268	FUN_00540069
save-server	00540175	15	?AfxGetThreadState@@YGPAV_AFX_THREAD_STATE@@XZ
save-server	00540184	15	FUN_00540184
save-server	00540193	5	FUN_00540193
save-server	00540198	18	FUN_00540198
save-server	005401aa	15	FUN_005401aa
save-server	005401b9	209	FUN_005401b9
save-server	0054028a	235	FUN_0054028a
save-server	00540375	80	?RemoveAll@CTypeLibCacheMap@@UAEXPAX@Z
save-server	005403c5	112	FUN_005403c5
save-server	00540435	490	FUN_00540435
save-server	0054061f	15	FUN_0054061f
save-server	0054062e	5	FUN_0054062e
save-server	00540633	18	FUN_00540633
save-server	00540645	15	FUN_00540645
save-server	00540654	15	FUN_00540654
save-server	00540663	97	FUN_00540663
save-server	005406c4	23	FUN_005406c4
save-server	005406db	143	FUN_005406db
save-server	00540770	43	FUN_00540770
save-server	005407a0	19	FUN_005407a0
save-server	005407c0	43	FUN_005407c0
save-server	005407f0	19	FUN_005407f0
save-server	00540810	43	FUN_00540810
save-server	00540840	19	FUN_00540840
save-server	00540860	28	FUN_00540860
save-server	00540880	28	FUN_00540880
save-server	005408a0	28	FUN_005408a0
save-server	005408c0	28	FUN_005408c0
save-server	005408e0	19	FUN_005408e0
save-server	00540900	70	FUN_00540900
save-server	00540950	103	?CreateObject@?$CProcessLocal@V_AFX_BASE_MODULE_STATE@@@@SGPAVCNoTrackObject@@XZ
save-server	005409c0	33	??0_AFX_BASE_MODULE_STATE@@QAE@XZ
save-server	005409f0	43	FUN_005409f0
save-server	00540a20	19	FUN_00540a20
save-server	00540a40	16	FUN_00540a40
save-server	00540a50	16	FUN_00540a50
save-server	00540a60	110	FID_conflict:?CreateObject@CStringArray@@SGPAVCObject@@XZ
save-server	00540ace	16	FUN_00540ace
save-server	00540ade	10	FUN_00540ade
save-server	00540ae8	20	FUN_00540ae8
save-server	00540afc	28	FUN_00540afc
save-server	00540b20	110	FID_conflict:?CreateObject@CStringArray@@SGPAVCObject@@XZ
save-server	00540b8e	16	FUN_00540b8e
save-server	00540b9e	10	FUN_00540b9e
save-server	00540ba8	20	FUN_00540ba8
save-server	00540bbc	28	FUN_00540bbc
save-server	00540be0	110	FID_conflict:?CreateObject@CStringArray@@SGPAVCObject@@XZ
save-server	00540c4e	16	FUN_00540c4e
save-server	00540c5e	10	FUN_00540c5e
save-server	00540c68	20	FUN_00540c68
save-server	00540c7c	28	FUN_00540c7c
save-server	00540ca0	16	FUN_00540ca0
save-server	00540cb0	16	FUN_00540cb0
save-server	00540cc0	110	FID_conflict:?CreateObject@CStringArray@@SGPAVCObject@@XZ
save-server	00540d2e	16	FUN_00540d2e
save-server	00540d3e	10	FUN_00540d3e
save-server	00540d48	20	FUN_00540d48
save-server	00540d5c	28	FUN_00540d5c
save-server	00540d80	110	FID_conflict:?CreateObject@CStringArray@@SGPAVCObject@@XZ
save-server	00540dee	16	FUN_00540dee
save-server	00540dfe	10	FUN_00540dfe
save-server	00540e08	20	FUN_00540e08
save-server	00540e1c	28	FUN_00540e1c
save-server	00540e40	16	FUN_00540e40
save-server	00540e50	16	FUN_00540e50
save-server	00540e60	16	FUN_00540e60
save-server	00540e70	112	FUN_00540e70
save-server	00540ee0	16	FUN_00540ee0
save-server	00540ef0	10	FUN_00540ef0
save-server	00540efa	20	FUN_00540efa
save-server	00540f0e	28	FUN_00540f0e
save-server	00540f30	16	FUN_00540f30
save-server	00540f40	112	FUN_00540f40
save-server	00540fb0	16	FUN_00540fb0
save-server	00540fc0	10	FUN_00540fc0
save-server	00540fca	20	FUN_00540fca
save-server	00540fde	28	FUN_00540fde
save-server	00541000	16	FUN_00541000
save-server	00541010	16	FUN_00541010
save-server	00541020	16	FUN_00541020
save-server	00541030	16	FUN_00541030
save-server	00541040	16	FUN_00541040
save-server	00541050	191	FUN_00541050
save-server	0054110f	171	FUN_0054110f
save-server	005411ba	240	FUN_005411ba
save-server	005412aa	126	FUN_005412aa
save-server	00541328	13	FUN_00541328
save-server	00541335	234	FUN_00541335
save-server	00541420	43	FUN_00541420
save-server	00541450	262	FUN_00541450
save-server	00541556	282	FUN_00541556
save-server	00541670	235	FUN_00541670
save-server	0054175b	149	??1CToolBar@@UAE@XZ
save-server	005417f0	100	FUN_005417f0
save-server	00541854	419	FUN_00541854
save-server	005419f7	98	FID_conflict:?OnNcCreate@CToolBar@@IAEHPAUtagCREATESTRUCTA@@@Z
save-server	00541a59	132	FUN_00541a59
save-server	00541add	433	FUN_00541add
save-server	00541c8e	225	FUN_00541c8e
save-server	00541d6f	506	FUN_00541d6f
save-server	00541f69	170	FUN_00541f69
save-server	00542013	102	FUN_00542013
save-server	00542079	250	FUN_00542079
save-server	00542173	620	FUN_00542173
save-server	005423df	16	FUN_005423df
save-server	005423f0	43	FUN_005423f0
save-server	00542420	17	FUN_00542420
save-server	00542440	16	FUN_00542440
save-server	00542450	16	FUN_00542450
save-server	00542460	112	FUN_00542460
save-server	005424d0	109	FUN_005424d0
save-server	0054253d	538	FUN_0054253d
save-server	00542757	15	FUN_00542757
save-server	00542766	15	FUN_00542766
save-server	00542775	5	FUN_00542775
save-server	0054277a	18	FUN_0054277a
save-server	0054278c	15	FUN_0054278c
save-server	0054279b	15	FUN_0054279b
save-server	005427aa	5	FUN_005427aa
save-server	005427af	18	FUN_005427af
save-server	005427c1	15	FUN_005427c1
save-server	005427d0	19	FUN_005427d0
save-server	005427f0	19	FUN_005427f0
save-server	00542810	15	FUN_00542810
save-server	0054281f	15	FUN_0054281f
save-server	0054282e	18	FUN_0054282e
save-server	00542840	15	FUN_00542840
save-server	0054284f	56	FUN_0054284f
save-server	00542887	41	FUN_00542887
save-server	005428b0	383	FUN_005428b0
save-server	00542a30	39	FUN_00542a30
save-server	00542a57	10	FUN_00542a57
save-server	00542a61	15	FUN_00542a61
save-server	00542a70	110	FID_conflict:?CreateObject@CImageList@@SGPAVCObject@@XZ
save-server	00542ade	16	FUN_00542ade
save-server	00542aee	110	FUN_00542aee
save-server	00542b5c	16	FUN_00542b5c
save-server	00542b70	31	FUN_00542b70
save-server	00542b90	43	FUN_00542b90
save-server	00542bc0	19	FUN_00542bc0
save-server	00542be0	155	FUN_00542be0
save-server	00542c7b	255	FUN_00542c7b
save-server	00542d7a	306	FUN_00542d7a
save-server	00542eac	204	FUN_00542eac
save-server	00542f80	115	FUN_00542f80
save-server	00542ff3	244	FUN_00542ff3
save-server	005430e7	16	??2CNoTrackObject@@SGPAXIPBDH@Z
save-server	005430f7	23	FUN_005430f7
save-server	0054310e	39	??2CNoTrackObject@@SGPAXI@Z
save-server	00543135	23	FUN_00543135
save-server	0054314c	117	??0CThreadSlotData@@QAE@XZ
save-server	005431c1	161	FUN_005431c1
save-server	00543262	501	FUN_00543262
save-server	00543457	306	FUN_00543457
save-server	00543589	575	FUN_00543589
save-server	005437c8	196	FUN_005437c8
save-server	0054388c	325	FUN_0054388c
save-server	005439d1	139	?DeleteValues@CThreadSlotData@@QAEXPAUHINSTANCE__@@H@Z
save-server	00543a5c	281	FUN_00543a5c
save-server	00543b75	57	?GetDataNA@CThreadLocalObject@@QAEPAVCNoTrackObject@@XZ
save-server	00543bae	54	??1CThreadLocalObject@@QAE@XZ
save-server	00543be4	121	?GetData@CProcessLocalObject@@QAEPAVCNoTrackObject@@P6GPAV2@XZ@Z
save-server	00543c98	71	FUN_00543c98
save-server	00543cdf	31	FUN_00543cdf
save-server	00543cfe	35	?AfxTermLocalData@@YGXPAUHINSTANCE__@@H@Z
save-server	00543d21	18	FUN_00543d21
save-server	00543d33	68	FUN_00543d33
save-server	00543d80	31	FUN_00543d80
save-server	00543da0	43	FUN_00543da0
save-server	00543dd0	19	FUN_00543dd0
save-server	00543df0	226	FUN_00543df0
save-server	00543ee0	46	FUN_00543ee0
save-server	00543f10	28	FUN_00543f10
save-server	00543f30	25	FUN_00543f30
save-server	00543f50	25	FUN_00543f50
save-server	00543f70	19	FUN_00543f70
save-server	00543f90	16	FUN_00543f90
save-server	00543fa0	16	FUN_00543fa0
save-server	00543fb0	15	FUN_00543fb0
save-server	00543fbf	5	FUN_00543fbf
save-server	00543fc4	18	FUN_00543fc4
save-server	00543fd6	15	FUN_00543fd6
save-server	00543ff0	19	FUN_00543ff0
save-server	00544010	19	FUN_00544010
save-server	00544030	70	FUN_00544030
save-server	00544080	100	FID_conflict:?CreateObject@?$CProcessLocal@V_AFX_COLOR_STATE@@@@SGPAVCNoTrackObject@@XZ
save-server	005440f0	16	FUN_005440f0
save-server	00544100	16	FUN_00544100
save-server	00544110	16	FUN_00544110
save-server	00544120	15	FUN_00544120
save-server	0054412f	5	FUN_0054412f
save-server	00544134	18	FUN_00544134
save-server	00544146	15	FUN_00544146
save-server	00544160	19	FUN_00544160
save-server	00544180	19	FUN_00544180
save-server	005441a0	70	FUN_005441a0
save-server	005441f0	100	?CreateObject@?$CProcessLocal@V_AFX_COLOR_STATE@@@@SGPAVCNoTrackObject@@XZ
save-server	00544260	15	FUN_00544260
save-server	0054426f	5	FUN_0054426f
save-server	00544274	18	FUN_00544274
save-server	00544286	15	FUN_00544286
save-server	00544295	455	FUN_00544295
save-server	0054445c	108	FUN_0054445c
save-server	005444c8	24	FUN_005444c8
save-server	005444e0	19	FUN_005444e0
save-server	00544500	70	FUN_00544500
save-server	00544550	100	FID_conflict:?CreateObject@?$CProcessLocal@V_AFX_COLOR_STATE@@@@SGPAVCNoTrackObject@@XZ
save-server	005445c0	50	FUN_005445c0
save-server	00544600	43	FUN_00544600
save-server	00544630	41	??1_AFX_PROPPAGEFONTINFO@@UAE@XZ
save-server	00544660	16	FUN_00544660
save-server	00544670	16	FUN_00544670
save-server	00544680	16	FUN_00544680
save-server	00544690	16	FUN_00544690
save-server	005446a0	175	FUN_005446a0
save-server	0054474f	757	FUN_0054474f
save-server	00544a44	241	FUN_00544a44
save-server	00544b40	16	FUN_00544b40
save-server	00544b50	237	FUN_00544b50
save-server	00544c3d	190	FUN_00544c3d
save-server	00544cfb	89	FUN_00544cfb
save-server	00544d54	986	FUN_00544d54
save-server	0054512e	2320	FUN_0054512e
save-server	00545a3e	16	FUN_00545a3e
save-server	00545a50	43	FUN_00545a50
save-server	00545a80	16	FUN_00545a80
save-server	00545a90	16	FUN_00545a90
save-server	00545aa0	10	FUN_00545aa0
save-server	00545aaa	15	FID_conflict:??__E_oleData@@YAXXZ
save-server	00545ab9	217	??0OLE_DATA@@QAE@XZ
save-server	00545b92	344	FUN_00545b92
save-server	00545cea	148	?AfxOleTerm@@YGXH@Z
save-server	00545d7e	95	?AfxOleTermOrFreeLib@@YGXHH@Z
save-server	00545ddd	147	?_AfxParseOption@@YGHPADPBD@Z
save-server	00545e70	89	FUN_00545e70
save-server	00545ec9	89	FUN_00545ec9
save-server	00545f30	16	FUN_00545f30
save-server	00545f40	113	FUN_00545f40
save-server	00545fb1	16	FUN_00545fb1
save-server	00545fd0	113	FUN_00545fd0
save-server	00546041	16	FUN_00546041
save-server	00546060	163	FUN_00546060
save-server	00546103	136	FUN_00546103
save-server	0054618b	35	FUN_0054618b
save-server	005461ae	35	FUN_005461ae
save-server	005461d1	205	FUN_005461d1
save-server	0054629e	205	FUN_0054629e
save-server	0054636b	212	FUN_0054636b
save-server	0054643f	228	FUN_0054643f
save-server	00546523	83	FUN_00546523
save-server	00546576	122	FUN_00546576
save-server	005465f0	127	FUN_005465f0
save-server	0054666f	80	FUN_0054666f
save-server	005466c0	16	FUN_005466c0
save-server	005466d0	183	FUN_005466d0
save-server	00546787	103	FUN_00546787
save-server	005467f0	43	FUN_005467f0
save-server	00546820	31	FUN_00546820
save-server	00546840	22	FUN_00546840
save-server	00546860	386	FUN_00546860
save-server	005469e2	16	?Unregister@COleObjectFactory@@QAEHXZ
save-server	005469f2	264	FUN_005469f2
save-server	00546afa	109	?UnregisterAll@COleObjectFactory@@SGHXZ
save-server	00546b67	136	?RegisterAll@COleObjectFactory@@SGHXZ
save-server	00546bef	16	FUN_00546bef
save-server	00546c00	43	FUN_00546c00
save-server	00546c30	31	FUN_00546c30
save-server	00546c50	22	FUN_00546c50
save-server	00546c70	22	FUN_00546c70
save-server	00546c90	25	FUN_00546c90
save-server	00546cb0	25	FUN_00546cb0
save-server	00546cd0	19	FUN_00546cd0
save-server	00546cf0	16	FUN_00546cf0
save-server	00546d00	16	FUN_00546d00
save-server	00546d10	16	FUN_00546d10
save-server	00546d20	16	FUN_00546d20
save-server	00546d30	16	FUN_00546d30
save-server	00546d40	16	FUN_00546d40
save-server	00546d50	16	FUN_00546d50
save-server	00546d60	16	FUN_00546d60
save-server	00546d70	31	FID_conflict:??0_AFXCTL_AMBIENT_CACHE@@QAE@XZ
save-server	00546d8f	28	FUN_00546d8f
save-server	00546dab	15	FUN_00546dab
save-server	00546dba	5	FUN_00546dba
save-server	00546dbf	18	FUN_00546dbf
save-server	00546dd1	15	FUN_00546dd1
save-server	00546de0	43	FUN_00546de0
save-server	00546e10	19	FUN_00546e10
save-server	00546e30	16	FUN_00546e30
save-server	00546e40	16	FUN_00546e40
save-server	00546e50	110	FID_conflict:?CreateObject@CImageList@@SGPAVCObject@@XZ
save-server	00546ebe	16	FUN_00546ebe
save-server	00546ece	10	FUN_00546ece
save-server	00546ed8	20	FUN_00546ed8
save-server	00546eec	28	??5@YGAAVCArchive@@AAV0@AAPAVCDocItem@@@Z
save-server	00546f08	16	FUN_00546f08
save-server	00546f18	16	FUN_00546f18
save-server	00546f28	16	FUN_00546f28
save-server	00546f40	16	FUN_00546f40
save-server	00546f50	112	FUN_00546f50
save-server	00546fc0	16	FUN_00546fc0
save-server	00546fd0	10	FUN_00546fd0
save-server	00546fda	20	FUN_00546fda
save-server	00546fee	28	FUN_00546fee
save-server	00547010	16	FUN_00547010
save-server	00547020	113	FUN_00547020
save-server	00547091	16	FUN_00547091
save-server	005470b0	16	FUN_005470b0
save-server	005470c0	16	FUN_005470c0
save-server	005470d0	16	FUN_005470d0
save-server	0054a830	198	FUN_0054a830
save-server	0054a8f6	85	FUN_0054a8f6
save-server	0054a94b	91	FUN_0054a94b
save-server	0054a9a6	49	FUN_0054a9a6
save-server	0054a9d7	48	FUN_0054a9d7
save-server	0054aa07	109	FUN_0054aa07
save-server	0054aa74	48	FUN_0054aa74
save-server	0054aaa4	461	FUN_0054aaa4
save-server	0054ac71	229	FUN_0054ac71
save-server	0054ad56	84	?InternalQueryInterface@CCmdTarget@@QAEKPBXPAPAX@Z
save-server	0054adaa	65	FUN_0054adaa
save-server	0054adeb	27	FUN_0054adeb
save-server	0054ae06	27	FUN_0054ae06
save-server	0054ae21	76	?QueryInterface@CInnerUnknown@@UAGJABU_GUID@@PAPAX@Z
save-server	0054ae6d	113	FUN_0054ae6d
save-server	0054aede	49	?GetControllingUnknown@CCmdTarget@@QAEPAUIUnknown@@XZ
save-server	0054af0f	41	??0COleException@@QAE@XZ
save-server	0054af38	28	FUN_0054af38
save-server	0054af54	68	FUN_0054af54
save-server	0054af98	39	FUN_0054af98
save-server	0054afbf	33	?GetClassID@COleObjectFactory@@QBEABU_GUID@@XZ
save-server	0054afe0	19	FUN_0054afe0
save-server	0054aff3	16	FUN_0054aff3
save-server	0054b003	23	FUN_0054b003
save-server	0054b01a	54	FUN_0054b01a
save-server	0054b050	54	FUN_0054b050
save-server	0054b086	36	FUN_0054b086
save-server	0054b0aa	36	FUN_0054b0aa
save-server	0054b0ce	33	??0COleVariant@@QAE@E@Z
save-server	0054b0ef	41	??0COleVariant@@QAE@ABVCOleCurrency@@@Z
save-server	0054b118	33	??0COleVariant@@QAE@M@Z
save-server	0054b139	39	FUN_0054b139
save-server	0054b160	41	FUN_0054b160
save-server	0054b189	36	FUN_0054b189
save-server	0054b1ad	36	FUN_0054b1ad
save-server	0054b1d1	25	FUN_0054b1d1
save-server	0054b1ea	14	FUN_0054b1ea
save-server	0054b1f8	14	FUN_0054b1f8
save-server	0054b206	43	??0COleCurrency@@QAE@XZ
save-server	0054b231	40	FID_conflict:??0COleCurrency@@QAE@TtagCY@@@Z
save-server	0054b259	44	FUN_0054b259
save-server	0054b285	28	FUN_0054b285
save-server	0054b2a1	17	FUN_0054b2a1
save-server	0054b2b2	22	?SetStatus@COleCurrency@@QAEXW4CurrencyStatus@1@@Z
save-server	0054b2c8	43	FID_conflict:??_0COleCurrency@@QAEABV0@J@Z
save-server	0054b2f3	43	FID_conflict:??_0COleCurrency@@QAEABV0@J@Z
save-server	0054b31e	43	FID_conflict:??_0COleCurrency@@QAEABV0@J@Z
save-server	0054b349	43	FID_conflict:??_0COleCurrency@@QAEABV0@J@Z
save-server	0054b374	74	??8COleCurrency@@QBEHABV0@@Z
save-server	0054b3be	74	??9COleCurrency@@QBEHABV0@@Z
save-server	0054b408	32	??BCOleCurrency@@QBE?ATtagCY@@XZ
save-server	0054b428	40	FUN_0054b428
save-server	0054b450	44	FUN_0054b450
save-server	0054b47c	28	FUN_0054b47c
save-server	0054b498	40	FID_conflict:??0COleCurrency@@QAE@TtagCY@@@Z
save-server	0054b4c0	28	FUN_0054b4c0
save-server	0054b4dc	28	FUN_0054b4dc
save-server	0054b4f8	28	FUN_0054b4f8
save-server	0054b514	48	??0COleDateTime@ATL@@QAE@HHHHHH@Z
save-server	0054b544	47	??0COleDateTime@ATL@@QAE@GG@Z
save-server	0054b573	44	FUN_0054b573
save-server	0054b59f	17	FUN_0054b59f
save-server	0054b5b0	22	?SetStatus@COleCurrency@@QAEXW4CurrencyStatus@1@@Z
save-server	0054b5c6	65	FUN_0054b5c6
save-server	0054b607	65	FUN_0054b607
save-server	0054b648	43	FUN_0054b648
save-server	0054b673	43	FUN_0054b673
save-server	0054b69e	16	FUN_0054b69e
save-server	0054b6ae	39	?SetDate@COleDateTime@ATL@@QAEHHHH@Z
save-server	0054b6d5	42	?SetTime@COleDateTime@ATL@@QAEHHHH@Z
save-server	0054b6ff	40	FUN_0054b6ff
save-server	0054b727	40	FID_conflict:??0COleCurrency@@QAE@TtagCY@@@Z
save-server	0054b74f	44	FUN_0054b74f
save-server	0054b77b	40	??0COleDateTimeSpan@ATL@@QAE@JHHH@Z
save-server	0054b7a3	17	FUN_0054b7a3
save-server	0054b7b4	22	?SetStatus@COleCurrency@@QAEXW4CurrencyStatus@1@@Z
save-server	0054b7ca	60	FUN_0054b7ca
save-server	0054b806	85	FUN_0054b806
save-server	0054b85b	91	FUN_0054b85b
save-server	0054b8b6	97	FUN_0054b8b6
save-server	0054b917	65	FUN_0054b917
save-server	0054b958	65	FUN_0054b958
save-server	0054b999	65	FUN_0054b999
save-server	0054b9da	133	FUN_0054b9da
save-server	0054ba5f	133	FUN_0054ba5f
save-server	0054bae4	133	FUN_0054bae4
save-server	0054bb69	133	FUN_0054bb69
save-server	0054bbee	43	FUN_0054bbee
save-server	0054bc19	43	FUN_0054bc19
save-server	0054bc44	37	??GCOleDateTimeSpan@ATL@@QBE?AV01@XZ
save-server	0054bc69	16	FUN_0054bc69
save-server	0054bc79	31	??0COleSafeArray@@QAE@XZ
save-server	0054bc98	19	FUN_0054bc98
save-server	0054bcab	57	FUN_0054bcab
save-server	0054bce4	14	FUN_0054bce4
save-server	0054bcf2	14	FUN_0054bcf2
save-server	0054bd00	24	FID_conflict:?GetDim@COleSafeArray@@QAEKXZ
save-server	0054bd18	24	FID_conflict:?GetDim@COleSafeArray@@QAEKXZ
save-server	0054bd30	31	FUN_0054bd30
save-server	0054bd50	43	FUN_0054bd50
save-server	0054bd80	68	FUN_0054bd80
save-server	0054bdc4	86	FID_conflict:?AfxGetScodeRangeString@@YGPB_WJ@Z
save-server	0054be1a	23	FUN_0054be1a
save-server	0054be31	49	FUN_0054be31
save-server	0054be62	152	FUN_0054be62
save-server	0054befa	167	FUN_0054befa
save-server	0054bfa1	165	FUN_0054bfa1
save-server	0054c046	100	?Process@COleException@@SGJPBVCException@@@Z
save-server	0054c0aa	940	FUN_0054c0aa
save-server	0054c456	408	FUN_0054c456
save-server	0054c5ee	123	FUN_0054c5ee
save-server	0054c669	257	FUN_0054c669
save-server	0054c76a	1632	FUN_0054c76a
save-server	0054ce7e	379	FUN_0054ce7e
save-server	0054cff9	1047	FUN_0054cff9
save-server	0054d410	360	FUN_0054d410
save-server	0054d578	172	?_AfxOleDoTreatAsClass@@YGJPBDABU_GUID@@1@Z
save-server	0054d624	886	FUN_0054d624
save-server	0054d99a	129	FID_conflict:?_AfxOleCreateTargetDevice@@YGPAUtagDVTARGETDEVICE@@PAUtagPDA@@@Z
save-server	0054da1b	216	FUN_0054da1b
save-server	0054daf3	363	FUN_0054daf3
save-server	0054dc5e	70	?_AfxOleCopyTargetDevice@@YGPAUtagDVTARGETDEVICE@@PAU1@@Z
save-server	0054dca4	143	FUN_0054dca4
save-server	0054dd33	460	FUN_0054dd33
save-server	0054deff	48	?_AfxDeleteMetafilePict@@YGXPAX@Z
save-server	0054df2f	138	?_AfxXformSizeInPixelsToHimetric@@YGXPAUHDC__@@PAUtagSIZE@@1@Z
save-server	0054dfb9	138	?_AfxXformSizeInHimetricToPixels@@YGXPAUHDC__@@PAUtagSIZE@@1@Z
save-server	0054e050	373	FUN_0054e050
save-server	0054e1c5	152	FUN_0054e1c5
save-server	0054e25d	35	?Detach@COleStreamFile@@QAEPAUIStream@@XZ
save-server	0054e280	99	FUN_0054e280
save-server	0054e2e3	136	FUN_0054e2e3
save-server	0054e36b	268	FUN_0054e36b
save-server	0054e493	115	FUN_0054e493
save-server	0054e506	388	FUN_0054e506
save-server	0054e68a	68	FUN_0054e68a
save-server	0054e6ce	172	FUN_0054e6ce
save-server	0054e77a	412	FUN_0054e77a
save-server	0054e916	620	FUN_0054e916
save-server	0054eb82	184	FUN_0054eb82
save-server	0054ec3a	332	FUN_0054ec3a
save-server	0054edc6	220	FUN_0054edc6
save-server	0054eea2	132	FUN_0054eea2
save-server	0054ef26	150	FUN_0054ef26
save-server	0054efbc	120	FUN_0054efbc
save-server	0054f034	210	FUN_0054f034
save-server	0054f106	155	FUN_0054f106
save-server	0054f1a1	155	FUN_0054f1a1
save-server	0054f23c	111	FUN_0054f23c
save-server	0054f2ab	111	FUN_0054f2ab
save-server	0054f31a	104	FUN_0054f31a
save-server	0054f382	17	FUN_0054f382
save-server	0054f393	19	FUN_0054f393
save-server	0054f3a6	91	?Dump@COleStreamFile@@UBEXAAVCDumpContext@@@Z
save-server	0054f410	43	FUN_0054f410
save-server	0054f440	348	FUN_0054f440
save-server	0054f59c	322	FUN_0054f59c
save-server	0054f6de	131	FUN_0054f6de
save-server	0054f761	236	FUN_0054f761
save-server	0054f84d	38	FUN_0054f84d
save-server	0054f873	176	FUN_0054f873
save-server	0054f923	88	?GetNextItemOfKind@COleDocument@@IBEPAVCDocItem@@AAPAU__POSITION@@PAUCRuntimeClass@@@Z
save-server	0054f97b	38	?GetNextClientItem@COleDocument@@QBEPAVCOleClientItem@@AAPAU__POSITION@@@Z
save-server	0054f9a1	38	?GetNextServerItem@COleDocument@@QBEPAVCOleServerItem@@AAPAU__POSITION@@@Z
save-server	0054f9c7	101	?DeleteContents@COleDocument@@UAEXXZ
save-server	0054fa2c	295	FUN_0054fa2c
save-server	0054fb53	296	?Serialize@COleDocument@@UAEXAAVCArchive@@@Z
save-server	0054fc7b	73	FUN_0054fc7b
save-server	0054fcc4	121	?HasBlankItems@COleDocument@@QBEHXZ
save-server	0054fd3d	99	?UpdateModifiedFlag@COleDocument@@UAEXXZ
save-server	0054fda0	217	FUN_0054fda0
save-server	0054fe79	391	FUN_0054fe79
save-server	00550000	13	FUN_00550000
save-server	0055000d	192	FUN_0055000d
save-server	005500cd	175	FUN_005500cd
save-server	0055017c	184	FUN_0055017c
save-server	00550234	13	FUN_00550234
save-server	00550241	177	FUN_00550241
save-server	005502f2	683	FUN_005502f2
save-server	005506aa	710	FUN_005506aa
save-server	00550a81	132	FUN_00550a81
save-server	00550b05	432	FUN_00550b05
save-server	00550d04	404	FUN_00550d04
save-server	00550eeb	168	FUN_00550eeb
save-server	00550f93	277	?Dump@COleDocument@@UBEXAAVCDumpContext@@@Z
save-server	005510a8	41	??0CDocItem@@IAE@XZ
save-server	005510d1	114	FUN_005510d1
save-server	00551143	213	FUN_00551143
save-server	00551218	13	FUN_00551218
save-server	00551225	45	FUN_00551225
save-server	00551252	65	?Dump@CDocItem@@UBEXAAVCDumpContext@@@Z
save-server	00551293	17	FUN_00551293
save-server	005512a4	22	FUN_005512a4
save-server	005512ba	38	FUN_005512ba
save-server	005512e0	38	FUN_005512e0
save-server	00551306	38	FUN_00551306
save-server	0055132c	38	FUN_0055132c
save-server	00551352	38	?EnableBusyDialog@COleMessageFilter@@QAEXH@Z
save-server	00551380	43	FUN_00551380
save-server	005513b0	43	FUN_005513b0
save-server	005513e0	403	FUN_005513e0
save-server	00551573	145	FUN_00551573
save-server	00551604	292	FUN_00551604
save-server	00551728	635	FUN_00551728
save-server	005519a3	271	FUN_005519a3
save-server	00551ab2	158	?GetNewItemNumber@COleClientItem@@QAEKXZ
save-server	00551b50	136	FUN_00551b50
save-server	00551bd8	62	FUN_00551bd8
save-server	00551c16	784	FUN_00551c16
save-server	00551f26	144	?AfxGetIconInfo@@YAXPBDPADAAI@Z
save-server	00551fb6	183	FUN_00551fb6
save-server	0055206d	899	FUN_0055206d
save-server	0055245b	315	FUN_0055245b
save-server	00552596	315	FUN_00552596
save-server	005526d1	315	FUN_005526d1
save-server	0055280c	360	FUN_0055280c
save-server	00552974	360	FUN_00552974
save-server	00552adc	360	FUN_00552adc
save-server	00552c44	457	FUN_00552c44
save-server	00552e0d	453	FUN_00552e0d
save-server	00552fd2	347	FUN_00552fd2
save-server	0055312d	543	FUN_0055312d
save-server	0055334c	276	FUN_0055334c
save-server	00553460	335	FUN_00553460
save-server	005535af	648	FUN_005535af
save-server	00553837	517	FUN_00553837
save-server	00553a3c	475	FUN_00553a3c
save-server	00553c17	914	FUN_00553c17
save-server	00553fa9	785	FUN_00553fa9
save-server	005542ba	43	?GetItemStorage@COleClientItem@@UAEXXZ
save-server	005542e5	53	FID_conflict:?WriteItem@COleClientItem@@UAEXAAVCArchive@@@Z
save-server	0055431a	53	FID_conflict:?WriteItem@COleClientItem@@UAEXAAVCArchive@@@Z
save-server	0055434f	319	FUN_0055434f
save-server	0055448e	716	FUN_0055448e
save-server	0055475a	176	FUN_0055475a
save-server	00554822	54	FUN_00554822
save-server	00554858	13	FUN_00554858
save-server	00554865	118	FUN_00554865
save-server	005548db	299	FUN_005548db
save-server	00554a06	180	FUN_00554a06
save-server	00554aba	175	FUN_00554aba
save-server	00554b69	219	FUN_00554b69
save-server	00554c44	329	FUN_00554c44
save-server	00554d8d	836	FUN_00554d8d
save-server	005550d1	120	FUN_005550d1
save-server	00555149	306	FUN_00555149
save-server	0055527b	141	FUN_0055527b
save-server	00555308	460	FUN_00555308
save-server	005554d4	454	FUN_005554d4
save-server	0055569a	414	FUN_0055569a
save-server	00555838	603	FUN_00555838
save-server	00555a93	464	FUN_00555a93
save-server	00555c63	379	FUN_00555c63
save-server	00555dde	114	FUN_00555dde
save-server	00555e50	16	FUN_00555e50
save-server	00555e60	27	FUN_00555e60
save-server	00555e7b	27	FUN_00555e7b
save-server	00555e96	35	?QueryInterface@XOleClientSite@COleClientItem@@UAGJABU_GUID@@PAPAX@Z
save-server	00555eb9	200	FUN_00555eb9
save-server	00555f81	732	FUN_00555f81
save-server	0055626d	89	FUN_0055626d
save-server	005562c6	113	FUN_005562c6
save-server	00556370	165	FUN_00556370
save-server	0055644e	12	FUN_0055644e
save-server	0055645a	27	FUN_0055645a
save-server	00556475	27	FUN_00556475
save-server	00556490	35	FUN_00556490
save-server	005564b3	60	?OnDataChange@XAdviseSink@COleClientItem@@UAGXPAUtagFORMATETC@@PAUtagSTGMEDIUM@@@Z
save-server	005564ef	55	?OnViewChange@XAdviseSink@COleClientItem@@UAGXKJ@Z
save-server	00556526	7	FUN_00556526
save-server	0055652d	53	FUN_0055652d
save-server	00556562	53	FUN_00556562
save-server	00556597	150	FUN_00556597
save-server	0055662d	457	?Dump@COleClientItem@@UBEXAAVCDumpContext@@@Z
save-server	005567f6	36	FUN_005567f6
save-server	0055681a	36	?GetDocument@COleClientItem@@QBEPAVCOleDocument@@XZ
save-server	0055683e	36	FUN_0055683e
save-server	00556862	36	?GetDrawAspect@COleClientItem@@QBE?AW4tagDVASPECT@@XZ
save-server	00556886	84	FUN_00556886
save-server	005568da	36	FUN_005568da
save-server	005568fe	69	?IsInPlaceActive@COleClientItem@@QBEHXZ
save-server	00556943	42	?IsOpen@COleClientItem@@QBEHXZ
save-server	0055696d	94	FUN_0055696d
save-server	005569cb	17	FUN_005569cb
save-server	005569dc	76	FUN_005569dc
save-server	00556a28	19	FUN_00556a28
save-server	00556a40	43	FUN_00556a40
save-server	00556a70	31	FUN_00556a70
save-server	00556a90	31	FUN_00556a90
save-server	00556ab0	31	FUN_00556ab0
save-server	00556ad0	22	FUN_00556ad0
save-server	00556af0	83	FUN_00556af0
save-server	00556b43	409	FUN_00556b43
save-server	00556cdc	97	FUN_00556cdc
save-server	00556d3d	150	FUN_00556d3d
save-server	00556e32	209	FUN_00556e32
save-server	00556f62	471	FUN_00556f62
save-server	0055717b	266	FUN_0055717b
save-server	00557285	167	?CanPaste@COleClientItem@@SGHXZ
save-server	0055732c	93	?CanPasteLink@COleClientItem@@SGHXZ
save-server	00557389	94	?CanCreateFromData@COleClientItem@@SGHPBVCOleDataObject@@@Z
save-server	005573e7	94	?CanCreateLinkFromData@COleClientItem@@SGHPBVCOleDataObject@@@Z
save-server	00557445	352	FUN_00557445
save-server	005575a5	176	FUN_005575a5
save-server	00557655	260	FUN_00557655
save-server	00557759	534	FUN_00557759
save-server	0055796f	123	FUN_0055796f
save-server	005579ea	211	FUN_005579ea
save-server	00557abd	169	FUN_00557abd
save-server	00557b66	172	FUN_00557b66
save-server	00557c12	871	FUN_00557c12
save-server	00557f79	177	FUN_00557f79
save-server	0055802a	176	FUN_0055802a
save-server	0055c710	93	FUN_0055c710
save-server	0055c76d	47	??0COleDialog@@QAE@PAVCWnd@@@Z
save-server	0055c79c	51	?MapResult@COleDialog@@QAEHI@Z
save-server	0055c7cf	65	FUN_0055c7cf
save-server	0055c810	179	FUN_0055c810
save-server	0055c8c3	28	FUN_0055c8c3
save-server	0055c8df	203	?DoModal@COleBusyDialog@@UAEHXZ
save-server	0055c9aa	327	FUN_0055c9aa
save-server	0055cb00	43	FUN_0055cb00
save-server	0055cb30	19	FUN_0055cb30
save-server	0055cb50	43	FUN_0055cb50
save-server	0055cb80	91	FUN_0055cb80
save-server	0055cbdb	809	FUN_0055cbdb
save-server	0055cf04	134	FUN_0055cf04
save-server	0055cf8a	9	FUN_0055cf8a
save-server	0055cf93	9	FUN_0055cf93
save-server	0055cf9c	12	FUN_0055cf9c
save-server	0055cfa8	167	FUN_0055cfa8
save-server	0055d04f	198	FUN_0055d04f
save-server	0055d160	194	FUN_0055d160
save-server	0055d26d	1350	FUN_0055d26d
save-server	0055d7b3	701	FUN_0055d7b3
save-server	0055da70	203	FUN_0055da70
save-server	0055db86	191	FUN_0055db86
save-server	0055dca9	239	FUN_0055dca9
save-server	0055dde3	37	FUN_0055dde3
save-server	0055de08	238	FUN_0055de08
save-server	0055def6	88	FID_conflict:??1COleChangeIconDialog@@UAE@XZ
save-server	0055df4e	248	?AddClassIDToList@COleInsertDialog@@IAEXAAPAU_GUID@@AAH1PAU2@@Z
save-server	0055e046	1307	FUN_0055e046
save-server	0055e561	122	FUN_0055e561
save-server	0055e5db	117	FUN_0055e5db
save-server	0055e650	360	FUN_0055e650
save-server	0055e7b8	357	FUN_0055e7b8
save-server	0055e91d	668	FUN_0055e91d
save-server	0055ebb9	88	FID_conflict:??1COleChangeIconDialog@@UAE@XZ
save-server	0055ec11	122	FUN_0055ec11
save-server	0055ec8b	449	FUN_0055ec8b
save-server	0055ee4c	104	FUN_0055ee4c
save-server	0055eeb4	480	FUN_0055eeb4
save-server	0055f094	241	FUN_0055f094
save-server	0055f185	88	FID_conflict:??1COleChangeIconDialog@@UAE@XZ
save-server	0055f1dd	122	FUN_0055f1dd
save-server	0055f257	109	?DoChangeIcon@COleChangeIconDialog@@QAEHPAVCOleClientItem@@@Z
save-server	0055f2c4	327	FUN_0055f2c4
save-server	0055f40b	300	FUN_0055f40b
save-server	0055f537	28	FUN_0055f537
save-server	0055f553	135	FUN_0055f553
save-server	0055f5da	297	FUN_0055f5da
save-server	0055f703	19	FUN_0055f703
save-server	0055f716	214	FUN_0055f716
save-server	0055f7ec	87	??1COleResizeBar@@UAE@XZ
save-server	0055f843	180	FUN_0055f843
save-server	0055f8f7	67	?Dump@COleUpdateDialog@@UBEXAAVCDumpContext@@@Z
save-server	0055f93a	390	FUN_0055f93a
save-server	0055fac0	253	FUN_0055fac0
save-server	0055fbbd	139	FUN_0055fbbd
save-server	0055fc48	206	FUN_0055fc48
save-server	0055fd16	447	FUN_0055fd16
save-server	0055fed5	151	FUN_0055fed5
save-server	0055ff6c	207	FUN_0055ff6c
save-server	0056003b	487	FUN_0056003b
save-server	00560222	196	FUN_00560222
save-server	005602e6	209	FUN_005602e6
save-server	005603b7	523	FUN_005603b7
save-server	005605c2	17	FUN_005605c2
save-server	005605d3	114	FUN_005605d3
save-server	00560645	38	FUN_00560645
save-server	0056066b	39	FUN_0056066b
save-server	00560692	49	FUN_00560692
save-server	005606c3	39	FUN_005606c3
save-server	005606ea	39	FUN_005606ea
save-server	00560711	38	FUN_00560711
save-server	00560737	39	?GetIconicMetafile@COleChangeIconDialog@@QBEPAXXZ
save-server	0056075e	39	FUN_0056075e
save-server	00560785	49	FUN_00560785
save-server	005607b6	39	FUN_005607b6
save-server	005607dd	39	FUN_005607dd
save-server	00560804	20	FUN_00560804
save-server	00560818	52	FUN_00560818
save-server	0056084c	62	FUN_0056084c
save-server	0056088a	60	FUN_0056088a
save-server	005608c6	52	FUN_005608c6
save-server	005608fa	52	FUN_005608fa
save-server	00560930	31	FUN_00560930
save-server	00560950	31	FID_conflict:??0INotifyDBEvents@@QAE@XZ
save-server	00560970	43	FUN_00560970
save-server	005609a0	43	FUN_005609a0
save-server	005609d0	43	FUN_005609d0
save-server	00560a00	43	FUN_00560a00
save-server	00560a30	43	FUN_00560a30
save-server	00560a60	43	FUN_00560a60
save-server	00560a90	186	FUN_00560a90
save-server	00560b4a	184	FUN_00560b4a
save-server	00560cc7	243	?OnCmdMsg@COleDocument@@UAEHIHPAXPAUAFX_CMDHANDLERINFO@@@Z
save-server	00560dba	170	FUN_00560dba
save-server	00560e64	227	FUN_00560e64
save-server	00560f50	252	FUN_00560f50
save-server	0056104c	159	??1COleFrameHook@@UAE@XZ
save-server	005610eb	113	FUN_005610eb
save-server	0056115c	268	FUN_0056115c
save-server	00561268	76	?OnContextHelp@COleFrameHook@@UAEHH@Z
save-server	005612b4	237	FUN_005612b4
save-server	005613a1	57	?OnInitMenu@COleFrameHook@@UAEXPAVCMenu@@@Z
save-server	005613da	139	FUN_005613da
save-server	00561465	231	FUN_00561465
save-server	0056154c	94	FUN_0056154c
save-server	005615aa	74	?OnEnableModeless@COleFrameHook@@UAEXH@Z
save-server	005615f4	99	FUN_005615f4
save-server	00561657	59	?OnPaletteChanged@COleFrameHook@@UAEXPAVCWnd@@@Z
save-server	00561692	54	FUN_00561692
save-server	005616c8	420	FUN_005616c8
save-server	0056186c	104	FUN_0056186c
save-server	005618d4	184	FUN_005618d4
save-server	0056198c	255	?CanActivate@COleClientItem@@MAEHXZ
save-server	00561a8b	100	FUN_00561a8b
save-server	00561aef	335	FUN_00561aef
save-server	00561c3e	337	FUN_00561c3e
save-server	00561d8f	531	FUN_00561d8f
save-server	00561fa2	151	FUN_00561fa2
save-server	00562039	603	FUN_00562039
save-server	00562294	282	FUN_00562294
save-server	005623ae	30	FUN_005623ae
save-server	005623cc	38	FUN_005623cc
save-server	005623f2	216	FUN_005623f2
save-server	005624ca	192	FUN_005624ca
save-server	0056258a	293	FUN_0056258a
save-server	005626af	108	?OnRemoveMenus@COleClientItem@@UAEXPAVCMenu@@@Z
save-server	0056271b	32	FUN_0056271b
save-server	0056273b	210	FUN_0056273b
save-server	0056280d	220	FUN_0056280d
save-server	005628e9	463	FUN_005628e9
save-server	00562ab8	209	FUN_00562ab8
save-server	00562b89	192	FUN_00562b89
save-server	00562c49	16	FUN_00562c49
save-server	00562c59	27	FUN_00562c59
save-server	00562c74	27	FUN_00562c74
save-server	00562c8f	35	FUN_00562c8f
save-server	00562cb2	92	?Exec@XOleCommandTarget@COleFrameHook@@UAGJPBU_GUID@@KKPAUtagVARIANT@@1@Z
save-server	00562d0e	88	?QueryStatus@XOleCommandTarget@COleFrameHook@@UAGJPBU_GUID@@KQAU_tagOLECMD@@PAU_tagOLECMDTEXT@@@Z
save-server	00562d66	27	FUN_00562d66
save-server	00562d81	27	FUN_00562d81
save-server	00562d9c	35	FUN_00562d9c
save-server	00562dbf	49	?GetWindow@XOleInPlaceFrame@COleFrameHook@@UAGJPAPAUHWND__@@@Z
save-server	00562df0	173	?ContextSensitiveHelp@XOleInPlaceFrame@COleFrameHook@@UAGJH@Z
save-server	00562e9d	234	?GetBorder@XOleInPlaceFrame@COleFrameHook@@UAGJPAUtagRECT@@@Z
save-server	00562f87	101	?RequestBorderSpace@XOleInPlaceFrame@COleFrameHook@@UAGJPBUtagRECT@@@Z
save-server	00562fec	136	FUN_00562fec
save-server	00563074	242	FUN_00563074
save-server	0056319f	176	FUN_0056319f
save-server	00563288	180	FUN_00563288
save-server	00563375	172	FUN_00563375
save-server	0056345a	150	FUN_0056345a
save-server	005634f0	184	?EnableModeless@XOleInPlaceFrame@COleFrameHook@@UAGJH@Z
save-server	005635e1	242	FUN_005635e1
save-server	0056370c	27	FUN_0056370c
save-server	00563727	27	FUN_00563727
save-server	00563742	35	FUN_00563742
save-server	00563765	54	?GetWindow@XOleIPSite@COleClientItem@@UAGJPAPAUHWND__@@@Z
save-server	0056379b	61	FUN_0056379b
save-server	005637d8	38	?CanInPlaceActivate@XOleIPSite@COleClientItem@@UAGJXZ
save-server	005637fe	128	FUN_005637fe
save-server	005638b7	128	FUN_005638b7
save-server	00563970	551	FUN_00563970
save-server	00563c0c	172	FUN_00563c0c
save-server	00563cf1	132	FUN_00563cf1
save-server	00563dae	128	FUN_00563dae
save-server	00563e67	128	FUN_00563e67
save-server	00563f20	128	FUN_00563f20
save-server	00563fd9	152	FUN_00563fd9
save-server	005640b0	43	FUN_005640b0
save-server	005640e0	31	FUN_005640e0
save-server	00564100	31	FUN_00564100
save-server	00564120	22	FUN_00564120
save-server	00566fc0	161	FUN_00566fc0
save-server	00567061	211	FUN_00567061
save-server	00567134	108	FUN_00567134
save-server	005671a0	76	?OnSkip@CEnumArray@@MAEHXZ
save-server	005671ec	37	FUN_005671ec
save-server	00567211	250	FUN_00567211
save-server	0056730b	27	FUN_0056730b
save-server	00567326	27	FUN_00567326
save-server	00567341	35	FUN_00567341
save-server	00567364	286	FUN_00567364
save-server	005674bb	168	FUN_005674bb
save-server	0056759c	51	?Reset@XEnumVOID@CEnumArray@@UAGJXZ
save-server	005675cf	216	FUN_005675cf
save-server	005676e0	43	FUN_005676e0
save-server	00567710	31	FUN_00567710
save-server	00567730	31	FID_conflict:??0INotifyDBEvents@@QAE@XZ
save-server	00567750	16	FUN_00567750
save-server	00567760	142	FUN_00567760
save-server	005677ee	102	?UpdateRegistryAll@COleObjectFactory@@SGHH@Z
save-server	00567854	174	FUN_00567854
save-server	00567902	57	FUN_00567902
save-server	0056793b	34	FUN_0056793b
save-server	0056795d	16	FUN_0056795d
save-server	0056796d	15	FUN_0056796d
save-server	0056797c	166	FUN_0056797c
save-server	00567a22	27	FUN_00567a22
save-server	00567a3d	27	FUN_00567a3d
save-server	00567a58	35	FID_conflict:?QueryInterface@XOleContainer@COleControlContainer@@UAGJABU_GUID@@PAPAX@Z
save-server	00567a7b	35	?CreateInstance@XClassFactory@COleObjectFactory@@UAGJPAUIUnknown@@ABU_GUID@@PAPAX@Z
save-server	00567a9e	132	?LockServer@XClassFactory@COleObjectFactory@@UAGJH@Z
save-server	00567b5b	102	?GetLicInfo@XClassFactory@COleObjectFactory@@UAGJPAUtagLICINFO@@@Z
save-server	00567bc1	136	FUN_00567bc1
save-server	00567c49	508	FUN_00567c49
save-server	00567e7e	188	FUN_00567e7e
save-server	00567f3a	423	FUN_00567f3a
save-server	005680f0	127	FUN_005680f0
save-server	0056816f	117	??1COleDataSource@@UAE@XZ
save-server	005681e4	320	FUN_005681e4
save-server	00568324	140	FUN_00568324
save-server	005683b0	58	FUN_005683b0
save-server	005683ea	108	?GetClipboardOwner@COleDataSource@@SGPAV1@XZ
save-server	00568456	398	FUN_00568456
save-server	005685e4	179	FUN_005685e4
save-server	00568697	300	FUN_00568697
save-server	005687c3	152	FUN_005687c3
save-server	0056885b	165	FUN_0056885b
save-server	00568900	138	FUN_00568900
save-server	0056898a	268	FUN_0056898a
save-server	00568a96	15	FUN_00568a96
save-server	00568aa5	15	FUN_00568aa5
save-server	00568ab4	652	FUN_00568ab4
save-server	00568d40	15	FUN_00568d40
save-server	00568d4f	16	FUN_00568d4f
save-server	00568d5f	49	??0CEnumFormatEtc@@QAE@XZ
save-server	00568d90	99	??1CEnumFormatEtc@@UAE@XZ
save-server	00568df3	87	?OnNext@CEnumFormatEtc@@MAEHPAX@Z
save-server	00568e4a	324	FUN_00568e4a
save-server	00568f8e	16	FUN_00568f8e
save-server	00568f9e	27	FUN_00568f9e
save-server	00568fb9	27	FUN_00568fb9
save-server	00568fd4	35	FUN_00568fd4
save-server	00568ff7	244	FUN_00568ff7
save-server	00569136	317	FUN_00569136
save-server	005692be	53	?QueryGetData@XDataObject@COleDataSource@@UAGJPAUtagFORMATETC@@@Z
save-server	005692f3	12	FUN_005692f3
save-server	005692ff	253	FUN_005692ff
save-server	00569447	286	FUN_00569447
save-server	0056959e	21	FUN_0056959e
save-server	005695b3	12	FUN_005695b3
save-server	005695bf	21	FUN_005695bf
save-server	005695d4	109	FUN_005695d4
save-server	00569641	414	FUN_00569641
save-server	005697e0	43	FUN_005697e0
save-server	00569810	31	FUN_00569810
save-server	00569830	22	FUN_00569830
save-server	00569850	43	FUN_00569850
save-server	00569880	19	FUN_00569880
save-server	005698a0	19	FUN_005698a0
save-server	005698c0	70	FUN_005698c0
save-server	00569910	100	FID_conflict:?CreateObject@?$CThreadLocal@V_AFXCTL_AMBIENT_CACHE@@@@SGPAVCNoTrackObject@@XZ
save-server	00569980	53	??0COleDataObject@@QAE@XZ
save-server	005699b5	73	FUN_005699b5
save-server	005699fe	106	FUN_005699fe
save-server	00569a68	51	?Detach@COleDataObject@@QAEPAUIDataObject@@XZ
save-server	00569a9b	58	?GetIDataObject@COleDataObject@@QAEPAUIDataObject@@H@Z
save-server	00569ad5	186	FUN_00569ad5
save-server	00569b8f	201	FUN_00569b8f
save-server	00569c58	917	FUN_00569c58
save-server	0056a094	371	FUN_0056a094
save-server	0056a207	190	FUN_0056a207
save-server	0056a2c5	180	FUN_0056a2c5
save-server	0056a379	144	FUN_0056a379
save-server	0056a409	112	FUN_0056a409
save-server	0056a480	98	??0COleCntrFrameWnd@@QAE@PAVCOleIPFrameWnd@@@Z
save-server	0056a4e2	89	??1COleCntrFrameWnd@@UAE@XZ
save-server	0056a53b	331	FUN_0056a53b
save-server	0056a686	174	FUN_0056a686
save-server	0056a734	147	FUN_0056a734
save-server	0056a7c7	11	FUN_0056a7c7
save-server	0056a7d2	66	FUN_0056a7d2
save-server	0056a814	16	FUN_0056a814
save-server	0056a824	290	FUN_0056a824
save-server	0056a946	330	FUN_0056a946
save-server	0056aa90	122	FID_conflict:?OnCreate@COleIPFrameWnd@@IAEHPAUtagCREATESTRUCTW@@@Z
save-server	0056ab0a	167	FUN_0056ab0a
save-server	0056abb1	56	FUN_0056abb1
save-server	0056abe9	35	?OnCreateControlBars@COleIPFrameWnd@@UAEHPAVCFrameWnd@@0@Z
save-server	0056ac0c	63	?OnIdleUpdateCmdUI@COleIPFrameWnd@@IAEXXZ
save-server	0056ac4b	77	?OnWindowPosChanging@COleIPFrameWnd@@IAEXPAUtagWINDOWPOS@@@Z
save-server	0056ac98	376	FUN_0056ac98
save-server	0056ae10	230	FUN_0056ae10
save-server	0056aef6	13	FUN_0056aef6
save-server	0056af03	369	FUN_0056af03
save-server	0056b074	126	FUN_0056b074
save-server	0056b0f2	91	?OnRecalcParent@COleIPFrameWnd@@IAEJIJ@Z
save-server	0056b14d	551	FUN_0056b14d
save-server	0056b374	197	FUN_0056b374
save-server	0056b439	194	FUN_0056b439
save-server	0056b4fb	168	?OnUpdateControlBarMenu@COleIPFrameWnd@@IAEXPAVCCmdUI@@@Z
save-server	0056b5a3	153	?OnBarCheck@COleIPFrameWnd@@IAEHI@Z
save-server	0056b63c	328	FUN_0056b63c
save-server	0056b784	85	?GetInPlaceMenu@COleIPFrameWnd@@MAEPAUHMENU__@@XZ
save-server	0056b7d9	423	FUN_0056b7d9
save-server	0056b980	325	FUN_0056b980
save-server	0056bac5	83	FUN_0056bac5
save-server	0056bb18	246	?Dump@COleIPFrameWnd@@UBEXAAVCDumpContext@@@Z
save-server	0056bc10	43	FUN_0056bc10
save-server	0056bc40	43	FUN_0056bc40
save-server	0056bc70	216	FUN_0056bc70
save-server	0056bd48	210	FUN_0056bd48
save-server	0056be1a	197	FUN_0056be1a
save-server	0056bedf	849	FUN_0056bedf
save-server	0056c230	190	FUN_0056c230
save-server	0056c2ee	84	?OnNewDocument@COleLinkingDoc@@UAEHXZ
save-server	0056c342	211	FUN_0056c342
save-server	0056c415	133	FUN_0056c415
save-server	0056c49a	186	?OnCloseDocument@COleLinkingDoc@@UAEXXZ
save-server	0056c554	90	?UpdateVisibleLock@COleLinkingDoc@@IAEXHH@Z
save-server	0056c5ae	33	?OnShowViews@COleLinkingDoc@@MAEXH@Z
save-server	0056c5cf	150	FUN_0056c5cf
save-server	0056c665	249	FUN_0056c665
save-server	0056c75e	52	?GetContainer@COleLinkingDoc@@UAEPAUIOleItemContainer@@XZ
save-server	0056c792	34	FUN_0056c792
save-server	0056c7b4	206	FUN_0056c7b4
save-server	0056c882	98	FUN_0056c882
save-server	0056c8e4	78	FID_conflict:?ReportSaveLoadException@COleLinkingDoc@@UAEXPB_WPAVCException@@HI@Z
save-server	0056c932	196	FUN_0056c932
save-server	0056c9f6	16	FUN_0056c9f6
save-server	0056ca06	29	FUN_0056ca06
save-server	0056ca23	29	FUN_0056ca23
save-server	0056ca40	37	?QueryInterface@XPersistFile@COleLinkingDoc@@UAGJABU_GUID@@PAPAX@Z
save-server	0056ca65	142	?GetClassID@XPersistFile@COleLinkingDoc@@UAGJPAU_GUID@@@Z
save-server	0056caf3	37	?IsDirty@XPersistFile@COleLinkingDoc@@UAGJXZ
save-server	0056cb18	412	FUN_0056cb18
save-server	0056cced	375	FUN_0056cced
save-server	0056ce9d	248	FUN_0056ce9d
save-server	0056cfce	165	FUN_0056cfce
save-server	0056d073	29	FUN_0056d073
save-server	0056d090	29	FUN_0056d090
save-server	0056d0ad	37	FUN_0056d0ad
save-server	0056d0d2	21	FUN_0056d0d2
save-server	0056d0e7	867	FUN_0056d0e7
save-server	0056d44a	37	?LockContainer@XOleItemContainer@COleLinkingDoc@@UAGJH@Z
save-server	0056d46f	473	FUN_0056d46f
save-server	0056d681	280	FUN_0056d681
save-server	0056d799	334	FUN_0056d799
save-server	0056d920	54	FUN_0056d920
save-server	0056d956	155	?Dump@COleLinkingDoc@@UBEXAAVCDumpContext@@@Z
save-server	0056da00	43	FUN_0056da00
save-server	0056da30	31	FUN_0056da30
save-server	0056da50	31	FUN_0056da50
save-server	0056da70	22	FUN_0056da70
save-server	0056da90	22	FUN_0056da90
save-server	00570560	42	?BeginBusyState@COleMessageFilter@@UAEXXZ
save-server	0057058a	51	?EndBusyState@COleMessageFilter@@UAEXXZ
save-server	005705bd	66	?OnMessagePending@COleMessageFilter@@UAEHPBUtagMSG@@@Z
save-server	005705ff	135	FUN_005705ff
save-server	00570686	195	FUN_00570686
save-server	00570788	195	FUN_00570788
save-server	0057088a	16	FUN_0057088a
save-server	0057089a	27	FUN_0057089a
save-server	005708b5	27	FUN_005708b5
save-server	005708d0	35	?QueryInterface@XMessageFilter@COleMessageFilter@@UAGJABU_GUID@@PAPAX@Z
save-server	005708f3	118	?HandleInComingCall@XMessageFilter@COleMessageFilter@@UAGKKPAUHTASK__@@KPAUtagINTERFACEINFO@@@Z
save-server	00570969	128	?RetryRejectedCall@XMessageFilter@COleMessageFilter@@UAGKPAUHTASK__@@KK@Z
save-server	005709e9	256	?MessagePending@XMessageFilter@COleMessageFilter@@UAGKPAUHTASK__@@KK@Z
save-server	00570ae9	19	FUN_00570ae9
save-server	00570afc	254	?Dump@COleMessageFilter@@UBEXAAVCDumpContext@@@Z
save-server	00570c00	83	??0_AFX_OLESYMBOLTABLE@@QAE@H@Z
save-server	00570c53	84	??1_AFX_OLESYMBOLTABLE@@QAE@XZ
save-server	00570ca7	125	FUN_00570ca7
save-server	00570d24	45	FUN_00570d24
save-server	00570d51	44	FUN_00570d51
save-server	00570d7d	792	FUN_00570d7d
save-server	00571095	50	FID_conflict:?AfxOleRegisterServerClass@@YGHABU_GUID@@PB_W11W4OLE_APPTYPE@@PAPB_W3H1@Z
save-server	005710c7	668	FUN_005710c7
save-server	00571363	281	FUN_00571363
save-server	0057147c	364	FUN_0057147c
save-server	005715e8	628	FUN_005715e8
save-server	00571860	16	FUN_00571860
save-server	00571870	226	FUN_00571870
save-server	00571952	97	FUN_00571952
save-server	005719b3	44	?GiveFeedback@COleDropSource@@UAEJK@Z
save-server	005719df	381	FUN_005719df
save-server	00571b5c	16	FUN_00571b5c
save-server	00571b6c	27	FUN_00571b6c
save-server	00571b87	27	FUN_00571b87
save-server	00571ba2	35	?QueryInterface@XDropSource@COleDropSource@@UAGJABU_GUID@@PAPAX@Z
save-server	00571bc5	38	?QueryContinueDrag@XDropSource@COleDropSource@@UAGJHK@Z
save-server	00571beb	53	?GiveFeedback@XDropSource@COleDropSource@@UAGJK@Z
save-server	00571c20	490	FUN_00571c20
save-server	00571e0a	173	?Dump@COleDropSource@@UBEXAAVCDumpContext@@@Z
save-server	00571ec0	43	FUN_00571ec0
save-server	00571ef0	31	FUN_00571ef0
save-server	00571f10	19	FUN_00571f10
save-server	00571f30	22	FUN_00571f30
save-server	00571f50	281	FUN_00571f50
save-server	00572069	399	FUN_00572069
save-server	005721f8	209	?DeleteContents@COleServerDoc@@UAEXXZ
save-server	005722c9	91	?GetEmbeddedItem@COleServerDoc@@QAEPAVCOleServerItem@@XZ
save-server	00572324	15	FUN_00572324
save-server	00572333	18	FUN_00572333
save-server	00572345	171	?GetInterfaceHook@COleServerDoc@@MAEPAUIUnknown@@PBX@Z
save-server	005723f0	37	?ActivateDocObject@COleServerDoc@@QAEXXZ
save-server	00572415	225	FUN_00572415
save-server	005724f6	90	?NotifyAllItems@COleServerDoc@@IAEXW4OLE_NOTIFICATION@@K@Z
save-server	00572550	109	?UpdateAllItems@COleServerDoc@@QAEXPAVCOleServerItem@@JPAVCObject@@W4tagDVASPECT@@@Z
save-server	005725bd	25	?OnUpdate@COleServerItem@@UAEXPAV1@JPAVCObject@@W4tagDVASPECT@@@Z
save-server	005725d6	662	FUN_005725d6
save-server	0057286c	184	FUN_0057286c
save-server	00572924	184	FUN_00572924
save-server	005729dc	206	FUN_005729dc
save-server	00572aaa	327	FUN_00572aaa
save-server	00572c2a	300	FUN_00572c2a
save-server	00572d56	64	?CanCloseFrame@COleServerDoc@@UAEHPAVCFrameWnd@@@Z
save-server	00572d96	85	FUN_00572d96
save-server	00572deb	377	FUN_00572deb
save-server	00572f64	115	FUN_00572f64
save-server	00572fd7	124	FUN_00572fd7
save-server	005730ac	104	FUN_005730ac
save-server	00573114	97	?SaveModified@COleServerDoc@@MAEHXZ
save-server	00573175	114	FID_conflict:?GetDefaultMenu@COleServerDoc@@MAEPAUHMENU__@@XZ
save-server	005731e7	114	FID_conflict:?GetDefaultMenu@COleServerDoc@@MAEPAUHMENU__@@XZ
save-server	00573259	16	FUN_00573259
save-server	00573269	102	FUN_00573269
save-server	005732cf	237	FUN_005732cf
save-server	005733f5	207	FUN_005733f5
save-server	005734c4	87	FUN_005734c4
save-server	0057351b	87	FUN_0057351b
save-server	00573572	208	FUN_00573572
save-server	00573642	397	FUN_00573642
save-server	005737cf	1120	FUN_005737cf
save-server	00573c2f	282	FUN_00573c2f
save-server	00573d86	284	FUN_00573d86
save-server	00573edf	238	FUN_00573edf
save-server	00574013	103	FUN_00574013
save-server	0057407a	2413	FUN_0057407a
save-server	005749e7	417	FUN_005749e7
save-server	00574b88	372	FUN_00574b88
save-server	00574cfc	157	?ConnectView@COleServerDoc@@IAEXPAVCWnd@@PAVCView@@@Z
save-server	00574d99	208	FUN_00574d99
save-server	00574e69	481	FUN_00574e69
save-server	0057504a	309	FUN_0057504a
save-server	0057517f	661	FUN_0057517f
save-server	00575414	521	FUN_00575414
save-server	0057561d	548	FUN_0057561d
save-server	00575841	197	FUN_00575841
save-server	00575906	13	FUN_00575906
save-server	00575913	178	FUN_00575913
save-server	005759c5	166	FUN_005759c5
save-server	00575a6b	144	FUN_00575a6b
save-server	00575afb	144	FUN_00575afb
save-server	00575b8b	16	FUN_00575b8b
save-server	00575b9b	29	FUN_00575b9b
save-server	00575bb8	29	FUN_00575bb8
save-server	00575bd5	37	FUN_00575bd5
save-server	00575bfa	55	FUN_00575bfa
save-server	00575c31	51	?IsDirty@XPersistStorage@COleServerDoc@@UAGJXZ
save-server	00575c64	146	FUN_00575c64
save-server	00575d41	169	FUN_00575d41
save-server	00575e35	302	FUN_00575e35
save-server	00575fae	191	FUN_00575fae
save-server	0057606d	260	FUN_0057606d
save-server	00576171	29	FUN_00576171
save-server	0057618e	29	FUN_0057618e
save-server	005761ab	37	FUN_005761ab
save-server	005761d0	225	FUN_005761d0
save-server	005762b1	89	FUN_005762b1
save-server	0057630a	314	FUN_0057630a
save-server	0057647d	143	FUN_0057647d
save-server	00576557	218	FUN_00576557
save-server	00576631	63	FUN_00576631
save-server	00576670	269	FUN_00576670
save-server	005767c8	333	FUN_005767c8
save-server	00576960	229	FUN_00576960
save-server	00576a90	116	FUN_00576a90
save-server	00576b04	212	FUN_00576b04
save-server	00576c23	217	FUN_00576c23
save-server	00576d47	55	FUN_00576d47
save-server	00576d7e	120	FUN_00576d7e
save-server	00576df6	254	FUN_00576df6
save-server	00576f3f	272	FUN_00576f3f
save-server	0057709a	232	FUN_0057709a
save-server	005771bb	228	FUN_005771bb
save-server	005772d8	228	FUN_005772d8
save-server	005773f5	120	FUN_005773f5
save-server	0057746d	229	FUN_0057746d
save-server	0057758b	29	FUN_0057758b
save-server	005775a8	29	FUN_005775a8
save-server	005775c5	37	FUN_005775c5
save-server	005775ea	232	FUN_005775ea
save-server	0057770b	232	FUN_0057770b
save-server	0057782c	228	FUN_0057782c
save-server	00577949	12	FUN_00577949
save-server	00577955	236	FUN_00577955
save-server	00577a7a	232	FUN_00577a7a
save-server	00577b9b	240	FUN_00577b9b
save-server	00577cc4	228	FUN_00577cc4
save-server	00577de1	228	FUN_00577de1
save-server	00577efe	29	FUN_00577efe
save-server	00577f1b	29	FUN_00577f1b
save-server	00577f38	37	FUN_00577f38
save-server	00577f5d	55	FUN_00577f5d
save-server	00577f94	55	FUN_00577f94
save-server	00577fcb	201	FUN_00577fcb
save-server	005780cd	239	FUN_005780cd
save-server	005781f5	138	FUN_005781f5
save-server	005782b8	148	FUN_005782b8
save-server	00578385	29	FUN_00578385
save-server	005783a2	29	FUN_005783a2
save-server	005783bf	37	FUN_005783bf
save-server	005783e4	59	?GetWindow@XOleInPlaceActiveObject@COleServerDoc@@UAGJPAPAUHWND__@@@Z
save-server	0057841f	153	FUN_0057841f
save-server	005784b8	215	FUN_005784b8
save-server	005785c8	134	FUN_005785c8
save-server	00578687	134	FUN_00578687
save-server	00578746	142	FUN_00578746
save-server	0057880d	274	?EnableModeless@XOleInPlaceActiveObject@COleServerDoc@@UAGJH@Z
save-server	00578958	89	FUN_00578958
save-server	005789b1	282	?Dump@COleServerDoc@@UBEXAAVCDumpContext@@@Z
save-server	00578acb	36	?GetDocument@COleServerItem@@QBEPAVCOleServerDoc@@XZ
save-server	00578aef	46	?NotifyChanged@COleServerItem@@QAEXW4tagDVASPECT@@@Z
save-server	00578b1d	36	FUN_00578b1d
save-server	00578b41	126	FUN_00578b41
save-server	00578bbf	52	?IsLinkedItem@COleServerItem@@QBEHXZ
save-server	00578bf3	36	FUN_00578bf3
save-server	00578c17	42	FID_conflict:?NotifySaved@COleServerDoc@@QAEXXZ
save-server	00578c41	42	FID_conflict:?NotifySaved@COleServerDoc@@QAEXXZ
save-server	00578c6b	42	FID_conflict:?NotifySaved@COleServerDoc@@QAEXXZ
save-server	00578c95	36	FUN_00578c95
save-server	00578cb9	45	?IsDocObject@COleServerDoc@@QBEHXZ
save-server	00578ce6	45	FUN_00578ce6
save-server	00578d20	43	FUN_00578d20
save-server	00578d50	31	FUN_00578d50
save-server	00578d70	31	FUN_00578d70
save-server	00578d90	31	FUN_00578d90
save-server	00578db0	31	FUN_00578db0
save-server	00578dd0	31	FUN_00578dd0
save-server	00578df0	22	FUN_00578df0
save-server	00578e10	22	FUN_00578e10
save-server	00578e30	22	FUN_00578e30
save-server	00578e50	22	FUN_00578e50
save-server	00578e70	374	FUN_00578e70
save-server	00578fe6	307	FUN_00578fe6
save-server	00579119	16	FUN_00579119
save-server	00579129	65	?IsConnected@COleServerItem@@QBEHXZ
save-server	0057916a	226	FUN_0057916a
save-server	0057925c	70	FUN_0057925c
save-server	005792a2	70	FUN_005792a2
save-server	005792e8	114	FUN_005792e8
save-server	0057935a	123	FUN_0057935a
save-server	005793d5	64	?OnSetExtent@COleServerItem@@UAEHW4tagDVASPECT@@ABVCSize@@@Z
save-server	00579415	102	FUN_00579415
save-server	0057947b	133	?OnDoVerb@COleServerItem@@UAEXJ@Z
save-server	00579518	110	FUN_00579518
save-server	00579586	69	?OnShow@COleServerItem@@MAEXXZ
save-server	005795cb	97	FUN_005795cb
save-server	0057962c	78	?OnHide@COleServerItem@@MAEXXZ
save-server	0057967a	941	FUN_0057967a
save-server	00579a27	34	FUN_00579a27
save-server	00579a49	44	FUN_00579a49
save-server	00579a75	64	?CopyToClipboard@COleServerItem@@QAEXH@Z
save-server	00579ab5	209	FUN_00579ab5
save-server	00579be5	455	FUN_00579be5
save-server	00579dee	280	FUN_00579dee
save-server	00579f06	439	FUN_00579f06
save-server	0057a15c	249	FUN_0057a15c
save-server	0057a255	96	FUN_0057a255
save-server	0057a2b5	472	FUN_0057a2b5
save-server	0057a48d	382	FUN_0057a48d
save-server	0057a60b	200	FUN_0057a60b
save-server	0057a710	34	FUN_0057a710
save-server	0057a732	34	FUN_0057a732
save-server	0057a754	176	FUN_0057a754
save-server	0057a804	34	FUN_0057a804
save-server	0057a826	16	FUN_0057a826
save-server	0057a836	27	FUN_0057a836
save-server	0057a851	27	FUN_0057a851
save-server	0057a86c	35	FUN_0057a86c
save-server	0057a88f	161	?OnFinalRelease@COleServerItem@@UAEXXZ
save-server	0057a930	12	FUN_0057a930
save-server	0057a93c	21	FUN_0057a93c
save-server	0057a951	12	FUN_0057a951
save-server	0057a95d	12	FUN_0057a95d
save-server	0057a969	12	FUN_0057a969
save-server	0057a975	673	FUN_0057a975
save-server	0057ac26	12	FUN_0057ac26
save-server	0057ac32	242	FUN_0057ac32
save-server	0057ad6f	138	FUN_0057ad6f
save-server	0057ae44	71	FUN_0057ae44
save-server	0057ae8b	121	FUN_0057ae8b
save-server	0057af4f	126	FUN_0057af4f
save-server	0057b018	58	?GetUserClassID@XOleObject@COleServerItem@@UAGJPAU_GUID@@@Z
save-server	0057b052	75	FUN_0057b052
save-server	0057b09d	12	FUN_0057b09d
save-server	0057b0a9	181	FUN_0057b0a9
save-server	0057b1a9	128	FUN_0057b1a9
save-server	0057b229	98	FUN_0057b229
save-server	0057b28b	107	FUN_0057b28b
save-server	0057b2f6	75	FUN_0057b2f6
save-server	0057b341	138	FUN_0057b341
save-server	0057b404	27	FUN_0057b404
save-server	0057b41f	27	FUN_0057b41f
save-server	0057b43a	35	FUN_0057b43a
save-server	0057b45d	43	?GetData@XDataObject@COleServerItem@@UAGJPAUtagFORMATETC@@PAUtagSTGMEDIUM@@@Z
save-server	0057b488	43	?GetDataHere@XDataObject@COleServerItem@@UAGJPAUtagFORMATETC@@PAUtagSTGMEDIUM@@@Z
save-server	0057b4b3	39	?QueryGetData@XDataObject@COleServerItem@@UAGJPAUtagFORMATETC@@@Z
save-server	0057b4da	12	FUN_0057b4da
save-server	0057b4e6	47	?SetData@XDataObject@COleServerItem@@UAGJPAUtagFORMATETC@@PAUtagSTGMEDIUM@@H@Z
save-server	0057b515	43	?EnumFormatEtc@XDataObject@COleServerItem@@UAGJKPAPAUIEnumFORMATETC@@@Z
save-server	0057b540	268	FUN_0057b540
save-server	0057b64c	98	FUN_0057b64c
save-server	0057b6ae	107	FUN_0057b6ae
save-server	0057b719	65	FUN_0057b719
save-server	0057b75a	65	FUN_0057b75a
save-server	0057b79b	92	?OnRenderData@CItemDataSource@COleServerItem@@MAEHPAUtagFORMATETC@@PAUtagSTGMEDIUM@@@Z
save-server	0057b7f7	69	?OnSetData@CItemDataSource@COleServerItem@@MAEHPAUtagFORMATETC@@PAUtagSTGMEDIUM@@H@Z
save-server	0057b83c	75	FUN_0057b83c
save-server	0057b887	186	?Dump@COleServerItem@@UBEXAAVCDumpContext@@@Z
save-server	0057b950	43	FUN_0057b950
save-server	0057b980	31	FUN_0057b980
save-server	0057b9a0	19	FUN_0057b9a0
save-server	0057b9c0	31	FUN_0057b9c0
save-server	0057b9e0	31	FUN_0057b9e0
save-server	0057ba00	43	FUN_0057ba00
save-server	0057f760	424	FUN_0057f760
save-server	0057f944	630	FUN_0057f944
save-server	0057fbf6	156	FUN_0057fbf6
save-server	0057fc92	261	FUN_0057fc92
save-server	0057fd97	377	FUN_0057fd97
save-server	0057ff10	28	FUN_0057ff10
save-server	0057ff2c	28	FUN_0057ff2c
save-server	0057ff48	151	FUN_0057ff48
save-server	0057ffdf	100	FUN_0057ffdf
save-server	00580043	103	FUN_00580043
save-server	005800aa	35	?IsResultExpected@CCmdTarget@@QAEHXZ
save-server	005800cd	30	?Disconnect@COleDispatchImpl@@UAEXXZ
save-server	005800eb	113	FUN_005800eb
save-server	0058015c	201	FUN_0058015c
save-server	00580225	249	FUN_00580225
save-server	0058031e	1722	FUN_0058031e
save-server	00580a4c	1335	FUN_00580a4c
save-server	00581044	27	FUN_00581044
save-server	0058105f	27	FUN_0058105f
save-server	0058107a	35	?QueryInterface@COleDispatchImpl@@UAGJABU_GUID@@PAPAX@Z
save-server	0058109d	37	?GetTypeInfoCount@COleDispatchImpl@@UAGJPAI@Z
save-server	005810c2	135	FUN_005810c2
save-server	00581149	499	FUN_00581149
save-server	0058133c	2136	FUN_0058133c
save-server	00581c35	114	FUN_00581c35
save-server	00581ca7	1072	FUN_00581ca7
save-server	005820d7	224	FUN_005820d7
save-server	005821b7	114	FUN_005821b7
save-server	00582229	189	FUN_00582229
save-server	005822e6	247	FUN_005822e6
save-server	005823e0	31	FUN_005823e0
save-server	00582400	28	FUN_00582400
save-server	00582420	28	FUN_00582420
save-server	00582440	16	FUN_00582440
save-server	00582450	43	FUN_00582450
save-server	00582480	243	FUN_00582480
save-server	00582573	33	??0COleDispatchDriver@@QAE@XZ
save-server	00582594	33	FUN_00582594
save-server	005825b5	97	FUN_005825b5
save-server	00582616	105	FUN_00582616
save-server	0058267f	323	FUN_0058267f
save-server	005827c2	109	FUN_005827c2
save-server	0058282f	76	FUN_0058282f
save-server	0058287b	53	FUN_0058287b
save-server	005828b0	33	FUN_005828b0
save-server	005828d1	2697	FUN_005828d1
save-server	00583416	55	?InvokeHelper@COleDispatchDriver@@QAAXJGGPAXPBEZZ
save-server	0058344d	42	?GetProperty@COleDispatchDriver@@QBEXJGPAX@Z
save-server	00583477	148	FUN_00583477
save-server	00583510	17	FUN_00583510
save-server	005854a0	97	FUN_005854a0
save-server	00585501	43	?OnInitDialog@CPrintingDialog@@UAEHXZ
save-server	0058552c	36	?OnCancel@CPrintingDialog@@UAEXXZ
save-server	00585550	568	FUN_00585550
save-server	00585788	2485	FUN_00585788
save-server	0058613d	302	FUN_0058613d
save-server	0058626b	169	??1CPrintInfo@@QAE@XZ
save-server	00586320	112	??0CPrintingDialog@@QAE@PAVCWnd@@@Z
save-server	00586390	28	FUN_00586390
save-server	005863b0	43	FUN_005863b0
save-server	005863e0	19	FUN_005863e0
save-server	00586400	120	FUN_00586400
save-server	00586478	986	FUN_00586478
save-server	00586852	411	FUN_00586852
save-server	005869ed	113	?OnFilePrintSetup@CWinApp@@IAEXXZ
save-server	00586a5e	131	FUN_00586a5e
save-server	00586ae1	114	FUN_00586ae1
save-server	00586b60	31	??0CMetaFileDC@@QAE@XZ
save-server	00586b7f	69	FUN_00586b7f
save-server	00586bc4	67	FUN_00586bc4
save-server	00586c07	61	?SetAttribDC@CMetaFileDC@@UAEXPAUHDC__@@@Z
save-server	00586c44	123	FUN_00586c44
save-server	00586cbf	137	FUN_00586cbf
save-server	00586d48	72	FUN_00586d48
save-server	00586d90	56	FUN_00586d90
save-server	00586dc8	273	FUN_00586dc8
save-server	00586ed9	356	FUN_00586ed9
save-server	0058703d	736	FUN_0058703d
save-server	0058731d	106	?AdjustCP@CMetaFileDC@@IAEXH@Z
save-server	00587387	416	FUN_00587387
save-server	00587527	308	FUN_00587527
save-server	00587681	142	FUN_00587681
save-server	0058770f	142	FUN_0058770f
save-server	0058779d	142	FUN_0058779d
save-server	0058782b	158	FUN_0058782b
save-server	005878d0	43	FUN_005878d0
save-server	00589220	85	FUN_00589220
save-server	00589275	53	?AfxPostQuitMessage@@YGXH@Z
save-server	005892b0	126	??1CWinThread@@UAE@XZ
save-server	00589330	23	??1AUX_DATA@@QAE@XZ
save-server	00589350	205	??1CDocManager@@UAE@XZ
save-server	00589420	97	??1COleMessageFilter@@UAE@XZ
save-server	00589481	56	?Revoke@COleMessageFilter@@QAEXXZ
save-server	005894c0	139	??1COleObjectFactory@@UAE@XZ
save-server	0058954b	81	FUN_0058954b
save-server	0058959c	73	?RevokeAll@COleObjectFactory@@SGXXZ
save-server	005895f0	317	FUN_005895f0
